timestamp,dt,x,y,yaw,filtered_vx,filtered_vy,filtered_wz
1.75656e+09,0.0197316,5.6211e-11,-1.16387e-10,-0.000105097,2.84878e-09,-5.8985e-09,-0.00532632
1.75656e+09,0.00290347,6.44831e-11,-1.09231e-10,-0.000111283,2.84878e-09,2.46484e-09,-0.00213053
1.75656e+09,0.00339418,4.11082e-11,-1.25057e-10,-0.000129361,-6.88627e-09,-4.66351e-09,-0.00532632
1.75656e+09,0.00342721,2.58382e-11,-1.41038e-10,-0.000140314,-4.45492e-09,-4.66351e-09,-0.00319579
1.75656e+09,0.0031295,4.2855e-12,-1.55629e-10,-0.000150315,-6.88627e-09,-4.66351e-09,-0.00319579
1.75656e+09,0.00339995,-1.91299e-11,-1.71482e-10,-0.000157559,-6.88627e-09,-4.66351e-09,-0.00213053
1.75656e+09,0.00341249,-4.20615e-11,-1.9039e-10,-0.000143018,-6.71904e-09,-5.54204e-09,0.00426106
1.75656e+09,0.00468122,-6.38671e-11,-2.17763e-10,-9.31506e-05,-4.65727e-09,-5.84806e-09,0.0106526
1.75656e+09,0.00206366,-7.42031e-11,-2.31433e-10,-7.11671e-05,-5.00795e-09,-6.62459e-09,0.0106526
1.75656e+09,0.00323532,-9.04071e-11,-2.55532e-10,-3.32559e-05,-5.00795e-09,-7.44906e-09,0.0117179
1.75656e+09,0.00333546,-1.07112e-10,-2.81316e-10,5.8287e-06,-5.00795e-09,-7.73039e-09,0.0117179
1.75656e+09,0.00345407,-1.30114e-10,-3.30266e-10,5.36622e-05,-6.65961e-09,-1.41718e-08,0.0138484
1.75656e+09,0.00342411,-1.52915e-10,-3.79139e-10,9.37855e-05,-6.65961e-09,-1.42729e-08,0.0117179
1.75656e+09,0.0155374,-2.56367e-10,-6.06838e-10,0.000275852,-6.65961e-09,-1.46543e-08,0.0117179
1.75656e+09,0.000803472,-2.60538e-10,-6.18614e-10,0.000281843,-5.19546e-09,-1.46543e-08,0.00745685
1.75656e+09,0.00338683,-2.75794e-10,-6.68249e-10,0.000256588,-4.50879e-09,-1.46543e-08,-0.00745685
1.75656e+09,0.00327909,-2.90568e-10,-7.11769e-10,0.000232136,-4.50879e-09,-1.32707e-08,-0.00745685
1.75656e+09,0.00345739,-3.06146e-10,-7.57655e-10,0.000202672,-4.50879e-09,-1.32707e-08,-0.00852211
1.75656e+09,0.00336422,-3.11325e-10,-8.01486e-10,0.000166834,-1.54205e-09,-1.30283e-08,-0.0106526
1.75656e+09,0.00347536,-3.16677e-10,-8.4651e-10,0.000129812,-1.54205e-09,-1.29549e-08,-0.0106526
1.75656e+09,0.00316354,-3.16431e-10,-8.77267e-10,8.60021e-05,7.62284e-11,-9.72258e-09,-0.0138484
1.75656e+09,0.00330303,-3.1391e-10,-9.04882e-10,2.97044e-05,7.62743e-10,-8.36053e-09,-0.0170442
1.75656e+09,0.00334752,-3.02023e-10,-9.09737e-10,-2.73514e-05,3.55085e-09,-1.45043e-09,-0.0170442
1.75656e+09,0.00340216,-2.89655e-10,-9.04999e-10,-8.89627e-05,3.6352e-09,1.39285e-09,-0.0181095
1.75656e+09,0.00556936,-2.69407e-10,-8.79169e-10,-0.000189821,3.6352e-09,4.63821e-09,-0.0181095
1.75656e+09,0.00127805,-2.6317e-10,-8.66112e-10,-0.000210243,4.87858e-09,1.02169e-08,-0.015979
1.75656e+09,0.00321218,-2.47115e-10,-8.30598e-10,-0.000254727,4.99564e-09,1.10572e-08,-0.0138484
1.75656e+09,0.00320541,-2.29009e-10,-7.84693e-10,-0.000292287,5.64513e-09,1.43225e-08,-0.0117179
1.75656e+09,0.00326202,-2.1058e-10,-7.37978e-10,-0.000309662,5.64513e-09,1.43225e-08,-0.00532632
1.75656e+09,0.00344591,-1.91113e-10,-6.8863e-10,-0.000320674,5.64513e-09,1.43225e-08,-0.00319579
1.75656e+09,0.00351039,-1.71071e-10,-6.54574e-10,-0.000324414,5.70619e-09,9.70343e-09,-0.00106526
1.75656e+09,0.00313467,-1.62208e-10,-6.30689e-10,-0.000304378,2.82494e-09,7.62053e-09,0.00639159
1.75656e+09,0.0033365,-1.52775e-10,-6.05266e-10,-0.000265282,2.82494e-09,7.62053e-09,0.0117179
1.75656e+09,0.0032712,-1.43527e-10,-5.8034e-10,-0.000216496,2.82494e-09,7.62053e-09,0.0149137
1.75656e+09,0.00346565,-1.33733e-10,-5.64501e-10,-0.000157427,2.82494e-09,4.57081e-09,0.0170442
1.75656e+09,0.0032039,-1.28637e-10,-5.49857e-10,-0.000102819,1.58991e-09,4.57081e-09,0.0170442
1.75656e+09,0.00339043,-1.30245e-10,-5.36525e-10,-4.50315e-05,-4.74752e-10,3.93235e-09,0.0170442
1.75656e+09,0.00343988,-1.31878e-10,-5.23821e-10,1.35987e-05,-4.74752e-10,3.69326e-09,0.0170442
1.75656e+09,0.00336691,-1.41483e-10,-5.1221e-10,6.73983e-05,-2.85284e-09,3.44836e-09,0.015979
1.75656e+09,0.00333679,-1.51002e-10,-5.16523e-10,9.22803e-05,-2.85284e-09,-1.29238e-09,0.00745685
1.75656e+09,0.00332602,-1.60491e-10,-5.21754e-10,0.000113539,-2.85284e-09,-1.57235e-09,0.00639159
1.75656e+09,0.00311735,-1.69382e-10,-5.37041e-10,0.00011686,-2.85284e-09,-4.90365e-09,0.00106526
1.75656e+09,0.00352457,-1.79435e-10,-5.54326e-10,0.000105596,-2.85284e-09,-4.90365e-09,-0.00319579
1.75656e+09,0.00322715,-1.80745e-10,-5.70151e-10,8.49692e-05,-4.06369e-10,-4.90365e-09,-0.00639159
1.75656e+09,0.00325156,-1.80147e-10,-5.86095e-10,4.68677e-05,1.83339e-10,-4.90365e-09,-0.0117179
1.75656e+09,0.00344588,-1.7538e-10,-5.90323e-10,-8.52284e-07,1.38338e-09,-1.22688e-09,-0.0138484
1.75656e+09,0.00325795,-1.69786e-10,-5.77199e-10,-4.59698e-05,1.71707e-09,4.02832e-09,-0.0138484
1.75656e+09,0.00332538,-1.64076e-10,-5.63803e-10,-9.20211e-05,1.71707e-09,4.02832e-09,-0.0138484
1.75656e+09,0.00352055,-1.42039e-10,-5.49623e-10,-0.000144526,6.25908e-09,4.02832e-09,-0.0149137
1.75656e+09,0.00664578,-1.32844e-10,-5.40084e-10,-0.000300275,1.38338e-09,1.43556e-09,-0.0234358
1.75656e+09,0.000147836,-1.33022e-10,-5.40363e-10,-0.00030374,-1.20494e-09,-1.88769e-09,-0.0234358
1.75656e+09,0.00329013,-1.39753e-10,-5.47732e-10,-0.000380847,-2.0452e-09,-2.24028e-09,-0.0234358
1.75656e+09,0.00307022,-1.46035e-10,-5.54608e-10,-0.000426635,-2.0452e-09,-2.24028e-09,-0.0149137
1.75656e+09,0.00337175,-1.52934e-10,-5.62159e-10,-0.00047692,-2.0452e-09,-2.24028e-09,-0.0149137
1.75656e+09,0.00444642,-1.62033e-10,-5.72115e-10,-0.000543233,-2.0452e-09,-2.24028e-09,-0.0149137
1.75656e+09,0.00226372,-1.66665e-10,-5.77184e-10,-0.000576993,-2.0452e-09,-2.24028e-09,-0.0149137
1.75656e+09,0.00309611,-1.73002e-10,-5.84117e-10,-0.000623168,-2.0452e-09,-2.24028e-09,-0.0149137
1.75656e+09,0.00340164,-1.79963e-10,-5.91733e-10,-0.000644909,-2.0452e-09,-2.24028e-09,-0.00639159
1.75656e+09,0.00330098,-1.96453e-10,-6.10089e-10,-0.000606229,-4.99194e-09,-5.56391e-09,0.0117179
1.75656e+09,0.00346017,-2.23268e-10,-6.30272e-10,-0.000558311,-7.746e-09,-5.83777e-09,0.0138484
1.75656e+09,0.00323561,-2.48346e-10,-6.5758e-10,-0.000492822,-7.746e-09,-8.44417e-09,0.02024
1.75656e+09,0.00353788,-2.75768e-10,-6.92319e-10,-0.000421215,-7.746e-09,-9.82292e-09,0.02024
1.75656e+09,0.00320516,-3.01035e-10,-7.23792e-10,-0.000356343,-7.87914e-09,-9.82292e-09,0.02024
1.75656e+09,0.0032621,-3.26315e-10,-7.55827e-10,-0.000304218,-7.746e-09,-9.82292e-09,0.015979
1.75656e+09,0.00337834,-3.43383e-10,-7.89007e-10,-0.000261032,-5.04934e-09,-9.82292e-09,0.0127832
1.75656e+09,0.00336866,-3.60118e-10,-8.32805e-10,-0.00021797,-4.96434e-09,-1.30029e-08,0.0127832
1.75656e+09,0.00327854,-3.76682e-10,-8.78871e-10,-0.000183045,-5.04934e-09,-1.40519e-08,0.0106526
1.75656e+09,0.00334301,-3.92741e-10,-9.25844e-10,-0.000154555,-4.80096e-09,-1.40519e-08,0.00852211
1.75656e+09,0.00345483,-4.09334e-10,-9.70764e-10,-0.000128793,-4.80096e-09,-1.30029e-08,0.00745685
1.75656e+09,0.00411995,-4.2637e-10,-1.01911e-09,-0.000111238,-4.13352e-09,-1.17351e-08,0.00426106
1.75656e+09,0.00734444,-4.56737e-10,-1.09181e-09,-0.000166004,-4.13352e-09,-9.89867e-09,-0.00745685
1.75656e+09,0.00180481,-4.60178e-10,-1.10688e-09,-0.000187153,-1.90536e-09,-8.35177e-09,-0.0117179
1.75656e+09,0.00327753,-4.66428e-10,-1.13135e-09,-0.000225558,-1.90536e-09,-7.46733e-09,-0.0117179
1.75656e+09,0.00340224,-4.72916e-10,-1.15676e-09,-0.000276298,-1.90536e-09,-7.46733e-09,-0.0149137
1.75656e+09,0.00331054,-4.79228e-10,-1.17275e-09,-0.000353884,-1.90536e-09,-4.83296e-09,-0.0234358
1.75656e+09,0.00331212,-4.84679e-10,-1.18307e-09,-0.000431506,-1.64462e-09,-3.11362e-09,-0.0234358
1.75656e+09,0.00339443,-4.87174e-10,-1.18771e-09,-0.000460434,-7.34623e-10,-1.36888e-09,-0.00852211
1.75656e+09,0.00330776,-4.89606e-10,-1.19224e-09,-0.000502717,-7.34623e-10,-1.36888e-09,-0.0127832
1.75656e+09,0.00358541,-4.92243e-10,-1.19714e-09,-0.00054855,-7.34623e-10,-1.36888e-09,-0.0127832
1.75656e+09,0.00305487,-4.94489e-10,-1.20133e-09,-0.000574584,-7.34623e-10,-1.36888e-09,-0.00852211
1.75656e+09,0.00337417,-5.04947e-10,-1.189e-09,-0.000603339,-3.10155e-09,3.6505e-09,-0.00852211
1.75656e+09,0.00347348,-5.15711e-10,-1.17286e-09,-0.000607039,-3.10155e-09,4.64471e-09,-0.00106526
1.75656e+09,0.00334577,-5.2376e-10,-1.15732e-09,-0.000610603,-2.40864e-09,4.64471e-09,-0.00106526
1.75656e+09,0.00547304,-5.36927e-10,-1.13189e-09,-0.000610603,-2.40864e-09,4.64471e-09,0
1.75656e+09,0.00166633,-5.40939e-10,-1.12854e-09,-0.000610603,-2.40864e-09,2.0064e-09,0
1.75656e+09,0.00282097,-5.4773e-10,-1.12288e-09,-0.000604593,-2.40864e-09,2.0064e-09,0.00213053
1.75656e+09,0.0033145,-5.55709e-10,-1.11622e-09,-0.000586939,-2.40864e-09,2.0064e-09,0.00532632
1.75656e+09,0.00330483,-5.58225e-10,-1.1102e-09,-0.000569337,-7.62282e-10,1.82268e-09,0.00532632
1.75656e+09,0.00323672,-5.60697e-10,-1.11813e-09,-0.000552097,-7.62282e-10,-2.45046e-09,0.00532632
1.75656e+09,0.0141031,-5.71471e-10,-1.16167e-09,-0.000476979,-7.62282e-10,-3.08751e-09,0.00532632
1.75656e+09,0.00283158,-5.72294e-10,-1.17041e-09,-0.000461897,-2.89214e-10,-3.08751e-09,0.00532632
1.75656e+09,0.00305487,-5.74629e-10,-1.18241e-09,-0.000465151,-7.62282e-10,-3.93024e-09,-0.00106526
1.75656e+09,0.00331552,-5.86646e-10,-1.1964e-09,-0.000468683,-3.62259e-09,-4.22173e-09,-0.00106526
1.75656e+09,0.00323927,-5.80582e-10,-1.21008e-09,-0.000475585,1.87399e-09,-4.22173e-09,-0.00213053
1.75656e+09,0.00338119,-5.72728e-10,-1.22436e-09,-0.000482788,2.32485e-09,-4.22173e-09,-0.00213053
1.75656e+09,0.00332794,-5.64436e-10,-1.2369e-09,-0.000507604,2.49355e-09,-3.76733e-09,-0.00745685
1.75656e+09,0.00339177,-5.55981e-10,-1.2422e-09,-0.000565415,2.49355e-09,-1.5614e-09,-0.0170442
1.75656e+09,0.00330946,-5.47726e-10,-1.23779e-09,-0.000625347,2.49355e-09,1.33502e-09,-0.0181095
1.75656e+09,0.00337435,-5.39305e-10,-1.2272e-09,-0.000686455,2.49355e-09,3.13832e-09,-0.0181095
1.75656e+09,0.00339141,-5.34401e-10,-1.21155e-09,-0.000747872,1.44281e-09,4.61637e-09,-0.0181095
1.75656e+09,0.00334235,-5.29568e-10,-1.19613e-09,-0.000804839,1.44281e-09,4.61637e-09,-0.0170442
1.75656e+09,0.00337307,-5.22871e-10,-1.18056e-09,-0.000862331,1.9817e-09,4.61637e-09,-0.0170442
1.75656e+09,0.00328234,-5.16349e-10,-1.16066e-09,-0.000890303,1.9817e-09,6.06384e-09,-0.00852211
1.75656e+09,0.00327903,-5.0983e-10,-1.13686e-09,-0.000925233,1.9817e-09,7.25995e-09,-0.0106526
1.75656e+09,0.00336635,-5.03112e-10,-1.08699e-09,-0.000943164,1.9817e-09,1.48155e-08,-0.00532632
1.75656e+09,0.00372601,-4.95668e-10,-1.02239e-09,-0.000943164,1.9817e-09,1.73404e-08,0
1.75656e+09,0.00676424,-4.41402e-10,-9.05148e-10,-0.000928752,8.00612e-09,1.73404e-08,0.00213053
1.75656e+09,0.00488617,-4.02204e-10,-8.20456e-10,-0.000871497,8.00612e-09,1.73404e-08,0.0117179
1.75656e+09,0.00130758,-3.94061e-10,-7.98082e-10,-0.000856175,6.21227e-09,1.71168e-08,0.0117179
1.75656e+09,0.0032254,-3.73977e-10,-7.42891e-10,-0.00081838,6.21227e-09,1.71168e-08,0.0117179
1.75656e+09,0.00352928,-3.52003e-10,-6.82499e-10,-0.000769505,6.21227e-09,1.71168e-08,0.0138484
1.75656e+09,0.00314617,-3.3438e-10,-6.24247e-10,-0.000732638,5.58711e-09,1.85195e-08,0.0117179
1.75656e+09,0.00357933,-3.14333e-10,-5.57974e-10,-0.000690696,5.58711e-09,1.85195e-08,0.0117179
1.75656e+09,0.00317959,-2.8433e-10,-4.9911e-10,-0.000656825,9.42341e-09,1.85195e-08,0.0106526
1.75656e+09,0.00329601,-2.53239e-10,-4.51757e-10,-0.000621714,9.42341e-09,1.4373e-08,0.0106526
1.75656e+09,0.00349321,-2.24866e-10,-4.28474e-10,-0.000599386,8.11834e-09,6.67008e-09,0.00639159
1.75656e+09,0.00318893,-1.98964e-10,-4.0722e-10,-0.000599386,8.11834e-09,6.67008e-09,0
1.75656e+09,0.00332532,-1.71955e-10,-3.85056e-10,-0.000620641,8.11834e-09,6.67008e-09,-0.00639159
1.75656e+09,0.00331697,-1.45013e-10,-3.62845e-10,-0.000655975,8.11834e-09,6.70111e-09,-0.0106526
1.75656e+09,0.00337915,-1.17562e-10,-3.36541e-10,-0.000691972,8.11834e-09,7.78934e-09,-0.0106526
1.75656e+09,0.00327885,-9.93537e-11,-3.07294e-10,-0.0007269,5.54714e-09,8.92403e-09,-0.0106526
1.75656e+09,0.00330565,-8.98557e-11,-2.81552e-10,-0.000769157,2.86761e-09,7.78934e-09,-0.0127832
1.75656e+09,0.00351067,-7.99607e-11,-2.58034e-10,-0.000817774,2.81339e-09,6.70111e-09,-0.0138484
1.75656e+09,0.00315181,-7.10768e-11,-2.37665e-10,-0.000864779,2.81339e-09,6.46486e-09,-0.0149137
1.75656e+09,0.0034586,-6.13271e-11,-2.15314e-10,-0.000938466,2.81339e-09,6.46486e-09,-0.0213053
1.75656e+09,0.00341192,-5.34064e-11,-1.93264e-10,-0.00101116,2.31543e-09,6.46486e-09,-0.0213053
1.75656e+09,0.00315277,-4.60748e-11,-1.62078e-10,-0.00108505,2.31543e-09,9.89408e-09,-0.0234358
1.75656e+09,0.00332289,-3.57203e-11,-1.29076e-10,-0.00116292,3.10534e-09,9.93494e-09,-0.0234358
1.75656e+09,0.00337531,-3.4865e-11,-9.55437e-11,-0.00123124,2.41861e-10,9.93494e-09,-0.02024
1.75656e+09,0.00334565,-2.44348e-11,-6.24544e-11,-0.00128826,3.10534e-09,9.89408e-09,-0.0170442
1.75656e+09,0.00334064,-1.10753e-11,-4.25155e-11,-0.0013452,3.99141e-09,5.97372e-09,-0.0170442
1.75656e+09,0.00336966,2.39822e-12,-2.48466e-11,-0.00140263,3.99141e-09,5.24891e-09,-0.0170442
1.75656e+09,0.00326011,1.13368e-12,-2.02093e-11,-0.00143042,-3.89877e-10,1.42189e-09,-0.00852211
1.75656e+09,0.00341693,-1.9186e-13,-1.55624e-11,-0.00145225,-3.89877e-10,1.3594e-09,-0.00639159
1.75656e+09,0.00343387,-8.96276e-12,-2.47818e-11,-0.00147054,-2.55033e-09,-2.68855e-09,-0.00532632
1.75656e+09,0.00326203,-1.91051e-11,-5.98378e-11,-0.00146012,-3.0934e-09,-1.07512e-08,0.00319579
1.75656e+09,0.00326632,-2.92621e-11,-9.61e-11,-0.00142533,-3.0934e-09,-1.11064e-08,0.0106526
1.75656e+09,0.00324807,-3.93611e-11,-1.3216e-10,-0.00139072,-3.0934e-09,-1.11064e-08,0.0106526
1.75656e+09,0.0033664,-4.79985e-11,-1.69536e-10,-0.00135486,-2.55033e-09,-1.11064e-08,0.0106526
1.75656e+09,0.00335196,-5.84149e-11,-2.04494e-10,-0.00132273,-3.0934e-09,-1.04331e-08,0.00958738
1.75656e+09,0.00335392,-6.30119e-11,-2.39479e-10,-0.00130129,-1.35684e-09,-1.04331e-08,0.00639159
1.75656e+09,0.00336858,-6.76282e-11,-2.74618e-10,-0.00127976,-1.35684e-09,-1.04331e-08,0.00639159
1.75656e+09,0.0032762,-7.21232e-11,-3.1341e-10,-0.00125882,-1.35684e-09,-1.18422e-08,0.00639159
1.75656e+09,0.00339821,-9.13599e-11,-3.55726e-10,-0.0012371,-5.64517e-09,-1.24598e-08,0.00639159
1.75656e+09,0.00329444,-1.1001e-10,-3.98101e-10,-0.00121604,-5.64517e-09,-1.28694e-08,0.00639159
1.75656e+09,0.00327468,-1.28551e-10,-4.43246e-10,-0.00122302,-5.64517e-09,-1.37931e-08,-0.00213053
1.75656e+09,0.00352317,-1.48522e-10,-5.10053e-10,-0.00124179,-5.64517e-09,-1.8969e-08,-0.00532632
1.75656e+09,0.00323291,-1.69568e-10,-5.71352e-10,-0.00126589,-6.48635e-09,-1.8969e-08,-0.00745685
1.75656e+09,0.00344005,-1.85074e-10,-6.23089e-10,-0.00129154,-4.48847e-09,-1.50453e-08,-0.00745685
1.75656e+09,0.00315803,-1.9931e-10,-6.70584e-10,-0.00131509,-4.48847e-09,-1.50453e-08,-0.00745685
1.75656e+09,0.00342748,-2.20727e-10,-7.14528e-10,-0.00135526,-6.23191e-09,-1.28291e-08,-0.0117179
1.75656e+09,0.00341428,-2.42052e-10,-7.49387e-10,-0.0013989,-6.23191e-09,-1.02182e-08,-0.0127832
1.75656e+09,0.00315353,-2.41377e-10,-7.81611e-10,-0.00143921,2.28347e-10,-1.02182e-08,-0.0127832
1.75656e+09,0.00342987,-2.54681e-10,-8.08109e-10,-0.00149037,-3.86766e-09,-7.73121e-09,-0.0149137
1.75656e+09,0.00326476,-2.53966e-10,-8.28945e-10,-0.00153906,2.28347e-10,-6.38189e-09,-0.0149137
1.75656e+09,0.00356252,-2.47494e-10,-8.39775e-10,-0.0015846,1.82159e-09,-3.03715e-09,-0.0127832
1.75656e+09,0.00317862,-2.46767e-10,-8.3927e-10,-0.00162184,2.28347e-10,1.59383e-10,-0.0117179
1.75656e+09,0.00319381,-2.40947e-10,-8.38027e-10,-0.00163885,1.82159e-09,3.92e-10,-0.00532632
1.75656e+09,0.00340749,-2.31046e-10,-8.36544e-10,-0.00165337,2.90493e-09,4.4005e-10,-0.00426106
1.75656e+09,0.00331048,-2.2499e-10,-8.20835e-10,-0.00166043,1.82159e-09,4.74829e-09,-0.00213053
1.75656e+09,0.00355613,-2.31087e-10,-7.92848e-10,-0.00164527,-1.72767e-09,7.86729e-09,0.00426106
1.75656e+09,0.00327177,-2.44805e-10,-7.67085e-10,-0.00163133,-4.20582e-09,7.86729e-09,0.00426106
1.75656e+09,0.00321655,-2.58291e-10,-7.40819e-10,-0.00160735,-4.20582e-09,8.15918e-09,0.00745685
1.75656e+09,0.00352454,-2.73068e-10,-7.12038e-10,-0.00155854,-4.20582e-09,8.15918e-09,0.0138484
1.75656e+09,0.00309842,-2.71426e-10,-6.84112e-10,-0.00150573,5.16042e-10,9.01374e-09,0.0170442
1.75656e+09,0.00348117,-2.68675e-10,-6.30939e-10,-0.00144639,7.67009e-10,1.52755e-08,0.0170442
1.75656e+09,0.00334183,-2.59114e-10,-5.79777e-10,-0.00138943,2.83895e-09,1.53138e-08,0.0170442
1.75656e+09,0.00333218,-2.39539e-10,-5.27637e-10,-0.00135749,5.85281e-09,1.56554e-08,0.00958738
1.75656e+09,0.0031979,-2.20754e-10,-4.77598e-10,-0.00132683,5.85281e-09,1.56554e-08,0.00958738
1.75656e+09,0.0034085,-1.97019e-10,-4.25432e-10,-0.00131957,6.94337e-09,1.53138e-08,0.00213053
1.75656e+09,0.00331752,-1.73915e-10,-3.73526e-10,-0.00131957,6.94337e-09,1.56554e-08,0
1.75656e+09,0.00326446,-1.51692e-10,-3.29652e-10,-0.00133,6.78986e-09,1.34489e-08,-0.00319579
1.75656e+09,0.00343281,-1.27172e-10,-2.84951e-10,-0.00134097,7.12548e-09,1.3031e-08,-0.00319579
1.75656e+09,0.00334588,-1.03282e-10,-2.48173e-10,-0.00135166,7.12548e-09,1.10015e-08,-0.00319579
1.75656e+09,0.00328471,-8.09388e-11,-2.1824e-10,-0.00136216,6.78986e-09,9.12204e-09,-0.00319579
1.75656e+09,0.00343912,-6.6884e-11,-1.86888e-10,-0.00139513,4.07434e-09,9.12204e-09,-0.00958738
1.75656e+09,0.00311855,-5.41383e-11,-1.58458e-10,-0.00142503,4.07434e-09,9.12204e-09,-0.00958738
1.75656e+09,0.00333932,-4.04894e-11,-1.28016e-10,-0.00146772,4.07434e-09,9.12204e-09,-0.0127832
1.75656e+09,0.00351068,-2.76009e-11,-8.68802e-11,-0.00151633,3.65402e-09,1.17227e-08,-0.0138484
1.75656e+09,0.00316426,-1.59824e-11,-4.98041e-11,-0.00156015,3.65402e-09,1.17227e-08,-0.0138484
1.75656e+09,0.00347277,-2.39977e-11,-1.92854e-11,-0.00163044,-2.32176e-09,8.78437e-09,-0.02024
1.75656e+09,0.00324971,-3.14962e-11,9.27352e-12,-0.00169622,-2.32176e-09,8.78437e-09,-0.02024
1.75656e+09,0.00326133,-3.90225e-11,3.62876e-11,-0.00176223,-2.32176e-09,8.27923e-09,-0.02024
1.75656e+09,0.00337086,-3.81159e-11,5.336e-11,-0.00180173,2.60018e-10,5.06516e-09,-0.0117179
1.75656e+09,0.00332834,-3.43537e-11,8.09093e-11,-0.00182655,1.11543e-09,8.27923e-09,-0.00745685
1.75656e+09,0.00367061,-3.02109e-11,1.0747e-10,-0.00184219,1.11543e-09,7.23808e-09,-0.00426106
1.75656e+09,0.00325951,-2.93199e-11,1.31061e-10,-0.00184566,2.60018e-10,7.23808e-09,-0.00106526
1.75656e+09,0.00342636,-2.94093e-11,1.48416e-10,-0.00184201,-3.54423e-11,5.06516e-09,0.00106526
1.75656e+09,0.00326431,-2.95215e-11,1.50281e-10,-0.00181071,-3.54423e-11,5.71231e-10,0.00958738
1.75656e+09,0.0030734,-3.84888e-11,1.39366e-10,-0.0017747,-2.91124e-09,-3.55664e-09,0.0117179
1.75656e+09,0.00321777,-5.52598e-11,1.2047e-10,-0.00173699,-5.20156e-09,-5.88169e-09,0.0117179
1.75656e+09,0.00336043,-7.27903e-11,9.10669e-11,-0.00169046,-5.20156e-09,-8.75889e-09,0.0138484
1.75656e+09,0.00332977,-8.55023e-11,6.19233e-11,-0.00164434,-3.80287e-09,-8.75889e-09,0.0138484
1.75656e+09,0.00384785,-1.05572e-10,2.82534e-11,-0.00158696,-5.20156e-09,-8.75889e-09,0.0149137
1.75656e+09,0.00314833,-1.27224e-10,5.2722e-12,-0.00154001,-6.86568e-09,-7.31039e-09,0.0149137
1.75656e+09,0.00309665,-1.39034e-10,-1.64468e-11,-0.00149712,-3.80287e-09,-7.01958e-09,0.0138484
1.75656e+09,0.00339624,-1.5323e-10,-3.34379e-11,-0.0014718,-4.17236e-09,-5.00917e-09,0.00745685
1.75656e+09,0.00336436,-1.76363e-10,-5.70203e-11,-0.00146463,-6.86568e-09,-7.01958e-09,0.00213053
1.75656e+09,0.0031979,-2.04189e-10,-8.03574e-11,-0.00146463,-8.69057e-09,-7.31039e-09,0
1.75656e+09,0.00329715,-2.17982e-10,-1.0525e-10,-0.00147517,-4.17236e-09,-7.55595e-09,-0.00319579
1.75656e+09,0.00329194,-2.32009e-10,-1.30103e-10,-0.00148569,-4.24967e-09,-7.55595e-09,-0.00319579
1.75656e+09,0.00346908,-2.46806e-10,-1.6694e-10,-0.00149677,-4.24967e-09,-1.06248e-08,-0.00319579
1.75656e+09,0.00329969,-2.59007e-10,-2.03291e-10,-0.00151786,-3.68114e-09,-1.10221e-08,-0.00639159
1.75656e+09,0.00338499,-2.66741e-10,-2.31928e-10,-0.00155392,-2.27202e-09,-8.46356e-09,-0.0106526
1.75656e+09,0.00327992,-2.74236e-10,-2.59677e-10,-0.00159585,-2.27202e-09,-8.46356e-09,-0.0127832
1.75656e+09,0.00352686,-2.81725e-10,-2.89514e-10,-0.0016522,-2.10992e-09,-8.46356e-09,-0.015979
1.75656e+09,0.00310552,-2.88309e-10,-3.08709e-10,-0.00170514,-2.10992e-09,-6.18419e-09,-0.0170442
1.75656e+09,0.00359556,-2.94194e-10,-3.28696e-10,-0.00177408,-1.62711e-09,-5.56162e-09,-0.0191748
1.75656e+09,0.00314102,-2.96034e-10,-3.45532e-10,-0.00183431,-5.76175e-10,-5.36112e-09,-0.0191748
1.75656e+09,0.00359258,-3.01904e-10,-3.5899e-10,-0.00189554,-1.62711e-09,-3.74921e-09,-0.0170442
1.75656e+09,0.00292654,-3.06686e-10,-3.69954e-10,-0.00193607,-1.62711e-09,-3.74921e-09,-0.0138484
1.75656e+09,0.00334045,-3.0789e-10,-3.74458e-10,-0.00196098,-3.57667e-10,-1.34907e-09,-0.00745685
1.75656e+09,0.00360197,-3.09073e-10,-3.63197e-10,-0.001984,-3.34603e-10,3.12578e-09,-0.00639159
1.75656e+09,0.00319193,-2.98851e-10,-3.25134e-10,-0.0019976,3.17872e-09,1.1931e-08,-0.00426106
1.75656e+09,0.00327041,-2.7581e-10,-2.8616e-10,-0.00199063,7.02155e-09,1.1931e-08,0.00213053
1.75656e+09,0.00328762,-2.52648e-10,-2.46982e-10,-0.00197312,7.02155e-09,1.1931e-08,0.00532632
1.75656e+09,0.0033789,-2.30964e-10,-2.17539e-10,-0.00192993,6.40012e-09,8.72638e-09,0.0127832
1.75656e+09,0.00362378,-2.07717e-10,-1.89483e-10,-0.00187975,6.40012e-09,7.75455e-09,0.0138484
1.75656e+09,0.00315864,-1.87456e-10,-1.65027e-10,-0.001836,6.40012e-09,7.75455e-09,0.0138484
1.75656e+09,0.0033205,-1.77371e-10,-1.4225e-10,-0.00177587,3.02461e-09,6.86501e-09,0.0181095
1.75656e+09,0.00345245,-1.64179e-10,-1.18757e-10,-0.00171335,3.80898e-09,6.81163e-09,0.0181095
1.75656e+09,0.00312659,-1.54704e-10,-1.08356e-10,-0.00165673,3.02461e-09,3.33171e-09,0.0181095
1.75656e+09,0.00331623,-1.51817e-10,-9.90926e-11,-0.00162493,8.66111e-10,2.79483e-09,0.00958738
1.75656e+09,0.00358171,-1.54069e-10,-9.58331e-11,-0.00159823,-6.30205e-10,9.09009e-10,0.00745685
1.75656e+09,0.00367179,-1.56632e-10,-1.01321e-10,-0.00157476,-6.95884e-10,-1.49583e-09,0.00639159
1.75656e+09,0.00291266,-1.58684e-10,-1.16803e-10,-0.00155614,-6.95884e-10,-5.31647e-09,0.00639159
1.75656e+09,0.00349201,-1.6757e-10,-1.35355e-10,-0.00155986,-2.53656e-09,-5.31647e-09,-0.00106526
1.75656e+09,0.00322226,-1.77175e-10,-1.57428e-10,-0.00156329,-2.96992e-09,-6.85503e-09,-0.00106526
1.75656e+09,0.00322946,-1.868e-10,-1.79551e-10,-0.00159426,-2.96992e-09,-6.85503e-09,-0.00958738
1.75656e+09,0.00329492,-1.89937e-10,-1.92257e-10,-0.00162936,-9.45877e-10,-3.85752e-09,-0.0106526
1.75656e+09,0.00326349,-1.93024e-10,-1.92433e-10,-0.0016815,-9.45877e-10,-5.55484e-11,-0.015979
1.75656e+09,0.0033399,-1.90877e-10,-1.92608e-10,-0.00173487,6.43041e-10,-5.12958e-11,-0.015979
1.75656e+09,0.003399,-1.88692e-10,-1.92786e-10,-0.00178918,6.43041e-10,-5.12958e-11,-0.015979
1.75656e+09,0.00332598,-1.91838e-10,-1.92778e-10,-0.00184233,-9.45877e-10,5.58887e-13,-0.015979
1.75656e+09,0.00377851,-1.89391e-10,-1.83494e-10,-0.00192686,6.43041e-10,2.45841e-09,-0.0223706
1.75656e+09,0.00293608,-1.87489e-10,-1.76279e-10,-0.00197377,6.43041e-10,2.45841e-09,-0.015979
1.75656e+09,0.00319781,-1.65823e-10,-1.44767e-10,-0.00202487,6.75569e-09,9.86771e-09,-0.015979
1.75656e+09,0.0032652,-1.43218e-10,-1.12593e-10,-0.00207009,6.90313e-09,9.86771e-09,-0.0138484
1.75656e+09,0.00338154,-1.19786e-10,-7.0002e-11,-0.00210251,6.90313e-09,1.26094e-08,-0.00958738
1.75656e+09,0.00357431,-9.50113e-11,-2.1877e-11,-0.00211774,6.90313e-09,1.34787e-08,-0.00426106
1.75656e+09,0.00316037,-7.31047e-11,2.06743e-11,-0.0021312,6.90313e-09,1.34787e-08,-0.00426106
1.75656e+09,0.00338014,-4.96741e-11,6.61843e-11,-0.002124,6.90313e-09,1.34787e-08,0.00213053
1.75656e+09,0.00334655,-2.44769e-11,1.11238e-10,-0.00210618,7.50068e-09,1.34787e-08,0.00532632
1.75656e+09,0.00321523,-2.80456e-13,1.49215e-10,-0.0020685,7.50068e-09,1.18275e-08,0.0117179
1.75656e+09,0.0033736,2.51017e-11,1.86847e-10,-0.00202178,7.50068e-09,1.11703e-08,0.0138484
1.75656e+09,0.00358012,2.20107e-11,2.18761e-10,-0.00196458,-8.81396e-10,8.91266e-09,0.015979
1.75656e+09,0.00315575,1.7985e-11,2.4617e-10,-0.00191415,-1.29275e-09,8.68288e-09,0.015979
1.75656e+09,0.003378,1.36663e-11,2.71391e-10,-0.00186017,-1.29275e-09,7.46374e-09,0.015979
1.75656e+09,0.00329791,1.08128e-11,3.00032e-10,-0.00180748,-8.81396e-10,8.68288e-09,0.015979
1.75656e+09,0.00320659,9.66376e-12,3.23967e-10,-0.00175624,-3.71836e-10,7.46374e-09,0.015979
1.75656e+09,0.00340439,8.42929e-12,3.41849e-10,-0.00170909,-3.71836e-10,5.2519e-09,0.0138484
1.75656e+09,0.00336512,1.23733e-11,3.58525e-10,-0.00166249,1.16355e-09,4.95767e-09,0.0138484
1.75656e+09,0.00323342,1.11992e-11,3.75509e-10,-0.00164182,-3.71836e-10,5.2519e-09,0.00639159
1.75656e+09,0.00336809,9.9759e-12,3.932e-10,-0.00163465,-3.71836e-10,5.2519e-09,0.00213053
1.75656e+09,0.00407345,1.69108e-11,4.13383e-10,-0.00163031,1.69437e-09,4.95767e-09,0.00106526
1.75656e+09,0.00254137,2.12374e-11,4.25975e-10,-0.00163302,1.69437e-09,4.95767e-09,-0.00106526
1.75656e+09,0.0034522,1.5374e-11,4.42716e-10,-0.00166244,-1.70638e-09,4.84661e-09,-0.00852211
1.75656e+09,0.00338557,2.11255e-11,4.51787e-10,-0.0016985,1.69437e-09,2.68205e-09,-0.0106526
1.75656e+09,0.00318152,2.87095e-11,4.60307e-10,-0.00175951,2.37922e-09,2.68205e-09,-0.0191748
1.75656e+09,0.00344852,3.07041e-11,4.77017e-10,-0.00182563,5.69853e-10,4.84661e-09,-0.0191748
1.75656e+09,0.00332642,4.36218e-11,4.95244e-10,-0.00189296,3.87336e-09,5.48655e-09,-0.02024
1.75656e+09,0.00324976,5.62431e-11,5.13051e-10,-0.00195873,3.87336e-09,5.48655e-09,-0.02024
1.75656e+09,0.00341312,6.95e-11,5.31751e-10,-0.00202782,3.87336e-09,5.48655e-09,-0.02024
1.75656e+09,0.00337899,7.56397e-11,5.41154e-10,-0.00208901,1.8114e-09,2.78645e-09,-0.0181095
1.75656e+09,0.0032064,8.14665e-11,5.50076e-10,-0.00214707,1.8114e-09,2.78645e-09,-0.0181095
1.75656e+09,0.00341817,6.89188e-11,5.59628e-10,-0.00219077,-3.67687e-09,2.78645e-09,-0.0127832
1.75656e+09,0.00380932,7.58581e-11,5.77472e-10,-0.00221917,1.8114e-09,4.68822e-09,-0.00745685
1.75656e+09,0.00291769,6.51727e-11,5.96667e-10,-0.00223471,-3.67687e-09,6.57094e-09,-0.00532632
1.75656e+09,0.00339807,5.27821e-11,6.43073e-10,-0.00223471,-3.67687e-09,1.36483e-08,0
1.75656e+09,0.00329395,4.7191e-11,6.8936e-10,-0.00223471,-1.7288e-09,1.40482e-08,0
1.75656e+09,0.00323654,4.72368e-11,7.34827e-10,-0.00222092,-1.72341e-11,1.40482e-08,0.00426106
1.75656e+09,0.00320659,4.72787e-11,7.78592e-10,-0.00220043,-1.72341e-11,1.36483e-08,0.00639159
1.75656e+09,0.00339236,4.73092e-11,8.19001e-10,-0.00215706,-1.72341e-11,1.19119e-08,0.0127832
1.75656e+09,0.0032118,4.73068e-11,8.43571e-10,-0.00211601,-1.72341e-11,7.64998e-09,0.0127832
1.75656e+09,0.00344579,4.73032e-11,8.69932e-10,-0.00207196,-1.72341e-11,7.64998e-09,0.0127832
1.75656e+09,0.00331291,4.3637e-11,8.84173e-10,-0.00205431,-1.11555e-09,4.29643e-09,0.00532632
1.75656e+09,0.00351393,3.73459e-11,8.99208e-10,-0.0020356,-1.79911e-09,4.27497e-09,0.00532632
1.75656e+09,0.00342186,3.35584e-11,9.13844e-10,-0.00201737,-1.11555e-09,4.27497e-09,0.00532632
1.75656e+09,0.00318159,3.00029e-11,9.10731e-10,-0.00200042,-1.11555e-09,-9.80656e-10,0.00532632
1.75656e+09,0.00324715,1.83897e-11,9.00104e-10,-0.00198313,-3.56988e-09,-3.27999e-09,0.00532632
1.75656e+09,0.00340848,6.17011e-12,8.74013e-10,-0.00196497,-3.56988e-09,-7.6616e-09,0.00532632
1.75656e+09,0.00329882,-5.65591e-12,8.48762e-10,-0.00196146,-3.56988e-09,-7.6616e-09,0.00106526
1.75656e+09,0.00337971,-1.77681e-11,8.2479e-10,-0.00197946,-3.56988e-09,-7.10016e-09,-0.00532632
1.75656e+09,0.00350898,-2.84247e-11,7.94366e-10,-0.0020131,-3.01978e-09,-8.6761e-09,-0.00958738
1.75656e+09,0.00321546,-3.08409e-11,7.70337e-10,-0.00205763,-7.36406e-10,-7.47463e-09,-0.0138484
1.75656e+09,0.00316015,-2.79194e-11,7.47893e-10,-0.0021014,9.39111e-10,-7.10016e-09,-0.0138484
1.75656e+09,0.00362445,-2.45697e-11,7.22152e-10,-0.00215931,9.39111e-10,-7.10016e-09,-0.015979
1.75656e+09,0.00341594,-2.10299e-11,6.96611e-10,-0.00222845,1.05241e-09,-7.47463e-09,-0.02024
1.75656e+09,0.00307748,-1.70861e-11,6.87695e-10,-0.00229074,1.28794e-09,-2.89432e-09,-0.02024
1.75656e+09,0.00331368,-1.36208e-11,6.78096e-10,-0.00235781,1.05241e-09,-2.89432e-09,-0.02024
1.75656e+09,0.00341911,-9.23437e-12,6.70801e-10,-0.00241244,1.28794e-09,-2.1306e-09,-0.015979
1.75656e+09,0.0031613,-5.17727e-12,6.64805e-10,-0.00244948,1.28794e-09,-1.89362e-09,-0.0117179
1.75656e+09,0.00344441,-1.13254e-11,6.64806e-10,-0.00248985,-1.78496e-09,-4.01606e-12,-0.0117179
1.75656e+09,0.0032107,-1.70373e-11,6.72486e-10,-0.00252063,-1.78496e-09,2.38741e-09,-0.00958738
1.75656e+09,0.00338852,-1.48855e-11,6.84634e-10,-0.00255311,6.25983e-10,3.58679e-09,-0.00958738
1.75656e+09,0.00345038,-2.06628e-11,6.97025e-10,-0.00258619,-1.68357e-09,3.58679e-09,-0.00958738
1.75656e+09,0.00326982,-1.85857e-11,7.08748e-10,-0.00258968,6.25983e-10,3.58679e-09,-0.00106526
1.75656e+09,0.0033055,-1.64858e-11,7.20599e-10,-0.00257911,6.25983e-10,3.58679e-09,0.00319579
1.75656e+09,0.00333541,-2.20939e-11,7.23442e-10,-0.0025578,-1.68357e-09,8.48249e-10,0.00639159
1.75656e+09,0.0032877,-3.45505e-11,7.07105e-10,-0.00252628,-3.77612e-09,-4.97905e-09,0.00958738
1.75656e+09,0.00332892,-4.71627e-11,6.90561e-10,-0.00248017,-3.77612e-09,-4.97905e-09,0.0138484
1.75656e+09,0.00340641,-6.00678e-11,6.73633e-10,-0.00244026,-3.77612e-09,-4.97905e-09,0.0117179
1.75656e+09,0.00329963,-7.5441e-11,6.46137e-10,-0.00239808,-4.63874e-09,-8.34433e-09,0.0127832
1.75656e+09,0.00325613,-9.06105e-11,6.19003e-10,-0.00235646,-4.63874e-09,-8.34433e-09,0.0127832
1.75656e+09,0.00325113,-1.05769e-10,5.86022e-10,-0.00231836,-4.63874e-09,-1.01553e-08,0.0117179
1.75656e+09,0.00344582,-1.21853e-10,5.43247e-10,-0.00229266,-4.63874e-09,-1.24246e-08,0.00745685
1.75656e+09,0.00347846,-1.42939e-10,5.00077e-10,-0.00228525,-6.03332e-09,-1.24246e-08,0.00213053
1.75656e+09,0.00357345,-1.64582e-10,4.6338e-10,-0.00227764,-6.03332e-09,-1.02832e-08,0.00213053
1.75656e+09,0.00313473,-1.71502e-10,4.3116e-10,-0.00229434,-2.18416e-09,-1.02832e-08,-0.00532632
1.75656e+09,0.00332971,-1.74013e-10,4.0528e-10,-0.00233335,-7.36123e-10,-7.77434e-09,-0.0117179
1.75656e+09,0.00329954,-1.76494e-10,3.82826e-10,-0.00237202,-7.36123e-10,-6.80679e-09,-0.0117179
1.75656e+09,0.00315222,-1.78707e-10,3.72098e-10,-0.00240224,-6.93785e-10,-3.40504e-09,-0.00958738
1.75656e+09,0.00335646,-1.73527e-10,3.63857e-10,-0.00244157,1.54893e-09,-2.45146e-09,-0.0117179
1.75656e+09,0.00350911,-1.68078e-10,3.69541e-10,-0.00248643,1.54893e-09,1.62344e-09,-0.0127832
1.75656e+09,0.00352603,-1.56784e-10,3.83236e-10,-0.00253526,3.19347e-09,3.89211e-09,-0.0138484
1.75656e+09,0.00285224,-1.47645e-10,3.95175e-10,-0.00257476,3.19347e-09,4.19387e-09,-0.0138484
1.75656e+09,0.00341163,-1.34631e-10,4.0945e-10,-0.00264017,3.80392e-09,4.19387e-09,-0.0191748
1.75656e+09,0.00357835,-1.32726e-10,4.36107e-10,-0.00268973,5.12502e-10,7.45094e-09,-0.0138484
1.75656e+09,0.0031277,-1.31054e-10,4.61807e-10,-0.00272638,5.12502e-10,8.21821e-09,-0.0117179
1.75656e+09,0.00328134,-1.29286e-10,4.93709e-10,-0.00274735,5.12502e-10,9.72395e-09,-0.00639159
1.75656e+09,0.00346989,-1.15953e-10,5.42188e-10,-0.00276953,3.80392e-09,1.39817e-08,-0.00639159
1.75656e+09,0.00319543,-7.73888e-11,5.91647e-10,-0.00278315,1.20257e-08,1.55114e-08,-0.00426106
1.75656e+09,0.00344353,-3.58294e-11,6.44946e-10,-0.00277948,1.20257e-08,1.55114e-08,0.00106526
1.75656e+09,0.0034171,5.39892e-12,6.93595e-10,-0.0027722,1.20257e-08,1.42705e-08,0.00213053
1.75656e+09,0.00352122,2.75143e-11,7.43783e-10,-0.00273844,6.24108e-09,1.42705e-08,0.00958738
1.75656e+09,0.00308897,3.33818e-11,7.70355e-10,-0.00270553,1.87591e-09,8.60724e-09,0.0106526
1.75656e+09,0.00384289,4.02287e-11,7.82413e-10,-0.00265231,1.77323e-09,3.14251e-09,0.0138484
1.75656e+09,0.00292518,4.54242e-11,7.85598e-10,-0.0026118,1.77323e-09,1.09369e-09,0.0138484
1.75656e+09,0.0032469,5.11809e-11,7.85287e-10,-0.00256684,1.77323e-09,-9.12308e-11,0.0138484
1.75656e+09,0.00347992,5.05455e-11,7.89095e-10,-0.00252236,-1.85417e-10,1.09369e-09,0.0127832
1.75656e+09,0.00311651,4.42615e-11,7.88826e-10,-0.00248252,-2.01613e-09,-9.12308e-11,0.0127832
1.75656e+09,0.00348678,3.72264e-11,7.8671e-10,-0.00244166,-2.01613e-09,-6.11784e-10,0.0117179
1.75656e+09,0.003343,3.52865e-11,7.75605e-10,-0.00240961,-5.72155e-10,-3.32346e-09,0.00958738
1.75656e+09,0.00319984,3.34241e-11,7.6248e-10,-0.00237893,-5.72155e-10,-4.1032e-09,0.00958738
1.75656e+09,0.00327894,3.1516e-11,7.4903e-10,-0.00237194,-5.72155e-10,-4.1032e-09,0.00213053
1.75656e+09,0.00331323,3.41407e-11,7.37042e-10,-0.00240018,8.00758e-10,-3.61648e-09,-0.00852211
1.75656e+09,0.00335911,3.68014e-11,7.24887e-10,-0.00242881,8.00758e-10,-3.61648e-09,-0.00852211
1.75656e+09,0.00347754,3.63001e-11,7.03867e-10,-0.00246215,-1.29453e-10,-6.04473e-09,-0.00958738
1.75656e+09,0.00340753,3.57921e-11,6.76678e-10,-0.00249482,-1.29453e-10,-7.97964e-09,-0.00958738
1.75656e+09,0.00312872,3.53248e-11,6.51713e-10,-0.00256147,-1.29453e-10,-7.97964e-09,-0.0213053
1.75656e+09,0.0032494,3.03226e-11,6.25796e-10,-0.00263417,-1.519e-09,-7.97964e-09,-0.0223706
1.75656e+09,0.00346717,2.31789e-11,6.09911e-10,-0.00271173,-2.04829e-09,-4.58711e-09,-0.0223706
1.75656e+09,0.00324637,1.82247e-11,6.01434e-10,-0.00281548,-1.519e-09,-2.61522e-09,-0.0319579
1.75656e+09,0.00333575,1.31475e-11,5.97817e-10,-0.00292208,-1.519e-09,-1.08858e-09,-0.0319579
1.75656e+09,0.00344473,1.42441e-11,6.01645e-10,-0.00301015,3.15095e-10,1.11204e-09,-0.0255663
1.75656e+09,0.00329134,1.52922e-11,6.05302e-10,-0.00308378,3.15095e-10,1.11204e-09,-0.0223706
1.75656e+09,0.00347133,2.35341e-11,6.09137e-10,-0.00316143,2.37085e-09,1.11204e-09,-0.0223706
1.75656e+09,0.00330831,3.13945e-11,6.1447e-10,-0.00322487,2.37085e-09,1.61964e-09,-0.0191748
1.75656e+09,0.00317272,3.07135e-11,6.20423e-10,-0.00328571,-2.20673e-10,1.87564e-09,-0.0191748
1.75656e+09,0.00344789,2.9971e-11,6.2601e-10,-0.00330774,-2.20673e-10,1.61964e-09,-0.00639159
1.75656e+09,0.00320906,3.65411e-11,6.32007e-10,-0.00332142,2.04114e-09,1.87564e-09,-0.00426106
1.75656e+09,0.00391791,3.56976e-11,6.38356e-10,-0.00331307,-2.20673e-10,1.61964e-09,0.00213053
1.75656e+09,0.00275883,2.07911e-11,6.33899e-10,-0.0032925,-5.39778e-09,-1.63328e-09,0.00745685
1.75656e+09,0.00337239,2.76163e-11,6.16177e-10,-0.00325298,2.04114e-09,-5.24841e-09,0.0117179
1.75656e+09,0.00336332,1.92365e-11,5.98552e-10,-0.00320999,-2.47448e-09,-5.24841e-09,0.0127832
1.75656e+09,0.00337022,9.88101e-13,5.80922e-10,-0.00315972,-5.39778e-09,-5.24841e-09,0.0149137
1.75656e+09,0.00323028,-7.03366e-12,5.71915e-10,-0.00311155,-2.47448e-09,-2.79637e-09,0.0149137
1.75656e+09,0.0034242,-1.55253e-11,5.65962e-10,-0.00306413,-2.47448e-09,-1.74623e-09,0.0138484
1.75656e+09,0.00316009,-2.33336e-11,5.69665e-10,-0.00302037,-2.47448e-09,1.16452e-09,0.0138484
1.75656e+09,0.00368416,-4.32624e-11,5.63292e-10,-0.00296935,-5.40408e-09,-1.74623e-09,0.0138484
1.75656e+09,0.00306404,-4.31728e-11,5.71729e-10,-0.00293018,2.10588e-11,2.75354e-09,0.0127832
1.75656e+09,0.00328875,-4.3071e-11,5.82857e-10,-0.00290215,2.10588e-11,3.38373e-09,0.00852211
1.75656e+09,0.00336492,-4.04822e-11,5.99187e-10,-0.00288423,7.55268e-10,4.85517e-09,0.00532632
1.75656e+09,0.00333284,-3.74622e-11,6.08355e-10,-0.00287713,8.98192e-10,2.75354e-09,0.00213053
1.75656e+09,0.00338209,-2.6343e-11,6.17636e-10,-0.00287713,3.27977e-09,2.75354e-09,0
1.75656e+09,0.00334623,-1.47908e-11,6.31655e-10,-0.00290921,3.44023e-09,4.19932e-09,-0.00958738
1.75656e+09,0.00327934,-3.99526e-12,6.45394e-10,-0.00294065,3.27977e-09,4.19932e-09,-0.00958738
1.75656e+09,0.00368657,8.12404e-12,6.54967e-10,-0.00297599,3.27977e-09,2.60636e-09,-0.00958738
1.75656e+09,0.00296939,1.61398e-11,6.67094e-10,-0.00300763,2.68731e-09,4.09201e-09,-0.0106526
1.75656e+09,0.00333589,1.85806e-11,6.81095e-10,-0.00304316,7.19042e-10,4.19932e-09,-0.0106526
1.75656e+09,0.00325737,8.66663e-12,6.94455e-10,-0.00308133,-3.05602e-09,4.09201e-09,-0.0117179
1.75656e+09,0.00347103,-1.89709e-12,7.08691e-10,-0.003122,-3.05602e-09,4.09201e-09,-0.0117179
1.75656e+09,0.00312439,-1.14019e-11,7.22609e-10,-0.00316194,-3.05602e-09,4.44523e-09,-0.0127832
1.75656e+09,0.00356134,-6.08494e-12,7.38424e-10,-0.00320368,1.47891e-09,4.44523e-09,-0.0117179
1.75656e+09,0.00344755,-9.01023e-13,7.6504e-10,-0.00324407,1.47891e-09,7.72509e-09,-0.0117179
1.75656e+09,0.00318391,1.144e-11,7.89596e-10,-0.00326442,3.85103e-09,7.72509e-09,-0.00639159
1.75656e+09,0.00337121,1.65046e-11,8.13751e-10,-0.00327879,1.47891e-09,7.16994e-09,-0.00426106
1.75656e+09,0.00319096,2.88573e-11,8.33303e-10,-0.00329239,3.85103e-09,6.14012e-09,-0.00426106
1.75656e+09,0.00333768,3.71026e-11,8.5377e-10,-0.00329594,2.45017e-09,6.14012e-09,-0.00106526
1.75656e+09,0.00347073,4.63128e-11,8.57469e-10,-0.00329964,2.65015e-09,1.07446e-09,-0.00106526
1.75656e+09,0.00324731,5.42756e-11,8.59354e-10,-0.00328234,2.45017e-09,5.88651e-10,0.00532632
1.75656e+09,0.0033633,6.25146e-11,8.58846e-10,-0.00326443,2.45017e-09,-1.43052e-10,0.00532632
1.75656e+09,0.0032532,4.1155e-11,8.36503e-10,-0.0032367,-6.54326e-09,-6.88924e-09,0.00852211
1.75656e+09,0.00337537,1.89918e-11,8.12691e-10,-0.00320794,-6.54326e-09,-7.07601e-09,0.00852211
1.75656e+09,0.0032878,-2.59573e-12,7.89471e-10,-0.00317992,-6.54326e-09,-7.08356e-09,0.00852211
1.75656e+09,0.00342401,-2.21438e-11,7.59319e-10,-0.00316533,-5.68108e-09,-8.82412e-09,0.00426106
1.75656e+09,0.00334779,-4.12636e-11,7.27508e-10,-0.0031368,-5.68108e-09,-9.51998e-09,0.00852211
1.75656e+09,0.00346581,-6.10565e-11,6.94576e-10,-0.00311834,-5.68108e-09,-9.51998e-09,0.00532632
1.75656e+09,0.00335119,-7.39795e-11,6.62713e-10,-0.00310406,-3.82658e-09,-9.51998e-09,0.00426106
1.75656e+09,0.00340943,-8.71267e-11,6.30296e-10,-0.00308953,-3.82658e-09,-9.51998e-09,0.00426106
1.75656e+09,0.00300245,-9.06355e-11,6.08669e-10,-0.00309913,-1.14641e-09,-7.20657e-09,-0.00319579
1.75656e+09,0.00339139,-9.45992e-11,5.84243e-10,-0.00310997,-1.14641e-09,-7.20578e-09,-0.00319579
1.75656e+09,0.00327657,-9.61853e-11,5.61014e-10,-0.00314487,-4.62033e-10,-7.09095e-09,-0.0106526
1.75656e+09,0.00328628,-1.00015e-10,5.41108e-10,-0.00317988,-1.14641e-09,-6.06094e-09,-0.0106526
1.75656e+09,0.00345009,-1.04018e-10,5.26257e-10,-0.00324603,-1.14641e-09,-4.30817e-09,-0.0191748
1.75656e+09,0.00325228,-1.0554e-10,5.20218e-10,-0.00330839,-4.62033e-10,-1.85852e-09,-0.0191748
1.75656e+09,0.00342986,-9.07819e-11,5.1558e-10,-0.00337416,4.3073e-09,-1.33792e-09,-0.0191748
1.75656e+09,0.0034611,-7.58896e-11,5.10899e-10,-0.00344053,4.3073e-09,-1.33792e-09,-0.0191748
1.75656e+09,0.0032341,-5.94822e-11,5.08006e-10,-0.00350254,5.07629e-09,-8.77058e-10,-0.0191748
1.75656e+09,0.00330187,-4.52416e-11,5.13258e-10,-0.00355178,4.3073e-09,1.60559e-09,-0.0149137
1.75656e+09,0.00327828,-1.95494e-11,5.19924e-10,-0.00360067,7.82984e-09,2.06118e-09,-0.0149137
1.75656e+09,0.0032995,-8.60765e-12,5.31984e-10,-0.00364285,3.30299e-09,3.66701e-09,-0.0127832
1.75656e+09,0.00336477,1.77864e-11,5.45231e-10,-0.00367153,7.82984e-09,3.9656e-09,-0.00852211
1.75656e+09,0.00362624,5.12021e-11,5.59969e-10,-0.0036947,9.19999e-09,4.09811e-09,-0.00639159
1.75656e+09,0.00308161,7.96119e-11,5.75905e-10,-0.0036947,9.19999e-09,5.20543e-09,0
1.75656e+09,0.00349159,8.59824e-11,5.97595e-10,-0.00367983,1.80154e-09,6.21869e-09,0.00426106
1.75656e+09,0.00324583,9.52683e-11,6.17746e-10,-0.00364871,2.83803e-09,6.21869e-09,0.00958738
1.75656e+09,0.00325106,1.04569e-10,6.37929e-10,-0.00360369,2.83803e-09,6.21869e-09,0.0138484
1.75656e+09,0.00349989,1.10943e-10,6.5722e-10,-0.00355522,1.80154e-09,5.51834e-09,0.0138484
1.75656e+09,0.0031861,1.16746e-10,6.74781e-10,-0.00350431,1.80154e-09,5.51834e-09,0.015979
1.75656e+09,0.0033311,1.20716e-10,6.82545e-10,-0.00345108,1.18378e-09,2.33485e-09,0.015979
1.75656e+09,0.00333546,1.20923e-10,6.87398e-10,-0.00339778,5.70066e-11,1.45501e-09,0.015979
1.75656e+09,0.00337464,1.17582e-10,6.78721e-10,-0.00334745,-9.81259e-10,-2.57439e-09,0.0149137
1.75656e+09,0.0032918,1.14368e-10,6.83522e-10,-0.00329836,-9.81259e-10,1.45501e-09,0.0149137
1.75656e+09,0.00335388,1.11075e-10,6.82943e-10,-0.00325906,-9.81259e-10,-1.7584e-10,0.0117179
1.75656e+09,0.00350894,1.3386e-10,6.82252e-10,-0.00322542,6.49405e-09,-1.7584e-10,0.00958738
1.75656e+09,0.00343312,1.56173e-10,6.87678e-10,-0.00320348,6.49405e-09,1.60154e-09,0.00639159
1.75656e+09,0.00323639,1.77207e-10,6.92794e-10,-0.00319313,6.49405e-09,1.60154e-09,0.00319579
1.75656e+09,0.00332589,2.00519e-10,6.98046e-10,-0.00319313,7.00439e-09,1.60154e-09,0
1.75656e+09,0.00311851,2.21841e-10,7.06781e-10,-0.00319978,6.82809e-09,2.82289e-09,-0.00213053
1.75656e+09,0.00334037,2.3712e-10,7.16162e-10,-0.00320689,4.56498e-09,2.82289e-09,-0.00213053
1.75656e+09,0.00333949,2.47354e-10,7.36643e-10,-0.00322112,3.04487e-09,6.14273e-09,-0.00426106
1.75656e+09,0.00333615,2.57586e-10,7.59769e-10,-0.00324955,3.04487e-09,6.94196e-09,-0.00852211
1.75656e+09,0.00330611,2.67743e-10,7.87386e-10,-0.0033059,3.04487e-09,8.36331e-09,-0.0170442
1.75656e+09,0.00325745,2.77771e-10,8.2058e-10,-0.00336143,3.04487e-09,1.02e-08,-0.0170442
1.75656e+09,0.00345017,2.89182e-10,8.55733e-10,-0.00342023,3.27313e-09,1.02e-08,-0.0170442
1.75656e+09,0.00329371,3.00078e-10,8.89292e-10,-0.00347637,3.27313e-09,1.02e-08,-0.0170442
1.75656e+09,0.00357704,3.13886e-10,9.21068e-10,-0.00353734,3.82926e-09,8.89675e-09,-0.0170442
1.75656e+09,0.00329843,3.26615e-10,9.49052e-10,-0.00359356,3.82926e-09,8.49753e-09,-0.0170442
1.75656e+09,0.00319292,3.33908e-10,9.76158e-10,-0.00364798,2.25352e-09,8.49753e-09,-0.0170442
1.75656e+09,0.00349291,3.41865e-10,9.99724e-10,-0.00368891,2.25352e-09,6.75513e-09,-0.0117179
1.75656e+09,0.00322752,3.47907e-10,1.0215e-09,-0.00370266,1.84693e-09,6.75513e-09,-0.00426106
1.75656e+09,0.00322324,3.51305e-10,1.02755e-09,-0.00371296,1.04736e-09,1.8795e-09,-0.00319579
1.75656e+09,0.0032449,3.54726e-10,1.03364e-09,-0.00369222,1.04736e-09,1.8795e-09,0.00639159
1.75656e+09,0.00362063,3.41835e-10,1.02116e-09,-0.00366137,-3.54782e-09,-3.45955e-09,0.00852211
1.75656e+09,0.00322137,3.30365e-10,1.00995e-09,-0.00363391,-3.54782e-09,-3.4911e-09,0.00852211
1.75656e+09,0.00326866,3.1872e-10,9.96676e-10,-0.00360257,-3.54782e-09,-4.07484e-09,0.00958738
1.75656e+09,0.00334312,3.06777e-10,9.73947e-10,-0.00357408,-3.54782e-09,-6.81171e-09,0.00852211
1.75656e+09,0.00329276,2.84116e-10,9.41646e-10,-0.00356356,-6.84699e-09,-9.83434e-09,0.00319579
1.75656e+09,0.0033782,2.60834e-10,8.9924e-10,-0.00355277,-6.84699e-09,-1.25771e-08,0.00319579
1.75656e+09,0.00335072,2.35979e-10,8.44754e-10,-0.00354206,-7.36024e-09,-1.62875e-08,0.00319579
1.75656e+09,0.00336483,2.04585e-10,7.62848e-10,-0.0035313,-9.24362e-09,-2.43747e-08,0.00319579
1.75656e+09,0.00332669,1.73548e-10,6.8187e-10,-0.00352067,-9.24362e-09,-2.43747e-08,0.00319579
1.75656e+09,0.00326068,1.43053e-10,5.81272e-10,-0.00351025,-9.24362e-09,-3.08845e-08,0.00319579
1.75656e+09,0.00327632,1.19479e-10,4.80166e-10,-0.00351723,-7.08707e-09,-3.08845e-08,-0.00213053
1.75656e+09,0.00350227,9.4344e-11,3.90931e-10,-0.00353962,-7.08707e-09,-2.55044e-08,-0.00639159
1.75656e+09,0.00351763,6.90969e-11,3.01305e-10,-0.00356585,-7.08707e-09,-2.55044e-08,-0.00745685
1.75656e+09,0.00311422,4.67432e-11,2.21958e-10,-0.0035957,-7.08707e-09,-2.55044e-08,-0.00958738
1.75656e+09,0.00344453,1.17566e-11,1.43774e-10,-0.0036324,-1.00754e-08,-2.27344e-08,-0.0106526
1.75656e+09,0.00312549,-1.99529e-11,8.35726e-11,-0.003689,-1.00754e-08,-1.92981e-08,-0.0181095
1.75656e+09,0.00335645,-3.13527e-11,1.98776e-11,-0.00374978,-3.32636e-09,-1.89893e-08,-0.0181095
1.75656e+09,0.00324265,-3.86038e-11,-1.92548e-11,-0.00380851,-2.1909e-09,-1.20763e-08,-0.0181095
1.75656e+09,0.00335071,-4.60281e-11,-4.10994e-11,-0.00386562,-2.1909e-09,-6.52778e-09,-0.0170442
1.75656e+09,0.0033392,-5.22161e-11,-6.00358e-11,-0.0039083,-1.83119e-09,-5.67806e-09,-0.0127832
1.75656e+09,0.00335826,-5.96482e-11,-7.90753e-11,-0.00394408,-2.1909e-09,-5.67806e-09,-0.0106526
1.75656e+09,0.00336146,-7.2412e-11,-9.81117e-11,-0.00397988,-3.77477e-09,-5.67806e-09,-0.0106526
1.75656e+09,0.0033375,-8.50327e-11,-1.03715e-10,-0.00400122,-3.77477e-09,-1.69386e-09,-0.00639159
1.75656e+09,0.00332818,-8.6184e-11,-1.02831e-10,-0.0040154,-3.46975e-10,2.64055e-10,-0.00426106
1.75656e+09,0.00341156,-8.73315e-11,-9.37941e-11,-0.0040154,-3.46975e-10,2.64762e-09,0
1.75656e+09,0.00339762,-8.28778e-11,-8.28283e-11,-0.0040154,1.29786e-09,3.23275e-09,0
1.75656e+09,0.00346624,-7.83341e-11,-7.16409e-11,-0.00400063,1.29786e-09,3.23275e-09,0.00426106
1.75656e+09,0.00321168,-7.38289e-11,-6.31556e-11,-0.00398694,1.39217e-09,2.64762e-09,0.00426106
1.75656e+09,0.00310479,-6.95265e-11,-6.81859e-11,-0.00394395,1.39217e-09,-1.61464e-09,0.0138484
1.75656e+09,0.00347171,-6.85656e-11,-7.37953e-11,-0.00389587,2.83158e-10,-1.61464e-09,0.0138484
1.75656e+09,0.00348721,-7.24039e-11,-8.02417e-11,-0.00385129,-1.09348e-09,-1.85286e-09,0.0127832
1.75656e+09,0.00334155,-7.97789e-11,-8.89821e-11,-0.00380858,-2.19695e-09,-2.62416e-09,0.0127832
1.75656e+09,0.0038234,-8.82722e-11,-1.13504e-10,-0.00378006,-2.19695e-09,-6.42217e-09,0.00745685
1.75656e+09,0.00277317,-9.44657e-11,-1.40225e-10,-0.00375939,-2.19695e-09,-9.64357e-09,0.00745685
1.75656e+09,0.00334589,-9.99738e-11,-1.7247e-10,-0.00373444,-1.60999e-09,-9.64357e-09,0.00745685
1.75656e+09,0.00351844,-1.05476e-10,-2.0638e-10,-0.0037082,-1.52778e-09,-9.64357e-09,0.00745685
1.75656e+09,0.00321953,-1.10493e-10,-2.32974e-10,-0.00368419,-1.52778e-09,-8.26595e-09,0.00745685
1.75656e+09,0.00329621,-1.15856e-10,-2.48056e-10,-0.00365961,-1.60999e-09,-4.58148e-09,0.00745685
1.75656e+09,0.00333118,-1.21265e-10,-2.6063e-10,-0.00365961,-1.60999e-09,-3.78047e-09,0
1.75656e+09,0.00308187,-1.24533e-10,-2.69359e-10,-0.00367931,-1.05015e-09,-2.8361e-09,-0.00639159
1.75656e+09,0.00347698,-1.26008e-10,-2.79214e-10,-0.00373117,-4.13633e-10,-2.8361e-09,-0.0149137
1.75656e+09,0.00310714,-1.27316e-10,-2.85237e-10,-0.0037775,-4.13633e-10,-1.9399e-09,-0.0149137
1.75656e+09,0.00337722,-1.13427e-10,-2.74986e-10,-0.00383147,4.10088e-09,3.0509e-09,-0.015979
1.75656e+09,0.00338414,-1.12708e-10,-2.60315e-10,-0.00388194,1.95943e-10,4.33586e-09,-0.0149137
1.75656e+09,0.00330845,-1.12004e-10,-2.45973e-10,-0.00392776,1.95943e-10,4.33586e-09,-0.0138484
1.75656e+09,0.00327122,-9.85334e-11,-2.31842e-10,-0.00397306,4.10088e-09,4.33586e-09,-0.0138484
1.75656e+09,0.00343888,-8.43719e-11,-2.16988e-10,-0.00402434,4.10088e-09,4.33586e-09,-0.0149137
1.75656e+09,0.00333639,-7.46588e-11,-1.94008e-10,-0.00406344,2.88351e-09,6.89926e-09,-0.0117179
1.75656e+09,0.00347426,-6.45937e-11,-1.82467e-10,-0.00410415,2.88351e-09,3.33359e-09,-0.0117179
1.75656e+09,0.00312486,-5.80364e-11,-1.69813e-10,-0.00411747,2.08179e-09,4.05807e-09,-0.00426106
1.75656e+09,0.00349872,-5.23647e-11,-1.55638e-10,-0.00413237,1.6044e-09,4.05807e-09,-0.00426106
1.75656e+09,0.00323331,-4.95006e-11,-1.42529e-10,-0.00413237,8.69034e-10,4.05807e-09,0
1.75656e+09,0.0033589,-5.05391e-11,-1.33642e-10,-0.00413237,-3.20082e-10,2.64447e-09,0
1.75656e+09,0.00352735,-5.16626e-11,-1.3232e-10,-0.00413989,-3.20082e-10,3.73446e-10,-0.00213053
1.75656e+09,0.00318167,-6.04685e-11,-1.37744e-10,-0.00412294,-2.76061e-09,-1.71611e-09,0.00532632
1.75656e+09,0.00325904,-8.21204e-11,-1.4594e-10,-0.00410211,-6.63322e-09,-2.5422e-09,0.00639159
1.75656e+09,0.00333767,-1.04306e-10,-1.57103e-10,-0.00407367,-6.63322e-09,-3.37181e-09,0.00852211
1.75656e+09,0.00336344,-1.26665e-10,-1.68986e-10,-0.00403067,-6.63322e-09,-3.56012e-09,0.0127832
1.75656e+09,0.00335344,-1.34927e-10,-1.80891e-10,-0.00398066,-2.44956e-09,-3.56012e-09,0.0149137
1.75656e+09,0.00334084,-1.43019e-10,-2.02393e-10,-0.00393084,-2.39642e-09,-6.44546e-09,0.0149137
1.75656e+09,0.00334909,-1.44953e-10,-2.30264e-10,-0.00388802,-5.44833e-10,-8.32415e-09,0.0127832
1.75656e+09,0.00328158,-1.46847e-10,-2.57573e-10,-0.00385656,-5.44833e-10,-8.32415e-09,0.00958738
1.75656e+09,0.00328774,-1.44288e-10,-2.77064e-10,-0.00383905,8.01483e-10,-5.9253e-09,0.00532632
1.75656e+09,0.00329768,-1.41599e-10,-2.96614e-10,-0.00382149,8.38041e-10,-5.9253e-09,0.00532632
1.75656e+09,0.00338395,-1.38815e-10,-3.10223e-10,-0.00381428,8.38041e-10,-4.01855e-09,0.00213053
1.75656e+09,0.00339831,-1.36119e-10,-3.17455e-10,-0.00380704,8.01483e-10,-2.12489e-09,0.00213053
1.75656e+09,0.00328812,-1.33467e-10,-3.12974e-10,-0.00383155,8.01483e-10,1.36563e-09,-0.00745685
1.75656e+09,0.0032678,-1.31708e-10,-3.0846e-10,-0.00386985,5.32885e-10,1.38356e-09,-0.0117179
1.75656e+09,0.00340306,-1.29876e-10,-3.03759e-10,-0.00392422,5.32885e-10,1.38356e-09,-0.015979
1.75656e+09,0.00323164,-1.21941e-10,-2.98658e-10,-0.00397586,2.44934e-09,1.58804e-09,-0.015979
1.75656e+09,0.0035436,-1.13238e-10,-2.92932e-10,-0.00404758,2.44934e-09,1.62546e-09,-0.02024
1.75656e+09,0.00316745,-1.13318e-10,-2.86625e-10,-0.00411169,-3.31051e-11,1.99124e-09,-0.02024
1.75656e+09,0.00360573,-1.11014e-10,-2.57413e-10,-0.00418467,6.05481e-10,8.10398e-09,-0.02024
1.75656e+09,0.00330935,-1.11012e-10,-2.30594e-10,-0.00424813,-3.31051e-11,8.10398e-09,-0.0191748
1.75656e+09,0.00317208,-1.11076e-10,-2.21005e-10,-0.00429544,-3.31051e-11,3.02282e-09,-0.0149137
1.75656e+09,0.00420179,-1.08415e-10,-1.93759e-10,-0.00434915,6.05481e-10,6.48698e-09,-0.0127832
1.75656e+09,0.00268191,-1.01408e-10,-1.76392e-10,-0.00438343,2.58435e-09,6.48698e-09,-0.0127832
1.75656e+09,0.00313696,-9.32122e-11,-1.56079e-10,-0.00442019,2.58435e-09,6.48698e-09,-0.0117179
1.75656e+09,0.00323842,-8.47502e-11,-1.35108e-10,-0.00444089,2.58435e-09,6.48698e-09,-0.00639159
1.75656e+09,0.00327542,-8.88868e-11,-1.13842e-10,-0.00445136,-1.29173e-09,6.48698e-09,-0.00319579
1.75656e+09,0.00342077,-9.32569e-11,-1.0291e-10,-0.00445136,-1.29173e-09,3.18995e-09,0
1.75656e+09,0.00338858,-9.76455e-11,-1.05468e-10,-0.00444053,-1.29173e-09,-7.60683e-10,0.00319579
1.75656e+09,0.00328906,-1.01917e-10,-1.10585e-10,-0.00443002,-1.29173e-09,-1.56128e-09,0.00319579
1.75656e+09,0.00350481,-1.06504e-10,-1.24179e-10,-0.00440762,-1.29173e-09,-3.88453e-09,0.00639159
1.75656e+09,0.00323871,-1.03777e-10,-1.39307e-10,-0.00437657,8.62679e-10,-4.66728e-09,0.00958738
1.75656e+09,0.00339729,-1.15184e-10,-1.55114e-10,-0.00433314,-3.33737e-09,-4.66728e-09,0.0127832
1.75656e+09,0.00330932,-1.26326e-10,-1.77607e-10,-0.00429083,-3.33737e-09,-6.81151e-09,0.0127832
1.75656e+09,0.00330732,-1.2357e-10,-2.00147e-10,-0.00424856,8.62679e-10,-6.81151e-09,0.0127832
1.75656e+09,0.00332516,-1.20707e-10,-2.01517e-10,-0.00420605,8.62679e-10,-4.08308e-10,0.0127832
1.75656e+09,0.00354286,-1.10791e-10,-1.95121e-10,-0.00417208,2.79119e-09,1.81691e-09,0.00958738
1.75656e+09,0.00316483,-1.01934e-10,-1.89408e-10,-0.00414848,2.79119e-09,1.81691e-09,0.00745685
1.75656e+09,0.0032364,-1.11617e-10,-1.83474e-10,-0.00413125,-2.99963e-09,1.82107e-09,0.00532632
1.75656e+09,0.00341062,-1.22359e-10,-1.77219e-10,-0.00413125,-3.15692e-09,1.82107e-09,0
1.75656e+09,0.00322349,-1.32003e-10,-1.71308e-10,-0.00413811,-2.99963e-09,1.82107e-09,-0.00213053
1.75656e+09,0.00337557,-1.42103e-10,-1.65119e-10,-0.00415969,-2.99963e-09,1.82107e-09,-0.00639159
1.75656e+09,0.0156494,-1.57196e-10,-1.21637e-10,-0.00429305,-9.75983e-10,2.77453e-09,-0.00852211
1.75656e+09,0.00102414,-1.57012e-10,-1.18714e-10,-0.0043116,1.67803e-10,2.85459e-09,-0.0181095
1.75656e+09,0.00321255,-1.54145e-10,-1.13762e-10,-0.00436978,8.85775e-10,1.54512e-09,-0.0181095
1.75656e+09,0.0034985,-1.49797e-10,-9.79915e-11,-0.00443313,1.22315e-09,4.51329e-09,-0.0181095
1.75656e+09,0.00316204,-1.39607e-10,-8.37654e-11,-0.00446682,3.20259e-09,4.51329e-09,-0.0106526
1.75656e+09,0.00354628,-1.23348e-10,-6.38725e-11,-0.00450082,4.55952e-09,5.62993e-09,-0.00958738
1.75656e+09,0.00344291,-9.86377e-11,-5.35098e-11,-0.00452649,7.16365e-09,3.04215e-09,-0.00745685
1.75656e+09,0.00337003,-7.44007e-11,-3.2505e-11,-0.00454085,7.16365e-09,6.26532e-09,-0.00426106
1.75656e+09,0.00310956,-6.01798e-11,-2.31097e-11,-0.00454085,4.55952e-09,3.04215e-09,0
1.75656e+09,0.00338739,-5.04501e-11,-8.69311e-12,-0.00454085,2.85297e-09,4.26897e-09,0
1.75656e+09,0.00314092,-4.2344e-11,8.25328e-13,-0.00452412,2.56705e-09,3.04215e-09,0.00532632
1.75656e+09,0.00340943,-4.09622e-11,7.41286e-12,-0.00449143,3.96527e-10,1.93396e-09,0.00958738
1.75656e+09,0.00344806,-4.74503e-11,1.28745e-11,-0.0044547,-1.88876e-09,1.57551e-09,0.0106526
1.75656e+09,0.00324602,-5.51179e-11,1.39524e-11,-0.00442012,-2.36361e-09,3.21524e-10,0.0106526
1.75656e+09,0.00326588,-6.34031e-11,7.05071e-12,-0.00438533,-2.52752e-09,-2.12445e-09,0.0106526
1.75656e+09,0.00336493,-7.30267e-11,-2.41576e-11,-0.00434949,-2.81927e-09,-9.28701e-09,0.0106526
1.75656e+09,0.00335113,-8.26196e-11,-5.75134e-11,-0.00433164,-2.81927e-09,-9.96598e-09,0.00532632
1.75656e+09,0.00385209,-9.36509e-11,-9.70164e-11,-0.00431112,-2.81927e-09,-1.02673e-08,0.00532632
1.75656e+09,0.00302742,-1.04195e-10,-1.28055e-10,-0.00430467,-3.43878e-09,-1.02673e-08,0.00213053
1.75656e+09,0.00322566,-1.15448e-10,-1.65334e-10,-0.0042978,-3.43878e-09,-1.15721e-08,0.00213053
1.75656e+09,0.00318758,-1.26568e-10,-2.02173e-10,-0.00430459,-3.43878e-09,-1.15721e-08,-0.00213053
1.75656e+09,0.00332288,-1.39569e-10,-2.48377e-10,-0.00431875,-3.85263e-09,-1.39214e-08,-0.00426106
1.75656e+09,0.0032734,-1.52321e-10,-2.80905e-10,-0.00433618,-3.85263e-09,-9.95401e-09,-0.00532632
1.75656e+09,0.00337299,-1.65461e-10,-3.14424e-10,-0.00435415,-3.85263e-09,-9.95401e-09,-0.00532632
1.75656e+09,0.00347021,-1.70272e-10,-3.44326e-10,-0.00438003,-1.34868e-09,-8.6228e-09,-0.00745685
1.75656e+09,0.00324341,-1.7476e-10,-3.70417e-10,-0.00441112,-1.34868e-09,-8.05022e-09,-0.00958738
1.75656e+09,0.00345271,-1.79474e-10,-3.83301e-10,-0.00446262,-1.34868e-09,-3.73769e-09,-0.0149137
1.75656e+09,0.00341418,-1.77326e-10,-3.96072e-10,-0.00450262,6.45706e-10,-3.73769e-09,-0.0117179
1.75656e+09,0.00307566,-1.75374e-10,-4.03526e-10,-0.00453866,6.45706e-10,-2.42055e-09,-0.0117179
1.75656e+09,0.00347946,-1.73107e-10,-3.9901e-10,-0.00457943,6.45706e-10,1.30059e-09,-0.0117179
1.75656e+09,0.00353548,-1.61609e-10,-3.94465e-10,-0.00461333,3.24605e-09,1.30059e-09,-0.00958738
1.75656e+09,0.00298497,-1.51902e-10,-3.90627e-10,-0.00464195,3.24605e-09,1.30059e-09,-0.00958738
1.75656e+09,0.00352283,-1.40356e-10,-3.66815e-10,-0.00467197,3.24605e-09,6.7745e-09,-0.00852211
1.75656e+09,0.00342414,-1.35088e-10,-3.32118e-10,-0.00470115,1.49106e-09,1.01402e-08,-0.00852211
1.75656e+09,0.00311249,-1.31762e-10,-3.11048e-10,-0.00472768,1.03675e-09,6.7745e-09,-0.00852211
1.75656e+09,0.00346403,-1.2806e-10,-2.87598e-10,-0.00474244,1.03675e-09,6.7745e-09,-0.00426106
1.75656e+09,0.00342362,-1.22845e-10,-2.64429e-10,-0.00473514,1.49106e-09,6.7745e-09,0.00213053
1.75656e+09,0.00348456,-1.17548e-10,-2.42951e-10,-0.0047203,1.49106e-09,6.17095e-09,0.00426106
1.75656e+09,0.0153286,-1.19506e-10,-1.62791e-10,-0.00463865,-1.52389e-10,5.22875e-09,0.00532632
1.75656e+09,0.000886539,-1.19619e-10,-1.58155e-10,-0.00462826,-1.52389e-10,5.22875e-09,0.0117179
1.75656e+09,0.00335318,-1.20049e-10,-1.4062e-10,-0.00458897,-1.52389e-10,5.22875e-09,0.0117179
1.75656e+09,0.00334305,-1.3589e-10,-1.5347e-10,-0.0045498,-4.72084e-09,-3.86549e-09,0.0117179
1.75656e+09,0.00328912,-1.51455e-10,-1.61613e-10,-0.00451476,-4.72084e-09,-2.49707e-09,0.0106526
1.75656e+09,0.0033499,-1.6734e-10,-1.77198e-10,-0.00450405,-4.72084e-09,-4.67392e-09,0.00319579
1.75656e+09,0.00340061,-1.83465e-10,-1.9302e-10,-0.00449681,-4.72084e-09,-4.67392e-09,0.00213053
1.75656e+09,0.00348111,-1.79324e-10,-2.01731e-10,-0.00448939,1.20072e-09,-2.49707e-09,0.00213053
1.75656e+09,0.00348388,-1.72455e-10,-2.0315e-10,-0.00451537,1.97352e-09,-3.9826e-10,-0.00745685
1.75656e+09,0.00295508,-1.66622e-10,-2.03039e-10,-0.00454685,1.97352e-09,4.62821e-11,-0.0106526
1.75656e+09,0.00349015,-1.62423e-10,-2.01054e-10,-0.00459146,1.20072e-09,5.74365e-10,-0.0127832
1.75656e+09,0.00332104,-1.55844e-10,-1.95695e-10,-0.00463746,1.97352e-09,1.62252e-09,-0.0138484
1.75656e+09,0.00324374,-1.51336e-10,-1.90453e-10,-0.00468583,1.38203e-09,1.62252e-09,-0.0149137
1.75656e+09,0.0035763,-1.46373e-10,-1.85918e-10,-0.00474679,1.38203e-09,1.27449e-09,-0.0170442
1.75656e+09,0.00321741,-1.41481e-10,-1.78134e-10,-0.00479477,1.50885e-09,2.42667e-09,-0.0149137
1.75656e+09,0.00327215,-1.36494e-10,-1.67697e-10,-0.00484357,1.50885e-09,3.19693e-09,-0.0149137
1.75656e+09,0.003838,-1.30644e-10,-1.55651e-10,-0.00490081,1.50885e-09,3.14585e-09,-0.0149137
1.75656e+09,0.0028141,-1.26355e-10,-1.4682e-10,-0.00494278,1.50885e-09,3.14585e-09,-0.0149137
1.75656e+09,0.00324777,-1.21377e-10,-1.31133e-10,-0.00498775,1.50885e-09,4.83733e-09,-0.0138484
1.75656e+09,0.00382577,-1.21212e-10,-1.12628e-10,-0.00503666,1.89392e-11,4.83733e-09,-0.0127832
1.75656e+09,0.00285321,-1.14178e-10,-9.03317e-11,-0.00506401,2.4261e-09,7.82661e-09,-0.00958738
1.75656e+09,0.00335392,-1.13981e-10,-6.40825e-11,-0.00508545,1.89392e-11,7.82661e-09,-0.00639159
1.75656e+09,0.00319665,-1.13793e-10,-3.90642e-11,-0.00509567,1.89392e-11,7.82661e-09,-0.00319579
1.75656e+09,0.00352631,-1.13621e-10,-1.8231e-11,-0.00506562,1.89392e-11,5.90811e-09,0.00852211
1.75656e+09,0.00324656,-1.0567e-10,-3.64573e-12,-0.00503103,2.4261e-09,4.50488e-09,0.0106526
1.75656e+09,0.0035468,-1.05495e-10,4.2872e-12,-0.00496302,3.81981e-11,2.23687e-09,0.0191748
1.75656e+09,0.00391344,-1.05258e-10,2.19158e-11,-0.00488798,3.81981e-11,4.50488e-09,0.0191748
1.75656e+09,0.00268844,-9.86631e-11,2.7755e-11,-0.00483643,2.4423e-09,2.18393e-09,0.0191748
1.75656e+09,0.00338252,-9.03722e-11,3.38848e-11,-0.00477157,2.4423e-09,1.82403e-09,0.0191748
1.75656e+09,0.00317777,-9.02232e-11,3.96805e-11,-0.00471741,3.81981e-11,1.82403e-09,0.0170442
1.75656e+09,0.00331956,-9.12465e-11,5.14758e-11,-0.00468205,-3.25032e-10,3.55177e-09,0.0106526
1.75656e+09,0.00346233,-8.8663e-11,5.77791e-11,-0.00465254,7.37625e-10,1.82403e-09,0.00852211
1.75656e+09,0.00337432,-8.61455e-11,6.39223e-11,-0.00463457,7.37625e-10,1.82403e-09,0.00532632
1.75656e+09,0.00341417,-8.36155e-11,6.64259e-11,-0.00463457,7.37625e-10,7.36722e-10,0
1.75656e+09,0.00320158,-7.27605e-11,6.69423e-11,-0.00465162,3.38971e-09,1.77005e-10,-0.00532632
1.75656e+09,0.00329737,-6.11959e-11,6.47865e-11,-0.00467972,3.51024e-09,-6.37481e-10,-0.00852211
1.75656e+09,0.00323343,-4.98651e-11,6.06324e-11,-0.00473483,3.51024e-09,-1.26832e-09,-0.0170442
1.75656e+09,0.00335216,-3.7869e-11,4.71269e-11,-0.00479197,3.59766e-09,-4.01191e-09,-0.0170442
1.75656e+09,0.00356309,-2.51188e-11,3.27708e-11,-0.0048527,3.59766e-09,-4.01191e-09,-0.0170442
1.75656e+09,0.00329881,-7.09627e-12,1.94487e-11,-0.00490893,5.48289e-09,-4.01191e-09,-0.0170442
1.75656e+09,0.00622432,1.10691e-11,3.03604e-12,-0.00502164,2.93136e-09,-2.62251e-09,-0.0181095
1.75656e+09,0.00708029,3.17304e-11,-1.5636e-11,-0.00514986,2.93136e-09,-2.62251e-09,-0.0181095
1.75656e+09,0.00313737,3.39085e-11,-2.38751e-11,-0.00520668,7.0774e-10,-2.62251e-09,-0.0181095
1.75656e+09,0.00335805,2.88094e-11,-3.26552e-11,-0.00526749,-1.50484e-09,-2.62251e-09,-0.0181095
1.75656e+09,0.00319315,1.57443e-11,-4.80515e-11,-0.00530151,-4.06613e-09,-4.84315e-09,-0.0106526
1.75656e+09,0.00350822,1.38958e-12,-6.49665e-11,-0.00533514,-4.06613e-09,-4.84315e-09,-0.00958738
1.75656e+09,0.00322957,-2.2191e-11,-7.43368e-11,-0.00535923,-7.28587e-09,-2.94034e-09,-0.00745685
1.75656e+09,0.00403796,-3.86549e-11,-8.27003e-11,-0.00533772,-4.06613e-09,-2.09303e-09,0.00532632
1.75656e+09,0.00277238,-4.99711e-11,-9.07917e-11,-0.00531409,-4.06613e-09,-2.94034e-09,0.00852211
1.75656e+09,0.00316699,-5.5911e-11,-1.00072e-10,-0.0052871,-1.85996e-09,-2.94034e-09,0.00852211
1.75656e+09,0.00349602,-7.38342e-11,-1.20998e-10,-0.00525731,-5.09502e-09,-6.01254e-09,0.00852211
1.75656e+09,0.00351231,-7.58192e-11,-1.42106e-10,-0.00521615,-5.33569e-10,-6.01254e-09,0.0117179
1.75656e+09,0.00314019,-8.25812e-11,-1.64406e-10,-0.00516598,-2.1163e-09,-7.11276e-09,0.015979
1.75656e+09,0.0034368,-8.99612e-11,-1.85032e-10,-0.00511106,-2.1163e-09,-6.01254e-09,0.015979
1.75656e+09,0.00383282,-1.09607e-10,-2.07977e-10,-0.00506615,-5.09502e-09,-6.01254e-09,0.0117179
1.75656e+09,0.00281016,-1.16124e-10,-2.26267e-10,-0.00503322,-2.2861e-09,-6.52036e-09,0.0117179
1.75656e+09,0.00337377,-1.23947e-10,-2.48227e-10,-0.00501525,-2.2861e-09,-6.52036e-09,0.00532632
1.75656e+09,0.00323386,-1.31446e-10,-2.69275e-10,-0.00499802,-2.2861e-09,-6.52036e-09,0.00532632
1.75656e+09,0.00336507,-1.39335e-10,-3.08563e-10,-0.00498727,-2.2861e-09,-1.16866e-08,0.00319579
1.75656e+09,0.00397836,-1.48662e-10,-3.5501e-10,-0.00500422,-2.2861e-09,-1.16866e-08,-0.00426106
1.75656e+09,0.00557616,-1.51821e-10,-4.20162e-10,-0.00503392,-5.08019e-10,-1.16866e-08,-0.00532632
1.75656e+09,0.000286684,-1.51985e-10,-4.23826e-10,-0.00503606,-5.08019e-10,-1.27833e-08,-0.00745685
1.75656e+09,0.00342281,-1.53944e-10,-4.67571e-10,-0.00508711,-5.08019e-10,-1.27833e-08,-0.0149137
1.75656e+09,0.00341874,-1.55894e-10,-5.09497e-10,-0.00513809,-5.08019e-10,-1.22664e-08,-0.0149137
1.75656e+09,0.0032417,-1.57745e-10,-5.49253e-10,-0.00518644,-5.08019e-10,-1.22664e-08,-0.0149137
1.75656e+09,0.00325654,-1.57786e-10,-5.87368e-10,-0.005235,4.8159e-11,-1.17042e-08,-0.0149137
1.75656e+09,0.00337102,-1.57804e-10,-6.21802e-10,-0.00528528,4.8159e-11,-1.02145e-08,-0.0149137
1.75656e+09,0.00328345,-1.63429e-10,-6.52233e-10,-0.00532725,-1.66414e-09,-9.27685e-09,-0.0127832
1.75656e+09,0.00352037,-1.69479e-10,-6.8816e-10,-0.00537975,-1.66414e-09,-1.02145e-08,-0.0149137
1.75656e+09,0.00357655,-1.71005e-10,-7.21331e-10,-0.00543309,-3.76702e-10,-9.27685e-09,-0.0149137
1.75656e+09,0.00298884,-1.75852e-10,-7.46233e-10,-0.00547448,-1.57637e-09,-8.3403e-09,-0.0138484
1.75656e+09,0.00323531,-1.81096e-10,-7.72503e-10,-0.00549516,-1.57637e-09,-8.12843e-09,-0.00639159
1.75656e+09,0.00340244,-1.86578e-10,-7.94108e-10,-0.00551691,-1.57637e-09,-6.35858e-09,-0.00639159
1.75656e+09,0.00328739,-1.9187e-10,-8.13945e-10,-0.00553792,-1.57637e-09,-6.04319e-09,-0.00639159
1.75656e+09,0.00325835,-2.06178e-10,-8.33557e-10,-0.00553098,-4.35802e-09,-6.04319e-09,0.00213053
1.75656e+09,0.00350526,-2.21571e-10,-8.54655e-10,-0.00549364,-4.35802e-09,-6.04319e-09,0.0106526
1.75656e+09,0.00320469,-2.32751e-10,-8.75116e-10,-0.00544926,-3.45338e-09,-6.40386e-09,0.0138484
1.75656e+09,0.00374223,-2.45951e-10,-9.25795e-10,-0.00539345,-3.45338e-09,-1.35613e-08,0.0149137
1.75656e+09,0.0030745,-2.59593e-10,-9.70939e-10,-0.0053476,-4.35802e-09,-1.47073e-08,0.0149137
1.75656e+09,0.00322012,-2.99643e-10,-1.01875e-09,-0.005303,-1.23577e-08,-1.49134e-08,0.0138484
1.75656e+09,0.0102602,-4.27246e-10,-1.17109e-09,-0.00513905,-1.23577e-08,-1.49134e-08,0.015979
1.75656e+09,0.000244299,-4.30283e-10,-1.17472e-09,-0.00513515,-1.23577e-08,-1.49134e-08,0.015979
1.75656e+09,0.00325588,-4.6068e-10,-1.21799e-09,-0.00508313,-9.26763e-09,-1.33381e-08,0.015979
1.75656e+09,0.00277882,-4.7979e-10,-1.24709e-09,-0.00503872,-6.82346e-09,-1.05079e-08,0.015979
1.75656e+09,0.00337256,-5.0298e-10,-1.28241e-09,-0.00498483,-6.82346e-09,-1.05079e-08,0.015979
1.75656e+09,0.00334141,-5.19195e-10,-1.31745e-09,-0.00494568,-4.80021e-09,-1.05079e-08,0.0117179
1.75656e+09,0.00344683,-5.33911e-10,-1.35593e-09,-0.00497138,-4.21439e-09,-1.11863e-08,-0.00745685
1.75656e+09,0.00336026,-5.46511e-10,-1.39057e-09,-0.00499644,-3.69833e-09,-1.03277e-08,-0.00745685
1.75656e+09,0.00328214,-5.58747e-10,-1.40998e-09,-0.00502441,-3.69833e-09,-5.93253e-09,-0.00852211
1.75656e+09,0.0036513,-5.72181e-10,-1.43158e-09,-0.00507497,-3.64968e-09,-5.93253e-09,-0.0138484
1.75656e+09,0.003112,-5.83648e-10,-1.45299e-09,-0.00512138,-3.64968e-09,-6.9004e-09,-0.0149137
1.75656e+09,0.00328354,-5.92433e-10,-1.47561e-09,-0.00517385,-2.64028e-09,-6.9004e-09,-0.015979
1.75656e+09,0.00334186,-6.01376e-10,-1.49862e-09,-0.00524149,-2.64028e-09,-6.9004e-09,-0.02024
1.75656e+09,0.00328239,-6.03696e-10,-1.52126e-09,-0.00530793,-6.70736e-10,-6.9004e-09,-0.02024
1.75656e+09,0.00337878,-5.96272e-10,-1.50584e-09,-0.00536552,2.17305e-09,4.57418e-09,-0.0170442
1.75656e+09,0.00333116,-5.86273e-10,-1.48897e-09,-0.00542229,2.97458e-09,5.07941e-09,-0.0170442
1.75656e+09,0.00365063,-5.75305e-10,-1.46893e-09,-0.00546896,2.97458e-09,5.50792e-09,-0.0127832
1.75656e+09,0.00296716,-5.65003e-10,-1.45264e-09,-0.00550373,3.44183e-09,5.50792e-09,-0.0117179
1.75656e+09,0.00347139,-5.52701e-10,-1.42393e-09,-0.00553331,3.4983e-09,8.29056e-09,-0.00852211
1.75656e+09,0.00325192,-5.40952e-10,-1.39703e-09,-0.0055541,3.5671e-09,8.29056e-09,-0.00639159
1.75656e+09,0.00343012,-5.28559e-10,-1.36866e-09,-0.00555775,3.5671e-09,8.29056e-09,-0.00106526
1.75656e+09,0.00362399,-5.15469e-10,-1.33951e-09,-0.00555775,3.5671e-09,8.0649e-09,0
1.75656e+09,0.00303962,-5.13624e-10,-1.31795e-09,-0.00555775,5.67665e-10,7.0944e-09,0
1.75656e+09,0.00316922,-5.117e-10,-1.29548e-09,-0.00554762,5.67665e-10,7.0944e-09,0.00319579
1.75656e+09,0.00339035,-5.18412e-10,-1.27139e-09,-0.00551873,-2.01907e-09,7.0944e-09,0.00852211
1.75656e+09,0.00319638,-5.2474e-10,-1.24868e-09,-0.0054949,-2.01907e-09,7.0944e-09,0.00745685
1.75656e+09,0.00355903,-5.43804e-10,-1.26197e-09,-0.00546456,-5.33582e-09,-3.76521e-09,0.00852211
1.75656e+09,0.00330913,-5.6676e-10,-1.28247e-09,-0.00542579,-6.90318e-09,-6.23188e-09,0.0117179
1.75656e+09,0.00326437,-5.89444e-10,-1.30997e-09,-0.00538754,-6.90318e-09,-8.46156e-09,0.0117179
1.75656e+09,0.00335288,-6.12742e-10,-1.33822e-09,-0.00536254,-6.90318e-09,-8.46156e-09,0.00745685
1.75656e+09,0.00331648,-6.30656e-10,-1.37888e-09,-0.00536607,-5.33582e-09,-1.22887e-08,-0.00106526
1.75656e+09,0.00326768,-6.5433e-10,-1.4189e-09,-0.00537999,-7.17886e-09,-1.22887e-08,-0.00426106
1.75656e+09,0.00350013,-6.65932e-10,-1.44645e-09,-0.00539491,-3.2723e-09,-7.88652e-09,-0.00426106
1.75656e+09,0.00335176,-6.84383e-10,-1.47278e-09,-0.00540919,-5.46242e-09,-7.88652e-09,-0.00426106
1.75656e+09,0.00315254,-6.94833e-10,-1.49759e-09,-0.00542598,-3.2723e-09,-7.88652e-09,-0.00532632
1.75656e+09,0.00367475,-6.91404e-10,-1.50981e-09,-0.00544947,9.51146e-10,-3.32137e-09,-0.00639159
1.75656e+09,0.00302587,-6.88584e-10,-1.52041e-09,-0.0054817,9.51146e-10,-3.49648e-09,-0.0106526
1.75656e+09,0.00344863,-6.85356e-10,-1.53003e-09,-0.00551844,9.51146e-10,-2.78397e-09,-0.0106526
1.75656e+09,0.00324123,-6.72776e-10,-1.53131e-09,-0.00555642,3.88347e-09,-3.7444e-10,-0.0117179
1.75656e+09,0.00339785,-6.59588e-10,-1.53265e-09,-0.00559623,3.88347e-09,-3.7444e-10,-0.0117179
1.75656e+09,0.00341406,-6.46239e-10,-1.51663e-09,-0.00563624,3.88347e-09,4.71467e-09,-0.0117179
1.75656e+09,0.00351319,-6.27409e-10,-1.50017e-09,-0.00567741,5.33352e-09,4.71467e-09,-0.0117179
1.75656e+09,0.00329919,-6.05091e-10,-1.48282e-09,-0.00571607,6.73477e-09,5.29797e-09,-0.0117179
1.75656e+09,0.00323993,-5.83131e-10,-1.45844e-09,-0.00574368,6.73477e-09,7.56285e-09,-0.00852211
1.75656e+09,0.00324621,-5.61128e-10,-1.43402e-09,-0.00576788,6.73477e-09,7.56285e-09,-0.00745685
1.75656e+09,0.00325387,-5.38708e-10,-1.40954e-09,-0.00579215,6.84652e-09,7.56285e-09,-0.00745685
1.75656e+09,0.00349603,-5.27836e-10,-1.38316e-09,-0.00580332,3.0662e-09,7.56285e-09,-0.00319579
1.75656e+09,0.00314192,-5.2202e-10,-1.35268e-09,-0.00581336,1.79471e-09,9.71253e-09,-0.00319579
1.75656e+09,0.00332985,-5.13166e-10,-1.32302e-09,-0.00579917,2.60725e-09,8.92248e-09,0.00426106
1.75656e+09,0.00328107,-5.04441e-10,-1.29379e-09,-0.00578519,2.60725e-09,8.92248e-09,0.00426106
1.75656e+09,0.00363937,-4.97884e-10,-1.28939e-09,-0.0057503,1.79471e-09,1.22084e-09,0.00958738
1.75656e+09,0.00303715,-5.00685e-10,-1.26689e-09,-0.00571795,-9.64691e-10,7.40305e-09,0.0106526
1.75656e+09,0.00351672,-5.13631e-10,-1.2651e-09,-0.00567299,-3.68414e-09,4.88294e-10,0.0127832
1.75656e+09,0.00321926,-5.26132e-10,-1.27537e-09,-0.00563184,-3.86502e-09,-3.21417e-09,0.0127832
1.75656e+09,0.00326746,-5.3882e-10,-1.28586e-09,-0.00559703,-3.86502e-09,-3.23012e-09,0.0106526
1.75656e+09,0.00360057,-5.50723e-10,-1.30021e-09,-0.00555868,-3.28365e-09,-4.0035e-09,0.0106526
1.75656e+09,0.00346671,-5.64257e-10,-1.32445e-09,-0.00552175,-3.86502e-09,-7.01427e-09,0.0106526
1.75656e+09,0.0032569,-5.75024e-10,-1.33743e-09,-0.00548705,-3.28365e-09,-4.0035e-09,0.0106526
1.75656e+09,0.0031513,-5.8544e-10,-1.34999e-09,-0.00545348,-3.28365e-09,-4.0035e-09,0.0106526
1.75656e+09,0.00345299,-5.96846e-10,-1.3622e-09,-0.00543509,-3.28365e-09,-3.55439e-09,0.00532632
1.75656e+09,0.00308102,-5.98908e-10,-1.3693e-09,-0.00546463,-6.5669e-10,-2.30775e-09,-0.00958738
1.75656e+09,0.00340257,-5.99875e-10,-1.37647e-09,-0.00549725,-2.72856e-10,-2.11034e-09,-0.00958738
1.75656e+09,0.00353968,-5.94532e-10,-1.38467e-09,-0.00553873,1.52215e-09,-2.30775e-09,-0.0117179
1.75656e+09,0.00340572,-5.89322e-10,-1.37987e-09,-0.00557864,1.52215e-09,1.41714e-09,-0.0117179
1.75656e+09,0.00319242,-5.76095e-10,-1.37354e-09,-0.00562965,4.13196e-09,2.00541e-09,-0.015979
1.75656e+09,0.00327382,-5.62542e-10,-1.36898e-09,-0.00568545,4.13196e-09,1.41714e-09,-0.0170442
1.75656e+09,0.00306304,-5.57869e-10,-1.36719e-09,-0.00575397,1.52215e-09,5.94479e-10,-0.0223706
1.75656e+09,0.00330066,-5.61018e-10,-1.36521e-09,-0.00582781,-9.57378e-10,5.94479e-10,-0.0223706
1.75656e+09,0.00345697,-5.64383e-10,-1.37482e-09,-0.00590514,-9.57378e-10,-2.78691e-09,-0.0223706
1.75656e+09,0.00343975,-5.7373e-10,-1.40207e-09,-0.00596377,-2.67024e-09,-7.93792e-09,-0.0170442
1.75656e+09,0.00317285,-5.82364e-10,-1.42923e-09,-0.00601447,-2.67024e-09,-8.57722e-09,-0.015979
1.75656e+09,0.00358545,-5.92162e-10,-1.46646e-09,-0.00604884,-2.67024e-09,-1.03986e-08,-0.00958738
1.75656e+09,0.00326366,-6.01046e-10,-1.4944e-09,-0.00608013,-2.67024e-09,-8.57722e-09,-0.00958738
1.75656e+09,0.00329254,-6.07296e-10,-1.5226e-09,-0.00610819,-1.84616e-09,-8.57722e-09,-0.00852211
1.75656e+09,0.00362682,-6.12366e-10,-1.53714e-09,-0.00611206,-1.37328e-09,-4.01687e-09,-0.00106526
1.75656e+09,0.00306059,-6.1655e-10,-1.54941e-09,-0.00611532,-1.34277e-09,-4.01687e-09,-0.00106526
1.75656e+09,0.00318014,-6.20996e-10,-1.56216e-09,-0.0060916,-1.37328e-09,-4.01687e-09,0.00745685
1.75656e+09,0.00339913,-6.25765e-10,-1.57874e-09,-0.00605901,-1.37328e-09,-4.88613e-09,0.00958738
1.75656e+09,0.00365982,-6.37376e-10,-1.62651e-09,-0.00602393,-3.09337e-09,-1.30737e-08,0.00958738
1.75656e+09,0.00320472,-6.56088e-10,-1.6683e-09,-0.0059932,-5.7602e-09,-1.30737e-08,0.00958738
1.75656e+09,0.0033168,-6.79279e-10,-1.71152e-09,-0.00595433,-6.91387e-09,-1.30737e-08,0.0117179
1.75656e+09,0.00346388,-7.0353e-10,-1.76227e-09,-0.00592113,-6.91387e-09,-1.46903e-08,0.00958738
1.75656e+09,0.00307876,-7.25132e-10,-1.81554e-09,-0.00588505,-6.91387e-09,-1.73435e-08,0.0117179
1.75656e+09,0.00357352,-7.50203e-10,-1.87737e-09,-0.00584317,-6.91387e-09,-1.73435e-08,0.0117179
1.75656e+09,0.00317658,-7.66724e-10,-1.93236e-09,-0.00580595,-5.09943e-09,-1.73435e-08,0.0117179
1.75656e+09,0.00320547,-7.81975e-10,-1.98787e-09,-0.00578546,-4.65728e-09,-1.73435e-08,0.00639159
1.75656e+09,0.00341334,-7.98847e-10,-2.03309e-09,-0.00577456,-4.86618e-09,-1.32756e-08,0.00319579
1.75656e+09,0.00327146,-8.14973e-10,-2.06874e-09,-0.00576759,-4.86618e-09,-1.09263e-08,0.00213053
1.75656e+09,0.00325309,-8.23661e-10,-2.10423e-09,-0.00576065,-2.60777e-09,-1.09263e-08,0.00213053
1.75656e+09,0.00339814,-8.32735e-10,-2.14116e-09,-0.00577875,-2.60777e-09,-1.08824e-08,-0.00532632
1.75656e+09,0.00336268,-8.41995e-10,-2.1777e-09,-0.00581816,-2.69099e-09,-1.08824e-08,-0.0117179
1.75656e+09,0.00317348,-8.50688e-10,-2.20388e-09,-0.00585873,-2.69099e-09,-8.26392e-09,-0.0127832
1.75656e+09,0.00361288,-8.62101e-10,-2.23262e-09,-0.00590876,-3.11246e-09,-7.97455e-09,-0.0138484
1.75656e+09,0.00327015,-8.72365e-10,-2.24706e-09,-0.00596449,-3.11246e-09,-4.43328e-09,-0.0170442
1.75656e+09,0.00320571,-8.82388e-10,-2.25466e-09,-0.00601913,-3.11246e-09,-2.39028e-09,-0.0170442
1.75656e+09,0.00368414,-8.78988e-10,-2.26283e-09,-0.00608193,9.36272e-10,-2.21102e-09,-0.0170442
1.75656e+09,0.00303851,-8.67752e-10,-2.27016e-09,-0.00613372,3.71254e-09,-2.39028e-09,-0.0170442
1.75656e+09,0.00321761,-8.55748e-10,-2.26063e-09,-0.00617485,3.71254e-09,2.98552e-09,-0.0127832
1.75656e+09,0.00354793,-8.41166e-10,-2.24869e-09,-0.0062202,4.08907e-09,3.38927e-09,-0.0127832
1.75656e+09,0.00321279,-8.2547e-10,-2.21999e-09,-0.00623389,4.82963e-09,8.96558e-09,-0.00426106
1.75656e+09,0.00341007,-8.08165e-10,-2.17827e-09,-0.00624479,4.99832e-09,1.22649e-08,-0.00319579
1.75656e+09,0.00333039,-7.9125e-10,-2.13533e-09,-0.00625188,4.99832e-09,1.29237e-08,-0.00213053
1.75656e+09,0.00336055,-7.72791e-10,-2.09202e-09,-0.00625904,5.41222e-09,1.29237e-08,-0.00213053
1.75656e+09,0.00322865,-7.5507e-10,-2.05253e-09,-0.00624529,5.41222e-09,1.22649e-08,0.00426106
1.75656e+09,0.00340864,-7.36347e-10,-2.00859e-09,-0.00619082,5.41222e-09,1.29237e-08,0.015979
1.75656e+09,0.00335347,-7.17945e-10,-1.96798e-09,-0.00613366,5.41222e-09,1.21428e-08,0.0170442
1.75656e+09,0.00342257,-6.99167e-10,-1.92654e-09,-0.00607533,5.41222e-09,1.21428e-08,0.0170442
1.75656e+09,0.00313496,-6.75399e-10,-1.88572e-09,-0.00602189,7.50232e-09,1.30677e-08,0.0170442
1.75656e+09,0.00331961,-6.50233e-10,-1.84249e-09,-0.00597239,7.50232e-09,1.30677e-08,0.0149137
1.75656e+09,0.00344495,-6.53453e-10,-1.80301e-09,-0.00595771,-1.00308e-09,1.14537e-08,0.00426106
1.75656e+09,0.00326885,-6.56561e-10,-1.77422e-09,-0.00595074,-1.00308e-09,8.80036e-09,0.00213053
1.75656e+09,0.0034281,-6.60691e-10,-1.76509e-09,-0.00594709,-1.22069e-09,2.65811e-09,0.00106526
1.75656e+09,0.00349267,-6.67787e-10,-1.75665e-09,-0.00595453,-2.04588e-09,2.40325e-09,-0.00213053
1.75656e+09,0.00320246,-6.71687e-10,-1.75513e-09,-0.00596818,-1.22069e-09,4.68568e-10,-0.00426106
1.75656e+09,0.0032063,-6.75592e-10,-1.7536e-09,-0.0059955,-1.22069e-09,4.68568e-10,-0.00852211
1.75656e+09,0.00323695,-6.79534e-10,-1.75206e-09,-0.00602309,-1.22069e-09,4.68568e-10,-0.00852211
1.75656e+09,0.00336107,-6.82914e-10,-1.74443e-09,-0.00605173,-1.0195e-09,2.2645e-09,-0.00852211
1.75656e+09,0.00353453,-6.68632e-10,-1.73651e-09,-0.00610445,4.02726e-09,2.2645e-09,-0.0149137
1.75656e+09,0.00325245,-6.51511e-10,-1.72689e-09,-0.00615642,5.24581e-09,2.99134e-09,-0.015979
1.75656e+09,0.00354197,-6.29367e-10,-1.69374e-09,-0.00621301,6.19419e-09,9.39661e-09,-0.015979
1.75656e+09,0.00307624,-6.10013e-10,-1.64572e-09,-0.006272,6.19419e-09,1.56472e-08,-0.0191748
1.75656e+09,0.00335297,-5.75524e-10,-1.58464e-09,-0.00633629,1.01718e-08,1.82819e-08,-0.0191748
1.75656e+09,0.00339977,-5.40549e-10,-1.52271e-09,-0.0064051,1.01718e-08,1.82819e-08,-0.02024
1.75656e+09,0.00332609,-5.06279e-10,-1.45446e-09,-0.00647242,1.01718e-08,2.05847e-08,-0.02024
1.75656e+09,0.00323994,-4.7193e-10,-1.37842e-09,-0.00653455,1.04496e-08,2.35366e-08,-0.0191748
1.75656e+09,0.00346606,-4.35088e-10,-1.28323e-09,-0.00654563,1.04496e-08,2.7533e-08,-0.00319579
1.75656e+09,0.00325676,-3.932e-10,-1.19383e-09,-0.00655603,1.26819e-08,2.7533e-08,-0.00319579
1.75656e+09,0.0035129,-3.48017e-10,-1.09741e-09,-0.00656726,1.26819e-08,2.7533e-08,-0.00319579
1.75656e+09,0.00329185,-3.21291e-10,-1.00695e-09,-0.00658479,7.93809e-09,2.7533e-08,-0.00532632
1.75656e+09,0.00314961,-2.96318e-10,-9.38562e-10,-0.00660157,7.78565e-09,2.17639e-08,-0.00532632
1.75656e+09,0.00327127,-2.69885e-10,-8.68155e-10,-0.00661899,7.93809e-09,2.15756e-08,-0.00532632
1.75656e+09,0.00365305,-2.45295e-10,-7.90024e-10,-0.00658397,6.58987e-09,2.14319e-08,0.00958738
1.75656e+09,0.003077,-2.28474e-10,-7.41505e-10,-0.00654464,5.36261e-09,1.58041e-08,0.0127832
1.75656e+09,0.00323185,-2.18035e-10,-6.9766e-10,-0.00649644,3.14116e-09,1.35872e-08,0.0149137
1.75656e+09,0.00362726,-2.06353e-10,-6.53384e-10,-0.00642689,3.14116e-09,1.22272e-08,0.0191748
1.75656e+09,0.00313316,-1.96315e-10,-6.2284e-10,-0.00638016,3.14116e-09,9.76922e-09,0.0149137
1.75656e+09,0.00332394,-1.85679e-10,-5.92263e-10,-0.00632705,3.14116e-09,9.21908e-09,0.015979
1.75656e+09,0.00353175,-1.69611e-10,-5.73743e-10,-0.00627061,4.51642e-09,5.27265e-09,0.015979
1.75656e+09,0.00319634,-1.55074e-10,-5.57737e-10,-0.00622635,4.51642e-09,5.03608e-09,0.0138484
1.75656e+09,0.00331729,-1.45728e-10,-5.41174e-10,-0.00619454,2.78615e-09,5.01039e-09,0.00958738
1.75656e+09,0.00325273,-1.42679e-10,-5.30571e-10,-0.00619108,9.17197e-10,3.26535e-09,0.00106526
1.75656e+09,0.00339965,-1.39503e-10,-5.21276e-10,-0.00619108,9.17197e-10,2.73971e-09,0
1.75656e+09,0.00327079,-1.36492e-10,-5.19398e-10,-0.00620501,9.17197e-10,5.79915e-10,-0.00426106
1.75656e+09,0.0035124,-1.39976e-10,-5.24974e-10,-0.00624243,-9.82265e-10,-1.59349e-09,-0.0106526
1.75656e+09,0.00328818,-1.36993e-10,-5.30232e-10,-0.00628797,9.17197e-10,-1.59349e-09,-0.0138484
1.75656e+09,0.00331027,-1.33424e-10,-5.3553e-10,-0.00633734,1.08818e-09,-1.59349e-09,-0.0149137
1.75656e+09,0.00335575,-1.2922e-10,-5.4491e-10,-0.00639096,1.27039e-09,-2.78728e-09,-0.015979
1.75656e+09,0.00335869,-1.25594e-10,-5.49327e-10,-0.00644463,1.08818e-09,-1.30825e-09,-0.015979
1.75656e+09,0.00321976,-1.21531e-10,-5.53566e-10,-0.00652008,1.27039e-09,-1.30825e-09,-0.0234358
1.75656e+09,0.00328389,-1.17979e-10,-5.56882e-10,-0.00659704,1.08818e-09,-1.00295e-09,-0.0234358
1.75656e+09,0.00319103,-1.15809e-10,-5.63036e-10,-0.00667183,6.92641e-10,-1.92391e-09,-0.0234358
1.75656e+09,0.00398003,-1.14292e-10,-5.70704e-10,-0.00672695,3.93885e-10,-1.92391e-09,-0.0138484
1.75656e+09,0.00291838,-1.12309e-10,-5.76332e-10,-0.00676736,6.92641e-10,-1.92391e-09,-0.0138484
1.75656e+09,0.00332093,-1.11044e-10,-5.8273e-10,-0.00680627,3.93885e-10,-1.92391e-09,-0.0117179
1.75656e+09,0.00329895,-1.09803e-10,-5.91263e-10,-0.00682033,3.93885e-10,-2.58391e-09,-0.00426106
1.75656e+09,0.00365557,-1.1222e-10,-6.10296e-10,-0.00683591,-6.2566e-10,-5.21095e-09,-0.00426106
1.75656e+09,0.00307726,-1.14255e-10,-6.26317e-10,-0.00684574,-6.2566e-10,-5.21095e-09,-0.00319579
1.75656e+09,0.00325492,-1.37074e-10,-6.54689e-10,-0.00682494,-6.95097e-09,-8.76434e-09,0.00639159
1.75656e+09,0.00342404,-1.61103e-10,-6.8801e-10,-0.00682494,-6.95097e-09,-9.77924e-09,0
1.75656e+09,0.00315579,-1.849e-10,-7.1871e-10,-0.00680477,-7.4742e-09,-9.77924e-09,0.00639159
1.75656e+09,0.00331629,-2.13023e-10,-7.50904e-10,-0.00678357,-8.4142e-09,-9.76521e-09,0.00639159
1.75656e+09,0.00348574,-2.42583e-10,-7.84743e-10,-0.00676501,-8.4142e-09,-9.76521e-09,0.00532632
1.75656e+09,0.00325297,-2.60691e-10,-8.08512e-10,-0.00674768,-5.51688e-09,-7.34446e-09,0.00532632
1.75656e+09,0.00337493,-2.79477e-10,-8.33173e-10,-0.0067297,-5.51688e-09,-7.34446e-09,0.00532632
1.75656e+09,0.00326853,-2.95977e-10,-8.57068e-10,-0.00671229,-4.99876e-09,-7.34446e-09,0.00532632
1.75656e+09,0.00346666,-2.99712e-10,-8.82505e-10,-0.00668644,-1.02838e-09,-7.34446e-09,0.00745685
1.75656e+09,0.0031973,-3.00993e-10,-9.05979e-10,-0.0066626,-3.51539e-10,-7.34446e-09,0.00745685
1.75656e+09,0.00412077,-3.02528e-10,-9.18826e-10,-0.00665821,-3.51539e-10,-3.12011e-09,0.00106526
1.75656e+09,0.00302408,-3.02608e-10,-9.12103e-10,-0.00666788,-4.13282e-11,2.22296e-09,-0.00319579
1.75656e+09,0.00291658,-3.0211e-10,-9.05623e-10,-0.00669584,1.55763e-10,2.22296e-09,-0.00958738
1.75656e+09,0.00350532,-3.01507e-10,-8.9702e-10,-0.00672945,1.55763e-10,2.45539e-09,-0.00958738
1.75656e+09,0.00313955,-2.90741e-10,-9.00837e-10,-0.00676623,3.43724e-09,-1.19275e-09,-0.0117179
1.75656e+09,0.00321243,-2.79646e-10,-8.93024e-10,-0.00680388,3.43724e-09,2.45539e-09,-0.0117179
1.75656e+09,0.00329072,-2.68054e-10,-8.78362e-10,-0.00684244,3.49206e-09,4.47934e-09,-0.0117179
1.75656e+09,0.0035067,-2.48782e-10,-8.52432e-10,-0.00689474,5.44507e-09,7.43185e-09,-0.0149137
1.75656e+09,0.00333731,-2.36238e-10,-8.23324e-10,-0.00694806,3.69854e-09,8.74774e-09,-0.015979
1.75656e+09,0.00324488,-2.18718e-10,-7.90534e-10,-0.00699991,5.32887e-09,1.01425e-08,-0.015979
1.75656e+09,0.00348739,-1.99887e-10,-7.55294e-10,-0.00705564,5.32887e-09,1.01425e-08,-0.015979
1.75656e+09,0.00320659,-1.85521e-10,-7.18927e-10,-0.00710004,4.40021e-09,1.13727e-08,-0.0138484
1.75656e+09,0.00342213,-1.7129e-10,-6.77786e-10,-0.00714743,4.07298e-09,1.20513e-08,-0.0138484
1.75656e+09,0.00327695,-1.5658e-10,-6.37203e-10,-0.00717536,4.40021e-09,1.24161e-08,-0.00852211
1.75656e+09,0.00335106,-1.41468e-10,-5.86062e-10,-0.00720392,4.40021e-09,1.52931e-08,-0.00852211
1.75656e+09,0.00322237,-1.2537e-10,-5.46168e-10,-0.00719362,4.90639e-09,1.24161e-08,0.00319579
1.75656e+09,0.00366814,-1.07045e-10,-5.00754e-10,-0.00717408,4.90639e-09,1.24161e-08,0.00532632
1.75656e+09,0.00329838,-9.06299e-11,-4.68458e-10,-0.00714246,4.90639e-09,9.82705e-09,0.00958738
1.75656e+09,0.00327997,-7.74314e-11,-4.49799e-10,-0.00710053,3.98322e-09,5.71737e-09,0.0127832
1.75656e+09,0.00321861,-7.89888e-11,-4.38964e-10,-0.00705939,-5.07755e-10,3.36272e-09,0.0127832
1.75656e+09,0.00334819,-9.06113e-11,-4.27623e-10,-0.00701302,-3.4951e-09,3.36272e-09,0.0138484
1.75656e+09,0.00358166,-1.03045e-10,-4.15491e-10,-0.00694816,-3.4951e-09,3.36272e-09,0.0181095
1.75656e+09,0.00332697,-1.08155e-10,-4.17481e-10,-0.00690209,-1.53185e-09,-6.08762e-10,0.0138484
1.75656e+09,0.00303675,-1.1282e-10,-4.19298e-10,-0.00685356,-1.53185e-09,-6.08762e-10,0.015979
1.75656e+09,0.00325948,-1.17843e-10,-4.2367e-10,-0.00680148,-1.53185e-09,-1.35194e-09,0.015979
1.75656e+09,0.00339975,-1.18207e-10,-4.3529e-10,-0.00676526,-8.39583e-11,-3.41856e-09,0.0106526
1.75656e+09,0.00318662,-1.18351e-10,-4.46183e-10,-0.00674829,-2.19954e-11,-3.41856e-09,0.00532632
1.75656e+09,0.00336153,-1.18758e-10,-4.6467e-10,-0.00675187,-8.39583e-11,-5.50032e-09,-0.00106526
1.75656e+09,0.00350125,-1.19145e-10,-4.78481e-10,-0.00677052,-8.39583e-11,-3.94514e-09,-0.00532632
1.75656e+09,0.00333278,-1.19807e-10,-4.96808e-10,-0.00679537,-1.61416e-10,-5.50032e-09,-0.00745685
1.75656e+09,0.00330532,-1.28886e-10,-5.16897e-10,-0.00682706,-2.70529e-09,-6.09628e-09,-0.00958738
1.75656e+09,0.003263,-1.37854e-10,-5.3748e-10,-0.0068931,-2.70529e-09,-6.32664e-09,-0.02024
1.75656e+09,0.00330164,-1.48126e-10,-5.57537e-10,-0.00695993,-3.06937e-09,-6.09628e-09,-0.02024
1.75656e+09,0.00342028,-1.57524e-10,-5.78323e-10,-0.0070328,-2.70529e-09,-6.09628e-09,-0.0213053
1.75656e+09,0.00336401,-1.64626e-10,-5.92261e-10,-0.00710447,-2.08193e-09,-4.15803e-09,-0.0213053
1.75656e+09,0.00332008,-1.71568e-10,-5.96414e-10,-0.00717874,-2.08193e-09,-1.26554e-09,-0.0223706
1.75656e+09,0.00332092,-1.78507e-10,-5.99894e-10,-0.00724242,-2.08193e-09,-1.06304e-09,-0.0191748
1.75656e+09,0.00329551,-1.80913e-10,-6.0338e-10,-0.0073021,-7.22442e-10,-1.06304e-09,-0.0181095
1.75656e+09,0.0032675,-1.87705e-10,-6.01863e-10,-0.00735779,-2.08193e-09,4.49133e-10,-0.0170442
1.75656e+09,0.00352675,-1.90195e-10,-5.9399e-10,-0.00741415,-7.22442e-10,2.22701e-09,-0.015979
1.75656e+09,0.00367549,-1.90238e-10,-5.8264e-10,-0.00746113,-3.46107e-11,3.08789e-09,-0.0127832
1.75656e+09,0.0030772,-1.90256e-10,-5.70773e-10,-0.00749063,-3.46107e-11,3.8563e-09,-0.00958738
1.75656e+09,0.00339486,-1.95847e-10,-5.57639e-10,-0.00750148,-1.67596e-09,3.8563e-09,-0.00319579
1.75656e+09,0.00319088,-1.95866e-10,-5.45334e-10,-0.00750148,-3.46107e-11,3.8563e-09,0
1.75656e+09,0.00343637,-1.95914e-10,-5.35878e-10,-0.00749416,-3.46107e-11,2.75152e-09,0.00213053
1.75656e+09,0.00351102,-1.972e-10,-5.27701e-10,-0.00747172,-3.83713e-10,2.32613e-09,0.00639159
1.75656e+09,0.00302588,-1.98405e-10,-5.33627e-10,-0.00745238,-3.83713e-10,-1.96121e-09,0.00639159
1.75656e+09,0.00335468,-1.99783e-10,-5.45765e-10,-0.00743094,-3.83713e-10,-3.62127e-09,0.00639159
1.75656e+09,0.00322287,-2.11213e-10,-5.72981e-10,-0.00741034,-3.48383e-09,-8.47087e-09,0.00639159
1.75656e+09,0.00340591,-2.3181e-10,-6.01681e-10,-0.00737768,-5.98465e-09,-8.47087e-09,0.00958738
1.75656e+09,0.00317209,-2.51014e-10,-6.3156e-10,-0.00734727,-5.98465e-09,-9.46393e-09,0.00958738
1.75656e+09,0.00349724,-2.72216e-10,-6.68542e-10,-0.00731002,-5.98465e-09,-1.0619e-08,0.0106526
1.75656e+09,0.00328975,-2.81939e-10,-7.03406e-10,-0.00725745,-2.87791e-09,-1.0619e-08,0.015979
1.75656e+09,0.00328772,-2.91561e-10,-7.25503e-10,-0.00720492,-2.87791e-09,-6.74219e-09,0.015979
1.75656e+09,0.00350963,-2.92939e-10,-7.42229e-10,-0.00716753,-3.58206e-10,-4.76845e-09,0.0106526
1.75656e+09,0.00312243,-2.94164e-10,-7.5711e-10,-0.00715422,-3.58206e-10,-4.76845e-09,0.00426106
1.75656e+09,0.00336425,-2.95455e-10,-7.6901e-10,-0.00716856,-3.58206e-10,-3.53978e-09,-0.00426106
1.75656e+09,0.00341992,-2.97791e-10,-7.79883e-10,-0.00719406,-6.6027e-10,-3.18413e-09,-0.00745685
1.75656e+09,0.00325941,-2.98996e-10,-7.85062e-10,-0.00723573,-3.58206e-10,-1.59169e-09,-0.0127832
1.75656e+09,0.00324193,-2.99304e-10,-7.88411e-10,-0.00728408,-8.75347e-11,-1.03354e-09,-0.0149137
1.75656e+09,0.00355915,-2.99642e-10,-7.92087e-10,-0.00733716,-8.75347e-11,-1.03354e-09,-0.0149137
1.75656e+09,0.00331138,-2.99955e-10,-7.95257e-10,-0.00739712,-8.75347e-11,-9.58123e-10,-0.0181095
1.75656e+09,0.00336694,-2.99843e-10,-7.91329e-10,-0.0074581,2.47709e-11,1.16679e-09,-0.0181095
1.75656e+09,0.00310638,-2.99739e-10,-7.87706e-10,-0.00751435,2.47709e-11,1.16679e-09,-0.0181095
1.75656e+09,0.00343387,-2.97458e-10,-7.81299e-10,-0.00757654,6.5016e-10,1.87078e-09,-0.0181095
1.75656e+09,0.00324748,-2.953e-10,-7.75239e-10,-0.00763535,6.5016e-10,1.87078e-09,-0.0181095
1.75656e+09,0.00343929,-2.88536e-10,-7.72295e-10,-0.00767565,1.96021e-09,8.71089e-10,-0.0117179
1.75656e+09,0.00344887,-2.86271e-10,-7.69308e-10,-0.00771239,6.5016e-10,8.71089e-10,-0.0106526
1.75656e+09,0.00336253,-2.84131e-10,-7.75281e-10,-0.00773746,6.5016e-10,-1.77149e-09,-0.00745685
1.75656e+09,0.00316133,-2.76019e-10,-7.80945e-10,-0.0077543,2.57975e-09,-1.77149e-09,-0.00532632
1.75656e+09,0.00337446,-2.6724e-10,-7.71554e-10,-0.00776868,2.57975e-09,2.80305e-09,-0.00426106
1.75656e+09,0.00334875,-2.62874e-10,-7.62201e-10,-0.00775798,1.28223e-09,2.80305e-09,0.00319579
1.75656e+09,0.00332196,-2.58633e-10,-7.64656e-10,-0.00773675,1.28223e-09,-7.29146e-10,0.00639159
1.75656e+09,0.00336433,-2.66653e-10,-7.67047e-10,-0.00770091,-2.37824e-09,-7.29146e-10,0.0106526
1.75656e+09,0.00327571,-2.74462e-10,-7.69375e-10,-0.00766252,-2.37824e-09,-7.29146e-10,0.0117179
1.75656e+09,0.0032624,-2.85013e-10,-7.74595e-10,-0.00762429,-3.22181e-09,-1.62471e-09,0.0117179
1.75656e+09,0.00345977,-2.94616e-10,-7.96949e-10,-0.00758375,-2.72637e-09,-6.48202e-09,0.0117179
1.75656e+09,0.00342287,-3.03993e-10,-8.02831e-10,-0.00754364,-2.72637e-09,-1.73927e-09,0.0117179
1.75656e+09,0.00320181,-3.11675e-10,-8.15328e-10,-0.00752318,-2.36992e-09,-3.92095e-09,0.00639159
1.75656e+09,0.00342297,-3.19954e-10,-8.37454e-10,-0.00751224,-2.36992e-09,-6.48202e-09,0.00319579
1.75656e+09,0.00370318,-3.27665e-10,-8.51916e-10,-0.00750041,-2.05269e-09,-3.92095e-09,0.00319579
1.75656e+09,0.00299021,-3.3389e-10,-8.63594e-10,-0.00750041,-2.05269e-09,-3.92095e-09,0
1.75656e+09,0.00323739,-3.40288e-10,-8.81148e-10,-0.00750385,-1.9354e-09,-5.43691e-09,-0.00106526
1.75656e+09,0.00336779,-3.46988e-10,-9.05383e-10,-0.00752897,-1.9354e-09,-7.21091e-09,-0.00745685
1.75656e+09,0.00313619,-3.58113e-10,-9.27881e-10,-0.00757908,-3.49327e-09,-7.2e-09,-0.015979
1.75656e+09,0.00346778,-3.70416e-10,-9.52756e-10,-0.00764188,-3.49327e-09,-7.2e-09,-0.0181095
1.75656e+09,0.00334552,-3.7703e-10,-9.70896e-10,-0.00770959,-1.9354e-09,-5.43691e-09,-0.02024
1.75656e+09,0.00338914,-3.89033e-10,-9.92139e-10,-0.00777819,-3.49327e-09,-6.29533e-09,-0.02024
1.75656e+09,0.00325538,-3.93309e-10,-1.00703e-09,-0.00783367,-1.27787e-09,-4.584e-09,-0.0170442
1.75656e+09,0.00324827,-3.9749e-10,-1.01091e-09,-0.00788904,-1.27787e-09,-1.206e-09,-0.0170442
1.75656e+09,0.0066603,-4.06064e-10,-1.01888e-09,-0.00800256,-1.27787e-09,-1.206e-09,-0.0170442
1.75656e+09,0.000398072,-4.0656e-10,-1.01724e-09,-0.00800934,-1.27787e-09,4.1169e-09,-0.0170442
1.75656e+09,0.00293668,-4.03233e-10,-1.00517e-09,-0.00805001,1.09993e-09,4.1169e-09,-0.0138484
1.75656e+09,0.00334641,-3.92264e-10,-9.75893e-10,-0.00809635,3.2072e-09,8.77563e-09,-0.0138484
1.75656e+09,0.00332308,-3.81371e-10,-9.46818e-10,-0.00814237,3.2072e-09,8.77563e-09,-0.0138484
1.75656e+09,0.00341764,-3.72746e-10,-9.0514e-10,-0.00814966,2.42427e-09,1.2215e-08,-0.00213053
1.75656e+09,0.00343365,-3.6408e-10,-8.63268e-10,-0.00815697,2.42427e-09,1.2215e-08,-0.00213053
1.75656e+09,0.00342173,-3.50684e-10,-8.21579e-10,-0.00815333,3.81547e-09,1.2215e-08,0.00106526
1.75656e+09,0.0032631,-3.42371e-10,-7.82986e-10,-0.00812899,2.4511e-09,1.18474e-08,0.00745685
1.75656e+09,0.003554,-3.23403e-10,-7.41033e-10,-0.00809492,5.24108e-09,1.18474e-08,0.00958738
1.75656e+09,0.00313365,-3.067e-10,-7.0667e-10,-0.0080582,5.24108e-09,1.10088e-08,0.0117179
1.75656e+09,0.00531757,-2.82095e-10,-6.4406e-10,-0.00799589,4.5321e-09,1.18111e-08,0.0117179
1.75656e+09,0.00113542,-2.76842e-10,-6.30691e-10,-0.00797291,4.5321e-09,1.18111e-08,0.02024
1.75656e+09,0.00348912,-2.60701e-10,-5.89608e-10,-0.00790229,4.5321e-09,1.18111e-08,0.02024
1.75656e+09,0.00335864,-2.52014e-10,-5.6852e-10,-0.00784504,2.53696e-09,6.29891e-09,0.0170442
1.75656e+09,0.00315427,-2.43856e-10,-5.48715e-10,-0.00780808,2.53696e-09,6.29891e-09,0.0117179
1.75656e+09,0.00347737,-2.34984e-10,-5.42401e-10,-0.00776733,2.53696e-09,1.83562e-09,0.0117179
1.75656e+09,0.00330795,-2.35171e-10,-5.51491e-10,-0.00773914,-3.5048e-11,-2.74825e-09,0.00852211
1.75656e+09,0.00344992,-2.51657e-10,-5.853e-10,-0.00770974,-4.70267e-09,-9.83677e-09,0.00852211
1.75656e+09,0.00323863,-2.67133e-10,-6.17087e-10,-0.00768214,-4.70267e-09,-9.85148e-09,0.00852211
1.75656e+09,0.00348287,-2.83897e-10,-6.67236e-10,-0.00765617,-4.70267e-09,-1.44354e-08,0.00745685
1.75656e+09,0.00321366,-3.00759e-10,-7.13499e-10,-0.00767671,-5.13645e-09,-1.44354e-08,-0.00639159
1.75656e+09,0.003334,-3.18252e-10,-7.61493e-10,-0.00770868,-5.13645e-09,-1.44354e-08,-0.00958738
1.75656e+09,0.00349574,-3.2481e-10,-7.97909e-10,-0.00775709,-1.79541e-09,-1.04312e-08,-0.0138484
1.75656e+09,0.00311356,-3.35359e-10,-8.30306e-10,-0.00780021,-3.30751e-09,-1.04312e-08,-0.0138484
1.75656e+09,0.00331513,-3.46566e-10,-8.61302e-10,-0.00785318,-3.30751e-09,-9.37594e-09,-0.015979
1.75656e+09,0.00323842,-3.57515e-10,-8.91474e-10,-0.00790837,-3.30751e-09,-9.34299e-09,-0.0170442
1.75656e+09,0.00350649,-3.69192e-10,-9.01467e-10,-0.00796814,-3.30751e-09,-2.87616e-09,-0.0170442
1.75656e+09,0.00336254,-3.8039e-10,-9.11049e-10,-0.00802545,-3.30751e-09,-2.87616e-09,-0.0170442
1.75656e+09,0.00335432,-3.86462e-10,-9.1751e-10,-0.00808262,-1.79455e-09,-1.94059e-09,-0.0170442
1.75656e+09,0.00357995,-3.97419e-10,-9.27718e-10,-0.00812457,-3.03754e-09,-2.87616e-09,-0.0117179
1.75656e+09,0.0031146,-4.03152e-10,-9.45369e-10,-0.00816107,-1.79455e-09,-5.68199e-09,-0.0117179
1.75656e+09,0.00301351,-3.94333e-10,-9.62565e-10,-0.00818675,2.9729e-09,-5.68199e-09,-0.00852211
1.75656e+09,0.00364928,-4.0094e-10,-9.69593e-10,-0.00821785,-1.79455e-09,-1.94059e-09,-0.00852211
1.75656e+09,0.00324676,-4.09573e-10,-9.74177e-10,-0.00824206,-2.64756e-09,-1.43376e-09,-0.00745685
1.75656e+09,0.00339273,-4.15826e-10,-9.70707e-10,-0.00824567,-1.85139e-09,1.00754e-09,-0.00106526
1.75656e+09,0.00321523,-4.21752e-10,-9.67418e-10,-0.00823882,-1.85139e-09,1.00754e-09,0.00213053
1.75656e+09,0.00334239,-4.27912e-10,-9.64029e-10,-0.0082317,-1.85139e-09,9.98884e-10,0.00213053
1.75656e+09,0.00316549,-4.33765e-10,-9.63028e-10,-0.00821147,-1.85139e-09,3.00958e-10,0.00639159
1.75656e+09,0.00345712,-4.40157e-10,-9.61935e-10,-0.00816728,-1.85139e-09,3.00958e-10,0.0127832
1.75656e+09,0.00338983,-4.49006e-10,-9.60842e-10,-0.00812395,-2.613e-09,3.00958e-10,0.0127832
1.75656e+09,0.00382138,-4.67961e-10,-9.60143e-10,-0.0080751,-4.96167e-09,1.42654e-10,0.0127832
1.75656e+09,0.00284038,-4.82053e-10,-9.59979e-10,-0.00803879,-4.96167e-09,1.78888e-11,0.0127832
1.75656e+09,0.00329817,-4.90671e-10,-9.5985e-10,-0.00800014,-2.613e-09,1.78888e-11,0.0117179
1.75656e+09,0.00320478,-4.9669e-10,-9.59345e-10,-0.00798648,-1.87948e-09,1.42654e-10,0.00426106
1.75656e+09,0.00381056,-5.03526e-10,-9.58747e-10,-0.00797837,-1.79504e-09,1.42654e-10,0.00213053
1.75656e+09,0.00287921,-5.0395e-10,-9.5781e-10,-0.00797223,-1.50136e-10,3.24286e-10,0.00213053
1.75656e+09,0.00352484,-5.00522e-10,-9.45654e-10,-0.00796472,9.45101e-10,3.45612e-09,0.00213053
1.75656e+09,0.00340703,-4.97121e-10,-9.2295e-10,-0.00796835,9.45101e-10,6.67165e-09,-0.00106526
1.75656e+09,0.0032215,-4.80639e-10,-9.01588e-10,-0.00798551,5.06338e-09,6.67165e-09,-0.00532632
1.75656e+09,0.00314291,-4.64558e-10,-8.80748e-10,-0.00801229,5.06338e-09,6.67165e-09,-0.00852211
1.75656e+09,0.0034503,-4.577e-10,-8.66568e-10,-0.00805272,1.95468e-09,4.12551e-09,-0.0117179
1.75656e+09,0.00361493,-4.47111e-10,-8.51893e-10,-0.00810664,2.89645e-09,4.08303e-09,-0.0149137
1.75656e+09,0.00338965,-4.38919e-10,-8.38119e-10,-0.00816802,2.38364e-09,4.08303e-09,-0.0181095
1.75656e+09,0.00307478,-4.31488e-10,-8.25624e-10,-0.0082237,2.38364e-09,4.08303e-09,-0.0181095
1.75656e+09,0.00364178,-4.22705e-10,-8.13269e-10,-0.00828965,2.38364e-09,3.41248e-09,-0.0181095
1.75656e+09,0.00300465,-4.15459e-10,-8.03075e-10,-0.00834407,2.38364e-09,3.41248e-09,-0.0181095
1.75656e+09,0.00327486,-4.07601e-10,-7.91965e-10,-0.00837198,2.37092e-09,3.41248e-09,-0.00852211
1.75656e+09,0.00334452,-4.03106e-10,-7.81726e-10,-0.00840048,1.31846e-09,3.07257e-09,-0.00852211
1.75656e+09,0.00327679,-4.04685e-10,-7.71644e-10,-0.00840397,-5.07905e-10,3.07257e-09,-0.00106526
1.75656e+09,0.00366271,-4.06519e-10,-7.68522e-10,-0.00840787,-5.07905e-10,8.4818e-10,-0.00106526
1.75656e+09,0.00305782,-4.08553e-10,-7.82071e-10,-0.00842416,-6.27743e-10,-4.43634e-09,-0.00532632
1.75656e+09,0.0032712,-4.13682e-10,-7.99007e-10,-0.00841719,-1.52431e-09,-5.1903e-09,0.00213053
1.75656e+09,0.00335924,-4.27035e-10,-8.16891e-10,-0.00839214,-3.93006e-09,-5.35731e-09,0.00745685
1.75656e+09,0.00344664,-4.40739e-10,-8.35753e-10,-0.00835175,-3.93006e-09,-5.50574e-09,0.0117179
1.75656e+09,0.0032884,-4.55381e-10,-8.53737e-10,-0.00831322,-4.40654e-09,-5.50574e-09,0.0117179
1.75656e+09,0.00343431,-4.69034e-10,-8.72532e-10,-0.00827298,-3.93006e-09,-5.50574e-09,0.0117179
1.75656e+09,0.00329813,-4.81519e-10,-8.88625e-10,-0.00823081,-3.74475e-09,-4.91052e-09,0.0127832
1.75656e+09,0.00318331,-4.93363e-10,-9.02995e-10,-0.00821047,-3.68351e-09,-4.54451e-09,0.00639159
1.75656e+09,0.00337231,-5.06117e-10,-9.18214e-10,-0.00819251,-3.74475e-09,-4.54374e-09,0.00532632
1.75656e+09,0.00342212,-5.09311e-10,-9.3374e-10,-0.00818886,-8.96286e-10,-4.54451e-09,0.00106526
1.75656e+09,0.00312911,-5.06551e-10,-9.47983e-10,-0.00818553,9.19484e-10,-4.54451e-09,0.00106526
1.75656e+09,0.00352134,-5.03445e-10,-9.64128e-10,-0.00818178,9.19484e-10,-4.57746e-09,0.00106526
1.75656e+09,0.00455462,-5.07782e-10,-9.95299e-10,-0.00817692,-8.96286e-10,-6.85143e-09,0.00106526
1.75656e+09,0.00194922,-5.09639e-10,-1.00864e-09,-0.008179,-8.96286e-10,-6.85143e-09,-0.00106526
1.75656e+09,0.00369898,-5.19242e-10,-1.0339e-09,-0.0082184,-2.54016e-09,-6.85143e-09,-0.0106526
1.75656e+09,0.00303552,-5.27123e-10,-1.05464e-09,-0.00825397,-2.54016e-09,-6.85143e-09,-0.0117179
1.75656e+09,0.00342618,-5.36018e-10,-1.07787e-09,-0.00831967,-2.54016e-09,-6.8014e-09,-0.0191748
1.75656e+09,0.0031893,-5.25024e-10,-1.07223e-09,-0.00839781,3.43244e-09,1.79735e-09,-0.0245011
1.75656e+09,0.00331972,-5.1236e-10,-1.06591e-09,-0.00846147,3.79867e-09,1.9361e-09,-0.0191748
1.75656e+09,0.00331741,-4.99684e-10,-1.05729e-09,-0.00852861,3.79867e-09,2.62896e-09,-0.02024
1.75656e+09,0.00340188,-4.78846e-10,-1.04853e-09,-0.00859384,6.10351e-09,2.62896e-09,-0.0191748
1.75656e+09,0.00335198,-4.66021e-10,-1.03794e-09,-0.00866169,3.79867e-09,3.18971e-09,-0.02024
1.75656e+09,0.00343678,-4.4495e-10,-1.02716e-09,-0.0086983,6.10351e-09,3.18971e-09,-0.0106526
1.75656e+09,0.00325085,-4.40095e-10,-1.00476e-09,-0.00874678,1.43373e-09,6.90338e-09,-0.0149137
1.75656e+09,0.00319804,-4.19921e-10,-9.75303e-10,-0.00878085,6.22731e-09,9.26676e-09,-0.0106526
1.75656e+09,0.00343644,-4.1469e-10,-9.40744e-10,-0.00881745,1.43373e-09,1.00695e-08,-0.0106526
1.75656e+09,0.00371417,-3.99783e-10,-9.03474e-10,-0.00884119,3.9251e-09,1.00695e-08,-0.00639159
1.75656e+09,0.00307049,-3.87419e-10,-8.68231e-10,-0.00885755,3.9251e-09,1.15133e-08,-0.00532632
1.75656e+09,0.00315012,-3.66142e-10,-8.30809e-10,-0.00887097,6.64867e-09,1.19387e-08,-0.00426106
1.75656e+09,0.00342913,-3.52295e-10,-7.87171e-10,-0.00887097,3.9251e-09,1.27612e-08,0
1.75656e+09,0.00342678,-3.29124e-10,-7.43644e-10,-0.00882717,6.64867e-09,1.27612e-08,0.0127832
1.75656e+09,0.00347647,-3.05645e-10,-7.02345e-10,-0.00878272,6.64867e-09,1.19387e-08,0.0127832
1.75656e+09,0.00355467,-2.90089e-10,-6.76522e-10,-0.00873728,4.31233e-09,7.30274e-09,0.0127832
1.75656e+09,0.00285313,-2.77603e-10,-6.55795e-10,-0.00870385,4.31233e-09,7.30274e-09,0.0117179
1.75656e+09,0.00332519,-2.63114e-10,-6.38579e-10,-0.00866489,4.31233e-09,5.215e-09,0.0117179
1.75656e+09,0.00335868,-2.48479e-10,-6.2119e-10,-0.00862553,4.31233e-09,5.215e-09,0.0117179
1.75656e+09,0.0033124,-2.36197e-10,-6.04021e-10,-0.00858672,3.66308e-09,5.215e-09,0.0117179
1.75656e+09,0.00331039,-2.31038e-10,-5.94391e-10,-0.00855145,1.53342e-09,2.92238e-09,0.0106526
1.75656e+09,0.00335087,-2.31399e-10,-5.84824e-10,-0.00852647,-1.32161e-10,2.85405e-09,0.00745685
1.75656e+09,0.00343977,-2.3177e-10,-5.75003e-10,-0.00853013,-1.32161e-10,2.85405e-09,-0.00106526
1.75656e+09,0.00337735,-2.32134e-10,-5.65361e-10,-0.00853733,-1.32161e-10,2.85405e-09,-0.00213053
1.75656e+09,0.00332069,-2.2629e-10,-5.49974e-10,-0.00855501,1.72013e-09,4.64832e-09,-0.00532632
1.75656e+09,0.00332773,-2.20334e-10,-5.22853e-10,-0.00857274,1.72013e-09,8.16496e-09,-0.00532632
1.75656e+09,0.00342131,-1.95757e-10,-4.95128e-10,-0.00860189,7.1137e-09,8.16496e-09,-0.00852211
1.75656e+09,0.00333811,-1.89833e-10,-4.73963e-10,-0.00864101,1.72013e-09,6.35537e-09,-0.0117179
1.75656e+09,0.00333115,-1.8392e-10,-4.52843e-10,-0.00868004,1.72013e-09,6.35537e-09,-0.0117179
1.75656e+09,0.00322557,-1.7192e-10,-4.34334e-10,-0.00873502,3.67033e-09,5.77034e-09,-0.0170442
1.75656e+09,0.00331317,-1.50017e-10,-4.16215e-10,-0.00879855,6.56292e-09,5.52617e-09,-0.0191748
1.75656e+09,0.00331762,-1.37696e-10,-3.99923e-10,-0.00886216,3.67033e-09,4.94321e-09,-0.0191748
1.75656e+09,0.00337779,-1.25179e-10,-3.865e-10,-0.00892693,3.67033e-09,4.00674e-09,-0.0191748
1.75656e+09,0.00347005,-1.12887e-10,-3.7626e-10,-0.00899347,3.51579e-09,2.98248e-09,-0.0191748
1.75656e+09,0.00322978,-1.14023e-10,-3.63308e-10,-0.00902788,-3.87714e-10,4.00674e-09,-0.0106526
1.75656e+09,0.00327302,-1.15146e-10,-3.47118e-10,-0.00905926,-3.87714e-10,4.94321e-09,-0.00958738
1.75656e+09,0.00362859,-1.1437e-10,-3.19793e-10,-0.00909404,1.456e-10,7.53215e-09,-0.00958738
1.75656e+09,0.00305792,-1.13715e-10,-2.96765e-10,-0.00911359,1.456e-10,7.53215e-09,-0.00639159
1.75656e+09,0.00338167,-1.12991e-10,-2.713e-10,-0.0091352,1.456e-10,7.53215e-09,-0.00639159
1.75656e+09,0.00320961,-1.07082e-10,-2.49027e-10,-0.00914546,1.77759e-09,6.95603e-09,-0.00319579
1.75656e+09,0.00333985,-1.00261e-10,-2.26935e-10,-0.00914546,1.98166e-09,6.63295e-09,0
1.75656e+09,0.00314678,-9.44805e-11,-2.06524e-10,-0.00911864,1.77759e-09,6.50276e-09,0.00852211
1.75656e+09,0.00334848,-8.76467e-11,-1.84811e-10,-0.00907584,1.98166e-09,6.50276e-09,0.0127832
1.75656e+09,0.00355438,-8.0379e-11,-1.60152e-10,-0.00902283,1.98166e-09,6.95603e-09,0.0149137
1.75656e+09,0.00388191,-8.20742e-11,-1.34892e-10,-0.0089608,-4.95396e-10,6.50276e-09,0.015979
1.75656e+09,0.00259075,-8.4166e-11,-1.19537e-10,-0.00892216,-8.60497e-10,5.91957e-09,0.0149137
1.75656e+09,0.00342249,-8.70978e-11,-1.18031e-10,-0.00887112,-8.60497e-10,4.32242e-10,0.0149137
1.75656e+09,0.00323343,-8.98676e-11,-1.16609e-10,-0.0088229,-8.60497e-10,4.32242e-10,0.0149137
1.75656e+09,0.00355361,-7.92997e-11,-1.156e-10,-0.00877747,2.97122e-09,3.10229e-10,0.0127832
1.75656e+09,0.00330693,-6.94619e-11,-1.14257e-10,-0.00874577,2.97122e-09,4.32242e-10,0.00958738
1.75656e+09,0.00344931,-5.91493e-11,-1.06988e-10,-0.00874209,2.97122e-09,2.13346e-09,0.00106526
1.75656e+09,0.00334951,-5.1677e-11,-9.99068e-11,-0.00875637,2.21231e-09,2.13346e-09,-0.00426106
1.75656e+09,0.00320546,-4.45771e-11,-9.89745e-11,-0.00879734,2.21231e-09,3.10229e-10,-0.0127832
1.75656e+09,0.0032819,-4.07825e-11,-9.80287e-11,-0.0088393,1.15363e-09,2.98344e-10,-0.0127832
1.75656e+09,0.00331733,-3.6947e-11,-9.70728e-11,-0.0088817,1.15363e-09,2.98344e-10,-0.0127832
1.75656e+09,0.00326304,-3.31896e-11,-9.78766e-11,-0.00892341,1.15363e-09,-2.36091e-10,-0.0127832
1.75656e+09,0.00672707,-1.46022e-11,-9.96307e-11,-0.00901657,2.7653e-09,-2.36091e-10,-0.0138484
1.75656e+09,0.000252746,-1.39063e-11,-9.9977e-11,-0.00902007,2.7653e-09,-1.34519e-09,-0.0138484
1.75656e+09,0.0030652,-5.50247e-12,-1.08034e-10,-0.00906252,2.7653e-09,-2.60371e-09,-0.0138484
1.75656e+09,0.00361956,4.26125e-12,-1.17547e-10,-0.0091165,2.72119e-09,-2.60371e-09,-0.0149137
1.75656e+09,0.00312305,1.38907e-11,-1.25767e-10,-0.00916308,3.10721e-09,-2.60371e-09,-0.0149137
1.75656e+09,0.00328349,2.28016e-11,-1.28445e-10,-0.00920155,2.72119e-09,-7.90671e-10,-0.0117179
1.75656e+09,0.00361408,3.28677e-11,-1.03332e-10,-0.0092362,2.72119e-09,6.97404e-09,-0.00958738
1.75656e+09,0.00313614,4.28144e-11,-8.1503e-11,-0.00926627,3.10721e-09,6.98932e-09,-0.00958738
1.75656e+09,0.00323551,5.35408e-11,-5.89874e-11,-0.00927661,3.2506e-09,6.98932e-09,-0.00319579
1.75656e+09,0.00351502,6.51941e-11,-3.45269e-11,-0.0092841,3.2506e-09,6.98932e-09,-0.00213053
1.75656e+09,0.00316511,7.56656e-11,-1.48684e-11,-0.00928747,3.2506e-09,6.24146e-09,-0.00106526
1.75656e+09,0.00343242,8.26244e-11,6.49123e-12,-0.00929113,1.96949e-09,6.24146e-09,-0.00106526
1.75656e+09,0.00323823,7.83424e-11,2.67432e-11,-0.00928768,-1.38037e-09,6.24146e-09,0.00106526
1.75656e+09,0.00340516,7.22108e-11,3.16296e-11,-0.00927317,-1.81394e-09,1.41821e-09,0.00426106
1.75656e+09,0.00335674,6.76574e-11,4.02943e-11,-0.00924814,-1.38037e-09,2.5686e-09,0.00745685
1.75656e+09,0.00317448,6.59636e-11,6.13961e-11,-0.00922447,-5.95004e-10,6.64212e-09,0.00745685
1.75656e+09,0.00346988,6.39814e-11,7.03275e-11,-0.00919859,-5.95004e-10,2.5686e-09,0.00745685
1.75656e+09,0.00334765,6.20687e-11,7.89442e-11,-0.00918433,-5.95004e-10,2.5686e-09,0.00426106
1.75656e+09,0.00331143,6.95547e-11,8.73815e-11,-0.00917022,2.23717e-09,2.5686e-09,0.00426106
1.75656e+09,0.0033187,7.80153e-11,8.2258e-11,-0.00915608,2.56342e-09,-1.5204e-09,0.00426106
1.75656e+09,0.00328306,8.63851e-11,7.71895e-11,-0.00914209,2.56342e-09,-1.5204e-09,0.00426106
1.75656e+09,0.0034013,9.40435e-11,8.25331e-11,-0.00916383,2.23717e-09,1.59154e-09,-0.00639159
1.75656e+09,0.0042275,1.03442e-10,7.60191e-11,-0.00919535,2.23717e-09,-1.5204e-09,-0.00745685
1.75656e+09,0.00244189,1.09904e-10,7.98463e-11,-0.00922136,2.63186e-09,1.59154e-09,-0.0106526
1.75656e+09,0.00430541,1.23326e-10,8.66365e-11,-0.00926723,3.10275e-09,1.60583e-09,-0.0106526
1.75656e+09,0.00288559,1.30186e-10,9.12069e-11,-0.00929797,2.36273e-09,1.60583e-09,-0.0106526
1.75656e+09,0.00271687,1.38726e-10,1.02939e-10,-0.0093327,3.10275e-09,4.34723e-09,-0.0127832
1.75656e+09,0.00322444,1.68596e-10,1.16804e-10,-0.00938078,9.22325e-09,4.38619e-09,-0.0149137
1.75656e+09,0.0033019,1.99317e-10,1.45092e-10,-0.00943003,9.22325e-09,8.65405e-09,-0.0149137
1.75656e+09,0.00343104,2.07703e-10,1.74706e-10,-0.0094812,2.36273e-09,8.65405e-09,-0.0149137
1.75656e+09,0.00327215,2.14598e-10,1.97762e-10,-0.00953,2.04029e-09,7.0658e-09,-0.0149137
1.75656e+09,0.00348919,2.21985e-10,2.2581e-10,-0.0095746,2.04029e-09,8.05814e-09,-0.0127832
1.75656e+09,0.0032636,2.28864e-10,2.48805e-10,-0.00960241,2.04029e-09,7.0658e-09,-0.00852211
1.75656e+09,0.00357927,2.28227e-10,2.66292e-10,-0.00962529,-2.24967e-10,4.88385e-09,-0.00639159
1.75656e+09,0.00324483,2.30989e-10,2.89194e-10,-0.00964603,7.83162e-10,7.0658e-09,-0.00639159
1.75656e+09,0.00320229,2.39762e-10,3.0475e-10,-0.0096665,2.69277e-09,4.88385e-09,-0.00639159
1.75656e+09,0.00342486,2.42568e-10,3.17496e-10,-0.00966285,7.83162e-10,3.72943e-09,0.00106526
1.75656e+09,0.00333751,2.41799e-10,3.15613e-10,-0.00964863,-2.24967e-10,-5.66492e-10,0.00426106
1.75656e+09,0.00325867,2.30521e-10,3.07e-10,-0.00960697,-3.43518e-09,-2.67616e-09,0.0127832
1.75656e+09,0.00316126,2.06064e-10,2.74962e-10,-0.00955983,-7.63883e-09,-1.02086e-08,0.0149137
1.75656e+09,0.00349103,1.75535e-10,2.39614e-10,-0.00950404,-8.64763e-09,-1.02086e-08,0.015979
1.75656e+09,0.00339503,1.38224e-10,2.02241e-10,-0.00944979,-1.0885e-08,-1.11121e-08,0.015979
1.75656e+09,0.00330956,1.01853e-10,1.65806e-10,-0.00939691,-1.0885e-08,-1.11121e-08,0.015979
1.75656e+09,0.00419811,5.57019e-11,1.17573e-10,-0.0093343,-1.0885e-08,-1.15922e-08,0.0149137
1.75656e+09,0.00361536,4.01676e-11,9.37392e-11,-0.00929194,-4.23502e-09,-6.63212e-09,0.0117179
1.75656e+09,0.00215458,3.35073e-11,7.90588e-11,-0.00926669,-3.02779e-09,-6.84202e-09,0.0117179
1.75656e+09,0.00338511,3.46315e-11,5.75447e-11,-0.00924145,3.90981e-10,-6.35216e-09,0.00745685
1.75656e+09,0.00326894,3.57029e-11,3.51676e-11,-0.00923448,3.90981e-10,-6.84202e-09,0.00213053
1.75656e+09,0.00331249,3.67886e-11,1.24925e-11,-0.00923095,3.90981e-10,-6.84202e-09,0.00106526
1.75656e+09,0.0031631,2.69884e-11,-1.47659e-11,-0.00924443,-3.01863e-09,-8.64587e-09,-0.00426106
1.75656e+09,0.00357159,3.09451e-12,-4.54259e-11,-0.00925965,-6.61033e-09,-8.64587e-09,-0.00426106
1.75656e+09,0.00325632,-1.87137e-11,-7.58647e-11,-0.00930475,-6.61033e-09,-9.40924e-09,-0.0138484
1.75656e+09,0.00334336,-2.90745e-11,-1.04676e-10,-0.00935105,-3.01863e-09,-8.64587e-09,-0.0138484
1.75656e+09,0.00335216,-3.94041e-11,-1.27158e-10,-0.00940818,-3.01863e-09,-6.73529e-09,-0.0170442
1.75656e+09,0.00331357,-4.90696e-11,-1.49205e-10,-0.00947525,-2.85422e-09,-6.68066e-09,-0.02024
1.75656e+09,0.00337024,-5.88412e-11,-1.65212e-10,-0.00955423,-2.85422e-09,-4.77682e-09,-0.0234358
1.75656e+09,0.00341902,-6.8556e-11,-1.6058e-10,-0.00963436,-2.85422e-09,1.3277e-09,-0.0234358
1.75656e+09,0.00324342,-6.28612e-11,-1.56328e-10,-0.00971037,1.74309e-09,1.3277e-09,-0.0234358
1.75656e+09,0.00363712,-5.64747e-11,-1.51561e-10,-0.00978399,1.74309e-09,1.3277e-09,-0.02024
1.75656e+09,0.00302068,-5.40338e-11,-1.47574e-10,-0.00981295,7.95115e-10,1.3277e-09,-0.00958738
1.75656e+09,0.00345262,-5.12037e-11,-1.38935e-10,-0.00984605,7.95115e-10,2.51006e-09,-0.00958738
1.75656e+09,0.00324659,-4.84496e-11,-1.21407e-10,-0.00984951,7.95115e-10,5.40687e-09,-0.00106526
1.75656e+09,0.00363518,-4.52457e-11,-8.96002e-11,-0.00985338,7.95115e-10,8.75809e-09,-0.00106526
1.75656e+09,0.00323612,-2.89619e-11,-4.80217e-11,-0.00985338,4.90507e-09,1.28972e-08,0
1.75656e+09,0.00362563,2.66849e-12,5.07768e-12,-0.00985338,8.57936e-09,1.47308e-08,0
1.75656e+09,0.00287671,2.89481e-11,4.71969e-11,-0.00985338,8.99061e-09,1.47308e-08,0
1.75656e+09,0.00322808,5.84376e-11,9.44607e-11,-0.00985338,8.99061e-09,1.47308e-08,0
1.75656e+09,0.00374075,9.26106e-11,1.49231e-10,-0.00985338,8.99061e-09,1.47308e-08,0
1.75656e+09,0.00303164,1.20306e-10,1.93619e-10,-0.00985338,8.99061e-09,1.47308e-08,0
1.75656e+09,0.00346123,1.30537e-10,2.17001e-10,-0.00984232,2.8893e-09,6.78423e-09,0.00319579
1.75656e+09,0.00308728,1.3541e-10,2.36512e-10,-0.00981601,1.51612e-09,6.33498e-09,0.00852211
1.75656e+09,0.00473679,1.40681e-10,2.61843e-10,-0.00975041,1.0603e-09,5.35853e-09,0.0138484
1.75656e+09,0.00242677,1.41374e-10,2.74309e-10,-0.00972973,2.35221e-10,5.13933e-09,0.00852211
1.75656e+09,0.00280085,1.34603e-10,2.81366e-10,-0.00970586,-2.44188e-09,2.49578e-09,0.00852211
1.75656e+09,0.00348168,1.35441e-10,2.83336e-10,-0.00968732,2.35221e-10,5.68377e-10,0.00532632
1.75656e+09,0.00329463,1.36234e-10,2.85201e-10,-0.00969083,2.35221e-10,5.68377e-10,-0.00106526
1.75656e+09,0.00320578,1.42169e-10,2.86966e-10,-0.00970107,1.84609e-09,5.68377e-10,-0.00319579
1.75656e+09,0.00340697,1.48536e-10,2.94861e-10,-0.00971196,1.84609e-09,2.33529e-09,-0.00319579
1.75656e+09,0.00345661,1.61412e-10,3.14955e-10,-0.00972301,3.66855e-09,5.84899e-09,-0.00319579
1.75656e+09,0.00324523,1.73556e-10,3.39431e-10,-0.00975066,3.66855e-09,7.57845e-09,-0.00852211
1.75656e+09,0.00352876,1.94842e-10,3.667e-10,-0.00979953,5.95648e-09,7.78604e-09,-0.0138484
1.75656e+09,0.00309443,2.14059e-10,3.90606e-10,-0.00984568,6.13404e-09,7.78604e-09,-0.0149137
1.75656e+09,0.00339525,2.38912e-10,4.16798e-10,-0.00989632,7.24363e-09,7.78604e-09,-0.0149137
1.75656e+09,0.00334404,2.6349e-10,4.52622e-10,-0.00994975,7.24363e-09,1.07848e-08,-0.015979
1.75656e+09,0.00347233,2.85211e-10,4.94862e-10,-0.0100052,6.13404e-09,1.22264e-08,-0.015979
1.75656e+09,0.00349818,3.03428e-10,5.32408e-10,-0.0100611,5.09982e-09,1.07848e-08,-0.015979
1.75656e+09,0.00349628,3.21655e-10,5.71816e-10,-0.010117,5.09982e-09,1.13232e-08,-0.015979
1.75656e+09,0.00308094,3.35511e-10,6.06564e-10,-0.0101662,4.3829e-09,1.13232e-08,-0.015979
1.75656e+09,0.00306563,3.49328e-10,6.43907e-10,-0.0101956,4.3829e-09,1.22264e-08,-0.00958738
1.75656e+09,0.00336931,3.67084e-10,7.00064e-10,-0.0102172,5.09982e-09,1.67202e-08,-0.00639159
1.75656e+09,0.00344221,3.81691e-10,7.57472e-10,-0.0102355,4.07281e-09,1.67202e-08,-0.00532632
1.75656e+09,0.003238,3.95453e-10,8.13549e-10,-0.0102113,4.07281e-09,1.73609e-08,0.00745685
1.75656e+09,0.0033177,4.09532e-10,8.68881e-10,-0.010176,4.07281e-09,1.67202e-08,0.0106526
1.75656e+09,0.00331617,4.23542e-10,9.18333e-10,-0.0101371,4.07281e-09,1.49546e-08,0.0117179
1.75656e+09,0.00323795,4.37175e-10,9.62272e-10,-0.0100992,4.07281e-09,1.3612e-08,0.0117179
1.75656e+09,0.00331696,4.46705e-10,1.00354e-09,-0.0100603,2.74719e-09,1.24712e-08,0.0117179
1.75656e+09,0.00342416,4.56527e-10,1.04475e-09,-0.0100202,2.74719e-09,1.2061e-08,0.0117179
1.75656e+09,0.00336079,4.66165e-10,1.08519e-09,-0.00998083,2.74719e-09,1.2061e-08,0.0117179
1.75656e+09,0.00338477,4.86915e-10,1.12581e-09,-0.00995198,6.01016e-09,1.2061e-08,0.00852211
1.75656e+09,0.00342056,5.09866e-10,1.1601e-09,-0.00993376,6.60973e-09,1.00926e-08,0.00532632
1.75656e+09,0.00319309,5.31231e-10,1.18607e-09,-0.00991676,6.60973e-09,8.19752e-09,0.00532632
1.75656e+09,0.00334184,5.41575e-10,1.20677e-09,-0.00990608,3.034e-09,6.22575e-09,0.00319579
1.75656e+09,0.00325576,5.5163e-10,1.22456e-09,-0.00989914,3.034e-09,5.49536e-09,0.00213053
1.75656e+09,0.00325557,5.61647e-10,1.23858e-09,-0.00991995,3.034e-09,4.33695e-09,-0.00639159
1.75656e+09,0.00337676,5.72076e-10,1.25704e-09,-0.00994513,3.034e-09,5.49536e-09,-0.00745685
1.75656e+09,0.0134482,6.23074e-10,1.31486e-09,-0.0100454,3.74929e-09,4.33695e-09,-0.00745685
1.75656e+09,0.00318369,6.35186e-10,1.33223e-09,-0.0100827,3.74929e-09,5.49536e-09,-0.0117179
1.75656e+09,0.0032091,6.47401e-10,1.35031e-09,-0.0101477,3.74929e-09,5.67048e-09,-0.02024
1.75656e+09,0.00337595,6.60252e-10,1.36932e-09,-0.010216,3.74929e-09,5.67048e-09,-0.02024
1.75656e+09,0.00361583,6.71702e-10,1.37467e-09,-0.0102892,3.15139e-09,1.51248e-09,-0.02024
1.75656e+09,0.00318497,6.78688e-10,1.37942e-09,-0.0103536,2.17795e-09,1.51248e-09,-0.02024
1.75656e+09,0.00352136,6.80895e-10,1.38472e-09,-0.0104174,6.11243e-10,1.51248e-09,-0.0181095
1.75656e+09,0.00310154,6.8284e-10,1.38939e-09,-0.0104637,6.11243e-10,1.51248e-09,-0.0149137
1.75656e+09,0.00346545,6.85064e-10,1.39955e-09,-0.0105154,6.11243e-10,2.93848e-09,-0.0149137
1.75656e+09,0.00318089,6.90242e-10,1.42007e-09,-0.0105323,1.55966e-09,6.46595e-09,-0.00532632
1.75656e+09,0.00355627,6.9603e-10,1.443e-09,-0.0105512,1.55966e-09,6.46595e-09,-0.00532632
1.75656e+09,0.00327448,7.02419e-10,1.45256e-09,-0.0105443,1.92038e-09,2.93848e-09,0.00213053
1.75656e+09,0.00323181,7.07444e-10,1.45106e-09,-0.0105133,1.55966e-09,-4.47634e-10,0.00958738
1.75656e+09,0.00346057,7.12769e-10,1.44945e-09,-0.0104432,1.54346e-09,-4.47634e-10,0.02024
1.75656e+09,0.0033543,7.1793e-10,1.4479e-09,-0.0103753,1.54346e-09,-4.47634e-10,0.02024
1.75656e+09,0.0032255,7.22943e-10,1.4512e-09,-0.0103101,1.54346e-09,1.03905e-09,0.02024
1.75656e+09,0.00340219,7.26219e-10,1.45887e-09,-0.0102412,9.39447e-10,2.26606e-09,0.02024
1.75656e+09,0.00349961,7.26169e-10,1.4668e-09,-0.0101853,-3.73139e-11,2.26606e-09,0.015979
1.75656e+09,0.0034007,7.26133e-10,1.47571e-09,-0.0101346,-3.73139e-11,2.61779e-09,0.0149137
1.75656e+09,0.00298618,7.26053e-10,1.47881e-09,-0.0100964,-3.73139e-11,1.03905e-09,0.0127832
1.75656e+09,0.00342595,7.25807e-10,1.46706e-09,-0.0100562,-3.73139e-11,-3.43088e-09,0.0117179
1.75656e+09,0.00313728,7.31985e-10,1.44906e-09,-0.0100295,2.0269e-09,-5.71693e-09,0.00852211
1.75656e+09,0.00346265,7.47559e-10,1.42911e-09,-0.0100148,4.55543e-09,-5.71693e-09,0.00426106
1.75656e+09,0.00344161,7.54328e-10,1.40834e-09,-0.0100184,2.0269e-09,-6.01368e-09,-0.00106526
1.75656e+09,0.00343655,7.58872e-10,1.38763e-09,-0.0100294,1.38258e-09,-6.01368e-09,-0.00319579
1.75656e+09,0.00306196,7.64902e-10,1.37006e-09,-0.0100718,2.0269e-09,-5.71693e-09,-0.0138484
1.75656e+09,0.00322037,7.7424e-10,1.3625e-09,-0.0101267,2.92325e-09,-2.31874e-09,-0.0170442
1.75656e+09,0.00349613,7.79021e-10,1.35726e-09,-0.0101863,1.38258e-09,-1.48437e-09,-0.0170442
1.75656e+09,0.00358004,7.83934e-10,1.35366e-09,-0.0102587,1.38258e-09,-9.92002e-10,-0.02024
1.75656e+09,0.00308678,7.82816e-10,1.35911e-09,-0.0103114,-3.80332e-10,1.76096e-09,-0.0170442
1.75656e+09,0.00339031,7.81605e-10,1.36666e-09,-0.0103872,-3.80332e-10,2.22312e-09,-0.0223706
1.75656e+09,0.00329732,7.80415e-10,1.37282e-09,-0.0104574,-3.80332e-10,1.86619e-09,-0.0213053
1.75656e+09,0.00337798,7.92563e-10,1.38052e-09,-0.0105294,3.57245e-09,2.31468e-09,-0.0213053
1.75656e+09,0.00339343,8.04873e-10,1.39816e-09,-0.0105764,3.57245e-09,5.23677e-09,-0.0138484
1.75656e+09,0.00318768,8.16525e-10,1.42311e-09,-0.0106206,3.57245e-09,7.866e-09,-0.0138484
1.75656e+09,0.00345076,8.29291e-10,1.46436e-09,-0.0106683,3.57245e-09,1.1991e-08,-0.0138484
1.75656e+09,0.00353647,8.3657e-10,1.50669e-09,-0.0106759,1.93029e-09,1.1991e-08,-0.00213053
1.75656e+09,0.00334339,8.41902e-10,1.52414e-09,-0.010683,1.53906e-09,5.23677e-09,-0.00213053
1.75656e+09,0.00314683,8.46887e-10,1.53735e-09,-0.0106897,1.53906e-09,4.21473e-09,-0.00213053
1.75656e+09,0.0032838,8.52062e-10,1.54866e-09,-0.0106827,1.53906e-09,3.46213e-09,0.00213053
1.75656e+09,0.00345672,8.51994e-10,1.53898e-09,-0.0106717,1.0269e-11,-2.80076e-09,0.00319579
1.75656e+09,0.00314035,8.51909e-10,1.528e-09,-0.0106583,1.0269e-11,-3.49791e-09,0.00426106
1.75656e+09,0.00356512,8.48628e-10,1.51253e-09,-0.0106279,-8.74054e-10,-4.34807e-09,0.00852211
1.75656e+09,0.0031428,8.45672e-10,1.49289e-09,-0.0106011,-8.74054e-10,-6.25798e-09,0.00852211
1.75656e+09,0.00314208,8.4723e-10,1.47321e-09,-0.0105609,5.62296e-10,-6.25798e-09,0.0127832
1.75656e+09,0.00360735,8.4902e-10,1.45062e-09,-0.0105148,5.62296e-10,-6.25798e-09,0.0127832
1.75656e+09,0.00318582,8.46026e-10,1.43071e-09,-0.0104775,-8.74054e-10,-6.25798e-09,0.0117179
1.75656e+09,0.00354114,8.46084e-10,1.40855e-09,-0.0104398,8.18585e-11,-6.25798e-09,0.0106526
1.75656e+09,0.00323584,8.44194e-10,1.38019e-09,-0.0104053,-4.92559e-10,-8.76955e-09,0.0106526
1.75656e+09,0.00345366,8.3206e-10,1.35003e-09,-0.0103832,-3.4221e-09,-8.76955e-09,0.00639159
1.75656e+09,0.0032055,8.3018e-10,1.32098e-09,-0.010373,-4.92559e-10,-9.06713e-09,0.00319579
1.75656e+09,0.00333713,8.30294e-10,1.3057e-09,-0.0103623,8.18585e-11,-4.57872e-09,0.00319579
1.75656e+09,0.00351377,8.40004e-10,1.28028e-09,-0.0103998,2.8381e-09,-7.20577e-09,-0.0106526
1.75656e+09,0.00313437,8.48717e-10,1.26267e-09,-0.0104365,2.8381e-09,-5.58765e-09,-0.0117179
1.75656e+09,0.00332898,8.629e-10,1.24392e-09,-0.0104755,4.31903e-09,-5.58765e-09,-0.0117179
1.75656e+09,0.00341959,8.77505e-10,1.22811e-09,-0.0105265,4.31903e-09,-4.57872e-09,-0.0149137
1.75656e+09,0.00331075,8.95755e-10,1.23831e-09,-0.0105759,5.47985e-09,3.13852e-09,-0.0149137
1.75656e+09,0.00354178,9.15427e-10,1.26309e-09,-0.0106249,5.47985e-09,7.05578e-09,-0.0138484
1.75656e+09,0.00345703,9.34629e-10,1.28728e-09,-0.0106765,5.47985e-09,7.05578e-09,-0.0149137
1.75656e+09,0.00287835,9.38694e-10,1.31449e-09,-0.0107163,1.3112e-09,9.46611e-09,-0.0138484
1.75656e+09,0.00341222,9.40828e-10,1.34703e-09,-0.0107563,5.23216e-10,9.54372e-09,-0.0117179
1.75656e+09,0.00325491,9.42865e-10,1.37808e-09,-0.0107841,5.23216e-10,9.54372e-09,-0.00852211
1.75656e+09,0.00335117,9.44963e-10,1.41004e-09,-0.0108019,5.23216e-10,9.54372e-09,-0.00532632
1.75656e+09,0.00324518,9.58742e-10,1.44086e-09,-0.0108019,4.14313e-09,9.54372e-09,0
1.75656e+09,0.00337331,9.72958e-10,1.46295e-09,-0.0107803,4.14313e-09,6.59297e-09,0.00639159
1.75656e+09,0.00347684,9.87507e-10,1.47627e-09,-0.0107433,4.14313e-09,3.87649e-09,0.0106526
1.75656e+09,0.00344972,9.91119e-10,1.48217e-09,-0.0106955,1.02853e-09,1.72185e-09,0.0138484
1.75656e+09,0.00314909,9.87824e-10,1.47799e-09,-0.0106519,-1.03196e-09,-1.33931e-09,0.0138484
1.75656e+09,0.00340829,9.81409e-10,1.46438e-09,-0.0105757,-1.83956e-09,-4.01452e-09,0.0223706
1.75656e+09,0.00329877,9.71936e-10,1.46006e-09,-0.0105019,-2.85756e-09,-1.33931e-09,0.0223706
1.75656e+09,0.00335472,9.59021e-10,1.44672e-09,-0.0104411,-3.80795e-09,-4.01452e-09,0.0181095
1.75656e+09,0.00329181,9.46146e-10,1.41425e-09,-0.010385,-3.80795e-09,-9.90574e-09,0.0170442
1.75656e+09,0.00333073,9.36286e-10,1.38136e-09,-0.0103283,-2.85756e-09,-9.90574e-09,0.0170442
1.75656e+09,0.00325485,9.2853e-10,1.34622e-09,-0.0102832,-2.27139e-09,-1.08189e-08,0.0138484
1.75656e+09,0.00346334,9.20848e-10,1.30883e-09,-0.0102574,-2.10709e-09,-1.08189e-08,0.00745685
1.75656e+09,0.00330652,9.13584e-10,1.27992e-09,-0.0102609,-2.10709e-09,-8.76564e-09,-0.00106526
1.75656e+09,0.00341883,9.15647e-10,1.24993e-09,-0.0102645,6.93637e-10,-8.76564e-09,-0.00106526
1.75656e+09,0.00313379,9.17535e-10,1.222e-09,-0.0102879,6.93637e-10,-8.90631e-09,-0.00745685
1.75656e+09,0.0035152,9.20357e-10,1.19115e-09,-0.0103216,8.93174e-10,-8.76564e-09,-0.00958738
1.75656e+09,0.00395413,9.1595e-10,1.16803e-09,-0.0103721,-1.05424e-09,-5.85884e-09,-0.0127832
1.75656e+09,0.00264416,9.18076e-10,1.14532e-09,-0.0104059,8.93174e-10,-8.57904e-09,-0.0127832
1.75656e+09,0.00340292,9.21474e-10,1.12535e-09,-0.0104784,1.05959e-09,-5.85884e-09,-0.0213053
1.75656e+09,0.00319996,9.2468e-10,1.10772e-09,-0.0105568,1.05959e-09,-5.49668e-09,-0.0245011
1.75656e+09,0.00317148,9.21153e-10,1.09033e-09,-0.0106278,-1.05424e-09,-5.49668e-09,-0.0223706
1.75656e+09,0.00351613,9.24778e-10,1.08087e-09,-0.0107064,1.05959e-09,-2.68027e-09,-0.0223706
1.75656e+09,0.00340337,9.4058e-10,1.08449e-09,-0.0107898,4.63127e-09,1.11429e-09,-0.0245011
1.75656e+09,0.0033711,9.69046e-10,1.08755e-09,-0.0108652,8.43396e-09,1.00029e-09,-0.0223706
1.75656e+09,0.0031935,9.96135e-10,1.10165e-09,-0.0109095,8.43396e-09,4.506e-09,-0.0138484
1.75656e+09,0.00368379,1.02759e-09,1.13694e-09,-0.0109487,8.43396e-09,9.67222e-09,-0.0106526
1.75656e+09,0.00290493,1.04365e-09,1.16539e-09,-0.0109673,5.42181e-09,9.85372e-09,-0.00639159
1.75656e+09,0.0033667,1.06227e-09,1.19836e-09,-0.0109888,5.42181e-09,9.85372e-09,-0.00639159
1.75656e+09,0.00336916,1.0809e-09,1.23136e-09,-0.0110103,5.42181e-09,9.85372e-09,-0.00639159
1.75656e+09,0.00327647,1.09755e-09,1.26004e-09,-0.0110208,4.98595e-09,8.81053e-09,-0.00319579
1.75656e+09,0.00353547,1.11003e-09,1.29051e-09,-0.0110208,3.43436e-09,8.65651e-09,0
1.75656e+09,0.00321056,1.11045e-09,1.31492e-09,-0.0110037,4.52278e-11,7.60416e-09,0.00532632
1.75656e+09,0.00337659,1.1108e-09,1.33366e-09,-0.0109785,4.52278e-11,5.54936e-09,0.00745685
1.75656e+09,0.00328583,1.10937e-09,1.344e-09,-0.0109435,-4.71795e-10,3.1416e-09,0.0106526
1.75656e+09,0.00372097,1.10768e-09,1.35023e-09,-0.0108999,-4.71795e-10,1.66896e-09,0.0117179
1.75656e+09,0.00303613,1.10584e-09,1.35403e-09,-0.0108611,-6.20356e-10,1.24692e-09,0.0127832
1.75656e+09,0.00336892,1.10429e-09,1.35825e-09,-0.0108145,-4.71795e-10,1.24692e-09,0.0138484
1.75656e+09,0.00326249,1.10231e-09,1.36234e-09,-0.0107728,-6.20356e-10,1.24692e-09,0.0127832
1.75656e+09,0.00332293,1.09986e-09,1.36037e-09,-0.0107338,-7.32583e-10,-6.00906e-10,0.0117179
1.75656e+09,0.00323637,1.09778e-09,1.35413e-09,-0.0107166,-6.20356e-10,-1.9354e-09,0.00532632
1.75656e+09,0.00348114,1.10261e-09,1.34734e-09,-0.010698,1.40589e-09,-1.9354e-09,0.00532632
1.75656e+09,0.00322974,1.09922e-09,1.33376e-09,-0.0106877,-1.00447e-09,-4.21511e-09,0.00319579
1.75656e+09,0.00350375,1.09826e-09,1.31897e-09,-0.0106914,-2.28588e-10,-4.22353e-09,-0.00106526
1.75656e+09,0.00312297,1.09732e-09,1.29793e-09,-0.0106981,-2.28588e-10,-6.74047e-09,-0.00213053
1.75656e+09,0.00336375,1.09237e-09,1.28378e-09,-0.0107303,-1.42709e-09,-4.22353e-09,-0.00958738
1.75656e+09,0.00337337,1.0874e-09,1.26958e-09,-0.0107627,-1.42709e-09,-4.22353e-09,-0.00958738
1.75656e+09,0.00331506,1.08639e-09,1.24598e-09,-0.010798,-2.28588e-10,-7.12352e-09,-0.0106526
1.75656e+09,0.00338201,1.08126e-09,1.21806e-09,-0.010834,-1.42709e-09,-8.26888e-09,-0.0106526
1.75656e+09,0.00322105,1.08789e-09,1.19465e-09,-0.0108683,2.13731e-09,-7.2452e-09,-0.0106526
1.75656e+09,0.00350533,1.09503e-09,1.1625e-09,-0.0109169,2.13731e-09,-9.14958e-09,-0.0138484
1.75656e+09,0.00313892,1.07852e-09,1.12837e-09,-0.0109604,-5.14263e-09,-1.09298e-08,-0.0138484
1.75656e+09,0.00344013,1.05422e-09,1.08548e-09,-0.010997,-6.92526e-09,-1.25443e-08,-0.0106526
1.75656e+09,0.0033476,1.03187e-09,1.04914e-09,-0.0110327,-6.55604e-09,-1.09298e-08,-0.0106526
1.75656e+09,0.00336288,1.00942e-09,1.01263e-09,-0.0110685,-6.55604e-09,-1.09298e-08,-0.0106526
1.75656e+09,0.00360399,9.90477e-10,9.7551e-10,-0.011103,-5.14263e-09,-1.03562e-08,-0.00958738
1.75656e+09,0.00698137,9.55209e-10,9.03974e-10,-0.0111105,-4.93766e-09,-1.03022e-08,-0.00106526
1.75656e+09,0.000205858,9.54172e-10,9.02157e-10,-0.0111094,-4.93766e-09,-8.88205e-09,0.00532632
1.75656e+09,0.00248959,9.42005e-10,8.80178e-10,-0.0110908,-4.78891e-09,-8.88205e-09,0.00745685
1.75656e+09,0.00315128,9.26136e-10,8.52363e-10,-0.011064,-4.93766e-09,-8.88205e-09,0.00852211
1.75656e+09,0.00353102,9.05957e-10,8.29131e-10,-0.0110339,-5.64146e-09,-6.64222e-09,0.00852211
1.75656e+09,0.00317087,8.87196e-10,8.08659e-10,-0.0110068,-5.84511e-09,-6.521e-09,0.00852211
1.75656e+09,0.00351128,8.67158e-10,7.87895e-10,-0.0109769,-5.64146e-09,-5.97593e-09,0.00852211
1.75656e+09,0.00321491,8.48938e-10,7.80442e-10,-0.0109529,-5.64146e-09,-2.38055e-09,0.00745685
1.75656e+09,0.00330766,8.32607e-10,7.79791e-10,-0.0109353,-4.9348e-09,-2.50714e-10,0.00532632
1.75656e+09,0.00366548,8.49873e-10,7.78683e-10,-0.010908,4.71345e-09,-2.50714e-10,0.00745685
1.75656e+09,0.00309435,8.64449e-10,7.77749e-10,-0.0108915,4.71345e-09,-2.50714e-10,0.00532632
1.75656e+09,0.00332202,8.8012e-10,7.78825e-10,-0.0108809,4.71345e-09,3.75286e-10,0.00319579
1.75656e+09,0.00324754,8.92364e-10,7.71882e-10,-0.0108705,3.79322e-09,-2.09673e-09,0.00319579
1.75656e+09,0.00335076,8.98914e-10,7.64785e-10,-0.0108848,1.97768e-09,-2.09673e-09,-0.00426106
1.75656e+09,0.00340464,9.05593e-10,7.59807e-10,-0.0109211,1.97768e-09,-1.44052e-09,-0.0106526
1.75656e+09,0.00332818,9.122e-10,7.62023e-10,-0.0109565,1.97768e-09,6.87412e-10,-0.0106526
1.75656e+09,0.00336988,9.23272e-10,7.64218e-10,-0.0109924,3.27832e-09,6.87412e-10,-0.0106526
1.75656e+09,0.00329517,9.29873e-10,7.71807e-10,-0.0110275,1.97768e-09,2.32496e-09,-0.0106526
1.75656e+09,0.00345529,9.41288e-10,7.79715e-10,-0.0110643,3.27832e-09,2.32496e-09,-0.0106526
1.75656e+09,0.00343565,9.52639e-10,7.87578e-10,-0.0111009,3.27832e-09,2.32496e-09,-0.0106526
1.75656e+09,0.00344858,9.64166e-10,7.97498e-10,-0.0111377,3.31046e-09,2.9136e-09,-0.0106526
1.75656e+09,0.00306431,9.82813e-10,8.06219e-10,-0.011167,6.05313e-09,2.9136e-09,-0.00958738
1.75656e+09,0.00311305,1.00176e-09,8.15079e-10,-0.0112068,6.05313e-09,2.9136e-09,-0.0127832
1.75656e+09,0.00345764,1.01323e-09,8.17019e-10,-0.011251,3.31046e-09,5.98395e-10,-0.0127832
1.75656e+09,0.00325109,1.0151e-09,8.10261e-10,-0.0112787,5.98559e-10,-2.0723e-09,-0.00852211
1.75656e+09,0.00349265,9.98922e-10,7.98778e-10,-0.0112862,-4.59353e-09,-3.33966e-09,-0.00213053
1.75656e+09,0.0032889,9.83637e-10,7.83159e-10,-0.0112897,-4.59353e-09,-4.80125e-09,-0.00106526
1.75656e+09,0.00330115,9.75754e-10,7.67397e-10,-0.0112791,-2.33368e-09,-4.80125e-09,0.00319579
1.75656e+09,0.00334285,9.67773e-10,7.51436e-10,-0.0112471,-2.33368e-09,-4.80125e-09,0.00958738
1.75656e+09,0.0032766,9.49067e-10,7.40703e-10,-0.0112157,-5.67172e-09,-3.33966e-09,0.00958738
1.75656e+09,0.00337763,9.33881e-10,7.24656e-10,-0.0111797,-4.44247e-09,-4.80125e-09,0.0106526
1.75656e+09,0.00336264,9.1878e-10,7.10184e-10,-0.0111403,-4.44247e-09,-4.35355e-09,0.0117179
1.75656e+09,0.00350115,9.03037e-10,6.93289e-10,-0.0110993,-4.44247e-09,-4.87537e-09,0.0117179
1.75656e+09,0.00338634,8.93289e-10,6.78654e-10,-0.0110524,-2.83044e-09,-4.35355e-09,0.0138484
1.75656e+09,0.00320817,8.88877e-10,6.64735e-10,-0.0110148,-1.32713e-09,-4.35355e-09,0.0117179
1.75656e+09,0.00321691,8.87641e-10,6.55347e-10,-0.0109771,-3.52024e-10,-2.92222e-09,0.0117179
1.75656e+09,0.00342913,8.82981e-10,6.45377e-10,-0.0109479,-1.32713e-09,-2.92222e-09,0.00852211
1.75656e+09,0.00333443,8.78456e-10,6.36269e-10,-0.0109265,-1.32713e-09,-2.74614e-09,0.00639159
1.75656e+09,0.0032686,8.79841e-10,6.37647e-10,-0.0109196,4.19278e-10,4.26218e-10,0.00213053
1.75656e+09,0.00341464,9.0357e-10,6.38844e-10,-0.0109159,6.94485e-09,4.26218e-10,0.00106526
1.75656e+09,0.00336939,9.27115e-10,6.52039e-10,-0.0109267,6.94485e-09,3.99221e-09,-0.00319579
1.75656e+09,0.00316563,9.49237e-10,6.64436e-10,-0.0109368,6.94485e-09,3.99221e-09,-0.00319579
1.75656e+09,0.00348701,9.52361e-10,6.79838e-10,-0.0109628,8.47712e-10,4.42656e-09,-0.00745685
1.75656e+09,0.00324413,9.55269e-10,6.94167e-10,-0.0110078,8.47712e-10,4.42656e-09,-0.0138484
1.75656e+09,0.00335978,9.5828e-10,7.09007e-10,-0.011065,8.47712e-10,4.42656e-09,-0.0170442
1.75656e+09,0.00327545,9.663e-10,7.32257e-10,-0.0111243,2.36983e-09,7.12486e-09,-0.0181095
1.75656e+09,0.00340989,9.74651e-10,7.56461e-10,-0.0111897,2.36983e-09,7.12486e-09,-0.0191748
1.75656e+09,0.0033948,9.87886e-10,7.80502e-10,-0.0112548,3.81906e-09,7.12486e-09,-0.0191748
1.75656e+09,0.00312751,9.95562e-10,8.03978e-10,-0.0113148,2.36983e-09,7.5335e-09,-0.0191748
1.75656e+09,0.00348085,1.00429e-09,8.45947e-10,-0.0113778,2.36983e-09,1.20849e-08,-0.0181095
1.75656e+09,0.00337487,1.00566e-09,8.72832e-10,-0.011421,3.14857e-10,7.97016e-09,-0.0127832
1.75656e+09,0.00323789,1.01966e-09,9.11091e-10,-0.0114624,4.18871e-09,1.18647e-08,-0.0127832
1.75656e+09,0.00337048,1.02245e-09,9.51051e-10,-0.0114875,6.94207e-10,1.18647e-08,-0.00745685
1.75656e+09,0.00332376,1.03648e-09,9.917e-10,-0.0115087,4.07782e-09,1.22774e-08,-0.00639159
1.75656e+09,0.00338846,1.05087e-09,1.04148e-09,-0.0115268,4.07782e-09,1.47399e-08,-0.00532632
1.75656e+09,0.00332497,1.0679e-09,1.0903e-09,-0.0115303,4.95195e-09,1.47399e-08,-0.00106526
1.75656e+09,0.00327772,1.08477e-09,1.13842e-09,-0.0115059,4.97791e-09,1.47399e-08,0.00745685
1.75656e+09,0.0033505,1.10198e-09,1.18482e-09,-0.0114738,4.97791e-09,1.39067e-08,0.00958738
1.75656e+09,0.00331947,1.11897e-09,1.22531e-09,-0.0114384,4.97791e-09,1.22549e-08,0.0106526
1.75656e+09,0.00335243,1.13292e-09,1.23511e-09,-0.0114027,4.1267e-09,2.97139e-09,0.0106526
1.75656e+09,0.00336248,1.12176e-09,1.24239e-09,-0.0113704,-3.34146e-09,2.12716e-09,0.00958738
1.75656e+09,0.00325855,1.11086e-09,1.24098e-09,-0.0113357,-3.34146e-09,-4.70581e-10,0.0106526
1.75656e+09,0.0035313,1.09896e-09,1.23246e-09,-0.0112981,-3.34146e-09,-2.45101e-09,0.0106526
1.75656e+09,0.0031428,1.09594e-09,1.21469e-09,-0.0112613,-8.97281e-10,-5.66366e-09,0.0117179
1.75656e+09,0.00348312,1.09259e-09,1.1949e-09,-0.0112205,-8.97281e-10,-5.69404e-09,0.0117179
1.75656e+09,0.00324769,1.08937e-09,1.16764e-09,-0.0111824,-8.97281e-10,-8.40227e-09,0.0117179
1.75656e+09,0.00321012,1.08476e-09,1.14072e-09,-0.0111585,-1.3431e-09,-8.40227e-09,0.00745685
1.75656e+09,0.00333448,1.07995e-09,1.11136e-09,-0.0111407,-1.3431e-09,-8.82205e-09,0.00532632
1.75656e+09,0.0034584,1.07497e-09,1.0809e-09,-0.0111407,-1.3431e-09,-8.82205e-09,0
1.75656e+09,0.00311406,1.07274e-09,1.07313e-09,-0.011144,-6.87546e-10,-2.50342e-09,-0.00106526
1.75656e+09,0.00371491,1.07539e-09,1.06769e-09,-0.0111638,7.2819e-10,-1.45629e-09,-0.00532632
1.75656e+09,0.00342181,1.08416e-09,1.07061e-09,-0.0111821,2.55337e-09,8.83366e-10,-0.00532632
1.75656e+09,0.00293507,1.09446e-09,1.08978e-09,-0.0111977,3.43669e-09,6.56901e-09,-0.00532632
1.75656e+09,0.003525,1.11018e-09,1.11473e-09,-0.0112352,4.37919e-09,7.12743e-09,-0.0106526
1.75656e+09,0.00323601,1.13431e-09,1.14028e-09,-0.0112938,7.36871e-09,7.97962e-09,-0.0181095
1.75656e+09,0.00334856,1.15937e-09,1.17403e-09,-0.0113723,7.36871e-09,1.01625e-08,-0.0234358
1.75656e+09,0.00341982,1.18503e-09,1.21472e-09,-0.0114525,7.36871e-09,1.19831e-08,-0.0234358
1.75656e+09,0.00364717,1.19598e-09,1.2583e-09,-0.0115263,2.86552e-09,1.19831e-08,-0.02024
1.75656e+09,0.00298623,1.20489e-09,1.28855e-09,-0.0115804,2.86552e-09,1.01625e-08,-0.0181095
1.75656e+09,0.0033731,1.21381e-09,1.307e-09,-0.0116271,2.5822e-09,5.49821e-09,-0.0138484
1.75656e+09,0.00316085,1.22216e-09,1.32263e-09,-0.0116574,2.5822e-09,4.9776e-09,-0.00958738
1.75656e+09,0.00362816,1.23165e-09,1.33362e-09,-0.0116883,2.5822e-09,3.05822e-09,-0.00852211
1.75656e+09,0.00318634,1.23999e-09,1.34244e-09,-0.0116951,2.5822e-09,2.7974e-09,-0.00213053
1.75656e+09,0.00355713,1.24792e-09,1.32171e-09,-0.0116875,2.29873e-09,-5.79948e-09,0.00213053
1.75656e+09,0.00286628,1.22607e-09,1.30431e-09,-0.0116692,-7.55192e-09,-6.1606e-09,0.00639159
1.75656e+09,0.00339933,1.2e-09,1.27046e-09,-0.0116366,-7.55192e-09,-1.0047e-08,0.00958738
1.75656e+09,0.00362003,1.15591e-09,1.22718e-09,-0.0116019,-1.20396e-08,-1.20956e-08,0.00958738
1.75656e+09,0.00315083,1.11748e-09,1.18504e-09,-0.0115717,-1.20396e-08,-1.35153e-08,0.00958738
1.75656e+09,0.00334002,1.11114e-09,1.14471e-09,-0.0115397,-1.7611e-09,-1.20956e-08,0.00958738
1.75656e+09,0.00313428,1.10517e-09,1.10624e-09,-0.0115163,-1.7611e-09,-1.22955e-08,0.00745685
1.75656e+09,0.00339749,1.09871e-09,1.06454e-09,-0.0114946,-1.7611e-09,-1.22955e-08,0.00639159
1.75656e+09,0.00327019,1.09269e-09,1.02976e-09,-0.0114841,-1.71694e-09,-1.06542e-08,0.00319579
1.75656e+09,0.00354831,1.08601e-09,9.92032e-10,-0.0114766,-1.7611e-09,-1.06542e-08,0.00213053
1.75656e+09,0.00327486,1.07999e-09,9.57207e-10,-0.0114696,-1.71694e-09,-1.06542e-08,0.00213053
1.75656e+09,0.00340588,1.07372e-09,9.2099e-10,-0.0114696,-1.71694e-09,-1.06542e-08,0
1.75656e+09,0.00318674,1.06918e-09,8.87088e-10,-0.0114933,-1.30365e-09,-1.06542e-08,-0.00745685
1.75656e+09,0.00357776,1.04932e-09,8.54451e-10,-0.0115238,-5.44649e-09,-9.18541e-09,-0.00852211
1.75656e+09,0.00318179,1.04494e-09,8.34894e-10,-0.0115476,-1.30365e-09,-6.16194e-09,-0.00745685
1.75656e+09,0.0032349,1.0271e-09,8.15165e-10,-0.0115751,-5.44649e-09,-6.16194e-09,-0.00852211
1.75656e+09,0.00377819,1.0254e-09,8.06848e-10,-0.0116194,-4.22451e-10,-2.20645e-09,-0.0117179
1.75656e+09,0.00416164,1.02335e-09,7.81226e-10,-0.011677,-4.22451e-10,-6.16194e-09,-0.0138484
1.75656e+09,0.00212918,1.02237e-09,7.7421e-10,-0.0117156,-4.22451e-10,-3.3005e-09,-0.0181095
1.75656e+09,0.00342117,1.02091e-09,7.72981e-10,-0.0117848,-4.22451e-10,-3.64245e-10,-0.02024
1.75656e+09,0.00306072,1.02793e-09,7.67554e-10,-0.0118403,2.31548e-09,-1.74586e-09,-0.0181095
1.75656e+09,0.00360798,1.03619e-09,7.59495e-10,-0.0119056,2.31548e-09,-2.20652e-09,-0.0181095
1.75656e+09,0.00366116,1.04459e-09,7.53002e-10,-0.011929,2.31548e-09,-1.74586e-09,-0.00639159
1.75656e+09,0.00308495,1.05172e-09,7.51793e-10,-0.0119356,2.31548e-09,-3.64245e-10,-0.00213053
1.75656e+09,0.0033536,1.03971e-09,7.63866e-10,-0.0119391,-3.62501e-09,3.55686e-09,-0.00106526
1.75656e+09,0.00325581,1.02809e-09,7.79683e-10,-0.0119426,-3.62501e-09,4.8151e-09,-0.00106526
1.75656e+09,0.0031409,1.01832e-09,7.94924e-10,-0.0119292,-3.16797e-09,4.8151e-09,0.00426106
1.75656e+09,0.00346092,1.00751e-09,8.07364e-10,-0.0118887,-3.16797e-09,3.55686e-09,0.0117179
1.75656e+09,0.00337323,9.96947e-10,8.18198e-10,-0.0118348,-3.16797e-09,3.17433e-09,0.015979
1.75656e+09,0.00331088,9.86429e-10,8.15737e-10,-0.0117819,-3.16797e-09,-7.80908e-10,0.015979
1.75656e+09,0.00329588,9.75958e-10,8.13286e-10,-0.0117292,-3.16797e-09,-7.80908e-10,0.015979
1.75656e+09,0.00328166,9.78996e-10,8.10688e-10,-0.0116908,9.34952e-10,-7.80908e-10,0.0117179
1.75656e+09,0.00341084,9.82306e-10,8.17845e-10,-0.0116435,9.45839e-10,2.10965e-09,0.0138484
1.75656e+09,0.00319861,9.85409e-10,8.24558e-10,-0.011606,9.45839e-10,2.10965e-09,0.0117179
1.75656e+09,0.0033882,9.88697e-10,8.31668e-10,-0.0115808,9.45839e-10,2.10965e-09,0.00745685
1.75656e+09,0.00338839,9.91554e-10,8.2764e-10,-0.0115555,8.57061e-10,-1.17898e-09,0.00745685
1.75656e+09,0.0157367,1.00473e-09,8.02388e-10,-0.0115387,8.55809e-10,-1.59483e-09,0.00106526
1.75656e+09,0.000815933,1.00541e-09,8.01079e-10,-0.0115396,8.55809e-10,-1.59483e-09,-0.00106526
1.75656e+09,0.00329066,1.00804e-09,7.84315e-10,-0.0115606,8.55809e-10,-5.08491e-09,-0.00639159
1.75656e+09,0.00326592,1.01077e-09,7.79075e-10,-0.011592,8.55809e-10,-1.59483e-09,-0.00958738
1.75656e+09,0.00344154,1.0125e-09,7.73565e-10,-0.011636,5.21291e-10,-1.59483e-09,-0.0127832
1.75656e+09,0.00344978,1.00274e-09,7.68177e-10,-0.0116764,-2.81001e-09,-1.59483e-09,-0.0117179
1.75656e+09,0.00321028,9.93697e-10,7.65924e-10,-0.011714,-2.81001e-09,-7.34633e-10,-0.0117179
1.75656e+09,0.00338158,9.74765e-10,7.64607e-10,-0.0117572,-5.59353e-09,-4.54886e-10,-0.0127832
1.75656e+09,0.0034661,9.7548e-10,7.63022e-10,-0.0118015,2.11703e-10,-4.54886e-10,-0.0127832
1.75656e+09,0.00326227,9.76255e-10,7.70113e-10,-0.0118398,2.11703e-10,2.17622e-09,-0.0117179
1.75656e+09,0.00328916,9.77658e-10,7.81864e-10,-0.0118678,3.84392e-10,3.57746e-09,-0.00852211
1.75656e+09,0.00345043,9.7917e-10,7.97477e-10,-0.0118935,3.84392e-10,4.52986e-09,-0.00745685
1.75656e+09,0.0032938,9.9121e-10,8.13102e-10,-0.0119076,3.59858e-09,4.78696e-09,-0.00426106
1.75656e+09,0.00351627,1.00424e-09,8.44813e-10,-0.0119225,3.59858e-09,9.06167e-09,-0.00426106
1.75656e+09,0.00315053,1.00924e-09,8.81325e-10,-0.011936,1.44756e-09,1.16074e-08,-0.00426106
1.75656e+09,0.00330107,1.01447e-09,9.19582e-10,-0.0119254,1.44756e-09,1.16074e-08,0.00319579
1.75656e+09,0.00339914,1.01986e-09,9.58976e-10,-0.0118856,1.44756e-09,1.16074e-08,0.0117179
1.75656e+09,0.00320035,1.02492e-09,9.9473e-10,-0.0118344,1.44756e-09,1.11898e-08,0.015979
1.75656e+09,0.00328364,1.02866e-09,1.03143e-09,-0.011782,1.00673e-09,1.11898e-08,0.015979
1.75656e+09,0.00365981,1.03699e-09,1.07051e-09,-0.0117235,2.14911e-09,1.07039e-08,0.015979
1.75656e+09,0.00318667,1.05021e-09,1.10447e-09,-0.0116692,4.02472e-09,1.07039e-08,0.0170442
1.75656e+09,0.00515082,1.07159e-09,1.15936e-09,-0.0115814,4.02472e-09,1.07039e-08,0.0170442
1.75656e+09,0.00156127,1.07806e-09,1.17599e-09,-0.0115564,4.02472e-09,1.07039e-08,0.015979
1.75656e+09,0.0032014,1.09788e-09,1.21003e-09,-0.0115223,6.06596e-09,1.07039e-08,0.0106526
1.75656e+09,0.00318875,1.11761e-09,1.24392e-09,-0.0114884,6.06596e-09,1.06986e-08,0.0106526
1.75656e+09,0.00340152,1.12064e-09,1.27942e-09,-0.0114847,7.69742e-10,1.04456e-08,0.00106526
1.75656e+09,0.00343706,1.12668e-09,1.30808e-09,-0.0114884,1.66229e-09,8.35757e-09,-0.00106526
1.75656e+09,0.00335072,1.12561e-09,1.32623e-09,-0.0115134,-3.82758e-10,5.41296e-09,-0.00745685
1.75656e+09,0.00340378,1.12452e-09,1.34467e-09,-0.0115388,-3.82758e-10,5.41296e-09,-0.00745685
1.75656e+09,0.00308309,1.13001e-09,1.37681e-09,-0.0115716,1.66229e-09,1.04456e-08,-0.0106526
1.75656e+09,0.00357398,1.14856e-09,1.39615e-09,-0.0116249,5.12786e-09,5.47022e-09,-0.0149137
1.75656e+09,0.0032981,1.16569e-09,1.41399e-09,-0.0116741,5.12786e-09,5.47022e-09,-0.0149137
1.75656e+09,0.00331145,1.18308e-09,1.44914e-09,-0.0117235,5.12786e-09,1.06739e-08,-0.0149137
1.75656e+09,0.00329774,1.2004e-09,1.48414e-09,-0.0117762,5.12786e-09,1.06739e-08,-0.015979
1.75656e+09,0.00333569,1.21804e-09,1.52951e-09,-0.0118259,5.12786e-09,1.3662e-08,-0.0149137
1.75656e+09,0.00326984,1.23216e-09,1.58264e-09,-0.0118782,4.12635e-09,1.6301e-08,-0.015979
1.75656e+09,0.00354479,1.26561e-09,1.64408e-09,-0.0119348,9.22989e-09,1.74417e-08,-0.015979
1.75656e+09,0.00330851,1.29684e-09,1.70142e-09,-0.0119736,9.22989e-09,1.74417e-08,-0.0117179
1.75656e+09,0.00319455,1.33068e-09,1.75806e-09,-0.0120076,1.03818e-08,1.78559e-08,-0.0106526
1.75656e+09,0.00327314,1.3499e-09,1.81627e-09,-0.0120425,5.6585e-09,1.78559e-08,-0.0106526
1.75656e+09,0.015521,1.44098e-09,2.08591e-09,-0.0121417,5.6585e-09,1.74417e-08,-0.00639159
1.75656e+09,0.00111563,1.43991e-09,2.10329e-09,-0.0121453,-1.14499e-09,1.55655e-08,-0.00319579
1.75656e+09,0.0034446,1.43594e-09,2.10043e-09,-0.0121306,-1.14499e-09,-8.43588e-10,0.00426106
1.75656e+09,0.00319538,1.42844e-09,2.09667e-09,-0.0121067,-2.33082e-09,-1.20368e-09,0.00745685
1.75656e+09,0.00319978,1.41423e-09,2.07464e-09,-0.0120829,-4.35764e-09,-6.9392e-09,0.00745685
1.75656e+09,0.00359559,1.39789e-09,2.0444e-09,-0.0120484,-4.44376e-09,-8.46553e-09,0.00958738
1.75656e+09,0.00335596,1.37874e-09,2.01184e-09,-0.0120234,-5.58845e-09,-9.76832e-09,0.00745685
1.75656e+09,0.00322917,1.3593e-09,1.97873e-09,-0.0119924,-5.8963e-09,-1.03257e-08,0.00958738
1.75656e+09,0.0036962,1.33707e-09,1.94289e-09,-0.0119649,-5.8963e-09,-9.76832e-09,0.00745685
1.75656e+09,0.00320553,1.3178e-09,1.91181e-09,-0.011941,-5.8963e-09,-9.76832e-09,0.00745685
1.75656e+09,0.00303091,1.32337e-09,1.88852e-09,-0.0119313,1.92809e-09,-7.65945e-09,0.00319579
1.75656e+09,0.00348651,1.3298e-09,1.86424e-09,-0.0119276,1.92809e-09,-6.94144e-09,0.00106526
1.75656e+09,0.00327966,1.34752e-09,1.84882e-09,-0.0119415,5.45787e-09,-4.63774e-09,-0.00426106
1.75656e+09,0.00340696,1.35396e-09,1.83862e-09,-0.0119597,1.92809e-09,-2.97004e-09,-0.00532632
1.75656e+09,0.00326714,1.36652e-09,1.84029e-09,-0.0119771,3.83829e-09,5.56935e-10,-0.00532632
1.75656e+09,0.00339197,1.37973e-09,1.8561e-09,-0.0120241,3.83829e-09,4.70566e-09,-0.0138484
1.75656e+09,0.00322875,1.39231e-09,1.87114e-09,-0.0120688,3.83829e-09,4.70566e-09,-0.0138484
1.75656e+09,0.00333672,1.40405e-09,1.88846e-09,-0.012115,3.45715e-09,5.23307e-09,-0.0138484
1.75656e+09,0.00360701,1.41673e-09,1.90528e-09,-0.0121649,3.45715e-09,4.70566e-09,-0.0138484
1.75656e+09,0.00325606,1.41698e-09,1.91801e-09,-0.0121962,2.83878e-11,3.91011e-09,-0.00958738
1.75656e+09,0.00325439,1.41703e-09,1.91518e-09,-0.0122274,2.83878e-11,-8.70124e-10,-0.00958738
1.75656e+09,0.00319795,1.4182e-09,1.90431e-09,-0.012258,4.0674e-10,-3.39464e-09,-0.00958738
1.75656e+09,0.00346037,1.41946e-09,1.89255e-09,-0.0122912,4.0674e-10,-3.39464e-09,-0.00958738
1.75656e+09,0.00334253,1.42267e-09,1.8896e-09,-0.0123232,9.68963e-10,-8.70124e-10,-0.00958738
1.75656e+09,0.00340724,1.426e-09,1.89214e-09,-0.012345,9.68963e-10,7.58349e-10,-0.00639159
1.75656e+09,0.00318283,1.42733e-09,1.89454e-09,-0.012362,4.0674e-10,7.58349e-10,-0.00532632
1.75656e+09,0.00327868,1.43053e-09,1.89698e-09,-0.012348,9.68963e-10,7.58349e-10,0.00426106
1.75656e+09,0.00334356,1.43374e-09,1.89454e-09,-0.0123266,9.68963e-10,-7.20091e-10,0.00639159
1.75656e+09,0.00354102,1.4349e-09,1.87927e-09,-0.0122814,3.81365e-10,-4.307e-09,0.0127832
1.75656e+09,0.00321457,1.43587e-09,1.85782e-09,-0.0122403,3.81365e-10,-6.66742e-09,0.0127832
1.75656e+09,0.00340046,1.43011e-09,1.82042e-09,-0.0121896,-1.55772e-09,-1.10183e-08,0.0149137
1.75656e+09,0.00327718,1.42455e-09,1.78277e-09,-0.0121407,-1.55772e-09,-1.15085e-08,0.0149137
1.75656e+09,0.00335036,1.40705e-09,1.7402e-09,-0.0120907,-5.06802e-09,-1.27685e-08,0.0149137
1.75656e+09,0.00319704,1.3904e-09,1.70361e-09,-0.0120294,-5.06802e-09,-1.15085e-08,0.0191748
1.75656e+09,0.00335413,1.36723e-09,1.66693e-09,-0.0119651,-6.7758e-09,-1.10183e-08,0.0191748
1.75656e+09,0.00347205,1.34918e-09,1.62906e-09,-0.0119429,-5.06802e-09,-1.09678e-08,0.00639159
1.75656e+09,0.00325665,1.32669e-09,1.59361e-09,-0.0119429,-6.7758e-09,-1.09678e-08,0
1.75656e+09,0.0135938,1.23281e-09,1.44563e-09,-0.0119574,-6.7758e-09,-1.09678e-08,-0.00106526
1.75656e+09,0.00303955,1.22101e-09,1.41841e-09,-0.0119671,-3.77552e-09,-9.00109e-09,-0.00319579
1.75656e+09,0.00331956,1.20809e-09,1.38632e-09,-0.0120095,-3.77552e-09,-9.71125e-09,-0.0127832
1.75656e+09,0.00326005,1.1984e-09,1.35478e-09,-0.0120651,-2.85466e-09,-9.71125e-09,-0.0170442
1.75656e+09,0.00329361,1.18867e-09,1.3275e-09,-0.0121212,-2.85466e-09,-8.31681e-09,-0.0170442
1.75656e+09,0.00352314,1.1784e-09,1.31021e-09,-0.0121813,-2.85466e-09,-4.94231e-09,-0.0170442
1.75656e+09,0.00331402,1.16161e-09,1.29404e-09,-0.0122307,-5.00736e-09,-4.94231e-09,-0.0149137
1.75656e+09,0.00348385,1.1605e-09,1.27683e-09,-0.0122827,-2.58614e-10,-4.94231e-09,-0.0149137
1.75656e+09,0.00341034,1.15177e-09,1.26295e-09,-0.0123226,-2.50884e-09,-4.10181e-09,-0.0117179
1.75656e+09,0.00298435,1.14883e-09,1.25095e-09,-0.0123481,-9.36907e-10,-4.03211e-09,-0.00852211
1.75656e+09,0.00334336,1.144e-09,1.24143e-09,-0.0123694,-1.40953e-09,-2.86537e-09,-0.00639159
1.75656e+09,0.00342655,1.141e-09,1.2583e-09,-0.0123804,-9.36907e-10,4.91275e-09,-0.00319579
1.75656e+09,0.00346391,1.13797e-09,1.27599e-09,-0.0123841,-9.36907e-10,5.09553e-09,-0.00106526
1.75656e+09,0.00323605,1.13884e-09,1.2939e-09,-0.0123737,2.00808e-10,5.53629e-09,0.00319579
1.75656e+09,0.00348357,1.14837e-09,1.33638e-09,-0.0123626,2.58361e-09,1.22287e-08,0.00319579
1.75656e+09,0.00323021,1.16273e-09,1.37571e-09,-0.012342,4.2958e-09,1.22287e-08,0.00639159
1.75656e+09,0.00330839,1.17752e-09,1.42256e-09,-0.0123102,4.2958e-09,1.42148e-08,0.00958738
1.75656e+09,0.00362592,1.19576e-09,1.47388e-09,-0.0122755,4.85482e-09,1.42148e-08,0.00958738
1.75656e+09,0.00347524,1.21115e-09,1.51175e-09,-0.0122384,4.2958e-09,1.09515e-08,0.0106526
1.75656e+09,0.0026472,1.21935e-09,1.54064e-09,-0.0122102,2.96124e-09,1.09515e-08,0.0106526
1.75656e+09,0.00399412,1.23172e-09,1.58496e-09,-0.0121677,2.96124e-09,1.11314e-08,0.0106526
1.75656e+09,0.00284485,1.24775e-09,1.61643e-09,-0.0121374,5.49976e-09,1.11314e-08,0.0106526
1.75656e+09,0.00311415,1.2574e-09,1.6523e-09,-0.0121042,2.96124e-09,1.15548e-08,0.0106526
1.75656e+09,0.00338717,1.27657e-09,1.69692e-09,-0.0120717,5.49976e-09,1.32416e-08,0.00958738
1.75656e+09,0.00352931,1.29655e-09,1.74342e-09,-0.0120417,5.49976e-09,1.32416e-08,0.00852211
1.75656e+09,0.00337785,1.31163e-09,1.7947e-09,-0.0120273,4.28196e-09,1.52349e-08,0.00426106
1.75656e+09,0.00344857,1.32632e-09,1.84752e-09,-0.0120383,4.07511e-09,1.53656e-08,-0.00319579
1.75656e+09,0.00327731,1.34096e-09,1.8977e-09,-0.0120767,4.28196e-09,1.53656e-08,-0.0117179
1.75656e+09,0.00317279,1.35448e-09,1.94629e-09,-0.0121139,4.07511e-09,1.53656e-08,-0.0117179
1.75656e+09,0.00334405,1.36849e-09,1.97821e-09,-0.0121566,4.07511e-09,9.59473e-09,-0.0127832
1.75656e+09,0.00347748,1.38306e-09,2.01081e-09,-0.0122048,4.07511e-09,9.42296e-09,-0.0138484
1.75656e+09,0.00320375,1.3946e-09,2.0306e-09,-0.0122526,3.52681e-09,6.22319e-09,-0.0149137
1.75656e+09,0.00342632,1.40206e-09,2.0489e-09,-0.0123037,2.11095e-09,5.36482e-09,-0.0149137
1.75656e+09,0.00356745,1.41481e-09,2.06284e-09,-0.0123569,3.52681e-09,3.95177e-09,-0.0149137
1.75656e+09,0.00298642,1.41523e-09,2.05918e-09,-0.0124014,1.53873e-10,-1.22271e-09,-0.0149137
1.75656e+09,0.00341022,1.42065e-09,2.05909e-09,-0.0124486,1.59014e-09,-7.41236e-12,-0.0138484
1.75656e+09,0.00336798,1.41634e-09,2.05912e-09,-0.0124917,-1.27831e-09,-7.41236e-12,-0.0127832
1.75656e+09,0.00344698,1.41815e-09,2.05907e-09,-0.0125284,5.24657e-10,-7.41236e-12,-0.0106526
1.75656e+09,0.00360486,1.41636e-09,2.05906e-09,-0.0125476,-4.95378e-10,-7.41236e-12,-0.00532632
1.75656e+09,0.00335368,1.41506e-09,2.0875e-09,-0.0125512,-4.95378e-10,8.47217e-09,-0.00106526
1.75656e+09,0.0030084,1.41389e-09,2.113e-09,-0.0125384,-4.95378e-10,8.47217e-09,0.00426106
1.75656e+09,0.00314967,1.41266e-09,2.1397e-09,-0.0125249,-4.95378e-10,8.47217e-09,0.00426106
1.75656e+09,0.00316705,1.41143e-09,2.16655e-09,-0.0125114,-4.95378e-10,8.47217e-09,0.00426106
1.75656e+09,0.00351316,1.41006e-09,2.19634e-09,-0.0124965,-4.95378e-10,8.47217e-09,0.00426106
1.75656e+09,0.00319973,1.40862e-09,2.20726e-09,-0.012459,-4.95378e-10,3.40779e-09,0.0117179
1.75656e+09,0.00341964,1.40111e-09,2.21084e-09,-0.0124043,-2.20837e-09,1.01928e-09,0.015979
1.75656e+09,0.00319433,1.39404e-09,2.21005e-09,-0.0123533,-2.20837e-09,-2.72519e-10,0.015979
1.75656e+09,0.00338034,1.39172e-09,2.20916e-09,-0.0122993,-6.8387e-10,-2.72519e-10,0.015979
1.75656e+09,0.00345628,1.38893e-09,2.21272e-09,-0.0122514,-8.19765e-10,1.01928e-09,0.0138484
1.75656e+09,0.00336868,1.38649e-09,2.20197e-09,-0.0122048,-6.8387e-10,-3.1992e-09,0.0138484
1.75656e+09,0.0033876,1.38798e-09,2.18911e-09,-0.0121831,4.83724e-10,-3.79152e-09,0.00639159
1.75656e+09,0.00339659,1.38949e-09,2.17822e-09,-0.0121831,4.83724e-10,-3.1992e-09,0
1.75656e+09,0.00323259,1.39094e-09,2.16932e-09,-0.01219,4.83724e-10,-2.7477e-09,-0.00213053
1.75656e+09,0.00335177,1.39279e-09,2.16009e-09,-0.0122114,5.84356e-10,-2.7477e-09,-0.00639159
1.75656e+09,0.00336261,1.39472e-09,2.15702e-09,-0.0122258,5.84356e-10,-9.05232e-10,-0.00426106
1.75656e+09,0.00340643,1.39676e-09,2.16105e-09,-0.0122657,5.84356e-10,1.19036e-09,-0.0117179
1.75656e+09,0.00321045,1.3986e-09,2.15874e-09,-0.0123033,5.84356e-10,-7.11912e-10,-0.0117179
1.75656e+09,0.00335063,1.40091e-09,2.1627e-09,-0.0123497,6.72273e-10,1.19036e-09,-0.0138484
1.75656e+09,0.00346301,1.39863e-09,2.17299e-09,-0.0123976,-6.9468e-10,2.9623e-09,-0.0138484
1.75656e+09,0.0036616,1.40122e-09,2.18381e-09,-0.0124523,6.72273e-10,2.9623e-09,-0.0149137
1.75656e+09,0.00287724,1.40333e-09,2.19752e-09,-0.0124982,6.72273e-10,4.77394e-09,-0.015979
1.75656e+09,0.00337566,1.42038e-09,2.22726e-09,-0.0125558,4.94021e-09,8.87204e-09,-0.0170442
1.75656e+09,0.00322344,1.43897e-09,2.25562e-09,-0.0126107,5.65825e-09,8.87204e-09,-0.0170442
1.75656e+09,0.00334961,1.47189e-09,2.29063e-09,-0.0126607,9.69537e-09,1.05742e-08,-0.0149137
1.75656e+09,0.00334691,1.50489e-09,2.33358e-09,-0.0127106,9.69537e-09,1.29569e-08,-0.0149137
1.75656e+09,0.00335966,1.53809e-09,2.38249e-09,-0.0127285,9.69537e-09,1.46828e-08,-0.00532632
1.75656e+09,0.00321461,1.56271e-09,2.42938e-09,-0.0127387,7.4742e-09,1.46828e-08,-0.00319579
1.75656e+09,0.00330347,1.58613e-09,2.47759e-09,-0.0127352,6.90208e-09,1.46828e-08,0.00106526
1.75656e+09,0.00348674,1.60709e-09,2.51767e-09,-0.0127204,5.86477e-09,1.15689e-08,0.00426106
1.75656e+09,0.00349995,1.61698e-09,2.54557e-09,-0.0126943,2.72401e-09,8.0088e-09,0.00745685
1.75656e+09,0.00329718,1.62161e-09,2.56789e-09,-0.0126627,1.31805e-09,6.78458e-09,0.00958738
1.75656e+09,0.003506,1.62632e-09,2.57494e-09,-0.012629,1.31805e-09,2.02961e-09,0.00958738
1.75656e+09,0.00303255,1.63039e-09,2.58105e-09,-0.0126,1.31805e-09,2.02961e-09,0.00958738
1.75656e+09,0.00332702,1.63486e-09,2.58704e-09,-0.0125645,1.31805e-09,1.81763e-09,0.0106526
1.75656e+09,0.0034495,1.63724e-09,2.59328e-09,-0.0125057,6.685e-10,1.81763e-09,0.0170442
1.75656e+09,0.00325863,1.6394e-09,2.59217e-09,-0.0124502,6.685e-10,-3.30918e-10,0.0170442
1.75656e+09,0.00318549,1.6413e-09,2.57347e-09,-0.0123959,6.685e-10,-5.86199e-09,0.0170442
1.75656e+09,0.00344629,1.62976e-09,2.55341e-09,-0.0123629,-3.2769e-09,-5.86199e-09,0.00958738
1.75656e+09,0.00340154,1.61836e-09,2.53318e-09,-0.012352,-3.2769e-09,-5.98885e-09,0.00319579
1.75656e+09,0.00334169,1.61276e-09,2.51366e-09,-0.012352,-1.60488e-09,-5.86199e-09,0
1.75656e+09,0.00331381,1.60726e-09,2.49931e-09,-0.012359,-1.60488e-09,-4.35148e-09,-0.00213053
1.75656e+09,0.00326492,1.60974e-09,2.48659e-09,-0.0123799,8.07302e-10,-3.88598e-09,-0.00639159
1.75656e+09,0.00330849,1.61237e-09,2.48355e-09,-0.0124152,8.07302e-10,-9.08725e-10,-0.0106526
1.75656e+09,0.0034672,1.61513e-09,2.48036e-09,-0.0124558,8.07302e-10,-9.08725e-10,-0.0117179
1.75656e+09,0.00326301,1.61773e-09,2.47737e-09,-0.0124905,8.07302e-10,-9.08725e-10,-0.0106526
1.75656e+09,0.00325538,1.61288e-09,2.48764e-09,-0.0125391,-1.52926e-09,3.13589e-09,-0.0149137
1.75656e+09,0.00322494,1.6081e-09,2.50014e-09,-0.0125769,-1.52926e-09,3.85739e-09,-0.0117179
1.75656e+09,0.00355017,1.62707e-09,2.52938e-09,-0.0126261,5.23819e-09,8.3032e-09,-0.0138484
1.75656e+09,0.00330714,1.64862e-09,2.55805e-09,-0.0126683,6.40623e-09,8.75225e-09,-0.0127832
1.75656e+09,0.00322093,1.66585e-09,2.58603e-09,-0.0127095,5.23819e-09,8.75225e-09,-0.0127832
1.75656e+09,0.00334791,1.68767e-09,2.61505e-09,-0.0127487,6.40623e-09,8.75225e-09,-0.0117179
1.75656e+09,0.00340428,1.70587e-09,2.64399e-09,-0.0127814,5.23819e-09,8.56727e-09,-0.00958738
1.75656e+09,0.003246,1.71655e-09,2.67167e-09,-0.0127917,3.18141e-09,8.56727e-09,-0.00319579
1.75656e+09,0.00345586,1.72792e-09,2.70113e-09,-0.0127991,3.18141e-09,8.56727e-09,-0.00213053
1.75656e+09,0.00329857,1.73878e-09,2.72925e-09,-0.0127991,3.18141e-09,8.56727e-09,0
1.75656e+09,0.0034143,1.73945e-09,2.75186e-09,-0.0127736,1.11961e-10,6.6246e-09,0.00745685
1.75656e+09,0.00309653,1.7347e-09,2.75531e-09,-0.0127506,-1.54612e-09,1.0944e-09,0.00745685
1.75656e+09,0.00357955,1.72337e-09,2.75807e-09,-0.0127124,-3.17625e-09,7.28702e-10,0.0106526
1.75656e+09,0.00346908,1.71227e-09,2.75141e-09,-0.0126681,-3.17625e-09,-1.95892e-09,0.0127832
1.75656e+09,0.00307325,1.70227e-09,2.73319e-09,-0.0126288,-3.17625e-09,-5.96937e-09,0.0127832
1.75656e+09,0.0032085,1.6938e-09,2.71414e-09,-0.0125878,-2.56394e-09,-5.96937e-09,0.0127832
1.75656e+09,0.00329308,1.68511e-09,2.69459e-09,-0.0125387,-2.56394e-09,-5.96937e-09,0.0149137
1.75656e+09,0.00336602,1.67623e-09,2.67461e-09,-0.0124885,-2.56394e-09,-5.96937e-09,0.0149137
1.75656e+09,0.00328415,1.6676e-09,2.65772e-09,-0.0124535,-2.56394e-09,-5.17471e-09,0.0106526
1.75656e+09,0.00334162,1.66004e-09,2.64717e-09,-0.0124286,-2.22449e-09,-3.18584e-09,0.00745685
1.75656e+09,0.00350465,1.68313e-09,2.63572e-09,-0.0124062,6.62968e-09,-3.18584e-09,0.00639159
1.75656e+09,0.00402617,1.70973e-09,2.62834e-09,-0.0124147,6.62968e-09,-1.7504e-09,-0.00213053
1.75656e+09,0.00297567,1.7295e-09,2.63138e-09,-0.0124528,6.62968e-09,1.1035e-09,-0.0127832
1.75656e+09,0.0030776,1.72643e-09,2.63955e-09,-0.0124987,-1.02985e-09,2.64148e-09,-0.0149137
1.75656e+09,0.00334243,1.7231e-09,2.64842e-09,-0.0125521,-1.02985e-09,2.64148e-09,-0.015979
1.75656e+09,0.00314922,1.71996e-09,2.65678e-09,-0.0126024,-1.02985e-09,2.64148e-09,-0.015979
1.75656e+09,0.00339071,1.72395e-09,2.68802e-09,-0.0126566,1.06099e-09,9.22732e-09,-0.015979
1.75656e+09,0.00331652,1.74651e-09,2.72022e-09,-0.0127131,6.67724e-09,9.79648e-09,-0.0170442
1.75656e+09,0.00322547,1.7685e-09,2.75555e-09,-0.0127681,6.67724e-09,1.10368e-08,-0.0170442
1.75656e+09,0.00342513,1.78987e-09,2.79308e-09,-0.0128228,6.09998e-09,1.10368e-08,-0.015979
1.75656e+09,0.00325419,1.81035e-09,2.84214e-09,-0.0128506,6.09998e-09,1.51544e-08,-0.00852211
1.75656e+09,0.00342648,1.84373e-09,2.89364e-09,-0.0128798,9.54777e-09,1.51544e-08,-0.00852211
1.75656e+09,0.00333526,1.86473e-09,2.94391e-09,-0.0129011,6.09998e-09,1.51544e-08,-0.00639159
1.75656e+09,0.00341834,1.88609e-09,2.98335e-09,-0.0129229,6.09998e-09,1.16176e-08,-0.00639159
1.75656e+09,0.00346177,1.89722e-09,3.01711e-09,-0.012945,3.09018e-09,9.79236e-09,-0.00639159
1.75656e+09,0.00325839,1.9018e-09,3.03729e-09,-0.0129416,1.32605e-09,6.21117e-09,0.00106526
1.75656e+09,0.00320393,1.90631e-09,3.05714e-09,-0.0129382,1.32605e-09,6.21117e-09,0.00106526
1.75656e+09,0.00366479,1.91143e-09,3.07744e-09,-0.0129225,1.32605e-09,5.55632e-09,0.00426106
1.75656e+09,0.00303912,1.92002e-09,3.09421e-09,-0.0128837,2.75478e-09,5.55632e-09,0.0127832
1.75656e+09,0.00313561,1.92895e-09,3.11693e-09,-0.0128369,2.75478e-09,7.2805e-09,0.0149137
1.75656e+09,0.00329545,1.93837e-09,3.14311e-09,-0.0127878,2.75478e-09,7.98129e-09,0.0149137
1.75656e+09,0.00359801,1.94871e-09,3.17682e-09,-0.0127341,2.75478e-09,9.40359e-09,0.0149137
1.75656e+09,0.00346818,1.95868e-09,3.2093e-09,-0.0126824,2.75478e-09,9.40359e-09,0.0149137
1.75656e+09,0.0032825,1.95666e-09,3.23553e-09,-0.0126334,-7.16075e-10,7.98129e-09,0.0149137
1.75656e+09,0.00331232,1.95459e-09,3.25895e-09,-0.0125841,-7.16075e-10,7.06048e-09,0.0149137
1.75656e+09,0.00328852,1.95223e-09,3.25854e-09,-0.012535,-7.16075e-10,-1.32356e-10,0.0149137
1.75656e+09,0.0032212,1.94181e-09,3.24709e-09,-0.0125178,-3.18897e-09,-3.59428e-09,0.00532632
1.75656e+09,0.00336561,1.93093e-09,3.23513e-09,-0.0124999,-3.18897e-09,-3.59428e-09,0.00532632
1.75656e+09,0.00340964,1.91973e-09,3.20966e-09,-0.0124927,-3.18897e-09,-7.51173e-09,0.00213053
1.75656e+09,0.00332703,1.91884e-09,3.17906e-09,-0.0125033,-1.52356e-10,-9.19761e-09,-0.00319579
1.75656e+09,0.00329916,1.91782e-09,3.13762e-09,-0.0125138,-1.52356e-10,-1.25635e-08,-0.00319579
1.75656e+09,0.00360819,1.91671e-09,3.0923e-09,-0.0125446,-1.52356e-10,-1.25635e-08,-0.00852211
1.75656e+09,0.00335916,1.90264e-09,3.04388e-09,-0.0125947,-4.00778e-09,-1.44681e-08,-0.0149137
1.75656e+09,0.00307681,1.88961e-09,2.99952e-09,-0.0126406,-4.0519e-09,-1.44681e-08,-0.0149137
1.75656e+09,0.00320124,1.87605e-09,2.95337e-09,-0.0127054,-4.0519e-09,-1.44681e-08,-0.02024
1.75656e+09,0.00335983,1.86203e-09,2.9093e-09,-0.0127662,-4.00778e-09,-1.3169e-08,-0.0181095
1.75656e+09,0.00341691,1.84761e-09,2.86448e-09,-0.0128281,-4.0519e-09,-1.3169e-08,-0.0181095
1.75656e+09,0.00345512,1.8332e-09,2.83291e-09,-0.0128907,-4.0519e-09,-9.19062e-09,-0.0181095
1.75656e+09,0.00311524,1.82364e-09,2.79201e-09,-0.0129371,-2.90105e-09,-1.3169e-08,-0.0149137
1.75656e+09,0.00320517,1.81212e-09,2.74994e-09,-0.0129849,-3.42252e-09,-1.3169e-08,-0.0149137
1.75656e+09,0.00359713,1.79928e-09,2.70883e-09,-0.0130309,-3.42252e-09,-1.14764e-08,-0.0127832
1.75656e+09,0.0034107,1.78709e-09,2.66984e-09,-0.0130636,-3.42252e-09,-1.14764e-08,-0.00958738
1.75656e+09,0.00334915,1.77513e-09,2.63155e-09,-0.0130814,-3.42252e-09,-1.14764e-08,-0.00532632
1.75656e+09,0.00312138,1.76131e-09,2.60609e-09,-0.0130981,-4.31964e-09,-8.21518e-09,-0.00532632
1.75656e+09,0.0033057,1.74668e-09,2.57912e-09,-0.0131051,-4.31964e-09,-8.21518e-09,-0.00213053
1.75656e+09,0.00336019,1.72426e-09,2.53993e-09,-0.0131051,-6.5181e-09,-1.17507e-08,0
1.75656e+09,0.00328912,1.709e-09,2.49602e-09,-0.0130876,-4.4636e-09,-1.34105e-08,0.00532632
1.75656e+09,0.00344039,1.67092e-09,2.43689e-09,-0.0130619,-1.08426e-08,-1.73304e-08,0.00745685
1.75656e+09,0.00341531,1.62892e-09,2.37824e-09,-0.0130365,-1.20742e-08,-1.73304e-08,0.00745685
1.75656e+09,0.00314894,1.59019e-09,2.32417e-09,-0.013013,-1.20742e-08,-1.73304e-08,0.00745685
1.75656e+09,0.00345849,1.56122e-09,2.2646e-09,-0.0129872,-8.15074e-09,-1.73304e-08,0.00745685
1.75656e+09,0.0033581,1.53307e-09,2.2046e-09,-0.0129657,-8.15074e-09,-1.7975e-08,0.00639159
1.75656e+09,0.00349693,1.5097e-09,2.13489e-09,-0.0129471,-6.42413e-09,-2.00212e-08,0.00532632
1.75656e+09,0.00322437,1.48801e-09,2.06e-09,-0.0129299,-6.42413e-09,-2.33106e-08,0.00532632
1.75656e+09,0.00318882,1.47008e-09,1.98589e-09,-0.0129129,-5.32356e-09,-2.33106e-08,0.00532632
1.75656e+09,0.00328118,1.45162e-09,1.90964e-09,-0.012899,-5.32356e-09,-2.33106e-08,0.00426106
1.75656e+09,0.00326394,1.43347e-09,1.85377e-09,-0.0128955,-5.34093e-09,-1.71883e-08,0.00106526
1.75656e+09,0.00336053,1.40863e-09,1.80026e-09,-0.012917,-7.18533e-09,-1.60158e-08,-0.00639159
1.75656e+09,0.00337144,1.38993e-09,1.74651e-09,-0.0129637,-5.34093e-09,-1.60141e-08,-0.0138484
1.75656e+09,0.0033257,1.37154e-09,1.69833e-09,-0.0130133,-5.34093e-09,-1.45577e-08,-0.0149137
1.75656e+09,0.00341002,1.36046e-09,1.66056e-09,-0.0130641,-3.10407e-09,-1.11174e-08,-0.0149137
1.75656e+09,0.00318724,1.35834e-09,1.64915e-09,-0.0131116,-6.19176e-10,-3.58663e-09,-0.0149137
1.75656e+09,0.0033394,1.35636e-09,1.65557e-09,-0.0131721,-6.19176e-10,1.91278e-09,-0.0181095
1.75656e+09,0.00353651,1.35427e-09,1.66378e-09,-0.0132362,-6.19176e-10,2.31451e-09,-0.0181095
1.75656e+09,0.00315233,1.36714e-09,1.67091e-09,-0.0132933,4.05219e-09,2.31451e-09,-0.0181095
1.75656e+09,0.00343444,1.36512e-09,1.67888e-09,-0.0133554,-6.19176e-10,2.31451e-09,-0.0181095
1.75656e+09,0.00345798,1.35822e-09,1.67253e-09,-0.0134181,-1.97157e-09,-1.86265e-09,-0.0181095
1.75656e+09,0.00324385,1.35354e-09,1.66655e-09,-0.0134768,-1.417e-09,-1.86265e-09,-0.0181095
1.75656e+09,0.00322545,1.34884e-09,1.65695e-09,-0.0135352,-1.417e-09,-2.99686e-09,-0.0181095
1.75656e+09,0.00340372,1.34199e-09,1.64684e-09,-0.0135715,-1.97157e-09,-2.99686e-09,-0.0106526
1.75656e+09,0.00333178,1.33714e-09,1.63692e-09,-0.013607,-1.417e-09,-2.99686e-09,-0.0106526
1.75656e+09,0.00341502,1.33207e-09,1.62017e-09,-0.0136288,-1.417e-09,-4.92501e-09,-0.00639159
1.75656e+09,0.00331094,1.3269e-09,1.59121e-09,-0.0136359,-1.44173e-09,-8.76637e-09,-0.00213053
1.75656e+09,0.00335699,1.31572e-09,1.5574e-09,-0.013643,-3.19411e-09,-1.01181e-08,-0.00213053
1.75656e+09,0.00332503,1.30726e-09,1.52836e-09,-0.0136324,-2.42473e-09,-8.76637e-09,0.00319579
1.75656e+09,0.00326286,1.29896e-09,1.49987e-09,-0.013622,-2.42473e-09,-8.76637e-09,0.00319579
1.75656e+09,0.00329118,1.29067e-09,1.47761e-09,-0.0136114,-2.42473e-09,-6.79656e-09,0.00319579
1.75656e+09,0.00324498,1.2825e-09,1.45566e-09,-0.0135734,-2.42473e-09,-6.79656e-09,0.0117179
1.75656e+09,0.00347478,1.27383e-09,1.43706e-09,-0.0135327,-2.42473e-09,-5.38757e-09,0.0117179
1.75656e+09,0.00339944,1.25827e-09,1.41416e-09,-0.0134929,-4.48364e-09,-6.79656e-09,0.0117179
1.75656e+09,0.00326408,1.24334e-09,1.39218e-09,-0.013465,-4.48364e-09,-6.79656e-09,0.00852211
1.75656e+09,0.00321009,1.2286e-09,1.36662e-09,-0.0134377,-4.48364e-09,-8.02218e-09,0.00852211
1.75656e+09,0.00343407,1.2162e-09,1.34829e-09,-0.0134084,-3.54041e-09,-5.38757e-09,0.00852211
1.75656e+09,0.00323854,1.20438e-09,1.32246e-09,-0.0133912,-3.54041e-09,-8.02218e-09,0.00532632
1.75656e+09,0.003398,1.19199e-09,1.29537e-09,-0.0133803,-3.54041e-09,-8.02218e-09,0.00319579
1.75656e+09,0.00321462,1.17593e-09,1.26188e-09,-0.0134077,-4.85719e-09,-1.04815e-08,-0.00852211
1.75656e+09,0.00343931,1.14238e-09,1.21435e-09,-0.0134443,-9.56606e-09,-1.39503e-08,-0.0106526
1.75656e+09,0.00352788,1.10775e-09,1.1656e-09,-0.0134857,-9.63172e-09,-1.39503e-08,-0.0117179
1.75656e+09,0.0031185,1.07713e-09,1.12311e-09,-0.0135289,-9.63172e-09,-1.37544e-08,-0.0138484
1.75656e+09,0.00366149,1.04143e-09,1.07323e-09,-0.0135796,-9.56606e-09,-1.37544e-08,-0.0138484
1.75656e+09,0.00321232,1.0141e-09,1.05171e-09,-0.0136275,-8.415e-09,-6.81418e-09,-0.0149137
1.75656e+09,0.00320418,1.00202e-09,1.03004e-09,-0.0136753,-3.67746e-09,-6.81418e-09,-0.0149137
1.75656e+09,0.00346647,9.88954e-10,1.00659e-09,-0.0137307,-3.67746e-09,-6.81418e-09,-0.015979
1.75656e+09,0.00336048,9.85344e-10,9.83741e-10,-0.0137772,-9.80815e-10,-6.81418e-09,-0.0138484
1.75656e+09,0.00331564,9.85841e-10,9.62518e-10,-0.013809,2.38167e-10,-6.39816e-09,-0.00958738
1.75656e+09,0.00324922,9.86444e-10,9.50116e-10,-0.0138401,2.38167e-10,-3.81397e-09,-0.00958738
1.75656e+09,0.00336176,9.90765e-10,9.38267e-10,-0.0138509,1.33408e-09,-3.50651e-09,-0.00319579
1.75656e+09,0.00318479,9.97983e-10,9.3774e-10,-0.0138509,2.26847e-09,-1.34031e-10,0
1.75656e+09,0.0032787,1.00541e-09,9.37198e-10,-0.0138474,2.26847e-09,-1.34031e-10,0.00106526
1.75656e+09,0.00346677,1.00999e-09,9.33815e-10,-0.0138363,1.33408e-09,-9.57332e-10,0.00319579
1.75656e+09,0.00317788,1.01716e-09,9.30673e-10,-0.0138262,2.26847e-09,-9.57332e-10,0.00319579
1.75656e+09,0.00352435,1.01728e-09,9.27297e-10,-0.0138111,4.70529e-11,-9.57332e-10,0.00426106
1.75656e+09,0.00350845,9.98026e-10,9.23559e-10,-0.0137962,-5.47198e-09,-1.14131e-09,0.00426106
1.75656e+09,0.0030242,9.81426e-10,9.19943e-10,-0.0137704,-5.47198e-09,-1.27114e-09,0.00852211
1.75656e+09,0.00341475,9.84749e-10,9.15556e-10,-0.0137231,9.90591e-10,-1.27114e-09,0.0138484
1.75656e+09,0.00332214,9.81608e-10,9.14536e-10,-0.0136807,-9.41021e-10,-3.20137e-10,0.0127832
1.75656e+09,0.00352803,9.85087e-10,9.13359e-10,-0.0136356,9.90591e-10,-3.20137e-10,0.0127832
1.75656e+09,0.003335,9.89216e-10,9.19505e-10,-0.0135929,1.21277e-09,1.85958e-09,0.0127832
1.75656e+09,0.00339604,9.92725e-10,9.30104e-10,-0.0135495,9.90591e-10,3.13489e-09,0.0127832
1.75656e+09,0.00314154,9.97237e-10,9.39892e-10,-0.0135361,1.39406e-09,3.13489e-09,0.00426106
1.75656e+09,0.00336158,1.00207e-09,9.50366e-10,-0.0135325,1.39406e-09,3.13489e-09,0.00106526
1.75656e+09,0.00333449,1.00945e-09,9.6072e-10,-0.0135432,2.17303e-09,3.13489e-09,-0.00319579
1.75656e+09,0.00333044,1.01293e-09,9.68166e-10,-0.0135716,1.01265e-09,2.24969e-09,-0.00852211
1.75656e+09,0.00319155,1.01996e-09,9.75252e-10,-0.0136056,2.17303e-09,2.24969e-09,-0.0106526
1.75656e+09,0.00353498,1.03608e-09,9.93451e-10,-0.013647,4.49054e-09,5.20986e-09,-0.0117179
1.75656e+09,0.00324634,1.05098e-09,1.01704e-09,-0.0137058,4.49054e-09,7.32791e-09,-0.0181095
1.75656e+09,0.00414771,1.0701e-09,1.05303e-09,-0.0137809,4.49054e-09,8.74015e-09,-0.0181095
1.75656e+09,0.00233558,1.08325e-09,1.07512e-09,-0.0138307,5.49927e-09,9.53476e-09,-0.0213053
1.75656e+09,0.00335878,1.10219e-09,1.10895e-09,-0.0139022,5.49927e-09,1.01493e-08,-0.0213053
1.75656e+09,0.00349214,1.1105e-09,1.14428e-09,-0.0139655,2.23685e-09,1.01493e-08,-0.0181095
1.75656e+09,0.00339864,1.11858e-09,1.17867e-09,-0.0140198,2.23685e-09,1.01493e-08,-0.015979
1.75656e+09,0.00320822,1.12621e-09,1.21112e-09,-0.0140505,2.23685e-09,1.01493e-08,-0.00958738
1.75656e+09,0.00321981,1.13387e-09,1.2437e-09,-0.0140814,2.23685e-09,1.01493e-08,-0.00958738
1.75656e+09,0.00336799,1.15607e-09,1.28999e-09,-0.0141029,6.39548e-09,1.38355e-08,-0.00639159
1.75656e+09,0.00354921,1.17946e-09,1.33877e-09,-0.0141218,6.39548e-09,1.38355e-08,-0.00532632
1.75656e+09,0.00314326,1.20017e-09,1.38197e-09,-0.0141252,6.39548e-09,1.38355e-08,-0.00106526
1.75656e+09,0.00394716,1.21201e-09,1.41152e-09,-0.0141168,2.89306e-09,7.52806e-09,0.00213053
1.75656e+09,0.0026351,1.20815e-09,1.43119e-09,-0.0140887,-1.57038e-09,7.44348e-09,0.0106526
1.75656e+09,0.00323017,1.20337e-09,1.45253e-09,-0.0140233,-1.57038e-09,6.58628e-09,0.02024
1.75656e+09,0.0034881,1.19815e-09,1.47071e-09,-0.0139527,-1.57038e-09,5.18863e-09,0.02024
1.75656e+09,0.00347654,1.19568e-09,1.48714e-09,-0.0138824,-7.76893e-10,4.71655e-09,0.02024
1.75656e+09,0.00329706,1.19331e-09,1.50109e-09,-0.0138297,-7.76893e-10,4.21928e-09,0.015979
1.75656e+09,0.00353646,1.19155e-09,1.51587e-09,-0.0137769,-5.55029e-10,4.17219e-09,0.0149137
1.75656e+09,0.00312769,1.19137e-09,1.52596e-09,-0.013747,-1.0268e-10,3.22756e-09,0.00958738
1.75656e+09,0.00341853,1.19116e-09,1.53636e-09,-0.0137178,-1.0268e-10,3.0398e-09,0.00852211
1.75656e+09,0.00344519,1.19095e-09,1.54684e-09,-0.0136885,-1.0268e-10,3.0398e-09,0.00852211
1.75656e+09,0.00329406,1.19061e-09,1.54622e-09,-0.0136955,-1.0268e-10,-1.88301e-10,-0.00213053
1.75656e+09,0.00328653,1.19233e-09,1.54558e-09,-0.013713,5.2659e-10,-1.88301e-10,-0.00532632
1.75656e+09,0.00322636,1.19398e-09,1.54196e-09,-0.0137302,5.2659e-10,-1.11448e-09,-0.00532632
1.75656e+09,0.00354637,1.20254e-09,1.53789e-09,-0.0137566,2.42936e-09,-1.11448e-09,-0.00745685
1.75656e+09,0.00322518,1.21023e-09,1.52729e-09,-0.0137841,2.42936e-09,-3.25492e-09,-0.00852211
1.75656e+09,0.00322822,1.22025e-09,1.52355e-09,-0.013815,3.12029e-09,-1.11448e-09,-0.00958738
1.75656e+09,0.003082,1.22973e-09,1.51339e-09,-0.0138544,3.12029e-09,-3.25492e-09,-0.0127832
1.75656e+09,0.00339586,1.24017e-09,1.50219e-09,-0.0138979,3.12029e-09,-3.25492e-09,-0.0127832
1.75656e+09,0.00330078,1.24737e-09,1.47594e-09,-0.0139436,2.29257e-09,-7.9219e-09,-0.0138484
1.75656e+09,0.00362736,1.24434e-09,1.44724e-09,-0.0140093,-7.2632e-10,-7.9219e-09,-0.0181095
1.75656e+09,0.00319837,1.23721e-09,1.42019e-09,-0.0140672,-2.10888e-09,-8.48656e-09,-0.0181095
1.75656e+09,0.00329331,1.2299e-09,1.3942e-09,-0.0141163,-2.10888e-09,-7.9219e-09,-0.0149137
1.75656e+09,0.00337652,1.2224e-09,1.36756e-09,-0.014163,-2.10888e-09,-7.9219e-09,-0.0138484
1.75656e+09,0.00320319,1.2202e-09,1.34711e-09,-0.014204,-5.97568e-10,-6.39399e-09,-0.0127832
1.75656e+09,0.00334414,1.2179e-09,1.32576e-09,-0.0142432,-5.97568e-10,-6.39399e-09,-0.0117179
1.75656e+09,0.00376208,1.21531e-09,1.30173e-09,-0.0142712,-5.97568e-10,-6.39399e-09,-0.00745685
1.75656e+09,0.00304523,1.20416e-09,1.27483e-09,-0.0142712,-3.53324e-09,-8.88698e-09,0
1.75656e+09,0.00333268,1.18449e-09,1.23592e-09,-0.0142677,-5.73443e-09,-1.17573e-08,0.00106526
1.75656e+09,0.00319321,1.16011e-09,1.18619e-09,-0.0142643,-7.4125e-09,-1.56816e-08,0.00106526
1.75656e+09,0.00363277,1.13839e-09,1.12405e-09,-0.014214,-5.73443e-09,-1.71883e-08,0.0138484
1.75656e+09,0.00317459,1.11409e-09,1.06983e-09,-0.01417,-7.4125e-09,-1.71883e-08,0.0138484
1.75656e+09,0.00331923,1.08875e-09,1.01813e-09,-0.014124,-7.4125e-09,-1.56816e-08,0.0138484
1.75656e+09,0.00321238,1.07214e-09,9.7716e-10,-0.0140796,-4.98965e-09,-1.28255e-08,0.0138484
1.75656e+09,0.00345297,1.05437e-09,9.38913e-10,-0.0140317,-4.98965e-09,-1.11477e-08,0.0138484
1.75656e+09,0.00334511,1.03716e-09,9.01861e-10,-0.0139854,-4.98965e-09,-1.11477e-08,0.0138484
1.75656e+09,0.00343827,1.0194e-09,8.58724e-10,-0.0139451,-4.98965e-09,-1.26172e-08,0.0117179
1.75656e+09,0.00318396,1.00195e-09,8.2347e-10,-0.0139112,-5.3235e-09,-1.11477e-08,0.0106526
1.75656e+09,0.00551699,9.71732e-10,7.62383e-10,-0.0138583,-5.3235e-09,-1.11477e-08,0.00958738
1.75656e+09,0.00108961,9.76258e-10,7.54154e-10,-0.013856,4.25824e-09,-7.4934e-09,0.00213053
1.75656e+09,0.00355731,9.91303e-10,7.46639e-10,-0.0138522,4.25824e-09,-2.05391e-09,0.00106526
1.75656e+09,0.00306269,1.00426e-09,7.40168e-10,-0.0138685,4.25824e-09,-2.05391e-09,-0.00532632
1.75656e+09,0.00335284,1.01844e-09,7.33085e-10,-0.0138864,4.25824e-09,-2.05391e-09,-0.00532632
1.75656e+09,0.00340598,1.03284e-09,7.25888e-10,-0.0139081,4.25824e-09,-2.05391e-09,-0.00639159
1.75656e+09,0.00334624,1.03787e-09,7.17337e-10,-0.0139545,1.53916e-09,-2.53442e-09,-0.0138484
1.75656e+09,0.00337459,1.04295e-09,7.08712e-10,-0.0140012,1.53916e-09,-2.53442e-09,-0.0138484
1.75656e+09,0.00345693,1.04559e-09,6.99931e-10,-0.0140491,7.99311e-10,-2.5293e-09,-0.0138484
1.75656e+09,0.00328836,1.04812e-09,6.9328e-10,-0.0141016,7.99311e-10,-2.01168e-09,-0.015979
1.75656e+09,0.0040421,1.05827e-09,6.85004e-10,-0.0141662,2.53774e-09,-2.01168e-09,-0.015979
1.75656e+09,0.00271382,1.06507e-09,6.79448e-10,-0.0142038,2.53774e-09,-2.01168e-09,-0.0138484
1.75656e+09,0.0032511,1.0689e-09,6.81838e-10,-0.0142558,1.16644e-09,7.51638e-10,-0.015979
1.75656e+09,0.00323894,1.07271e-09,6.84218e-10,-0.0143006,1.16644e-09,7.51638e-10,-0.0138484
1.75656e+09,0.00337095,1.07636e-09,6.867e-10,-0.0143473,1.07067e-09,7.51638e-10,-0.0138484
1.75656e+09,0.00319818,1.07488e-09,6.859e-10,-0.014378,-4.59383e-10,-2.56767e-10,-0.00958738
1.75656e+09,0.00342681,1.07182e-09,6.85064e-10,-0.014378,-8.89259e-10,-2.56767e-10,0
1.75656e+09,0.00339905,1.06551e-09,6.75799e-10,-0.0143707,-1.8162e-09,-2.75196e-09,0.00213053
1.75656e+09,0.00337586,1.05907e-09,6.54209e-10,-0.0143383,-1.8162e-09,-6.42245e-09,0.00958738
1.75656e+09,0.00407371,1.04572e-09,6.27737e-10,-0.0142819,-3.18325e-09,-6.54433e-09,0.0138484
1.75656e+09,0.00257898,1.03727e-09,6.10979e-10,-0.0142435,-3.18325e-09,-6.54433e-09,0.0149137
1.75656e+09,0.00340836,1.01367e-09,5.89007e-10,-0.0141926,-6.83125e-09,-6.54433e-09,0.0149137
1.75656e+09,0.00314591,9.90338e-10,5.69132e-10,-0.0141457,-7.32693e-09,-6.42245e-09,0.0149137
1.75656e+09,0.00312859,9.67134e-10,5.49449e-10,-0.0140991,-7.32693e-09,-6.39567e-09,0.0149137
1.75656e+09,0.00358876,9.40518e-10,5.26869e-10,-0.0140455,-7.32693e-09,-6.39567e-09,0.0149137
1.75656e+09,0.00305222,9.17883e-10,5.07664e-10,-0.014,-7.32693e-09,-6.39567e-09,0.0149137
1.75656e+09,0.0034425,8.97423e-10,4.85931e-10,-0.0139487,-5.8545e-09,-6.39567e-09,0.0149137
1.75656e+09,0.00362123,8.82877e-10,4.56695e-10,-0.0139371,-3.90376e-09,-8.12888e-09,0.00319579
1.75656e+09,0.00319245,8.63716e-10,4.23013e-10,-0.0139439,-5.8545e-09,-1.06332e-08,-0.00213053
1.75656e+09,0.00326681,8.44108e-10,3.88546e-10,-0.0139578,-5.8545e-09,-1.06332e-08,-0.00426106
1.75656e+09,0.00340694,8.21685e-10,3.49065e-10,-0.0139869,-6.41906e-09,-1.16791e-08,-0.00852211
1.75656e+09,0.00319856,8.00633e-10,3.12e-10,-0.0140141,-6.41906e-09,-1.16791e-08,-0.00852211
1.75656e+09,0.00348875,7.77669e-10,2.71572e-10,-0.0140476,-6.41906e-09,-1.16791e-08,-0.00958738
1.75656e+09,0.00345287,7.60509e-10,2.35341e-10,-0.0140844,-4.82214e-09,-1.05618e-08,-0.0106526
1.75656e+09,0.00325008,7.50623e-10,2.08447e-10,-0.0141363,-2.92465e-09,-8.31696e-09,-0.015979
1.75656e+09,0.00309116,7.41334e-10,1.90884e-10,-0.0142021,-2.92465e-09,-5.72367e-09,-0.0213053
1.75656e+09,0.00364809,7.30795e-10,1.76085e-10,-0.0142799,-2.83095e-09,-4.09716e-09,-0.0213053
1.75656e+09,0.00322622,7.24698e-10,1.68852e-10,-0.0143383,-1.85766e-09,-2.26872e-09,-0.0181095
1.75656e+09,0.00309889,7.21082e-10,1.56206e-10,-0.0143944,-1.10827e-09,-4.09716e-09,-0.0181095
1.75656e+09,0.00338844,7.14677e-10,1.4861e-10,-0.0144558,-1.85766e-09,-2.26872e-09,-0.0181095
1.75656e+09,0.00346133,7.08243e-10,1.48233e-10,-0.0145111,-1.85723e-09,-1.35879e-10,-0.015979
1.75656e+09,0.00329182,7.02123e-10,1.47874e-10,-0.0145497,-1.85723e-09,-1.35879e-10,-0.0117179
1.75656e+09,0.00345846,6.93913e-10,1.43406e-10,-0.0145754,-2.3549e-09,-1.3263e-09,-0.00745685
1.75656e+09,0.00339092,6.85922e-10,1.43062e-10,-0.0145971,-2.3549e-09,-1.35879e-10,-0.00639159
1.75656e+09,0.00307988,6.80151e-10,1.39658e-10,-0.0146004,-1.85723e-09,-1.13245e-09,-0.00106526
1.75656e+09,0.00341283,6.82275e-10,1.35762e-10,-0.0145931,6.38994e-10,-1.13245e-09,0.00213053
1.75656e+09,0.00331124,6.84856e-10,1.32481e-10,-0.0145649,7.9379e-10,-9.79365e-10,0.00852211
1.75656e+09,0.00335066,6.87817e-10,1.53138e-10,-0.0145364,7.9379e-10,6.17726e-09,0.00852211
1.75656e+09,0.00341146,6.97666e-10,1.7407e-10,-0.0144964,2.79751e-09,6.17726e-09,0.0117179
1.75656e+09,0.0031917,7.00052e-10,1.97986e-10,-0.0144692,6.38994e-10,7.50314e-09,0.00852211
1.75656e+09,0.00339893,6.95558e-10,2.23556e-10,-0.0144402,-1.43114e-09,7.50314e-09,0.00852211
1.75656e+09,0.0033791,6.91088e-10,2.48977e-10,-0.014415,-1.43114e-09,7.50314e-09,0.00745685
1.75656e+09,0.00347905,6.95998e-10,2.63215e-10,-0.0143891,1.35201e-09,4.11225e-09,0.00745685
1.75656e+09,0.00356169,6.911e-10,2.77086e-10,-0.0143625,-1.43114e-09,3.8745e-09,0.00745685
1.75656e+09,0.0030717,6.86733e-10,2.79145e-10,-0.0143494,-1.43114e-09,6.49811e-10,0.00426106
1.75656e+09,0.00299342,6.90449e-10,2.70763e-10,-0.0143399,1.28169e-09,-2.78197e-09,0.00319579
1.75656e+09,0.00336869,6.94615e-10,2.60156e-10,-0.0143291,1.28169e-09,-3.13064e-09,0.00319579
1.75656e+09,0.00334825,6.90781e-10,2.50896e-10,-0.014322,-1.10553e-09,-2.78197e-09,0.00213053
1.75656e+09,0.00352012,6.86834e-10,2.47111e-10,-0.0143557,-1.10553e-09,-1.09115e-09,-0.00958738
1.75656e+09,0.00320494,6.85383e-10,2.38215e-10,-0.0143864,-4.12832e-10,-2.78197e-09,-0.00958738
1.75656e+09,0.00344603,6.81417e-10,2.27346e-10,-0.0144268,-1.10553e-09,-3.17017e-09,-0.0117179
1.75656e+09,0.00335918,6.70045e-10,2.1686e-10,-0.0144769,-3.34005e-09,-3.17017e-09,-0.0149137
1.75656e+09,0.00319,6.59211e-10,2.04584e-10,-0.0145245,-3.34005e-09,-3.897e-09,-0.0149137
1.75656e+09,0.00333166,6.56578e-10,1.91637e-10,-0.0145742,-7.33723e-10,-3.897e-09,-0.0149137
1.75656e+09,0.00338517,6.45563e-10,1.7629e-10,-0.0146102,-3.18767e-09,-4.58062e-09,-0.0106526
1.75656e+09,0.00331858,6.42933e-10,1.63012e-10,-0.0146385,-7.33723e-10,-4.01242e-09,-0.00852211
1.75656e+09,0.00330367,6.40321e-10,1.50174e-10,-0.0146632,-7.33723e-10,-3.897e-09,-0.00745685
1.75656e+09,0.00342159,6.53996e-10,1.62889e-10,-0.0146777,3.94167e-09,3.77441e-09,-0.00426106
1.75656e+09,0.00316657,6.67954e-10,1.84735e-10,-0.0146912,4.30614e-09,6.96288e-09,-0.00426106
1.75656e+09,0.00341014,6.93379e-10,2.18698e-10,-0.0146912,7.30863e-09,1.00678e-08,0
1.75656e+09,0.00337353,7.18531e-10,2.52296e-10,-0.0146661,7.30863e-09,1.00678e-08,0.00745685
1.75656e+09,0.00323622,7.42659e-10,2.84527e-10,-0.0146385,7.30863e-09,1.00678e-08,0.00852211
1.75656e+09,0.00341583,7.44871e-10,2.91791e-10,-0.0146021,6.16574e-10,2.13566e-09,0.0106526
1.75656e+09,0.00350147,7.44027e-10,2.97901e-10,-0.0145573,-2.66719e-10,1.7413e-09,0.0127832
1.75656e+09,0.00315914,7.33766e-10,3.03552e-10,-0.014517,-3.27346e-09,1.7413e-09,0.0127832
1.75656e+09,0.00327957,7.2796e-10,3.09347e-10,-0.014475,-1.7959e-09,1.7413e-09,0.0127832
1.75656e+09,0.00336274,7.15789e-10,3.17519e-10,-0.0144392,-3.65436e-09,2.37728e-09,0.0106526
1.75656e+09,0.0033211,7.03085e-10,3.25598e-10,-0.0144038,-3.85979e-09,2.37728e-09,0.0106526
1.75656e+09,0.00330331,6.90449e-10,3.33634e-10,-0.0143757,-3.85979e-09,2.37728e-09,0.00852211
1.75656e+09,0.00329392,6.80414e-10,3.27742e-10,-0.0143476,-3.02067e-09,-1.83242e-09,0.00852211
1.75656e+09,0.0034294,6.69966e-10,3.21607e-10,-0.014322,-3.02067e-09,-1.83242e-09,0.00745685
1.75656e+09,0.00341042,6.59942e-10,3.155e-10,-0.0142966,-2.91333e-09,-1.83242e-09,0.00745685
1.75656e+09,0.00335297,6.66236e-10,3.1127e-10,-0.0143109,1.89506e-09,-1.23469e-09,-0.00426106
1.75656e+09,0.00327924,6.72403e-10,3.07908e-10,-0.0143249,1.89506e-09,-9.98147e-10,-0.00426106
1.75656e+09,0.0033338,6.73044e-10,3.05448e-10,-0.0143426,2.02899e-10,-7.35277e-10,-0.00532632
1.75656e+09,0.00324111,6.84569e-10,3.1679e-10,-0.0143772,3.50523e-09,3.55006e-09,-0.0106526
1.75656e+09,0.00336169,6.98433e-10,3.28945e-10,-0.0144309,4.07195e-09,3.67477e-09,-0.015979
1.75656e+09,0.00330605,7.08462e-10,3.4095e-10,-0.0144943,2.98065e-09,3.67477e-09,-0.0191748
1.75656e+09,0.00339774,7.18919e-10,3.63638e-10,-0.014563,2.98065e-09,6.72116e-09,-0.02024
1.75656e+09,0.00335836,7.33033e-10,3.93651e-10,-0.0146382,4.07195e-09,8.99703e-09,-0.0223706
1.75656e+09,0.00330963,7.57699e-10,4.39405e-10,-0.0147052,7.24956e-09,1.39322e-08,-0.02024
1.75656e+09,0.00354842,7.98602e-10,4.88246e-10,-0.014777,1.13236e-08,1.39322e-08,-0.02024
1.75656e+09,0.00347779,8.38892e-10,5.49461e-10,-0.0148511,1.13236e-08,1.77708e-08,-0.0213053
1.75656e+09,0.0106841,9.62682e-10,7.37508e-10,-0.0150787,1.13236e-08,1.77708e-08,-0.0213053
1.75656e+09,0.0025043,9.86477e-10,7.81658e-10,-0.015124,9.23477e-09,1.77708e-08,-0.0181095
1.75656e+09,0.00310542,1.00213e-09,8.19498e-10,-0.0151207,4.8549e-09,1.22601e-08,0.00106526
1.75656e+09,0.00314595,1.01401e-09,8.57893e-10,-0.015104,3.59292e-09,1.22601e-08,0.00532632
1.75656e+09,0.00334306,1.02579e-09,8.95171e-10,-0.0150826,3.35306e-09,1.12029e-08,0.00639159
1.75656e+09,0.0034926,1.03711e-09,9.02315e-10,-0.0150566,3.21097e-09,2.09405e-09,0.00745685
1.75656e+09,0.00322283,1.03693e-09,9.09067e-10,-0.0150188,-8.70728e-11,2.09405e-09,0.0117179
1.75656e+09,0.00368625,1.02809e-09,9.1692e-10,-0.0149638,-2.43124e-09,2.09405e-09,0.0149137
1.75656e+09,0.00316852,1.02049e-09,9.24452e-10,-0.0149166,-2.43124e-09,2.34104e-09,0.0149137
1.75656e+09,0.00342451,1.03161e-09,9.32304e-10,-0.0148582,3.21097e-09,2.34104e-09,0.0170442
1.75656e+09,0.0032509,1.0322e-09,9.39906e-10,-0.0148028,1.48235e-10,2.34104e-09,0.0170442
1.75656e+09,0.00322567,1.03266e-09,9.38301e-10,-0.0147478,1.48235e-10,-4.95579e-10,0.0170442
1.75656e+09,0.00329349,1.03299e-09,9.2789e-10,-0.0146917,1.48235e-10,-3.15925e-09,0.0170442
1.75656e+09,0.00338256,1.03321e-09,9.08558e-10,-0.0146484,1.48235e-10,-5.71352e-09,0.0127832
1.75656e+09,0.00330523,1.03332e-09,8.8278e-10,-0.0146379,1.48235e-10,-7.79796e-09,0.00319579
1.75656e+09,0.00339072,1.01413e-09,8.53837e-10,-0.0146343,-5.53517e-09,-8.61773e-09,0.00106526
1.75656e+09,0.00328399,9.95464e-10,8.20674e-10,-0.0146413,-5.53517e-09,-1.01805e-08,-0.00213053
1.75656e+09,0.00387111,9.89353e-10,7.8135e-10,-0.0146784,-1.42957e-09,-1.01805e-08,-0.00958738
1.75656e+09,0.00301979,9.71975e-10,7.36271e-10,-0.0147105,-5.53517e-09,-1.50107e-08,-0.0106526
1.75656e+09,0.00334673,9.52713e-10,6.86312e-10,-0.0147462,-5.53517e-09,-1.50107e-08,-0.0106526
1.75656e+09,0.00308415,9.34222e-10,6.4326e-10,-0.0147791,-5.78889e-09,-1.4046e-08,-0.0106526
1.75656e+09,0.00334475,9.26649e-10,5.98793e-10,-0.014861,-2.06758e-09,-1.33268e-08,-0.0245011
1.75656e+09,0.00365509,9.00929e-10,5.50459e-10,-0.0149506,-6.83955e-09,-1.33268e-08,-0.0245011
1.75656e+09,0.00293194,8.80326e-10,5.13839e-10,-0.0150224,-6.83955e-09,-1.25936e-08,-0.0245011
1.75656e+09,0.00344077,8.56608e-10,5.01751e-10,-0.0150957,-6.83955e-09,-3.61639e-09,-0.0213053
1.75656e+09,0.00335698,8.49524e-10,4.92279e-10,-0.0151601,-2.06758e-09,-2.85307e-09,-0.0191748
1.75656e+09,0.00340005,8.49312e-10,4.94098e-10,-0.0152216,-7.0239e-11,5.34034e-10,-0.0181095
1.75656e+09,0.00350758,8.54216e-10,5.18115e-10,-0.0152852,1.29354e-09,6.86758e-09,-0.0181095
1.75656e+09,0.00328486,8.58809e-10,5.40607e-10,-0.0153167,1.29354e-09,6.86758e-09,-0.00958738
1.75656e+09,0.00331655,8.63461e-10,5.64192e-10,-0.0153485,1.29354e-09,7.13205e-09,-0.00958738
1.75656e+09,0.00312653,8.67922e-10,5.9131e-10,-0.0153618,1.29354e-09,8.69428e-09,-0.00426106
1.75656e+09,0.00338517,8.7299e-10,6.36128e-10,-0.0153365,1.29354e-09,1.3261e-08,0.00745685
1.75656e+09,0.00333548,8.7968e-10,6.72314e-10,-0.0152974,1.83914e-09,1.08783e-08,0.0117179
1.75656e+09,0.00337102,8.90276e-10,7.18628e-10,-0.0152328,2.93268e-09,1.37853e-08,0.0191748
1.75656e+09,0.00324024,9.17204e-10,7.69717e-10,-0.0151569,8.06932e-09,1.5892e-08,0.0234358
1.75656e+09,0.00335486,9.45099e-10,8.23865e-10,-0.0150782,8.06932e-09,1.62641e-08,0.0234358
1.75656e+09,0.00339484,9.73235e-10,8.7866e-10,-0.0149987,8.04366e-09,1.62641e-08,0.0234358
1.75656e+09,0.00320015,1.00391e-09,9.30254e-10,-0.0149476,9.34333e-09,1.62641e-08,0.015979
1.75656e+09,0.0135942,1.11906e-09,1.08079e-09,-0.0147303,8.3042e-09,1.11987e-08,0.015979
1.75656e+09,0.000335531,1.1219e-09,1.08413e-09,-0.0147296,8.3042e-09,1.00957e-08,0.00213053
1.75656e+09,0.00293362,1.1467e-09,1.11339e-09,-0.0147359,8.3042e-09,1.00957e-08,-0.00213053
1.75656e+09,0.00306255,1.17258e-09,1.14393e-09,-0.0147424,8.3042e-09,1.00957e-08,-0.00213053
1.75656e+09,0.00331579,1.19207e-09,1.17712e-09,-0.0147812,5.73085e-09,1.00957e-08,-0.0117179
1.75656e+09,0.00356509,1.21311e-09,1.21817e-09,-0.0148268,5.73085e-09,1.16004e-08,-0.0127832
1.75656e+09,0.00318459,1.23192e-09,1.25533e-09,-0.0148879,5.73085e-09,1.17542e-08,-0.0191748
1.75656e+09,0.00351937,1.24628e-09,1.29594e-09,-0.0149554,3.90839e-09,1.16004e-08,-0.0191748
1.75656e+09,0.00319484,1.2699e-09,1.33315e-09,-0.0150234,7.21753e-09,1.17542e-08,-0.0213053
1.75656e+09,0.00338932,1.295e-09,1.37596e-09,-0.0150956,7.21753e-09,1.274e-08,-0.0213053
1.75656e+09,0.00333185,1.31969e-09,1.41804e-09,-0.0151595,7.21753e-09,1.274e-08,-0.0191748
1.75656e+09,0.00319638,1.34338e-09,1.4584e-09,-0.015214,7.21753e-09,1.274e-08,-0.0170442
1.75656e+09,0.00345251,1.36912e-09,1.51251e-09,-0.0152655,7.21753e-09,1.57837e-08,-0.0149137
1.75656e+09,0.00331373,1.38828e-09,1.56453e-09,-0.0152902,5.54143e-09,1.57837e-08,-0.00745685
1.75656e+09,0.00336419,1.41384e-09,1.60135e-09,-0.0153081,7.42988e-09,1.10592e-08,-0.00532632
1.75656e+09,0.00331833,1.43269e-09,1.63145e-09,-0.0153293,5.54143e-09,9.15802e-09,-0.00639159
1.75656e+09,0.00344268,1.43975e-09,1.66287e-09,-0.0153513,1.91124e-09,9.15802e-09,-0.00639159
1.75656e+09,0.00325155,1.43939e-09,1.69077e-09,-0.0153444,-2.43568e-10,8.57634e-09,0.00213053
1.75656e+09,0.00326625,1.42856e-09,1.71385e-09,-0.0153375,-3.42366e-09,7.01331e-09,0.00213053
1.75656e+09,0.00344246,1.41452e-09,1.71169e-09,-0.0153301,-4.06773e-09,-6.88046e-10,0.00213053
1.75656e+09,0.00335776,1.40079e-09,1.70684e-09,-0.0153015,-4.06773e-09,-1.5069e-09,0.00852211
1.75656e+09,0.00326964,1.38739e-09,1.70048e-09,-0.0152702,-4.06773e-09,-2.00919e-09,0.00958738
1.75656e+09,0.00334721,1.38644e-09,1.69377e-09,-0.0152381,-2.52675e-10,-2.00919e-09,0.00958738
1.75656e+09,0.00328773,1.38552e-09,1.68806e-09,-0.0152065,-2.52675e-10,-1.7382e-09,0.00958738
1.75656e+09,0.00334986,1.38457e-09,1.68135e-09,-0.0151673,-2.52675e-10,-2.00919e-09,0.0117179
1.75656e+09,0.00318125,1.36429e-09,1.67526e-09,-0.0151368,-6.34575e-09,-2.00919e-09,0.00958738
1.75656e+09,0.00330376,1.34266e-09,1.63139e-09,-0.0151192,-6.34575e-09,-1.33775e-08,0.00532632
1.75656e+09,0.00374198,1.31816e-09,1.5817e-09,-0.0151033,-6.34575e-09,-1.33775e-08,0.00426106
1.75656e+09,0.00319326,1.31084e-09,1.53908e-09,-0.0150896,-2.09165e-09,-1.33775e-08,0.00426106
1.75656e+09,0.00326192,1.30918e-09,1.49643e-09,-0.0150931,-3.11245e-10,-1.30827e-08,-0.00106526
1.75656e+09,0.0033111,1.30784e-09,1.47568e-09,-0.0151002,-3.11245e-10,-6.27182e-09,-0.00213053
1.75656e+09,0.00317784,1.30093e-09,1.45831e-09,-0.0151171,-2.09165e-09,-5.49829e-09,-0.00532632
1.75656e+09,0.00347452,1.31528e-09,1.44107e-09,-0.0151541,4.20704e-09,-4.89896e-09,-0.0106526
1.75656e+09,0.00333998,1.32082e-09,1.42462e-09,-0.0151933,1.73221e-09,-4.89896e-09,-0.0117179
1.75656e+09,0.00330687,1.3263e-09,1.40846e-09,-0.0152355,1.73221e-09,-4.86067e-09,-0.0127832
1.75656e+09,0.00322239,1.33166e-09,1.39386e-09,-0.0152939,1.73221e-09,-4.50591e-09,-0.0181095
1.75656e+09,0.00339407,1.34269e-09,1.38992e-09,-0.0153553,3.26492e-09,-1.11112e-09,-0.0181095
1.75656e+09,0.00343325,1.3484e-09,1.37436e-09,-0.0154212,1.73221e-09,-4.50591e-09,-0.0191748
1.75656e+09,0.00321105,1.35884e-09,1.37152e-09,-0.0154793,3.26492e-09,-8.32845e-10,-0.0181095
1.75656e+09,0.0036341,1.3592e-09,1.38186e-09,-0.015518,5.73683e-11,2.84449e-09,-0.0106526
1.75656e+09,0.00317448,1.37087e-09,1.38757e-09,-0.0155519,3.64691e-09,1.85541e-09,-0.0106526
1.75656e+09,0.00341501,1.37678e-09,1.39381e-09,-0.015581,1.70001e-09,1.85541e-09,-0.00852211
1.75656e+09,0.00346787,1.38428e-09,1.40638e-09,-0.0156105,2.10716e-09,3.65872e-09,-0.00852211
1.75656e+09,0.00306888,1.39092e-09,1.41751e-09,-0.0156367,2.10716e-09,3.65872e-09,-0.00852211
1.75656e+09,0.00339872,1.39828e-09,1.42983e-09,-0.015662,2.10716e-09,3.65872e-09,-0.00745685
1.75656e+09,0.00364826,1.40469e-09,1.44308e-09,-0.015662,1.70001e-09,3.65872e-09,0
1.75656e+09,0.00295436,1.40447e-09,1.45389e-09,-0.0156557,-1.30427e-10,3.65872e-09,0.00213053
1.75656e+09,0.003285,1.40142e-09,1.4691e-09,-0.0156277,-1.00204e-09,4.61453e-09,0.00852211
1.75656e+09,0.00327076,1.39838e-09,1.48425e-09,-0.0156208,-1.00204e-09,4.61453e-09,0.00213053
1.75656e+09,0.00329312,1.38365e-09,1.49142e-09,-0.0155927,-4.50364e-09,2.10744e-09,0.00852211
1.75656e+09,0.00351469,1.38181e-09,1.49885e-09,-0.0155552,-5.57108e-10,2.10744e-09,0.0106526
1.75656e+09,0.00340412,1.38002e-09,1.50564e-09,-0.015519,-5.57108e-10,1.98401e-09,0.0106526
1.75656e+09,0.00359409,1.37808e-09,1.50992e-09,-0.0154884,-5.57108e-10,1.1842e-09,0.00852211
1.75656e+09,0.00316219,1.37642e-09,1.51622e-09,-0.0154614,-5.57108e-10,1.98401e-09,0.00852211
1.75656e+09,0.00309857,1.37475e-09,1.51992e-09,-0.0154548,-5.57108e-10,1.1842e-09,0.00213053
1.75656e+09,0.00330823,1.38785e-09,1.51328e-09,-0.0154478,3.99036e-09,-1.94654e-09,0.00213053
1.75656e+09,0.00357492,1.38203e-09,1.50641e-09,-0.0154592,-1.59814e-09,-1.94654e-09,-0.00319579
1.75656e+09,0.00354956,1.38604e-09,1.5108e-09,-0.0154781,1.10964e-09,1.25416e-09,-0.00532632
1.75656e+09,0.00307004,1.3895e-09,1.51459e-09,-0.0155173,1.10964e-09,1.25416e-09,-0.0127832
1.75656e+09,0.00332544,1.39342e-09,1.52893e-09,-0.0155634,1.10964e-09,4.329e-09,-0.0138484
1.75656e+09,0.00319239,1.39721e-09,1.5449e-09,-0.015611,1.10964e-09,5.01946e-09,-0.0149137
1.75656e+09,0.00336396,1.40365e-09,1.56168e-09,-0.0156612,1.83751e-09,5.01946e-09,-0.0149137
1.75656e+09,0.00339205,1.4114e-09,1.5847e-09,-0.0157118,2.17749e-09,6.81993e-09,-0.0149137
1.75656e+09,0.00331661,1.41898e-09,1.6072e-09,-0.0157647,2.17749e-09,6.81993e-09,-0.015979
1.75656e+09,0.00356272,1.42972e-09,1.63133e-09,-0.0158217,2.90912e-09,6.81993e-09,-0.015979
1.75656e+09,0.00318791,1.4369e-09,1.64645e-09,-0.0158692,2.17749e-09,4.77796e-09,-0.0149137
1.75656e+09,0.00320825,1.44571e-09,1.66819e-09,-0.0159171,2.63764e-09,6.81727e-09,-0.0149137
1.75656e+09,0.00332844,1.45485e-09,1.69073e-09,-0.0159667,2.63764e-09,6.81727e-09,-0.0149137
1.75656e+09,0.00336833,1.46425e-09,1.72298e-09,-0.0159846,2.63764e-09,9.61683e-09,-0.00532632
1.75656e+09,0.00329001,1.47343e-09,1.75448e-09,-0.0159987,2.63764e-09,9.61683e-09,-0.00426106
1.75656e+09,0.00320467,1.48261e-09,1.79973e-09,-0.0160089,2.63764e-09,1.41635e-08,-0.00319579
1.75656e+09,0.0035023,1.49774e-09,1.8491e-09,-0.0160164,4.09392e-09,1.41635e-08,-0.00213053
1.75656e+09,0.00353315,1.51301e-09,1.8989e-09,-0.01599,4.09392e-09,1.41635e-08,0.00745685
1.75656e+09,0.00305378,1.51925e-09,1.93602e-09,-0.015964,1.84971e-09,1.21859e-08,0.00852211
1.75656e+09,0.00348083,1.52636e-09,1.97775e-09,-0.0159269,1.84971e-09,1.20194e-08,0.0106526
1.75656e+09,0.0033612,1.53283e-09,1.9936e-09,-0.0158804,1.84971e-09,4.74763e-09,0.0138484
1.75656e+09,0.00318402,1.53642e-09,2.00866e-09,-0.0158465,1.0548e-09,4.74763e-09,0.0106526
1.75656e+09,0.00351367,1.54319e-09,2.02524e-09,-0.0158053,1.84971e-09,4.74763e-09,0.0117179
1.75656e+09,0.00317463,1.54675e-09,2.03868e-09,-0.0157613,1.0548e-09,4.25016e-09,0.0138484
1.75656e+09,0.00335106,1.55037e-09,2.04441e-09,-0.015722,1.0548e-09,1.72826e-09,0.0117179
1.75656e+09,0.0033533,1.54162e-09,2.05035e-09,-0.0156863,-2.63701e-09,1.72826e-09,0.0106526
1.75656e+09,0.00328935,1.54674e-09,2.04111e-09,-0.0156618,1.59832e-09,-2.78246e-09,0.00745685
1.75656e+09,0.00354084,1.53164e-09,2.02837e-09,-0.0156429,-4.20609e-09,-3.666e-09,0.00532632
1.75656e+09,0.00320227,1.5211e-09,2.00286e-09,-0.0156293,-3.16684e-09,-8.01734e-09,0.00426106
1.75656e+09,0.00337126,1.50987e-09,1.96771e-09,-0.0156149,-3.16684e-09,-1.04745e-08,0.00426106
1.75656e+09,0.00330728,1.49876e-09,1.92675e-09,-0.0156361,-3.16684e-09,-1.24376e-08,-0.00639159
1.75656e+09,0.00349575,1.48693e-09,1.88345e-09,-0.0156621,-3.18912e-09,-1.24376e-08,-0.00745685
1.75656e+09,0.0031893,1.47614e-09,1.84395e-09,-0.0157131,-3.18912e-09,-1.24376e-08,-0.015979
1.75656e+09,0.00343334,1.4649e-09,1.82529e-09,-0.0157826,-3.18912e-09,-5.48409e-09,-0.02024
1.75656e+09,0.00299965,1.45203e-09,1.81414e-09,-0.0158625,-4.22999e-09,-3.78633e-09,-0.0266316
1.75656e+09,0.00355974,1.4368e-09,1.80323e-09,-0.0159573,-4.22999e-09,-3.13109e-09,-0.0266316
1.75656e+09,0.00337392,1.42245e-09,1.79881e-09,-0.0160256,-4.22999e-09,-1.3773e-09,-0.02024
1.75656e+09,0.00320977,1.42599e-09,1.80767e-09,-0.0160871,1.0569e-09,2.77554e-09,-0.0191748
1.75656e+09,0.00316898,1.43671e-09,1.82633e-09,-0.0161479,3.28743e-09,5.94362e-09,-0.0191748
1.75656e+09,0.00350878,1.44858e-09,1.847e-09,-0.0162152,3.28743e-09,5.94362e-09,-0.0191748
1.75656e+09,0.00346184,1.46479e-09,1.87795e-09,-0.0162668,4.53805e-09,9.01693e-09,-0.0149137
1.75656e+09,0.00322781,1.47618e-09,1.9258e-09,-0.0163149,3.28743e-09,1.48796e-08,-0.0149137
1.75656e+09,0.00345268,1.49269e-09,1.97691e-09,-0.016326,4.53805e-09,1.48796e-08,-0.00319579
1.75656e+09,0.00317434,1.50781e-09,2.02038e-09,-0.0163327,4.53805e-09,1.37681e-08,-0.00213053
1.75656e+09,0.00331737,1.5236e-09,2.0658e-09,-0.0163292,4.53805e-09,1.37681e-08,0.00106526
1.75656e+09,0.00324934,1.5273e-09,2.10562e-09,-0.0163119,9.37183e-10,1.22704e-08,0.00532632
1.75656e+09,0.00343594,1.54558e-09,2.14748e-09,-0.0162789,5.11985e-09,1.22704e-08,0.00958738
1.75656e+09,0.00335026,1.54938e-09,2.18854e-09,-0.0162361,9.37183e-10,1.22704e-08,0.0127832
1.75656e+09,0.00333202,1.55289e-09,2.21194e-09,-0.0161935,9.37183e-10,7.04053e-09,0.0127832
1.75656e+09,0.00347106,1.57436e-09,2.23826e-09,-0.016138,6.06279e-09,7.68278e-09,0.015979
1.75656e+09,0.00344646,1.59565e-09,2.26219e-09,-0.016083,6.06279e-09,7.04053e-09,0.015979
1.75656e+09,0.00308382,1.60646e-09,2.28227e-09,-0.0160436,3.40084e-09,6.56722e-09,0.0127832
1.75656e+09,0.00319915,1.61767e-09,2.3031e-09,-0.0160061,3.40084e-09,6.56722e-09,0.0117179
1.75656e+09,0.00341446,1.6297e-09,2.32915e-09,-0.0159588,3.40084e-09,7.68278e-09,0.0138484
1.75656e+09,0.00335154,1.64158e-09,2.35895e-09,-0.0159338,3.40084e-09,8.94671e-09,0.00745685
1.75656e+09,0.00324074,1.65496e-09,2.38773e-09,-0.0159096,3.98734e-09,8.94671e-09,0.00745685
1.75656e+09,0.00355011,1.66963e-09,2.4198e-09,-0.0158832,3.98734e-09,9.09841e-09,0.00745685
1.75656e+09,0.00359284,1.70098e-09,2.4522e-09,-0.0159061,8.58308e-09,9.15385e-09,-0.00639159
1.75656e+09,0.00300871,1.73135e-09,2.48786e-09,-0.0159253,9.90228e-09,1.2012e-08,-0.00639159
1.75656e+09,0.00325717,1.75992e-09,2.52653e-09,-0.0159496,8.58308e-09,1.2012e-08,-0.00745685
1.75656e+09,0.0033296,1.7926e-09,2.56984e-09,-0.015978,9.60569e-09,1.31626e-08,-0.00852211
1.75656e+09,0.00327476,1.82515e-09,2.61383e-09,-0.0160094,9.72398e-09,1.35883e-08,-0.00958738
1.75656e+09,0.00346421,1.85915e-09,2.65889e-09,-0.0160352,9.60569e-09,1.31626e-08,-0.00745685
1.75656e+09,0.00331674,1.88312e-09,2.70216e-09,-0.0160635,7.01577e-09,1.31626e-08,-0.00852211
1.75656e+09,0.00332447,1.90714e-09,2.7455e-09,-0.0160918,7.01577e-09,1.31486e-08,-0.00852211
1.75656e+09,0.00332765,1.91456e-09,2.77283e-09,-0.0161202,2.09481e-09,8.24905e-09,-0.00852211
1.75656e+09,0.00331272,1.91868e-09,2.78953e-09,-0.0161484,1.16393e-09,5.06068e-09,-0.00852211
1.75656e+09,0.00335092,1.92285e-09,2.8059e-09,-0.016177,1.16393e-09,4.90566e-09,-0.00852211
1.75656e+09,0.00333706,1.92699e-09,2.82221e-09,-0.0162019,1.16393e-09,4.90566e-09,-0.00745685
1.75656e+09,0.00359616,1.93103e-09,2.8282e-09,-0.0162287,1.09594e-09,1.68385e-09,-0.00745685
1.75656e+09,0.00312681,1.93451e-09,2.83099e-09,-0.016232,1.09594e-09,9.08933e-10,-0.00106526
1.75656e+09,0.00331095,1.9284e-09,2.82045e-09,-0.0162179,-1.79236e-09,-3.21092e-09,0.00426106
1.75656e+09,0.00329735,1.92218e-09,2.80112e-09,-0.0162039,-1.79236e-09,-5.89439e-09,0.00426106
1.75656e+09,0.00335467,1.91584e-09,2.78144e-09,-0.0161753,-1.79236e-09,-5.89439e-09,0.00852211
1.75656e+09,0.00367192,1.90888e-09,2.75761e-09,-0.0161322,-1.79236e-09,-6.52052e-09,0.0117179
1.75656e+09,0.00293033,1.89422e-09,2.73669e-09,-0.0160979,-4.88627e-09,-7.21722e-09,0.0117179
1.75656e+09,0.00350799,1.87811e-09,2.71408e-09,-0.0160493,-4.48806e-09,-6.52052e-09,0.0138484
1.75656e+09,0.00337542,1.86257e-09,2.68996e-09,-0.016017,-4.48806e-09,-7.21722e-09,0.00958738
1.75656e+09,0.00346143,1.83971e-09,2.65526e-09,-0.0159838,-6.44354e-09,-1.01301e-08,0.00958738
1.75656e+09,0.00289203,1.82614e-09,2.61857e-09,-0.0159561,-4.48806e-09,-1.27608e-08,0.00958738
1.75656e+09,0.00346287,1.81004e-09,2.58374e-09,-0.0159265,-4.48806e-09,-1.01301e-08,0.00852211
1.75656e+09,0.00342344,1.79293e-09,2.54933e-09,-0.0159047,-4.83675e-09,-1.01301e-08,0.00639159
1.75656e+09,0.00324227,1.77697e-09,2.53197e-09,-0.0159185,-4.83675e-09,-5.43074e-09,-0.00426106
1.75656e+09,0.00337775,1.76655e-09,2.51406e-09,-0.0159365,-3.00003e-09,-5.3502e-09,-0.00532632
1.75656e+09,0.00317403,1.75808e-09,2.50029e-09,-0.0159703,-2.60038e-09,-4.38165e-09,-0.0106526
1.75656e+09,0.00343429,1.75342e-09,2.48611e-09,-0.0160105,-1.29061e-09,-4.14859e-09,-0.0117179
1.75656e+09,0.00327678,1.75452e-09,2.47778e-09,-0.0160629,3.76367e-10,-2.53878e-09,-0.015979
1.75656e+09,0.00348423,1.76218e-09,2.46881e-09,-0.0161334,2.23893e-09,-2.53878e-09,-0.02024
1.75656e+09,0.0031291,1.76905e-09,2.46075e-09,-0.0161967,2.23893e-09,-2.53878e-09,-0.02024
1.75656e+09,0.00330089,1.77011e-09,2.44929e-09,-0.0162741,3.76367e-10,-3.46589e-09,-0.0234358
1.75656e+09,0.00334388,1.76603e-09,2.43777e-09,-0.0163525,-1.16497e-09,-3.46589e-09,-0.0234358
1.75656e+09,0.00350784,1.7594e-09,2.42572e-09,-0.0164235,-1.83128e-09,-3.46589e-09,-0.02024
1.75656e+09,0.0033043,1.75239e-09,2.41594e-09,-0.0164903,-2.07373e-09,-2.99243e-09,-0.02024
1.75656e+09,0.00332563,1.74469e-09,2.40612e-09,-0.0165328,-2.26784e-09,-2.99243e-09,-0.0127832
1.75656e+09,0.00342081,1.73681e-09,2.39909e-09,-0.0165766,-2.26784e-09,-2.09154e-09,-0.0127832
1.75656e+09,0.00324296,1.7293e-09,2.38951e-09,-0.0165973,-2.26784e-09,-2.99243e-09,-0.00639159
1.75656e+09,0.00335921,1.72301e-09,2.37956e-09,-0.0166116,-1.82077e-09,-2.99243e-09,-0.00426106
1.75656e+09,0.00314822,1.71696e-09,2.36046e-09,-0.0166083,-1.82077e-09,-6.09916e-09,0.00106526
1.75656e+09,0.00336007,1.72055e-09,2.33682e-09,-0.0165904,1.18353e-09,-7.01623e-09,0.00532632
1.75656e+09,0.00332228,1.71411e-09,2.31342e-09,-0.0165621,-1.82077e-09,-7.075e-09,0.00852211
1.75656e+09,0.00346419,1.70414e-09,2.28907e-09,-0.0165215,-2.75981e-09,-7.075e-09,0.0117179
1.75656e+09,0.00341026,1.68902e-09,2.257e-09,-0.0164815,-4.2777e-09,-9.47639e-09,0.0117179
1.75656e+09,0.003361,1.67405e-09,2.22113e-09,-0.0164278,-4.2777e-09,-1.07444e-08,0.015979
1.75656e+09,0.00333062,1.65531e-09,2.18565e-09,-0.0163746,-5.45061e-09,-1.07444e-08,0.015979
1.75656e+09,0.00326224,1.63696e-09,2.15089e-09,-0.0163224,-5.45061e-09,-1.07444e-08,0.015979
1.75656e+09,0.00345627,1.61759e-09,2.11845e-09,-0.0162709,-5.45061e-09,-9.47639e-09,0.0149137
1.75656e+09,0.00315132,1.59982e-09,2.08196e-09,-0.0162239,-5.45061e-09,-1.16703e-08,0.0149137
1.75656e+09,0.00320103,1.58419e-09,2.04981e-09,-0.016183,-4.71947e-09,-1.01199e-08,0.0127832
1.75656e+09,0.0035058,1.56707e-09,2.01461e-09,-0.0161568,-4.71947e-09,-1.01199e-08,0.00745685
1.75656e+09,0.00334622,1.55287e-09,1.98097e-09,-0.0161497,-4.0804e-09,-1.01199e-08,0.00213053
1.75656e+09,0.00334032,1.5387e-09,1.94739e-09,-0.0161533,-4.0804e-09,-1.01199e-08,-0.00106526
1.75656e+09,0.00340174,1.52434e-09,1.91784e-09,-0.0161605,-4.0804e-09,-8.75391e-09,-0.00213053
1.75656e+09,0.0034173,1.50991e-09,1.88815e-09,-0.0161714,-4.0804e-09,-8.75391e-09,-0.00319579
1.75656e+09,0.00327234,1.51533e-09,1.85941e-09,-0.0161819,1.79834e-09,-8.75391e-09,-0.00319579
1.75656e+09,0.00324684,1.52101e-09,1.84935e-09,-0.0162338,1.79834e-09,-3.07057e-09,-0.015979
1.75656e+09,0.00327347,1.53923e-09,1.839e-09,-0.0162931,5.61606e-09,-3.07057e-09,-0.0181095
1.75656e+09,0.0033859,1.55829e-09,1.84166e-09,-0.0163688,5.61606e-09,8.76149e-10,-0.0223706
1.75656e+09,0.00337694,1.55212e-09,1.84472e-09,-0.0164443,-1.84086e-09,8.76149e-10,-0.0223706
1.75656e+09,0.00340004,1.54572e-09,1.83639e-09,-0.0165059,-1.84086e-09,-2.4816e-09,-0.0181095
1.75656e+09,0.00326976,1.54429e-09,1.83928e-09,-0.0165651,-4.51844e-10,8.76149e-10,-0.0181095
1.75656e+09,0.00329981,1.53816e-09,1.83588e-09,-0.0166143,-1.84086e-09,-1.06107e-09,-0.0149137
1.75656e+09,0.00328234,1.53199e-09,1.82783e-09,-0.0166493,-1.84086e-09,-2.4816e-09,-0.0106526
1.75656e+09,0.00332918,1.53042e-09,1.82432e-09,-0.0166812,-4.51844e-10,-1.06107e-09,-0.00958738
1.75656e+09,0.00335605,1.52082e-09,1.82092e-09,-0.0167134,-2.84444e-09,-1.06107e-09,-0.00958738
1.75656e+09,0.0033,1.51129e-09,1.8123e-09,-0.0167275,-2.84444e-09,-2.66021e-09,-0.00426106
1.75656e+09,0.00344299,1.49203e-09,1.8032e-09,-0.0167238,-5.54964e-09,-2.73618e-09,0.00106526
1.75656e+09,0.00328661,1.48484e-09,1.79458e-09,-0.0167028,-2.14227e-09,-2.66021e-09,0.00639159
1.75656e+09,0.00333375,1.46619e-09,1.78577e-09,-0.0166708,-5.54964e-09,-2.73618e-09,0.00958738
1.75656e+09,0.00312086,1.44873e-09,1.77752e-09,-0.0166409,-5.54964e-09,-2.73618e-09,0.00958738
1.75656e+09,0.00332835,1.42061e-09,1.73544e-09,-0.016609,-8.23808e-09,-1.27801e-08,0.00958738
1.75656e+09,0.00334345,1.39226e-09,1.68766e-09,-0.0165769,-8.23808e-09,-1.44303e-08,0.00958738
1.75656e+09,0.00351553,1.36247e-09,1.63742e-09,-0.0165283,-8.23808e-09,-1.44303e-08,0.0138484
1.75656e+09,0.00343335,1.33581e-09,1.58779e-09,-0.0164807,-7.52397e-09,-1.45801e-08,0.0138484
1.75656e+09,0.00353985,1.31192e-09,1.5371e-09,-0.0164317,-6.51161e-09,-1.44303e-08,0.0138484
1.75656e+09,0.00305988,1.29558e-09,1.49581e-09,-0.0163893,-5.11755e-09,-1.35783e-08,0.0138484
1.75656e+09,0.00334384,1.2869e-09,1.45492e-09,-0.0163501,-2.39659e-09,-1.22702e-08,0.0117179
1.75656e+09,0.00318892,1.27285e-09,1.42163e-09,-0.0163196,-4.23458e-09,-1.05104e-08,0.00958738
1.75656e+09,0.00334666,1.26427e-09,1.38762e-09,-0.0163053,-2.39659e-09,-1.02027e-08,0.00426106
1.75656e+09,0.00329,1.25659e-09,1.35417e-09,-0.0163018,-2.16707e-09,-1.02027e-08,0.00106526
1.75656e+09,0.00356814,1.25744e-09,1.32014e-09,-0.0163056,3.92666e-10,-9.53326e-09,-0.00106526
1.75656e+09,0.00334934,1.25829e-09,1.29178e-09,-0.0163448,3.92666e-10,-8.46114e-09,-0.0117179
1.75656e+09,0.00306329,1.25915e-09,1.27086e-09,-0.016384,3.92666e-10,-6.82499e-09,-0.0127832
1.75656e+09,0.00342117,1.25733e-09,1.25083e-09,-0.0164277,-4.36161e-10,-5.8633e-09,-0.0127832
1.75656e+09,0.00341489,1.25583e-09,1.25028e-09,-0.0164714,-4.36161e-10,-1.68561e-10,-0.0127832
1.75656e+09,0.00334655,1.24793e-09,1.25113e-09,-0.0165284,-2.3647e-09,2.16888e-10,-0.0170442
1.75656e+09,0.00323111,1.24667e-09,1.26001e-09,-0.0165835,-4.36161e-10,2.74104e-09,-0.0170442
1.75656e+09,0.00345299,1.26356e-09,1.27733e-09,-0.0166387,4.80658e-09,5.09722e-09,-0.015979
1.75656e+09,0.00334133,1.28193e-09,1.31143e-09,-0.0166814,5.32711e-09,1.02935e-08,-0.0127832
1.75656e+09,0.00334579,1.29858e-09,1.34559e-09,-0.016717,4.80658e-09,1.02935e-08,-0.0106526
1.75656e+09,0.00327672,1.31489e-09,1.37905e-09,-0.016745,4.80658e-09,1.02935e-08,-0.00852211
1.75656e+09,0.00330414,1.3274e-09,1.41345e-09,-0.0167696,3.60965e-09,1.04734e-08,-0.00745685
1.75656e+09,0.00323573,1.33835e-09,1.44604e-09,-0.0167765,3.21461e-09,1.01268e-08,-0.00213053
1.75656e+09,0.00332782,1.34948e-09,1.47192e-09,-0.0167552,3.21461e-09,7.831e-09,0.00639159
1.75656e+09,0.00342569,1.35132e-09,1.49953e-09,-0.0167297,4.01158e-10,8.06663e-09,0.00745685
1.75656e+09,0.00334335,1.36343e-09,1.52551e-09,-0.0167012,3.49102e-09,7.831e-09,0.00852211
1.75656e+09,0.00336075,1.36013e-09,1.54793e-09,-0.0166654,-1.0925e-09,6.65416e-09,0.0106526
1.75656e+09,0.00336132,1.37208e-09,1.56077e-09,-0.016626,3.49102e-09,3.87889e-09,0.0117179
1.75656e+09,0.00317681,1.36873e-09,1.56828e-09,-0.0165888,-1.0925e-09,2.34421e-09,0.0117179
1.75656e+09,0.00348727,1.35882e-09,1.57374e-09,-0.0165479,-2.86803e-09,1.52015e-09,0.0117179
1.75656e+09,0.00338765,1.34413e-09,1.57914e-09,-0.0165046,-4.36045e-09,1.52015e-09,0.0127832
1.75656e+09,0.00314353,1.32879e-09,1.56714e-09,-0.0164644,-4.81799e-09,-3.8943e-09,0.0127832
1.75656e+09,0.00342524,1.31199e-09,1.54918e-09,-0.0164206,-4.81799e-09,-5.32557e-09,0.0127832
1.75656e+09,0.00341091,1.29509e-09,1.5212e-09,-0.016377,-4.81799e-09,-8.28194e-09,0.0127832
1.75656e+09,0.00317329,1.27938e-09,1.49518e-09,-0.0163872,-4.81799e-09,-8.28194e-09,-0.00319579
1.75656e+09,0.0034557,1.27199e-09,1.46667e-09,-0.0163982,-2.00041e-09,-8.28194e-09,-0.00319579
1.75656e+09,0.00326711,1.26865e-09,1.45016e-09,-0.0164121,-9.41851e-10,-5.07119e-09,-0.00426106
1.75656e+09,0.00327805,1.26531e-09,1.4351e-09,-0.0164436,-9.41851e-10,-4.61053e-09,-0.00958738
1.75656e+09,0.00349078,1.26188e-09,1.42664e-09,-0.0164659,-9.41851e-10,-2.43907e-09,-0.00639159
1.75656e+09,0.00319184,1.26277e-09,1.43814e-09,-0.0164965,2.19387e-10,3.60709e-09,-0.00958738
1.75656e+09,0.00339236,1.26372e-09,1.45036e-09,-0.0165326,2.19387e-10,3.60709e-09,-0.0106526
1.75656e+09,0.00336693,1.26471e-09,1.4656e-09,-0.0165864,2.19387e-10,4.53011e-09,-0.015979
1.75656e+09,0.00349406,1.27774e-09,1.48121e-09,-0.0166497,3.65563e-09,4.53011e-09,-0.0181095
1.75656e+09,0.00322383,1.28962e-09,1.48628e-09,-0.0167081,3.65563e-09,1.63436e-09,-0.0181095
1.75656e+09,0.00311428,1.2974e-09,1.48472e-09,-0.0167645,2.50615e-09,-4.60971e-10,-0.0181095
1.75656e+09,0.00362414,1.30658e-09,1.49049e-09,-0.0168224,2.50615e-09,1.63436e-09,-0.015979
1.75656e+09,0.00325671,1.31003e-09,1.49575e-09,-0.0168675,1.03275e-09,1.63436e-09,-0.0138484
1.75656e+09,0.003471,1.3138e-09,1.50678e-09,-0.0169118,1.03275e-09,3.19386e-09,-0.0127832
1.75656e+09,0.00333949,1.31604e-09,1.51741e-09,-0.0169332,6.16382e-10,3.19386e-09,-0.00639159
1.75656e+09,0.00306593,1.31937e-09,1.52733e-09,-0.0169495,1.03275e-09,3.25413e-09,-0.00532632
1.75656e+09,0.00345551,1.32313e-09,1.5383e-09,-0.0169495,1.03275e-09,3.19386e-09,0
1.75656e+09,0.00344085,1.32559e-09,1.55817e-09,-0.0169165,6.16382e-10,5.78558e-09,0.00958738
1.75656e+09,0.0031459,1.32426e-09,1.55817e-09,-0.0168864,-4.20532e-10,-7.03807e-12,0.00958738
1.75656e+09,0.00321121,1.32295e-09,1.56859e-09,-0.0168522,-4.64981e-10,3.23739e-09,0.0106526
1.75656e+09,0.00346668,1.32142e-09,1.57403e-09,-0.0168152,-4.64981e-10,1.5606e-09,0.0106526
1.75656e+09,0.00349891,1.31883e-09,1.5854e-09,-0.016778,-7.96154e-10,3.23739e-09,0.0106526
1.75656e+09,0.00308721,1.31645e-09,1.59026e-09,-0.0167418,-7.96154e-10,1.5606e-09,0.0117179
1.75656e+09,0.00344635,1.31617e-09,1.59564e-09,-0.0167014,-1.09683e-10,1.5606e-09,0.0117179
1.75656e+09,0.00333604,1.31613e-09,1.60085e-09,-0.016673,-3.78261e-11,1.5606e-09,0.00852211
1.75656e+09,0.00316342,1.32079e-09,1.59773e-09,-0.0166494,1.49081e-09,-9.62123e-10,0.00745685
1.75656e+09,0.00363214,1.33112e-09,1.59406e-09,-0.0166339,2.86154e-09,-9.62123e-10,0.00426106
1.75656e+09,0.00313685,1.33604e-09,1.6081e-09,-0.0166239,1.49081e-09,4.49992e-09,0.00319579
1.75656e+09,0.0032574,1.34945e-09,1.62515e-09,-0.0166135,4.02928e-09,5.30235e-09,0.00319579
1.75656e+09,0.00350004,1.36861e-09,1.64339e-09,-0.016606,5.38896e-09,5.30235e-09,0.00213053
1.75656e+09,0.00319213,1.38204e-09,1.6601e-09,-0.0166196,4.12034e-09,5.30235e-09,-0.00426106
1.75656e+09,0.00331788,1.40021e-09,1.67739e-09,-0.0166479,5.38896e-09,5.30235e-09,-0.00852211
1.75656e+09,0.00397969,1.42217e-09,1.70795e-09,-0.0166818,5.38896e-09,7.76898e-09,-0.00852211
1.75656e+09,0.00290556,1.43435e-09,1.72012e-09,-0.0167159,4.12034e-09,4.2578e-09,-0.0117179
1.75656e+09,0.00360475,1.44689e-09,1.73339e-09,-0.0167811,3.41707e-09,3.73859e-09,-0.0181095
1.75656e+09,0.00295816,1.45397e-09,1.7381e-09,-0.0168347,2.36773e-09,1.63411e-09,-0.0181095
1.75656e+09,0.00333864,1.46194e-09,1.74165e-09,-0.0168987,2.36773e-09,1.10415e-09,-0.0191748
1.75656e+09,0.00320759,1.47208e-09,1.74323e-09,-0.0169602,3.15132e-09,5.43827e-10,-0.0191748
1.75656e+09,0.00358087,1.48339e-09,1.74498e-09,-0.0170251,3.15132e-09,5.43827e-10,-0.0181095
1.75656e+09,0.0030363,1.49013e-09,1.727e-09,-0.0170801,2.32029e-09,-5.88363e-09,-0.0181095
1.75656e+09,0.003226,1.49623e-09,1.70458e-09,-0.0171385,2.00828e-09,-6.91696e-09,-0.0181095
1.75656e+09,0.00354858,1.4679e-09,1.67272e-09,-0.0171952,-7.82826e-09,-9.11418e-09,-0.015979
1.75656e+09,0.00338612,1.43609e-09,1.64079e-09,-0.017224,-9.22967e-09,-9.59013e-09,-0.00852211
1.75656e+09,0.00329434,1.40508e-09,1.60572e-09,-0.0172451,-9.22967e-09,-1.0806e-08,-0.00639159
1.75656e+09,0.00347011,1.37241e-09,1.56878e-09,-0.0172303,-9.22967e-09,-1.0806e-08,0.00426106
1.75656e+09,0.00313675,1.34288e-09,1.53539e-09,-0.0172136,-9.22967e-09,-1.0806e-08,0.00532632
1.75656e+09,0.00335078,1.31371e-09,1.49293e-09,-0.0171886,-8.48705e-09,-1.28171e-08,0.00745685
1.75656e+09,0.00344888,1.2974e-09,1.44811e-09,-0.0171629,-4.50359e-09,-1.30746e-08,0.00745685
1.75656e+09,0.00328297,1.2819e-09,1.4063e-09,-0.0171314,-4.50359e-09,-1.28171e-08,0.00958738
1.75656e+09,0.00317812,1.26727e-09,1.38846e-09,-0.0171077,-4.50359e-09,-5.68914e-09,0.00745685
1.75656e+09,0.0037049,1.25208e-09,1.36187e-09,-0.0170801,-3.9782e-09,-7.24648e-09,0.00745685
1.75656e+09,0.00306974,1.23957e-09,1.34462e-09,-0.0170539,-3.9782e-09,-5.68914e-09,0.00852211
1.75656e+09,0.00329453,1.24227e-09,1.33934e-09,-0.0170294,8.45884e-10,-1.58802e-09,0.00745685
1.75656e+09,0.00410919,1.24808e-09,1.3501e-09,-0.0169987,1.36984e-09,2.64185e-09,0.00745685
1.75656e+09,0.00257574,1.25787e-09,1.35949e-09,-0.0169905,3.73823e-09,3.70996e-09,0.00319579
1.75656e+09,0.00326338,1.26943e-09,1.37363e-09,-0.0169801,3.46885e-09,4.39217e-09,0.00319579
1.75656e+09,0.00375421,1.28402e-09,1.40601e-09,-0.0169961,3.73823e-09,8.69043e-09,-0.00426106
1.75656e+09,0.0028653,1.29862e-09,1.43097e-09,-0.0170113,4.94821e-09,8.79649e-09,-0.00532632
1.75656e+09,0.00337637,1.32081e-09,1.46248e-09,-0.0170365,6.41192e-09,9.44355e-09,-0.00745685
1.75656e+09,0.00347785,1.34379e-09,1.50189e-09,-0.0170661,6.41192e-09,1.14428e-08,-0.00852211
1.75656e+09,0.00350397,1.37275e-09,1.54206e-09,-0.0171296,8.07001e-09,1.16018e-08,-0.0181095
1.75656e+09,0.00335603,1.3973e-09,1.59114e-09,-0.0171904,7.06196e-09,1.47495e-08,-0.0181095
1.75656e+09,0.00310153,1.42012e-09,1.64143e-09,-0.0172465,7.08019e-09,1.63357e-08,-0.0181095
1.75656e+09,0.00348005,1.44568e-09,1.69784e-09,-0.0173022,7.06196e-09,1.63357e-08,-0.015979
1.75656e+09,0.00327737,1.46974e-09,1.75097e-09,-0.0173406,7.06196e-09,1.63357e-08,-0.0117179
1.75656e+09,0.00345396,1.48741e-09,1.80234e-09,-0.017381,4.85566e-09,1.49574e-08,-0.0117179
1.75656e+09,0.0030954,1.50317e-09,1.84414e-09,-0.0174107,4.85566e-09,1.35913e-08,-0.00958738
1.75656e+09,0.00347346,1.52085e-09,1.89105e-09,-0.0174514,4.85566e-09,1.35913e-08,-0.0117179
1.75656e+09,0.00328605,1.53758e-09,1.93499e-09,-0.0174864,4.85566e-09,1.34589e-08,-0.0106526
1.75656e+09,0.00336202,1.54417e-09,1.974e-09,-0.0175222,1.75695e-09,1.16369e-08,-0.0106526
1.75656e+09,0.00333981,1.55004e-09,2.01277e-09,-0.0175542,1.55413e-09,1.16369e-08,-0.00958738
1.75656e+09,0.00315606,1.55536e-09,2.03644e-09,-0.0175576,1.55413e-09,7.52852e-09,-0.00106526
1.75656e+09,0.003344,1.56097e-09,2.05976e-09,-0.0175362,1.55413e-09,7.00076e-09,0.00639159
1.75656e+09,0.00334608,1.56853e-09,2.07413e-09,-0.0175077,2.18581e-09,4.33536e-09,0.00852211
1.75656e+09,0.00720414,1.58442e-09,2.08219e-09,-0.017431,2.18581e-09,1.1563e-09,0.0106526
1.75656e+09,0.00376021,1.59249e-09,2.07332e-09,-0.0173869,2.18581e-09,-2.31961e-09,0.0117179
1.75656e+09,0.00233309,1.58533e-09,2.06803e-09,-0.0173596,-3.0313e-09,-2.31961e-09,0.0117179
1.75656e+09,0.00342225,1.57455e-09,2.04502e-09,-0.0173231,-3.0313e-09,-6.77991e-09,0.0106526
1.75656e+09,0.00322966,1.56352e-09,2.01666e-09,-0.0172887,-3.26168e-09,-8.83828e-09,0.0106526
1.75656e+09,0.00317502,1.55165e-09,1.9888e-09,-0.017265,-3.58698e-09,-8.83828e-09,0.00745685
1.75656e+09,0.00334411,1.53395e-09,1.95954e-09,-0.0172401,-5.1421e-09,-8.83828e-09,0.00745685
1.75656e+09,0.00341094,1.51758e-09,1.92967e-09,-0.0172292,-4.64747e-09,-8.83828e-09,0.00319579
1.75656e+09,0.00358746,1.50031e-09,1.89528e-09,-0.0172177,-4.64747e-09,-9.66741e-09,0.00319579
1.75656e+09,0.00411475,1.48094e-09,1.88127e-09,-0.0172046,-4.64747e-09,-3.48635e-09,0.00319579
1.75656e+09,0.00271612,1.47281e-09,1.8633e-09,-0.0172133,-2.87864e-09,-6.66582e-09,-0.00319579
1.75656e+09,0.00295339,1.46397e-09,1.84376e-09,-0.0172384,-2.87864e-09,-6.66582e-09,-0.00852211
1.75656e+09,0.00331121,1.45406e-09,1.82186e-09,-0.0172667,-2.87864e-09,-6.66582e-09,-0.00852211
1.75656e+09,0.00336321,1.44419e-09,1.81087e-09,-0.0173204,-2.87864e-09,-3.31881e-09,-0.015979
1.75656e+09,0.00354677,1.43405e-09,1.81498e-09,-0.0173771,-2.87864e-09,1.1108e-09,-0.015979
1.75656e+09,0.0033571,1.44213e-09,1.82563e-09,-0.0174307,2.35221e-09,3.21237e-09,-0.015979
1.75656e+09,0.00313768,1.46159e-09,1.83869e-09,-0.0174809,6.12628e-09,4.27172e-09,-0.015979
1.75656e+09,0.00329817,1.48211e-09,1.85683e-09,-0.017523,6.12628e-09,5.60541e-09,-0.0127832
1.75656e+09,0.00336582,1.50323e-09,1.88487e-09,-0.017566,6.12628e-09,8.44104e-09,-0.0127832
1.75656e+09,0.00344976,1.5249e-09,1.91548e-09,-0.0175954,6.12628e-09,8.98264e-09,-0.00852211
1.75656e+09,0.00327997,1.54609e-09,1.94458e-09,-0.0176164,6.30331e-09,8.98264e-09,-0.00639159
1.75656e+09,0.00348154,1.56901e-09,1.99935e-09,-0.0176349,6.30331e-09,1.5845e-08,-0.00532632
1.75656e+09,0.00338491,1.59131e-09,2.05403e-09,-0.017653,6.30331e-09,1.62685e-08,-0.00532632
1.75656e+09,0.00319468,1.61347e-09,2.10562e-09,-0.0176462,6.65113e-09,1.62685e-08,0.00213053
1.75656e+09,0.00333047,1.6356e-09,2.16957e-09,-0.0176355,6.30331e-09,1.93161e-08,0.00319579
1.75656e+09,0.00308276,1.6576e-09,2.22786e-09,-0.0176125,6.80272e-09,1.90323e-08,0.00745685
1.75656e+09,0.00349622,1.67987e-09,2.29402e-09,-0.0175678,6.03641e-09,1.90323e-08,0.0127832
1.75656e+09,0.00331135,1.70052e-09,2.33157e-09,-0.017522,6.03641e-09,1.1447e-08,0.0138484
1.75656e+09,0.00353318,1.71645e-09,2.36375e-09,-0.017458,4.3484e-09,9.186e-09,0.0181095
1.75656e+09,0.0033459,1.73132e-09,2.38204e-09,-0.0174152,4.3484e-09,5.54264e-09,0.0127832
1.75656e+09,0.00318716,1.74181e-09,2.38954e-09,-0.0173745,3.24877e-09,2.40965e-09,0.0127832
1.75656e+09,0.00321449,1.75206e-09,2.37832e-09,-0.0173437,3.24877e-09,-3.43517e-09,0.00958738
1.75656e+09,0.00336689,1.75571e-09,2.36669e-09,-0.0173114,1.14237e-09,-3.43517e-09,0.00958738
1.75656e+09,0.00324205,1.74873e-09,2.35567e-09,-0.0172803,-2.09164e-09,-3.43517e-09,0.00958738
1.75656e+09,0.00339687,1.74149e-09,2.34794e-09,-0.0172695,-2.09164e-09,-2.31079e-09,0.00319579
1.75656e+09,0.00342813,1.75334e-09,2.33982e-09,-0.0172841,3.4948e-09,-2.31079e-09,-0.00426106
1.75656e+09,0.00325923,1.74642e-09,2.33441e-09,-0.0173014,-2.09164e-09,-1.69461e-09,-0.00532632
1.75656e+09,0.00338744,1.75816e-09,2.32847e-09,-0.0173267,3.4948e-09,-1.69461e-09,-0.00745685
1.75656e+09,0.00341566,1.77349e-09,2.32241e-09,-0.0173522,4.51768e-09,-1.69461e-09,-0.00745685
1.75656e+09,0.00316284,1.79047e-09,2.31676e-09,-0.0173858,5.3982e-09,-1.69461e-09,-0.0106526
1.75656e+09,0.00335665,1.81167e-09,2.31188e-09,-0.0174109,6.33996e-09,-1.34348e-09,-0.00745685
1.75656e+09,0.00345068,1.83346e-09,2.30686e-09,-0.0174366,6.33996e-09,-1.34348e-09,-0.00745685
1.75656e+09,0.00334511,1.85471e-09,2.30914e-09,-0.0174794,6.33996e-09,7.90101e-10,-0.0127832
1.75656e+09,0.003985,1.87173e-09,2.31199e-09,-0.0175303,4.25719e-09,7.90101e-10,-0.0127832
1.75656e+09,0.00256837,1.87982e-09,2.30373e-09,-0.0175631,3.2052e-09,-3.15984e-09,-0.0127832
1.75656e+09,0.00330086,1.87843e-09,2.29332e-09,-0.0176053,-3.63662e-10,-3.15984e-09,-0.0127832
1.75656e+09,0.00330307,1.88757e-09,2.28868e-09,-0.017637,2.78899e-09,-1.35558e-09,-0.00958738
1.75656e+09,0.00355189,1.89739e-09,2.28369e-09,-0.0176711,2.78899e-09,-1.35558e-09,-0.00958738
1.75656e+09,0.0031899,1.89115e-09,2.27948e-09,-0.0176812,-1.93125e-09,-1.35558e-09,-0.00319579
1.75656e+09,0.00347824,1.88195e-09,2.27493e-09,-0.0176812,-2.62057e-09,-1.35558e-09,0
1.75656e+09,0.00321793,1.87119e-09,2.27659e-09,-0.0176744,-3.35304e-09,4.59451e-10,0.00213053
1.75656e+09,0.00320301,1.86031e-09,2.26898e-09,-0.0176539,-3.35304e-09,-2.43615e-09,0.00639159
1.75656e+09,0.00347224,1.84842e-09,2.25506e-09,-0.0176317,-3.35304e-09,-4.06848e-09,0.00639159
1.75656e+09,0.00322532,1.83596e-09,2.2415e-09,-0.0175836,-3.79068e-09,-4.27179e-09,0.0149137
1.75656e+09,0.00352733,1.81398e-09,2.21324e-09,-0.0175461,-6.08977e-09,-8.12086e-09,0.0106526
1.75656e+09,0.00324682,1.79374e-09,2.18722e-09,-0.0175115,-6.08977e-09,-8.12086e-09,0.0106526
1.75656e+09,0.00332003,1.77302e-09,2.15839e-09,-0.0174549,-6.08977e-09,-8.79322e-09,0.0170442
1.75656e+09,0.00329635,1.75244e-09,2.12976e-09,-0.0173987,-6.08977e-09,-8.79322e-09,0.0170442
1.75656e+09,0.00338136,1.73573e-09,2.10031e-09,-0.0173627,-4.79051e-09,-8.79322e-09,0.0106526
1.75656e+09,0.00358804,1.71799e-09,2.06906e-09,-0.0173321,-4.79051e-09,-8.79322e-09,0.00852211
1.75656e+09,0.00318968,1.70263e-09,2.03206e-09,-0.0173151,-4.61456e-09,-1.16844e-08,0.00532632
1.75656e+09,0.00324032,1.68703e-09,1.99446e-09,-0.0173082,-4.61456e-09,-1.16844e-08,0.00213053
1.75656e+09,0.00342079,1.67055e-09,1.95477e-09,-0.0173082,-4.61456e-09,-1.16844e-08,0
1.75656e+09,0.00321223,1.655e-09,1.91264e-09,-0.0173287,-4.61456e-09,-1.31976e-08,-0.00639159
1.75656e+09,0.00341963,1.63995e-09,1.87716e-09,-0.0173542,-4.2192e-09,-1.04485e-08,-0.00745685
1.75656e+09,0.00330636,1.6254e-09,1.84286e-09,-0.0173789,-4.2192e-09,-1.04485e-08,-0.00745685
1.75656e+09,0.0032566,1.60605e-09,1.81944e-09,-0.0174205,-5.81806e-09,-7.29606e-09,-0.0127832
1.75656e+09,0.00349409,1.59111e-09,1.7942e-09,-0.0174763,-4.14875e-09,-7.29606e-09,-0.015979
1.75656e+09,0.00340841,1.5864e-09,1.77043e-09,-0.0175308,-1.25933e-09,-6.99735e-09,-0.015979
1.75656e+09,0.00304599,1.5768e-09,1.75369e-09,-0.0175795,-3.05433e-09,-5.54949e-09,-0.015979
1.75656e+09,0.0034055,1.57343e-09,1.74036e-09,-0.0176339,-9.2162e-10,-3.93038e-09,-0.015979
1.75656e+09,0.00332156,1.57014e-09,1.72736e-09,-0.0176834,-9.2162e-10,-3.93038e-09,-0.0149137
1.75656e+09,0.00326051,1.5602e-09,1.72877e-09,-0.0177286,-3.05433e-09,3.77662e-10,-0.0138484
1.75656e+09,0.00352561,1.54947e-09,1.73067e-09,-0.0177549,-3.05433e-09,4.85778e-10,-0.00745685
1.75656e+09,0.00348594,1.54639e-09,1.73864e-09,-0.0177809,-9.2162e-10,2.26919e-09,-0.00745685
1.75656e+09,0.00315141,1.5472e-09,1.75489e-09,-0.0177977,1.63322e-10,5.16081e-09,-0.00532632
1.75656e+09,0.00340253,1.55439e-09,1.79037e-09,-0.0178122,1.92717e-09,1.04632e-08,-0.00426106
1.75656e+09,0.00325967,1.56128e-09,1.82436e-09,-0.0178226,1.92717e-09,1.04632e-08,-0.00319579
1.75656e+09,0.00319626,1.56803e-09,1.85769e-09,-0.0178055,1.92717e-09,1.04632e-08,0.00532632
1.75656e+09,0.00349254,1.5684e-09,1.894e-09,-0.0177869,-7.80349e-11,1.03986e-08,0.00532632
1.75656e+09,0.00327901,1.56634e-09,1.91077e-09,-0.017759,-7.19218e-10,5.09982e-09,0.00852211
1.75656e+09,0.003485,1.55387e-09,1.92658e-09,-0.0177219,-3.65919e-09,4.47358e-09,0.0106526
1.75656e+09,0.0032999,1.55163e-09,1.93418e-09,-0.0176938,-7.19218e-10,2.29064e-09,0.00852211
1.75656e+09,0.0034052,1.54192e-09,1.94035e-09,-0.0176575,-2.88282e-09,1.76161e-09,0.0106526
1.75656e+09,0.00299063,1.53332e-09,1.94144e-09,-0.0176256,-2.88282e-09,3.14031e-10,0.0106526
1.75656e+09,0.00340941,1.52342e-09,1.93767e-09,-0.0176002,-2.88282e-09,-1.1581e-09,0.00745685
1.75656e+09,0.00336626,1.51892e-09,1.93385e-09,-0.0175823,-1.31807e-09,-1.1581e-09,0.00532632
1.75656e+09,0.00323564,1.50946e-09,1.92635e-09,-0.0175719,-2.88282e-09,-2.36928e-09,0.00319579
1.75656e+09,0.00339957,1.50483e-09,1.91825e-09,-0.0175683,-1.31807e-09,-2.40479e-09,0.00106526
1.75656e+09,0.0035808,1.49861e-09,1.89452e-09,-0.0175683,-1.62033e-09,-6.65649e-09,0
1.75656e+09,0.00309623,1.49321e-09,1.87284e-09,-0.0175749,-1.62033e-09,-7.03194e-09,-0.00213053
1.75656e+09,0.00349119,1.48713e-09,1.8484e-09,-0.0175972,-1.62033e-09,-7.03194e-09,-0.00639159
1.75656e+09,0.00309147,1.48174e-09,1.82675e-09,-0.0176269,-1.62033e-09,-7.03194e-09,-0.00958738
1.75656e+09,0.00345907,1.47566e-09,1.80022e-09,-0.01766,-1.62033e-09,-7.69793e-09,-0.00958738
1.75656e+09,0.00327086,1.4757e-09,1.77504e-09,-0.0176949,1.46412e-10,-7.69793e-09,-0.0106526
1.75656e+09,0.00357905,1.47605e-09,1.76558e-09,-0.0177597,1.46412e-10,-2.64133e-09,-0.0181095
1.75656e+09,0.00314554,1.47637e-09,1.75726e-09,-0.01782,1.46412e-10,-2.64133e-09,-0.0191748
1.75656e+09,0.00331506,1.48531e-09,1.76406e-09,-0.0178836,2.66043e-09,2.09738e-09,-0.0191748
1.75656e+09,0.00337367,1.49441e-09,1.77097e-09,-0.0179483,2.66043e-09,2.09738e-09,-0.0191748
1.75656e+09,0.00324988,1.50318e-09,1.77763e-09,-0.0179794,2.66043e-09,2.09738e-09,-0.00958738
1.75656e+09,0.00359561,1.51275e-09,1.77824e-09,-0.0180062,2.66043e-09,2.16409e-10,-0.00745685
1.75656e+09,0.00329187,1.51846e-09,1.77512e-09,-0.0180273,1.75007e-09,-9.1696e-10,-0.00639159
1.75656e+09,0.00322759,1.51712e-09,1.77218e-09,-0.0180376,-3.98332e-10,-9.1696e-10,-0.00319579
1.75656e+09,0.00343747,1.5066e-09,1.76922e-09,-0.0180449,-3.04489e-09,-9.1696e-10,-0.00213053
1.75656e+09,0.00305136,1.5055e-09,1.77545e-09,-0.0180449,-3.98332e-10,2.03531e-09,0
1.75656e+09,0.00346337,1.50433e-09,1.78719e-09,-0.0180375,-3.98332e-10,3.38462e-09,0.00213053
1.75656e+09,0.00339821,1.49419e-09,1.79888e-09,-0.0180086,-3.04489e-09,3.38462e-09,0.00852211
1.75656e+09,0.00328401,1.48431e-09,1.80574e-09,-0.0179701,-3.04489e-09,2.03531e-09,0.0117179
1.75656e+09,0.00324329,1.48654e-09,1.81273e-09,-0.0179217,6.47427e-10,2.16577e-09,0.0149137
1.75656e+09,0.00332202,1.47963e-09,1.81255e-09,-0.0178828,-2.07719e-09,-9.01349e-11,0.0117179
1.75656e+09,0.00341464,1.47254e-09,1.81237e-09,-0.0178428,-2.07719e-09,-9.01349e-11,0.0117179
1.75656e+09,0.00324726,1.47222e-09,1.80725e-09,-0.0178151,-6.834e-11,-1.57837e-09,0.00852211
1.75656e+09,0.00570333,1.47205e-09,1.81961e-09,-0.0177726,-6.834e-11,2.16577e-09,0.00745685
1.75656e+09,0.00114261,1.4716e-09,1.81781e-09,-0.0177677,-3.72888e-10,-1.57837e-09,0.00426106
1.75656e+09,0.0031876,1.47023e-09,1.80795e-09,-0.0177575,-3.72888e-10,-3.1001e-09,0.00319579
1.75656e+09,0.00332434,1.46873e-09,1.79323e-09,-0.0177469,-3.72888e-10,-4.43608e-09,0.00319579
1.75656e+09,0.0033311,1.46723e-09,1.77848e-09,-0.0177682,-3.72888e-10,-4.43608e-09,-0.00639159
1.75656e+09,0.00337785,1.47554e-09,1.76334e-09,-0.0177898,2.54122e-09,-4.43608e-09,-0.00639159
1.75656e+09,0.00331453,1.49067e-09,1.75836e-09,-0.017811,4.58987e-09,-1.42144e-09,-0.00639159
1.75656e+09,0.00335692,1.50599e-09,1.75332e-09,-0.0178324,4.58987e-09,-1.42144e-09,-0.00639159
1.75656e+09,0.00335707,1.51883e-09,1.75716e-09,-0.0178789,3.80509e-09,1.21225e-09,-0.0138484
1.75656e+09,0.00346479,1.53486e-09,1.76373e-09,-0.0179269,4.58987e-09,1.97828e-09,-0.0138484
1.75656e+09,0.00345718,1.55127e-09,1.77389e-09,-0.0179748,4.6927e-09,3.02478e-09,-0.0138484
1.75656e+09,0.00302204,1.56577e-09,1.79195e-09,-0.0180166,4.6927e-09,6.06183e-09,-0.0138484
1.75656e+09,0.00469938,1.60939e-09,1.83827e-09,-0.0180867,9.10224e-09,1.00222e-08,-0.0149137
1.75656e+09,0.00211207,1.62914e-09,1.86689e-09,-0.0181182,9.10224e-09,1.37174e-08,-0.0149137
1.75656e+09,0.0032365,1.65939e-09,1.91075e-09,-0.0181665,9.10224e-09,1.37174e-08,-0.0149137
1.75656e+09,0.00323834,1.68505e-09,1.95835e-09,-0.018201,7.65438e-09,1.48395e-08,-0.0106526
1.75656e+09,0.00335507,1.70216e-09,2.00783e-09,-0.0182224,4.83132e-09,1.48395e-08,-0.00639159
1.75656e+09,0.0034364,1.71969e-09,2.05851e-09,-0.0182334,4.83132e-09,1.48395e-08,-0.00319579
1.75656e+09,0.00342725,1.73701e-09,2.1079e-09,-0.018237,4.78871e-09,1.44999e-08,-0.00106526
1.75656e+09,0.00333962,1.74079e-09,2.15626e-09,-0.018237,8.69323e-10,1.44999e-08,0
1.75656e+09,0.00307671,1.74416e-09,2.19396e-09,-0.0182206,8.69323e-10,1.22702e-08,0.00532632
1.75656e+09,0.00336396,1.74772e-09,2.22909e-09,-0.018192,8.69323e-10,1.04614e-08,0.00852211
1.75656e+09,0.00350131,1.75103e-09,2.24354e-09,-0.0181398,8.69323e-10,4.14342e-09,0.0149137
1.75656e+09,0.00320446,1.75363e-09,2.2332e-09,-0.018092,8.69323e-10,-3.21271e-09,0.0149137
1.75656e+09,0.0035583,1.7544e-09,2.22175e-09,-0.0180389,2.75356e-10,-3.21271e-09,0.0149137
1.75656e+09,0.00319058,1.75035e-09,2.21007e-09,-0.0180015,-1.20231e-09,-3.68198e-09,0.0117179
1.75656e+09,0.00330494,1.7333e-09,2.19976e-09,-0.0179628,-5.10326e-09,-3.21271e-09,0.0117179
1.75656e+09,0.00315052,1.71701e-09,2.18845e-09,-0.0179393,-5.10326e-09,-3.68198e-09,0.00745685
1.75656e+09,0.00336203,1.71275e-09,2.17615e-09,-0.0179035,-1.20231e-09,-3.68198e-09,0.0106526
1.75656e+09,0.0039492,1.71204e-09,2.16162e-09,-0.017874,-1.13532e-10,-3.68198e-09,0.00745685
1.75656e+09,0.00678587,1.7212e-09,2.17077e-09,-0.0178234,1.32574e-09,1.37206e-09,0.00745685
1.75656e+09,0.00283029,1.7348e-09,2.17441e-09,-0.0178355,4.78017e-09,1.37206e-09,-0.00426106
1.75656e+09,0.00322158,1.75028e-09,2.17855e-09,-0.0178561,4.78017e-09,1.37206e-09,-0.00639159
1.75656e+09,0.00344305,1.77204e-09,2.18292e-09,-0.0178891,6.29763e-09,1.38018e-09,-0.00958738
1.75656e+09,0.00303753,1.79145e-09,2.19853e-09,-0.0179247,6.29763e-09,5.25456e-09,-0.0117179
1.75656e+09,0.003418,1.79145e-09,2.22278e-09,-0.0179757,-1.28121e-10,7.09241e-09,-0.0149137
1.75656e+09,0.00340977,1.79056e-09,2.2473e-09,-0.0180265,-3.89169e-10,7.1864e-09,-0.0149137
1.75656e+09,0.00354541,1.78094e-09,2.28033e-09,-0.0180794,-2.88223e-09,9.26463e-09,-0.0149137
1.75656e+09,0.00347826,1.77137e-09,2.3055e-09,-0.018135,-2.88223e-09,7.1864e-09,-0.015979
1.75656e+09,0.0029711,1.7706e-09,2.32687e-09,-0.0181824,-3.89169e-10,7.1864e-09,-0.015979
1.75656e+09,0.00353265,1.78204e-09,2.3594e-09,-0.0182389,3.07093e-09,9.26463e-09,-0.015979
1.75656e+09,0.0034389,1.79319e-09,2.39151e-09,-0.0182902,3.07093e-09,9.39696e-09,-0.0149137
1.75656e+09,0.00299961,1.80291e-09,2.41953e-09,-0.0183285,3.07093e-09,9.39696e-09,-0.0127832
1.75656e+09,0.00343839,1.81184e-09,2.45399e-09,-0.0183505,2.41321e-09,1.00692e-08,-0.00639159
1.75656e+09,0.00323327,1.82024e-09,2.4864e-09,-0.0183712,2.41321e-09,1.00692e-08,-0.00639159
1.75656e+09,0.00347083,1.82739e-09,2.52122e-09,-0.0184007,1.87361e-09,1.00692e-08,-0.00852211
1.75656e+09,0.00324218,1.83406e-09,2.55358e-09,-0.0184215,1.87361e-09,1.00165e-08,-0.00639159
1.75656e+09,0.00333135,1.84186e-09,2.58396e-09,-0.0184321,2.17265e-09,9.16148e-09,-0.00319579
1.75656e+09,0.00363105,1.85019e-09,2.60824e-09,-0.0184166,2.17265e-09,6.72601e-09,0.00426106
1.75656e+09,0.00343421,1.84578e-09,2.62188e-09,-0.0183691,-1.35815e-09,3.94781e-09,0.0138484
1.75656e+09,0.00338209,1.84125e-09,2.62524e-09,-0.0183222,-1.35815e-09,9.69763e-10,0.0138484
1.75656e+09,0.00311505,1.8368e-09,2.62834e-09,-0.0182791,-1.44568e-09,9.69763e-10,0.0138484
1.75656e+09,0.00311632,1.82693e-09,2.62352e-09,-0.0182194,-3.13735e-09,-1.60466e-09,0.0191748
1.75656e+09,0.00392812,1.81419e-09,2.61745e-09,-0.018165,-3.21458e-09,-1.60466e-09,0.0138484
1.75656e+09,0.00275793,1.80538e-09,2.60853e-09,-0.0181238,-3.13735e-09,-3.29272e-09,0.0149137
1.75656e+09,0.00324719,1.79499e-09,2.5976e-09,-0.0180754,-3.13735e-09,-3.42336e-09,0.0149137
1.75656e+09,0.00331354,1.7841e-09,2.58428e-09,-0.0180401,-3.21458e-09,-4.07649e-09,0.0106526
1.75656e+09,0.0034183,1.78238e-09,2.5699e-09,-0.0180437,-4.25445e-10,-4.2169e-09,-0.00106526
1.75656e+09,0.00337057,1.78078e-09,2.55571e-09,-0.0180473,-3.99319e-10,-4.2169e-09,-0.00106526
1.75656e+09,0.00328646,1.77918e-09,2.54449e-09,-0.0180543,-4.25445e-10,-3.42336e-09,-0.00213053
1.75656e+09,0.003366,1.77775e-09,2.54457e-09,-0.0180758,-4.25445e-10,1.6133e-11,-0.00639159
1.75656e+09,0.00342139,1.77651e-09,2.5516e-09,-0.0181196,-3.99319e-10,2.04808e-09,-0.0127832
1.75656e+09,0.0032973,1.77994e-09,2.56522e-09,-0.0181758,9.64555e-10,4.14887e-09,-0.0170442
1.75656e+09,0.00323834,1.78522e-09,2.5976e-09,-0.0182413,1.4498e-09,1.00265e-08,-0.02024
1.75656e+09,0.00345138,1.79552e-09,2.63932e-09,-0.0183112,2.76211e-09,1.2141e-08,-0.02024
1.75656e+09,0.0032155,1.80511e-09,2.67819e-09,-0.0183728,2.76211e-09,1.2141e-08,-0.0191748
1.75656e+09,0.00358203,1.81609e-09,2.73738e-09,-0.0184339,2.76211e-09,1.65789e-08,-0.0170442
1.75656e+09,0.00318259,1.83115e-09,2.79193e-09,-0.0184881,4.41522e-09,1.72225e-08,-0.0170442
1.75656e+09,0.00354488,1.87488e-09,2.85218e-09,-0.0185448,1.20196e-08,1.72225e-08,-0.015979
1.75656e+09,0.00329041,1.92265e-09,2.91471e-09,-0.0185939,1.41608e-08,1.927e-08,-0.0149137
1.75656e+09,0.0031947,1.96921e-09,2.98565e-09,-0.0185939,1.41608e-08,2.24714e-08,0
1.75656e+09,0.00318022,2.00876e-09,3.05639e-09,-0.0185939,1.20196e-08,2.24714e-08,0
1.75656e+09,0.00366819,2.04728e-09,3.13389e-09,-0.0185704,1.01069e-08,2.13202e-08,0.00639159
1.75656e+09,0.00304627,2.0682e-09,3.20471e-09,-0.0185282,6.43465e-09,2.33705e-08,0.0138484
1.75656e+09,0.0033038,2.09076e-09,3.27474e-09,-0.0184825,6.43465e-09,2.13202e-08,0.0138484
1.75656e+09,0.00336523,2.11712e-09,3.3364e-09,-0.0184359,7.49214e-09,1.8465e-08,0.0138484
1.75656e+09,0.00340086,2.14006e-09,3.39335e-09,-0.0184178,6.43465e-09,1.68653e-08,0.00532632
1.75656e+09,0.00328772,2.15548e-09,3.44103e-09,-0.0184002,4.42207e-09,1.45874e-08,0.00532632
1.75656e+09,0.00363219,2.17711e-09,3.49314e-09,-0.0183809,5.69056e-09,1.44534e-08,0.00532632
1.75656e+09,0.00298879,2.17878e-09,3.52087e-09,-0.0183618,3.89248e-10,9.28827e-09,0.00639159
1.75656e+09,0.00332643,2.18031e-09,3.53353e-09,-0.0183334,3.89248e-10,3.811e-09,0.00852211
1.75656e+09,0.00347924,2.18336e-09,3.51957e-09,-0.0183038,9.49604e-10,-3.99396e-09,0.00852211
1.75656e+09,0.00325961,2.19193e-09,3.50639e-09,-0.018283,2.70395e-09,-3.99396e-09,0.00639159
1.75656e+09,0.00327179,2.20053e-09,3.49258e-09,-0.0182795,2.70395e-09,-4.17201e-09,0.00106526
1.75656e+09,0.00340805,2.20948e-09,3.4782e-09,-0.0182795,2.70395e-09,-4.17201e-09,0
1.75656e+09,0.00329008,2.21898e-09,3.47719e-09,-0.018283,2.89229e-09,-2.52906e-10,-0.00106526
1.75656e+09,0.00352464,2.2296e-09,3.49453e-09,-0.0182905,2.92202e-09,4.97298e-09,-0.00213053
1.75656e+09,0.0030657,2.24038e-09,3.51039e-09,-0.0183035,3.42072e-09,5.23809e-09,-0.00426106
1.75656e+09,0.00405528,2.25264e-09,3.53923e-09,-0.0183597,2.89229e-09,7.16522e-09,-0.0138484
1.75656e+09,0.00286601,2.26281e-09,3.55958e-09,-0.0183994,3.42072e-09,7.16522e-09,-0.0138484
1.75656e+09,0.0035715,2.28685e-09,3.58763e-09,-0.0184489,6.58517e-09,7.97512e-09,-0.0138484
1.75656e+09,0.00291282,2.30657e-09,3.61637e-09,-0.0185016,6.58517e-09,9.98873e-09,-0.0181095
1.75656e+09,0.0033074,2.32896e-09,3.64584e-09,-0.0185615,6.60271e-09,9.03567e-09,-0.0181095
1.75656e+09,0.00322912,2.35081e-09,3.67462e-09,-0.01862,6.60271e-09,9.03567e-09,-0.0181095
1.75656e+09,0.00343697,2.37402e-09,3.70525e-09,-0.0186822,6.58517e-09,9.03567e-09,-0.0181095
1.75656e+09,0.00322136,2.38482e-09,3.71896e-09,-0.0187371,3.27063e-09,4.32041e-09,-0.0170442
1.75656e+09,0.00362308,2.37744e-09,3.73476e-09,-0.0187641,-2.11569e-09,4.32041e-09,-0.00745685
1.75656e+09,0.00319782,2.37067e-09,3.73462e-09,-0.018788,-2.11569e-09,-8.46186e-11,-0.00745685
1.75656e+09,0.00350677,2.37737e-09,3.7361e-09,-0.0188104,1.90157e-09,4.57833e-10,-0.00639159
1.75656e+09,0.00299438,2.38309e-09,3.73736e-09,-0.01882,1.90157e-09,4.57833e-10,-0.00319579
1.75656e+09,0.00369135,2.37117e-09,3.73927e-09,-0.0188318,-3.23995e-09,4.57833e-10,-0.00319579
1.75656e+09,0.00368935,2.35918e-09,3.73763e-09,-0.0188436,-3.23995e-09,-5.05347e-10,-0.00319579
1.75656e+09,0.00307765,2.34908e-09,3.7309e-09,-0.0188206,-3.23995e-09,-2.2495e-09,0.00745685
1.75656e+09,0.00317906,2.33847e-09,3.71451e-09,-0.0187969,-3.23995e-09,-5.21805e-09,0.00745685
1.75656e+09,0.00313833,2.32799e-09,3.69833e-09,-0.0187735,-3.23995e-09,-5.21805e-09,0.00745685
1.75656e+09,0.00349125,2.33046e-09,3.68092e-09,-0.0187437,7.997e-10,-4.97083e-09,0.00852211
1.75656e+09,0.00300907,2.33259e-09,3.66592e-09,-0.0187181,7.997e-10,-4.97083e-09,0.00852211
1.75656e+09,0.00362955,2.3323e-09,3.64728e-09,-0.0186872,1.83411e-11,-5.13596e-09,0.00852211
1.75656e+09,0.00348244,2.32229e-09,3.62958e-09,-0.0186575,-2.78037e-09,-5.13596e-09,0.00852211
1.75656e+09,0.0034485,2.32202e-09,3.61187e-09,-0.0186281,1.83411e-11,-5.13596e-09,0.00852211
1.75656e+09,0.00329213,2.32177e-09,3.59497e-09,-0.0186036,1.83411e-11,-5.13596e-09,0.00745685
1.75656e+09,0.00327257,2.32176e-09,3.59156e-09,-0.0186001,1.83411e-11,-1.04142e-09,0.00106526
1.75656e+09,0.00307481,2.32352e-09,3.58953e-09,-0.0186001,5.82246e-10,-6.48212e-10,0
1.75656e+09,0.00324615,2.32768e-09,3.58735e-09,-0.0186174,1.29611e-09,-6.48212e-10,-0.00532632
1.75656e+09,0.00333731,2.32959e-09,3.58515e-09,-0.0186422,5.82246e-10,-6.48212e-10,-0.00745685
1.75656e+09,0.00334179,2.32888e-09,3.56423e-09,-0.0186672,-9.50373e-11,-6.263e-09,-0.00745685
1.75656e+09,0.00342862,2.32815e-09,3.54277e-09,-0.0187,-9.50373e-11,-6.263e-09,-0.00958738
1.75656e+09,0.00340292,2.32569e-09,3.5215e-09,-0.0187689,-6.07824e-10,-6.263e-09,-0.02024
1.75656e+09,0.00333213,2.3127e-09,3.52094e-09,-0.0188364,-3.89273e-09,-2.38905e-10,-0.02024
1.75656e+09,0.00361935,2.2986e-09,3.52035e-09,-0.0189096,-3.89273e-09,-2.38905e-10,-0.02024
1.75656e+09,0.00325425,2.2953e-09,3.51963e-09,-0.018972,-1.00866e-09,-2.38905e-10,-0.0191748
1.75656e+09,0.00320952,2.29199e-09,3.51584e-09,-0.0190336,-1.00866e-09,-1.20023e-09,-0.0191748
1.75656e+09,0.00314705,2.28872e-09,3.51092e-09,-0.0190872,-1.00866e-09,-1.58272e-09,-0.0170442
1.75656e+09,0.00336363,2.28523e-09,3.50566e-09,-0.0191302,-1.00866e-09,-1.58272e-09,-0.0127832
1.75656e+09,0.0032027,2.2772e-09,3.50075e-09,-0.0191473,-2.47892e-09,-1.58272e-09,-0.00532632
1.75656e+09,0.00343932,2.26883e-09,3.50909e-09,-0.0191619,-2.47892e-09,2.37892e-09,-0.00426106
1.75656e+09,0.0034159,2.26052e-09,3.51738e-09,-0.0191583,-2.47892e-09,2.37892e-09,0.00106526
1.75656e+09,0.00323073,2.256e-09,3.52515e-09,-0.0191548,-1.44346e-09,2.37892e-09,0.00106526
1.75656e+09,0.00370652,2.25075e-09,3.53042e-09,-0.0191232,-1.44346e-09,1.39316e-09,0.00852211
1.75656e+09,0.00298473,2.24641e-09,3.52846e-09,-0.0190851,-1.44346e-09,-6.8368e-10,0.0127832
1.75656e+09,0.00328588,2.24156e-09,3.5232e-09,-0.0190431,-1.44346e-09,-1.62853e-09,0.0127832
1.75656e+09,0.0038508,2.2328e-09,3.51187e-09,-0.0189939,-2.21967e-09,-2.98358e-09,0.0127832
1.75656e+09,0.00298435,2.22608e-09,3.50714e-09,-0.0189493,-2.21967e-09,-1.62853e-09,0.0149137
1.75656e+09,0.00311151,2.22398e-09,3.50211e-09,-0.0189096,-6.43403e-10,-1.62853e-09,0.0127832
1.75656e+09,0.00343082,2.22156e-09,3.49068e-09,-0.0188657,-6.43403e-10,-3.34428e-09,0.0127832
1.75656e+09,0.00327098,2.21395e-09,3.47224e-09,-0.0188239,-2.21967e-09,-5.68191e-09,0.0127832
1.75656e+09,0.00357776,2.21416e-09,3.46483e-09,-0.0187858,9.6598e-11,-2.06881e-09,0.0106526
1.75656e+09,0.00309316,2.20608e-09,3.45858e-09,-0.0187561,-2.57362e-09,-2.06881e-09,0.00958738
1.75656e+09,0.00346455,2.19703e-09,3.45158e-09,-0.0187377,-2.57362e-09,-2.06881e-09,0.00532632
1.75656e+09,0.00337673,2.19452e-09,3.44544e-09,-0.0187233,-7.07967e-10,-1.83125e-09,0.00426106
1.75656e+09,0.00332115,2.19524e-09,3.44724e-09,-0.0187127,2.05703e-10,5.43121e-10,0.00319579
1.75656e+09,0.00341444,2.19608e-09,3.4548e-09,-0.0187018,2.05703e-10,2.21829e-09,0.00319579
1.75656e+09,0.0030975,2.20817e-09,3.46939e-09,-0.0187249,3.81382e-09,4.78438e-09,-0.00745685
1.75656e+09,0.00363991,2.21457e-09,3.49356e-09,-0.0187559,1.63438e-09,6.67228e-09,-0.00852211
1.75656e+09,0.00306697,2.22666e-09,3.51402e-09,-0.0187853,3.81382e-09,6.74249e-09,-0.00958738
1.75656e+09,0.00330324,2.24211e-09,3.55348e-09,-0.0188275,4.45475e-09,1.20326e-08,-0.0127832
1.75656e+09,0.00353852,2.26622e-09,3.59561e-09,-0.0188727,6.58692e-09,1.20326e-08,-0.0127832
1.75656e+09,0.00323756,2.28777e-09,3.63417e-09,-0.0189141,6.43028e-09,1.20326e-08,-0.0127832
1.75656e+09,0.00315886,2.3088e-09,3.67179e-09,-0.0189545,6.43028e-09,1.20326e-08,-0.0127832
1.75656e+09,0.00360841,2.33287e-09,3.71763e-09,-0.0190006,6.43028e-09,1.28294e-08,-0.0127832
1.75656e+09,0.00344942,2.35229e-09,3.76298e-09,-0.0190411,5.37678e-09,1.32511e-08,-0.0117179
1.75656e+09,0.00338074,2.36274e-09,3.80224e-09,-0.0190771,2.86927e-09,1.16691e-08,-0.0106526
1.75656e+09,0.00432555,2.37504e-09,3.85933e-09,-0.0191232,2.5931e-09,1.32511e-08,-0.0106526
1.75656e+09,0.0023003,2.38165e-09,3.89277e-09,-0.0191428,2.5931e-09,1.45903e-08,-0.00852211
1.75656e+09,0.00283284,2.38907e-09,3.93397e-09,-0.0191518,2.34068e-09,1.45903e-08,-0.00319579
1.75656e+09,0.00337641,2.39773e-09,3.97321e-09,-0.0191518,2.34068e-09,1.16691e-08,0
1.75656e+09,0.00353786,2.40645e-09,3.99605e-09,-0.0191405,2.34068e-09,6.5018e-09,0.00319579
1.75656e+09,0.00318675,2.41422e-09,4.01259e-09,-0.0191133,2.34068e-09,5.2352e-09,0.00852211
1.75656e+09,0.00363577,2.4197e-09,4.02912e-09,-0.0190824,1.42009e-09,4.57392e-09,0.00852211
1.75656e+09,0.00313309,2.41667e-09,4.04351e-09,-0.0190323,-1.05695e-09,4.57392e-09,0.015979
1.75656e+09,0.00325535,2.41193e-09,4.04759e-09,-0.0189803,-1.47749e-09,1.22429e-09,0.015979
1.75656e+09,0.00338823,2.40701e-09,4.05217e-09,-0.0189514,-1.47749e-09,1.32525e-09,0.00852211
1.75656e+09,0.00352351,2.4019e-09,4.05694e-09,-0.0189251,-1.47749e-09,1.32525e-09,0.00745685
1.75656e+09,0.00321615,2.39723e-09,4.06129e-09,-0.0189149,-1.47749e-09,1.32525e-09,0.00319579
1.75656e+09,0.00332414,2.39328e-09,4.05052e-09,-0.0189078,-1.12641e-09,-3.26176e-09,0.00213053
1.75656e+09,0.00331796,2.38918e-09,4.03136e-09,-0.0189042,-1.12641e-09,-5.79776e-09,0.00106526
1.75656e+09,0.00336687,2.37626e-09,4.01208e-09,-0.0189114,-3.72738e-09,-5.79776e-09,-0.00213053
1.75656e+09,0.0031529,2.364e-09,3.98519e-09,-0.0189215,-3.72738e-09,-8.5995e-09,-0.00319579
1.75656e+09,0.00345695,2.36319e-09,3.95547e-09,-0.0189325,-6.96053e-11,-8.5995e-09,-0.00319579
1.75656e+09,0.00340201,2.34889e-09,3.92648e-09,-0.0189905,-4.04255e-09,-8.5995e-09,-0.0170442
1.75656e+09,0.00359575,2.33252e-09,3.89345e-09,-0.0190556,-4.37665e-09,-9.27044e-09,-0.0181095
1.75656e+09,0.00311333,2.31835e-09,3.86486e-09,-0.019112,-4.37665e-09,-9.27044e-09,-0.0181095
1.75656e+09,0.00332602,2.30326e-09,3.83704e-09,-0.0191793,-4.37665e-09,-8.44853e-09,-0.02024
1.75656e+09,0.00343602,2.28767e-09,3.8083e-09,-0.0192489,-4.37665e-09,-8.44853e-09,-0.02024
1.75656e+09,0.00329161,2.30187e-09,3.81712e-09,-0.0193155,4.26399e-09,2.76212e-09,-0.02024
1.75656e+09,0.00313023,2.31541e-09,3.8266e-09,-0.0193789,4.26399e-09,3.10942e-09,-0.02024
1.75656e+09,0.00324807,2.3295e-09,3.83906e-09,-0.0194446,4.26399e-09,3.91924e-09,-0.02024
1.75656e+09,0.00337378,2.34181e-09,3.8544e-09,-0.0195021,3.55931e-09,4.61769e-09,-0.0170442
1.75656e+09,0.00323928,2.34232e-09,3.87447e-09,-0.0195228,3.54241e-11,6.19674e-09,-0.00639159
1.75656e+09,0.00466784,2.34306e-09,3.90431e-09,-0.0195427,3.54241e-11,6.39562e-09,-0.00426106
1.75656e+09,0.00221469,2.344e-09,3.91846e-09,-0.0195498,2.9672e-10,6.39562e-09,-0.00319579
1.75656e+09,0.00315248,2.34449e-09,3.93799e-09,-0.0195498,3.54241e-11,6.19674e-09,0
1.75656e+09,0.00337994,2.34465e-09,3.9398e-09,-0.0195462,3.54241e-11,5.3686e-10,0.00106526
1.75656e+09,0.0035601,2.34558e-09,3.93341e-09,-0.0195234,2.9672e-10,-1.79008e-09,0.00639159
1.75656e+09,0.00327169,2.34964e-09,3.92747e-09,-0.0194921,1.27621e-09,-1.79008e-09,0.00958738
1.75656e+09,0.0032995,2.34141e-09,3.92136e-09,-0.0194253,-2.45633e-09,-1.9016e-09,0.02024
1.75656e+09,0.00316693,2.33645e-09,3.90948e-09,-0.0193612,-1.49503e-09,-3.78036e-09,0.02024
1.75656e+09,0.00327544,2.33131e-09,3.89719e-09,-0.0192949,-1.49503e-09,-3.78036e-09,0.02024
1.75656e+09,0.00386386,2.32525e-09,3.8827e-09,-0.0192537,-1.49503e-09,-3.78036e-09,0.0106526
1.75656e+09,0.00346228,2.31976e-09,3.86644e-09,-0.0192168,-1.49503e-09,-4.72659e-09,0.0106526
1.75656e+09,0.00282832,2.31695e-09,3.85312e-09,-0.0191867,-9.02636e-10,-4.72659e-09,0.0106526
1.75656e+09,0.0033726,2.32608e-09,3.81975e-09,-0.0191508,2.89455e-09,-9.8404e-09,0.0106526
1.75656e+09,0.00333424,2.3351e-09,3.78676e-09,-0.0191153,2.89455e-09,-9.8404e-09,0.0106526
1.75656e+09,0.0033005,2.34404e-09,3.75472e-09,-0.0191223,2.89455e-09,-9.65401e-09,-0.00213053
1.75656e+09,0.0032867,2.34899e-09,3.72289e-09,-0.0191293,1.69154e-09,-9.65401e-09,-0.00213053
1.75656e+09,0.00353983,2.35319e-09,3.6973e-09,-0.0191481,1.32259e-09,-7.20578e-09,-0.00532632
1.75656e+09,0.00319471,2.35697e-09,3.6742e-09,-0.0191788,1.32259e-09,-7.20578e-09,-0.00958738
1.75656e+09,0.00377834,2.35931e-09,3.63768e-09,-0.0192231,8.05736e-10,-9.65401e-09,-0.0117179
1.75656e+09,0.00290572,2.36383e-09,3.61665e-09,-0.0192695,1.69154e-09,-7.20578e-09,-0.015979
1.75656e+09,0.00315744,2.351e-09,3.5778e-09,-0.0193199,-3.82453e-09,-1.23786e-08,-0.015979
1.75656e+09,0.00334001,2.35014e-09,3.53647e-09,-0.0193769,-1.65714e-11,-1.23786e-08,-0.0170442
1.75656e+09,0.00338233,2.34343e-09,3.49472e-09,-0.0194345,-1.74445e-09,-1.23786e-08,-0.0170442
1.75656e+09,0.00341846,2.33669e-09,3.45478e-09,-0.0194928,-1.74445e-09,-1.17207e-08,-0.0170442
1.75656e+09,0.00326953,2.31979e-09,3.41463e-09,-0.0195485,-4.93011e-09,-1.23786e-08,-0.0170442
1.75656e+09,0.00328285,2.30285e-09,3.37647e-09,-0.019587,-4.93011e-09,-1.17207e-08,-0.0117179
1.75656e+09,0.00346961,2.28441e-09,3.33323e-09,-0.0196091,-5.07165e-09,-1.25667e-08,-0.00639159
1.75656e+09,0.00340249,2.25389e-09,3.29478e-09,-0.0196309,-8.747e-09,-1.14723e-08,-0.00639159
1.75656e+09,0.00329417,2.22434e-09,3.25756e-09,-0.0196519,-8.747e-09,-1.14723e-08,-0.00639159
1.75656e+09,0.00348018,2.19312e-09,3.21824e-09,-0.0196742,-8.747e-09,-1.14723e-08,-0.00639159
1.75656e+09,0.00325088,2.16463e-09,3.17794e-09,-0.0196742,-8.51618e-09,-1.25667e-08,0
1.75656e+09,0.00326616,2.13609e-09,3.12782e-09,-0.0196707,-8.43676e-09,-1.55157e-08,0.00106526
1.75656e+09,0.00316563,2.10842e-09,3.07924e-09,-0.0196572,-8.43676e-09,-1.55157e-08,0.00426106
1.75656e+09,0.00337659,2.07997e-09,3.0264e-09,-0.0196356,-8.11438e-09,-1.58113e-08,0.00639159
1.75656e+09,0.00355356,2.0533e-09,2.97072e-09,-0.0196054,-7.19833e-09,-1.58113e-08,0.00852211
1.75656e+09,0.00311497,2.02991e-09,2.92192e-09,-0.0195788,-7.19833e-09,-1.58113e-08,0.00852211
1.75656e+09,0.00346018,2.00394e-09,2.86771e-09,-0.0195493,-7.19833e-09,-1.58113e-08,0.00852211
1.75656e+09,0.00359933,1.97657e-09,2.79359e-09,-0.0195187,-7.19833e-09,-2.07367e-08,0.00852211
1.75656e+09,0.00300194,1.95372e-09,2.73011e-09,-0.0194931,-7.19833e-09,-2.1292e-08,0.00852211
1.75656e+09,0.00336208,1.94605e-09,2.65866e-09,-0.0194823,-1.86832e-09,-2.1292e-08,0.00319579
1.75656e+09,0.00325729,1.93683e-09,2.59128e-09,-0.0194789,-2.42735e-09,-2.07367e-08,0.00106526
1.75656e+09,0.00341674,1.92717e-09,2.52132e-09,-0.0194752,-2.42735e-09,-2.05265e-08,0.00106526
1.75656e+09,0.00319652,1.91833e-09,2.46594e-09,-0.0194854,-2.42735e-09,-1.73763e-08,-0.00319579
1.75656e+09,0.00375539,1.90816e-09,2.41202e-09,-0.0195054,-2.42735e-09,-1.44082e-08,-0.00532632
1.75656e+09,0.00322195,1.89933e-09,2.36642e-09,-0.0195432,-2.4646e-09,-1.42032e-08,-0.0117179
1.75656e+09,0.00336342,1.88698e-09,2.31888e-09,-0.0195826,-3.39446e-09,-1.42032e-08,-0.0117179
1.75656e+09,0.0032054,1.87521e-09,2.27358e-09,-0.0196202,-3.39446e-09,-1.42032e-08,-0.0117179
1.75656e+09,0.00320016,1.86348e-09,2.2296e-09,-0.0196781,-3.39446e-09,-1.38126e-08,-0.0181095
1.75656e+09,0.0033341,1.85126e-09,2.18377e-09,-0.0197385,-3.39446e-09,-1.38126e-08,-0.0181095
1.75656e+09,0.00357961,1.8393e-09,2.13456e-09,-0.0198033,-3.06995e-09,-1.38126e-08,-0.0181095
1.75656e+09,0.00314872,1.82883e-09,2.09408e-09,-0.0198335,-3.06995e-09,-1.29197e-08,-0.00958738
1.75656e+09,0.00358646,1.81541e-09,2.048e-09,-0.0198679,-3.485e-09,-1.29197e-08,-0.00958738
1.75656e+09,0.00328427,1.80449e-09,2.00577e-09,-0.0198924,-3.06995e-09,-1.29197e-08,-0.00745685
1.75656e+09,0.00302667,1.80109e-09,1.97514e-09,-0.0199149,-9.22228e-10,-1.01435e-08,-0.00745685
1.75656e+09,0.00345742,1.80207e-09,1.95287e-09,-0.019937,4.11224e-10,-6.43289e-09,-0.00639159
1.75656e+09,0.00331949,1.80321e-09,1.9418e-09,-0.0199583,4.11224e-10,-3.32845e-09,-0.00639159
1.75656e+09,0.00319904,1.80445e-09,1.93815e-09,-0.0199583,4.11224e-10,-1.13229e-09,0
1.75656e+09,0.00348938,1.80581e-09,1.93417e-09,-0.019936,4.11224e-10,-1.13229e-09,0.00639159
1.75656e+09,0.00349124,1.80818e-09,1.92911e-09,-0.0198913,7.08871e-10,-1.43626e-09,0.0127832
1.75656e+09,0.0031639,1.80154e-09,1.91871e-09,-0.0198475,-2.03552e-09,-3.32845e-09,0.0138484
1.75656e+09,0.00330433,1.79472e-09,1.91409e-09,-0.0197982,-2.03552e-09,-1.43626e-09,0.0149137
1.75656e+09,0.00346475,1.79795e-09,1.90462e-09,-0.0197466,9.88338e-10,-2.71474e-09,0.0149137
1.75656e+09,0.0031242,1.78855e-09,1.89633e-09,-0.0196966,-2.95603e-09,-2.71474e-09,0.015979
1.75656e+09,0.00338037,1.77758e-09,1.88736e-09,-0.0196426,-3.19279e-09,-2.71474e-09,0.015979
1.75656e+09,0.00355453,1.76689e-09,1.87792e-09,-0.0195858,-2.95603e-09,-2.71474e-09,0.015979
1.75656e+09,0.00298912,1.76025e-09,1.86994e-09,-0.0195444,-2.16806e-09,-2.71474e-09,0.0138484
1.75656e+09,0.00335583,1.74986e-09,1.84595e-09,-0.019498,-2.95603e-09,-7.20691e-09,0.0138484
1.75656e+09,0.00330581,1.74223e-09,1.82227e-09,-0.0194804,-2.16806e-09,-7.20691e-09,0.00532632
1.75656e+09,0.00362919,1.73382e-09,1.79461e-09,-0.0194804,-2.16806e-09,-7.66521e-09,0
1.75656e+09,0.00322098,1.72022e-09,1.77229e-09,-0.0194906,-4.08697e-09,-7.01146e-09,-0.00319579
1.75656e+09,0.00379389,1.70415e-09,1.74351e-09,-0.0195109,-4.08697e-09,-7.66521e-09,-0.00532632
1.75656e+09,0.00284194,1.69794e-09,1.70366e-09,-0.0195411,-1.9117e-09,-1.40631e-08,-0.0106526
1.75656e+09,0.00344972,1.6836e-09,1.64632e-09,-0.0195816,-3.83047e-09,-1.66998e-08,-0.0117179
1.75656e+09,0.00346302,1.6692e-09,1.58876e-09,-0.0196221,-3.83047e-09,-1.66998e-08,-0.0117179
1.75656e+09,0.00314085,1.66144e-09,1.53645e-09,-0.0196589,-2.14609e-09,-1.66998e-08,-0.0117179
1.75656e+09,0.00326788,1.65365e-09,1.49721e-09,-0.0196972,-2.14609e-09,-1.20533e-08,-0.0117179
1.75656e+09,0.00330719,1.64487e-09,1.47633e-09,-0.019743,-2.52922e-09,-6.36193e-09,-0.0138484
1.75656e+09,0.00330632,1.63757e-09,1.46592e-09,-0.0197783,-2.14609e-09,-3.19413e-09,-0.0106526
1.75656e+09,0.00336711,1.64184e-09,1.47336e-09,-0.0198249,1.22321e-09,2.23534e-09,-0.0138484
1.75656e+09,0.00326926,1.64598e-09,1.48088e-09,-0.0198702,1.22321e-09,2.32478e-09,-0.0138484
1.75656e+09,0.00349181,1.65068e-09,1.48925e-09,-0.0199074,1.29731e-09,2.42433e-09,-0.0106526
1.75656e+09,0.00338196,1.65567e-09,1.49702e-09,-0.0199434,1.42807e-09,2.32478e-09,-0.0106526
1.75656e+09,0.00371464,1.66114e-09,1.50555e-09,-0.019975,1.42807e-09,2.32478e-09,-0.00852211
1.75656e+09,0.00268353,1.6651e-09,1.51171e-09,-0.0199808,1.42807e-09,2.32478e-09,-0.00213053
1.75656e+09,0.00342017,1.68596e-09,1.51855e-09,-0.0199698,6.05904e-09,2.12114e-09,0.00319579
1.75656e+09,0.00324652,1.70572e-09,1.52286e-09,-0.019956,6.05904e-09,1.45104e-09,0.00426106
1.75656e+09,0.00352339,1.7073e-09,1.52598e-09,-0.0199034,4.28509e-10,8.92389e-10,0.0149137
1.75656e+09,0.0034235,1.69417e-09,1.52842e-09,-0.0198524,-3.84694e-09,6.38314e-10,0.0149137
1.75656e+09,0.0034992,1.68396e-09,1.52274e-09,-0.0198002,-2.88603e-09,-1.68172e-09,0.0149137
1.75656e+09,0.00317356,1.67459e-09,1.51235e-09,-0.0197664,-2.88603e-09,-3.33159e-09,0.0106526
1.75656e+09,0.00318747,1.66529e-09,1.50717e-09,-0.0197324,-2.88603e-09,-1.68172e-09,0.0106526
1.75656e+09,0.00328317,1.65305e-09,1.48992e-09,-0.0196975,-3.6247e-09,-5.32798e-09,0.0106526
1.75656e+09,0.00337521,1.64288e-09,1.4686e-09,-0.0196687,-2.88603e-09,-6.37531e-09,0.00852211
1.75656e+09,0.00801407,1.63345e-09,1.40877e-09,-0.0196175,-1.02973e-09,-7.48695e-09,0.00639159
1.75656e+09,0.00209678,1.63103e-09,1.39545e-09,-0.0196152,-1.02973e-09,-6.37531e-09,0.00106526
1.75656e+09,0.00314,1.62741e-09,1.3755e-09,-0.0196219,-1.02973e-09,-6.37531e-09,-0.00213053
1.75656e+09,0.0033348,1.63352e-09,1.36038e-09,-0.0196397,1.92328e-09,-4.49646e-09,-0.00532632
1.75656e+09,0.00337694,1.64612e-09,1.34815e-09,-0.0196649,3.8008e-09,-3.54563e-09,-0.00745685
1.75656e+09,0.00417586,1.66207e-09,1.35209e-09,-0.0197049,3.8008e-09,1.01747e-09,-0.00958738
1.75656e+09,0.00246183,1.67332e-09,1.35562e-09,-0.0197364,4.54068e-09,1.52338e-09,-0.0127832
1.75656e+09,0.00326633,1.68847e-09,1.37146e-09,-0.0197851,4.54068e-09,4.94043e-09,-0.0149137
1.75656e+09,0.00344454,1.70157e-09,1.38822e-09,-0.0198291,3.70642e-09,4.94043e-09,-0.0127832
1.75656e+09,0.00324343,1.71398e-09,1.40742e-09,-0.0198844,3.70642e-09,5.99423e-09,-0.0170442
1.75656e+09,0.00334211,1.72359e-09,1.43136e-09,-0.0199271,2.73314e-09,7.21697e-09,-0.0127832
1.75656e+09,0.0034969,1.73365e-09,1.45674e-09,-0.0199644,2.73314e-09,7.31544e-09,-0.0106526
1.75656e+09,0.00331692,1.7432e-09,1.48082e-09,-0.0199962,2.73314e-09,7.31544e-09,-0.00958738
1.75656e+09,0.00324279,1.75255e-09,1.50499e-09,-0.0200204,2.73314e-09,7.51098e-09,-0.00745685
1.75656e+09,0.0033775,1.75245e-09,1.54936e-09,-0.020024,-2.93625e-10,1.31334e-08,-0.00106526
1.75656e+09,0.00339808,1.75234e-09,1.594e-09,-0.0200276,-2.93625e-10,1.31334e-08,-0.00106526
1.75656e+09,0.00324661,1.75216e-09,1.6324e-09,-0.020031,-2.93625e-10,1.18235e-08,-0.00106526
1.75656e+09,0.00338574,1.76278e-09,1.67666e-09,-0.020031,2.87394e-09,1.31334e-08,0
1.75656e+09,0.00377079,1.77451e-09,1.72102e-09,-0.0200069,2.87394e-09,1.18235e-08,0.00639159
1.75656e+09,0.00331659,1.78478e-09,1.75819e-09,-0.0199751,2.87394e-09,1.12663e-08,0.00958738
1.75656e+09,0.00282373,1.78868e-09,1.78002e-09,-0.019936,1.22397e-09,7.75679e-09,0.0138484
1.75656e+09,0.00371543,1.77458e-09,1.80913e-09,-0.0198846,-3.94877e-09,7.75679e-09,0.0138484
1.75656e+09,0.00316665,1.76257e-09,1.83393e-09,-0.0198407,-3.94877e-09,7.75679e-09,0.0138484
1.75656e+09,0.00318476,1.75048e-09,1.85888e-09,-0.0197966,-3.94877e-09,7.75679e-09,0.0138484
1.75656e+09,0.0031559,1.73851e-09,1.8836e-09,-0.0197529,-3.94877e-09,7.75679e-09,0.0138484
1.75656e+09,0.00331746,1.74072e-09,1.9093e-09,-0.019707,5.12908e-10,7.75679e-09,0.0138484
1.75656e+09,0.0034455,1.74301e-09,1.93598e-09,-0.019685,5.12908e-10,7.75679e-09,0.00639159
1.75656e+09,0.00339909,1.74516e-09,1.95628e-09,-0.0196741,5.12908e-10,5.98336e-09,0.00319579
1.75656e+09,0.00334103,1.74994e-09,1.9743e-09,-0.0196777,1.32478e-09,5.42091e-09,-0.00106526
1.75656e+09,0.00335235,1.75474e-09,1.99238e-09,-0.0196955,1.32478e-09,5.42091e-09,-0.00532632
1.75656e+09,0.00341425,1.75779e-09,2.01249e-09,-0.0197173,7.78816e-10,5.90605e-09,-0.00639159
1.75656e+09,0.00339723,1.76083e-09,2.0325e-09,-0.0197535,7.78816e-10,5.90605e-09,-0.0106526
1.75656e+09,0.0031586,1.76366e-09,2.0511e-09,-0.019804,7.78816e-10,5.90605e-09,-0.015979
1.75656e+09,0.00336876,1.76226e-09,2.07103e-09,-0.0198686,-5.34218e-10,5.90605e-09,-0.0191748
1.75656e+09,0.00356049,1.76077e-09,2.09209e-09,-0.0199369,-5.34218e-10,5.90605e-09,-0.0191748
1.75656e+09,0.00308366,1.75958e-09,2.11476e-09,-0.019996,-5.34218e-10,7.34285e-09,-0.0191748
1.75656e+09,0.00324096,1.7849e-09,2.15711e-09,-0.0200581,7.55124e-09,1.32188e-08,-0.0191748
1.75656e+09,0.00325746,1.81039e-09,2.20127e-09,-0.0201206,7.55124e-09,1.37102e-08,-0.0191748
1.75656e+09,0.00450471,1.84564e-09,2.26233e-09,-0.0201926,7.55124e-09,1.37102e-08,-0.015979
1.75656e+09,0.0024041,1.86419e-09,2.29492e-09,-0.0202259,7.43826e-09,1.37102e-08,-0.0138484
1.75656e+09,0.00339291,1.89053e-09,2.34947e-09,-0.0202729,7.43826e-09,1.62299e-08,-0.0138484
1.75656e+09,0.00328249,1.91081e-09,2.40238e-09,-0.0203183,5.8509e-09,1.62419e-08,-0.0138484
1.75656e+09,0.00323942,1.93101e-09,2.46319e-09,-0.0203632,5.8509e-09,1.88933e-08,-0.0138484
1.75656e+09,0.003128,1.94834e-09,2.52194e-09,-0.0203798,5.1579e-09,1.88933e-08,-0.00532632
1.75656e+09,0.00344316,1.96659e-09,2.58664e-09,-0.0203762,4.9159e-09,1.88933e-08,0.00106526
1.75656e+09,0.00332655,1.9727e-09,2.63797e-09,-0.0203584,1.523e-09,1.54663e-08,0.00532632
1.75656e+09,0.00337047,1.97867e-09,2.68704e-09,-0.020319,1.47528e-09,1.45895e-08,0.0117179
1.75656e+09,0.00343557,1.98476e-09,2.73689e-09,-0.020275,1.47528e-09,1.45453e-08,0.0127832
1.75656e+09,0.00325638,1.9906e-09,2.7804e-09,-0.0202334,1.523e-09,1.3393e-08,0.0127832
1.75656e+09,0.00337089,1.99648e-09,2.82932e-09,-0.0201795,1.45148e-09,1.45453e-08,0.015979
1.75656e+09,0.00335319,2.0086e-09,2.87105e-09,-0.0201367,3.36027e-09,1.25163e-08,0.0127832
1.75656e+09,0.0033421,2.02058e-09,2.90839e-09,-0.0200762,3.36027e-09,1.12423e-08,0.0181095
1.75656e+09,0.00355757,2.02989e-09,2.94732e-09,-0.0200345,2.39682e-09,1.0993e-08,0.0117179
1.75656e+09,0.00294651,2.03374e-09,2.96109e-09,-0.0200062,1.21392e-09,4.69922e-09,0.00958738
1.75656e+09,0.00340257,2.03928e-09,2.97035e-09,-0.0199808,1.57294e-09,2.75287e-09,0.00745685
1.75656e+09,0.00325209,2.04341e-09,2.97922e-09,-0.0199739,1.21392e-09,2.75287e-09,0.00213053
1.75656e+09,0.00340657,2.04738e-09,2.97078e-09,-0.0199739,1.21392e-09,-2.45497e-09,0
1.75656e+09,0.00341344,2.05144e-09,2.96666e-09,-0.0199921,1.21392e-09,-1.18122e-09,-0.00532632
1.75656e+09,0.00346128,2.05671e-09,2.95806e-09,-0.0200105,1.57294e-09,-2.45497e-09,-0.00532632
1.75656e+09,0.00320831,2.06815e-09,2.95404e-09,-0.020031,3.5885e-09,-1.18122e-09,-0.00639159
1.75656e+09,0.00341623,2.08035e-09,2.94976e-09,-0.0200711,3.59794e-09,-1.18122e-09,-0.0117179
1.75656e+09,0.00303549,2.09157e-09,2.96431e-09,-0.0201131,3.59794e-09,4.86795e-09,-0.0138484
1.75656e+09,0.00345892,2.10863e-09,2.98174e-09,-0.020161,4.82998e-09,5.1355e-09,-0.0138484
1.75656e+09,0.00360357,2.12664e-09,3.01149e-09,-0.0202148,4.82998e-09,8.3541e-09,-0.0149137
1.75656e+09,0.00309661,2.14212e-09,3.03705e-09,-0.0202609,4.82998e-09,8.3541e-09,-0.0149137
1.75656e+09,0.00364361,2.16764e-09,3.05927e-09,-0.0203114,6.88131e-09,6.23853e-09,-0.0138484
1.75656e+09,0.00398458,2.19571e-09,3.09072e-09,-0.0203538,6.88131e-09,8.03538e-09,-0.0106526
1.75656e+09,0.00240399,2.20325e-09,3.10989e-09,-0.0203794,2.97453e-09,8.03538e-09,-0.0106526
1.75656e+09,0.0033165,2.22252e-09,3.13615e-09,-0.0204112,5.6485e-09,8.03538e-09,-0.00958738
1.75656e+09,0.00351797,2.24298e-09,3.16485e-09,-0.020445,5.6485e-09,8.27566e-09,-0.00958738
1.75656e+09,0.00298524,2.25239e-09,3.19045e-09,-0.0204641,2.97453e-09,8.63831e-09,-0.00639159
1.75656e+09,0.00374121,2.26425e-09,3.22605e-09,-0.0204481,2.97453e-09,9.57852e-09,0.00426106
1.75656e+09,0.00330218,2.27168e-09,3.25754e-09,-0.020434,2.05652e-09,9.57852e-09,0.00426106
1.75656e+09,0.00330626,2.27913e-09,3.28906e-09,-0.0203988,2.05652e-09,9.57852e-09,0.0106526
1.75656e+09,0.00328205,2.28651e-09,3.31973e-09,-0.0203639,2.05652e-09,9.38978e-09,0.0106526
1.75656e+09,0.00316732,2.29827e-09,3.34924e-09,-0.0203301,3.52267e-09,9.38978e-09,0.0106526
1.75656e+09,0.00322109,2.33067e-09,3.37883e-09,-0.0202958,9.86932e-09,9.38978e-09,0.0106526
1.75656e+09,0.00358641,2.36695e-09,3.42231e-09,-0.0202576,9.86932e-09,1.23241e-08,0.0106526
1.75656e+09,0.00370233,2.38091e-09,3.46766e-09,-0.0202221,3.52267e-09,1.23241e-08,0.00958738
1.75656e+09,0.0030486,2.39054e-09,3.50504e-09,-0.0201961,2.90913e-09,1.23241e-08,0.00852211
1.75656e+09,0.00343383,2.40091e-09,3.52363e-09,-0.0201669,2.90913e-09,5.471e-09,0.00852211
1.75656e+09,0.00376911,2.4104e-09,3.54406e-09,-0.0201468,2.40751e-09,5.471e-09,0.00532632
1.75656e+09,0.00253098,2.41801e-09,3.55665e-09,-0.0201549,2.90913e-09,5.03581e-09,-0.00319579
1.75656e+09,0.0034326,2.4264e-09,3.56241e-09,-0.0201732,2.40751e-09,1.72536e-09,-0.00532632
1.75656e+09,0.00330183,2.43426e-09,3.55816e-09,-0.0201907,2.40751e-09,-1.23806e-09,-0.00532632
1.75656e+09,0.00343266,2.44244e-09,3.55374e-09,-0.0202237,2.40751e-09,-1.23806e-09,-0.00958738
1.75656e+09,0.00343653,2.44805e-09,3.54938e-09,-0.0202639,1.6585e-09,-1.23806e-09,-0.0117179
1.75656e+09,0.00316191,2.4537e-09,3.5693e-09,-0.0203077,1.6585e-09,6.33621e-09,-0.0138484
1.75656e+09,0.00320117,2.46949e-09,3.59018e-09,-0.020352,4.79976e-09,6.62115e-09,-0.0138484
1.75656e+09,0.00367643,2.48781e-09,3.62299e-09,-0.0204186,4.79976e-09,9.02447e-09,-0.0181095
1.75656e+09,0.00325994,2.50608e-09,3.65838e-09,-0.0204777,5.38223e-09,1.09665e-08,-0.0181095
1.75656e+09,0.00326608,2.52717e-09,3.69377e-09,-0.0205229,6.23383e-09,1.09665e-08,-0.0138484
1.75656e+09,0.00323387,2.55111e-09,3.72875e-09,-0.0205608,7.17815e-09,1.09665e-08,-0.0117179
1.75656e+09,0.00340785,2.57321e-09,3.77047e-09,-0.0205898,6.23383e-09,1.23737e-08,-0.00852211
1.75656e+09,0.00361372,2.59676e-09,3.81984e-09,-0.0206129,6.23383e-09,1.3792e-08,-0.00639159
1.75656e+09,0.00330513,2.6183e-09,3.86499e-09,-0.0206235,6.23383e-09,1.3792e-08,-0.00319579
1.75656e+09,0.00304769,2.63747e-09,3.90739e-09,-0.02063,6.00109e-09,1.40391e-08,-0.00213053
1.75656e+09,0.00338544,2.65641e-09,3.95454e-09,-0.0206192,5.30724e-09,1.40391e-08,0.00319579
1.75656e+09,0.00334143,2.67758e-09,4.00825e-09,-0.0206085,6.00109e-09,1.62016e-08,0.00319579
1.75656e+09,0.00338009,2.70509e-09,4.0631e-09,-0.0205905,7.80324e-09,1.63913e-08,0.00532632
1.75656e+09,0.0031124,2.73187e-09,4.11298e-09,-0.0205739,8.27369e-09,1.62016e-08,0.00532632
1.75656e+09,0.00363417,2.76297e-09,4.1629e-09,-0.0205236,8.27369e-09,1.39104e-08,0.0138484
1.75656e+09,0.0031989,2.7905e-09,4.21418e-09,-0.0204793,8.27369e-09,1.62016e-08,0.0138484
1.75656e+09,0.00362621,2.8e-09,4.26822e-09,-0.0204136,2.31526e-09,1.49536e-08,0.0181095
1.75656e+09,0.00300673,2.80611e-09,4.31306e-09,-0.0203591,1.72557e-09,1.49536e-08,0.0181095
1.75656e+09,0.00329747,2.8128e-09,4.36225e-09,-0.0203135,1.72557e-09,1.49536e-08,0.0138484
1.75656e+09,0.00310227,2.81909e-09,4.40852e-09,-0.0202738,1.72557e-09,1.49536e-08,0.0127832
1.75656e+09,0.00357638,2.82332e-09,4.42733e-09,-0.0202243,1.07383e-09,5.28273e-09,0.0138484
1.75656e+09,0.00329779,2.82479e-09,4.43631e-09,-0.0201821,3.90406e-10,2.73107e-09,0.0127832
1.75656e+09,0.00324506,2.83246e-09,4.44399e-09,-0.0201441,2.31788e-09,2.41557e-09,0.0117179
1.75656e+09,0.00336396,2.84006e-09,4.434e-09,-0.0201441,2.31788e-09,-2.92643e-09,0
1.75656e+09,0.00332951,2.84765e-09,4.42755e-09,-0.0201548,2.31788e-09,-1.88908e-09,-0.00319579
1.75656e+09,0.00339746,2.85532e-09,4.41708e-09,-0.0201729,2.31788e-09,-3.03547e-09,-0.00532632
1.75656e+09,0.00322489,2.86984e-09,4.4107e-09,-0.0202141,4.54397e-09,-1.88908e-09,-0.0127832
1.75656e+09,0.00331106,2.88455e-09,4.3938e-09,-0.0202635,4.54397e-09,-5.01254e-09,-0.0149137
1.75656e+09,0.00336003,2.89147e-09,4.38621e-09,-0.0203136,2.10503e-09,-2.21475e-09,-0.0149137
1.75656e+09,0.00353222,2.89342e-09,4.37024e-09,-0.0203738,6.42962e-10,-4.51007e-09,-0.0170442
1.75656e+09,0.0032117,2.89995e-09,4.35873e-09,-0.0204285,2.10503e-09,-3.54235e-09,-0.0170442
1.75656e+09,0.00328618,2.90662e-09,4.34695e-09,-0.0204705,2.10503e-09,-3.54235e-09,-0.0127832
1.75656e+09,0.00325495,2.91324e-09,4.33528e-09,-0.0205121,2.10503e-09,-3.54235e-09,-0.0127832
1.75656e+09,0.0035042,2.91524e-09,4.32282e-09,-0.020542,6.42962e-10,-3.54235e-09,-0.00852211
1.75656e+09,0.00309734,2.90276e-09,4.31337e-09,-0.0205684,-3.96628e-09,-3.13316e-09,-0.00852211
1.75656e+09,0.00376358,2.8879e-09,4.3171e-09,-0.0205965,-3.96628e-09,9.08028e-10,-0.00745685
1.75656e+09,0.00307619,2.87582e-09,4.3228e-09,-0.0206161,-3.96628e-09,1.7716e-09,-0.00639159
1.75656e+09,0.00320364,2.86958e-09,4.3286e-09,-0.0206366,-1.98271e-09,1.7716e-09,-0.00639159
1.75656e+09,0.00345721,2.8625e-09,4.31791e-09,-0.0206476,-1.98271e-09,-3.13316e-09,-0.00319579
1.75656e+09,0.00329307,2.85573e-09,4.30595e-09,-0.0206231,-1.98271e-09,-3.67565e-09,0.00745685
1.75656e+09,0.00319241,2.84907e-09,4.2903e-09,-0.0205959,-1.98271e-09,-4.94216e-09,0.00852211
1.75656e+09,0.00382857,2.84099e-09,4.26637e-09,-0.0205633,-1.98271e-09,-6.29256e-09,0.00852211
1.75656e+09,0.0030527,2.82632e-09,4.24483e-09,-0.020534,-4.65792e-09,-7.15386e-09,0.00958738
1.75656e+09,0.00327238,2.81393e-09,4.22167e-09,-0.0205026,-3.64116e-09,-7.15386e-09,0.00958738
1.75656e+09,0.00369707,2.8047e-09,4.19541e-09,-0.0204514,-2.35074e-09,-7.15386e-09,0.0138484
1.75656e+09,0.00311397,2.79291e-09,4.17337e-09,-0.0204216,-3.64116e-09,-7.15386e-09,0.00958738
1.75656e+09,0.00319113,2.78082e-09,4.15078e-09,-0.0204046,-3.64116e-09,-7.15386e-09,0.00532632
1.75656e+09,0.00358405,2.76719e-09,4.12215e-09,-0.0203855,-3.64116e-09,-8.06391e-09,0.00532632
1.75656e+09,0.00305465,2.75951e-09,4.09767e-09,-0.0203757,-2.35074e-09,-8.06391e-09,0.00319579
1.75656e+09,0.0032749,2.73469e-09,4.07176e-09,-0.0203652,-7.41435e-09,-8.06391e-09,0.00319579
1.75656e+09,0.00354866,2.7237e-09,4.04266e-09,-0.0203577,-2.92938e-09,-8.26287e-09,0.00213053
1.75656e+09,0.00323929,2.71344e-09,4.00511e-09,-0.0203611,-2.92938e-09,-1.1654e-08,-0.00106526
1.75656e+09,0.00338892,2.70943e-09,3.97718e-09,-0.0203792,-1.01719e-09,-8.26287e-09,-0.00532632
1.75656e+09,0.00334162,2.70054e-09,3.94975e-09,-0.0204005,-2.4906e-09,-8.26287e-09,-0.00639159
1.75656e+09,0.00327513,2.6917e-09,3.91623e-09,-0.0204494,-2.4906e-09,-1.02876e-08,-0.0149137
1.75656e+09,0.00336291,2.68258e-09,3.87983e-09,-0.0205139,-2.4906e-09,-1.08746e-08,-0.0191748
1.75656e+09,0.0032057,2.67355e-09,3.84703e-09,-0.0205753,-2.60652e-09,-1.02876e-08,-0.0191748
1.75656e+09,0.00341736,2.66338e-09,3.81208e-09,-0.0206518,-2.76364e-09,-1.02876e-08,-0.0223706
1.75656e+09,0.00330693,2.6537e-09,3.7859e-09,-0.0207258,-2.76364e-09,-7.97426e-09,-0.0223706
1.75656e+09,0.00338708,2.64428e-09,3.78305e-09,-0.0207907,-2.76364e-09,-8.99852e-10,-0.0191748
1.75656e+09,0.003362,2.65073e-09,3.78062e-09,-0.0208337,1.93267e-09,-6.8285e-10,-0.0127832
1.75656e+09,0.00323504,2.65711e-09,3.78694e-09,-0.0208681,1.93267e-09,1.99567e-09,-0.0106526
1.75656e+09,0.00362583,2.66998e-09,3.79391e-09,-0.0208952,3.50809e-09,1.99567e-09,-0.00745685
1.75656e+09,0.00303284,2.68079e-09,3.80173e-09,-0.0209146,3.50809e-09,2.6517e-09,-0.00639159
1.75656e+09,0.0034914,2.69069e-09,3.81903e-09,-0.0209332,2.73291e-09,5.01314e-09,-0.00532632
1.75656e+09,0.00331644,2.70271e-09,3.83726e-09,-0.0209261,3.50809e-09,5.56999e-09,0.00213053
1.75656e+09,0.00352672,2.71545e-09,3.85467e-09,-0.0209073,3.50809e-09,5.01314e-09,0.00532632
1.75656e+09,0.00301767,2.72401e-09,3.86963e-09,-0.0208752,2.73291e-09,5.01314e-09,0.0106526
1.75656e+09,0.00345498,2.70995e-09,3.87117e-09,-0.0208016,-4.0789e-09,3.61666e-10,0.0213053
1.75656e+09,0.00313811,2.69658e-09,3.86464e-09,-0.0207347,-4.21637e-09,-2.16895e-09,0.0213053
1.75656e+09,0.00328256,2.682e-09,3.85484e-09,-0.0206753,-4.37969e-09,-3.07669e-09,0.0181095
1.75656e+09,0.00361231,2.66588e-09,3.8405e-09,-0.020606,-4.37969e-09,-4.06149e-09,0.0191748
1.75656e+09,0.0031902,2.64935e-09,3.82619e-09,-0.0205482,-5.08636e-09,-4.59247e-09,0.0181095
1.75656e+09,0.00323684,2.63251e-09,3.8081e-09,-0.0205068,-5.08636e-09,-5.69405e-09,0.0127832
1.75656e+09,0.00355815,2.61039e-09,3.78685e-09,-0.0204689,-6.09453e-09,-6.09666e-09,0.0106526
1.75656e+09,0.00347769,2.5886e-09,3.75816e-09,-0.0204319,-6.09453e-09,-8.37653e-09,0.0106526
1.75656e+09,0.00293968,2.56993e-09,3.72162e-09,-0.0204037,-6.09453e-09,-1.25586e-08,0.00958738
1.75656e+09,0.00376052,2.54604e-09,3.67426e-09,-0.0203837,-6.09453e-09,-1.27213e-08,0.00532632
1.75656e+09,0.00293461,2.53343e-09,3.63717e-09,-0.0203774,-4.04107e-09,-1.27213e-08,0.00213053
1.75656e+09,0.00328461,2.5197e-09,3.59566e-09,-0.0203809,-3.91938e-09,-1.27213e-08,-0.00106526
1.75656e+09,0.00420247,2.50215e-09,3.54255e-09,-0.0204123,-3.91938e-09,-1.27213e-08,-0.00745685
1.75656e+09,0.0026453,2.49644e-09,3.51625e-09,-0.020432,-1.95404e-09,-9.98228e-09,-0.00745685
1.75656e+09,0.00324255,2.48944e-09,3.48402e-09,-0.0204734,-1.95404e-09,-9.98228e-09,-0.0127832
1.75656e+09,0.00349113,2.47961e-09,3.44936e-09,-0.0205218,-2.61143e-09,-9.98228e-09,-0.0138484
1.75656e+09,0.00320171,2.46297e-09,3.41774e-09,-0.0205798,-4.99631e-09,-9.98228e-09,-0.0181095
1.75656e+09,0.0034115,2.44522e-09,3.38404e-09,-0.0206452,-4.99631e-09,-9.98228e-09,-0.0191748
1.75656e+09,0.00357186,2.42679e-09,3.35593e-09,-0.0207137,-4.99631e-09,-7.97514e-09,-0.0191748
1.75656e+09,0.00306279,2.40955e-09,3.33186e-09,-0.0207691,-5.46668e-09,-7.97514e-09,-0.0181095
1.75656e+09,0.00348193,2.38996e-09,3.30554e-09,-0.0208285,-5.46668e-09,-7.67321e-09,-0.0170442
1.75656e+09,0.00342683,2.37668e-09,3.28473e-09,-0.0208723,-3.74945e-09,-6.15182e-09,-0.0127832
1.75656e+09,0.00307062,2.36479e-09,3.26714e-09,-0.0209115,-3.74945e-09,-5.80773e-09,-0.0127832
1.75656e+09,0.00338084,2.35193e-09,3.25828e-09,-0.0209512,-3.74945e-09,-2.69844e-09,-0.0117179
1.75656e+09,0.00329724,2.35153e-09,3.25119e-09,-0.0209617,-7.57985e-11,-2.15378e-09,-0.00319579
1.75656e+09,0.0032901,2.35124e-09,3.249e-09,-0.0209547,-7.57985e-11,-6.65955e-10,0.00213053
1.75656e+09,0.00331439,2.35094e-09,3.2468e-09,-0.0209476,-7.57985e-11,-6.65955e-10,0.00213053
1.75656e+09,0.00377064,2.3506e-09,3.2443e-09,-0.0209275,-7.57985e-11,-6.65955e-10,0.00532632
1.75656e+09,0.00300699,2.3472e-09,3.24237e-09,-0.0208987,-1.11862e-09,-6.65955e-10,0.00958738
1.75656e+09,0.00340115,2.33891e-09,3.24027e-09,-0.0208625,-2.4213e-09,-6.65955e-10,0.0106526
1.75656e+09,0.00363034,2.31861e-09,3.24394e-09,-0.0208238,-5.61191e-09,8.93736e-10,0.0106526
1.75656e+09,0.00293691,2.30222e-09,3.24818e-09,-0.0207925,-5.61191e-09,1.32458e-09,0.0106526
1.75656e+09,0.00323452,2.29091e-09,3.2527e-09,-0.0207581,-3.52241e-09,1.32458e-09,0.0106526
1.75656e+09,0.00345431,2.27885e-09,3.25752e-09,-0.0207213,-3.52241e-09,1.32458e-09,0.0106526
1.75656e+09,0.00337555,2.26755e-09,3.26717e-09,-0.0206925,-3.40336e-09,2.78779e-09,0.00852211
1.75656e+09,0.00319557,2.27105e-09,3.27601e-09,-0.0206721,1.03716e-09,2.78779e-09,0.00639159
1.75656e+09,0.00351149,2.26091e-09,3.27503e-09,-0.0206496,-2.88228e-09,-3.38393e-10,0.00639159
1.75656e+09,0.00319651,2.2642e-09,3.27388e-09,-0.020636,1.03716e-09,-3.38393e-10,0.00426106
1.75656e+09,0.00337185,2.25446e-09,3.27294e-09,-0.0206288,-2.88228e-09,-3.38393e-10,0.00213053
1.75656e+09,0.00325784,2.25766e-09,3.26413e-09,-0.0206288,1.03716e-09,-2.68198e-09,0
1.75656e+09,0.00335755,2.2605e-09,3.25507e-09,-0.0206431,9.02385e-10,-2.68198e-09,-0.00426106
1.75656e+09,0.00331114,2.26331e-09,3.24613e-09,-0.0206572,9.02385e-10,-2.68198e-09,-0.00426106
1.75656e+09,0.00348411,2.26624e-09,3.23588e-09,-0.0207055,9.02385e-10,-2.92276e-09,-0.0138484
1.75656e+09,0.00327543,2.27037e-09,3.22622e-09,-0.0207683,1.32248e-09,-2.92276e-09,-0.0191748
1.75656e+09,0.00385286,2.27543e-09,3.22417e-09,-0.0208422,1.32248e-09,-5.0505e-10,-0.0191748
1.75656e+09,0.002704,2.27906e-09,3.22674e-09,-0.0208739,1.32248e-09,9.7972e-10,-0.0117179
1.75656e+09,0.0033405,2.28374e-09,3.23954e-09,-0.0209166,1.32248e-09,3.85978e-09,-0.0127832
1.75656e+09,0.00332817,2.28663e-09,3.25233e-09,-0.0209556,7.8691e-10,3.85978e-09,-0.0117179
1.75656e+09,0.00332287,2.28951e-09,3.2651e-09,-0.020991,7.8691e-10,3.85978e-09,-0.0106526
1.75656e+09,0.00334108,2.28622e-09,3.2809e-09,-0.0210266,-1.08427e-09,4.70855e-09,-0.0106526
1.75656e+09,0.00343994,2.28283e-09,3.29717e-09,-0.0210559,-1.08427e-09,4.70855e-09,-0.00852211
1.75656e+09,0.00342778,2.27358e-09,3.31351e-09,-0.0210741,-2.79904e-09,4.70855e-09,-0.00532632
1.75656e+09,0.00370064,2.26359e-09,3.33115e-09,-0.0210623,-2.79904e-09,4.70855e-09,0.00319579
1.75656e+09,0.00286369,2.25575e-09,3.33968e-09,-0.021047,-2.79904e-09,2.91806e-09,0.00532632
1.75656e+09,0.00335519,2.24636e-09,3.3398e-09,-0.0210292,-2.79904e-09,-2.06652e-11,0.00532632
1.75656e+09,0.00326924,2.23716e-09,3.33759e-09,-0.0210118,-2.79904e-09,-7.34693e-10,0.00532632
1.75656e+09,0.00323857,2.22418e-09,3.32832e-09,-0.0209945,-3.94681e-09,-2.94594e-09,0.00532632
1.75656e+09,0.00412063,2.21605e-09,3.32547e-09,-0.0209638,-1.95923e-09,-7.34693e-10,0.00745685
1.75656e+09,0.00270449,2.20604e-09,3.32562e-09,-0.0209292,-3.70076e-09,-2.06652e-11,0.0127832
1.75656e+09,0.0032463,2.19398e-09,3.32349e-09,-0.020905,-3.70076e-09,-7.34693e-10,0.00745685
1.75656e+09,0.00358067,2.17963e-09,3.31324e-09,-0.0208897,-3.94681e-09,-2.94594e-09,0.00426106
1.75656e+09,0.00309501,2.16783e-09,3.29676e-09,-0.0208766,-3.70076e-09,-5.40185e-09,0.00426106
1.75656e+09,0.00349344,2.15445e-09,3.27547e-09,-0.020884,-3.70076e-09,-6.17332e-09,-0.00213053
1.75656e+09,0.00305638,2.14274e-09,3.25432e-09,-0.0208905,-3.68574e-09,-6.99771e-09,-0.00213053
1.75656e+09,0.00342409,2.12969e-09,3.23345e-09,-0.0209233,-3.68574e-09,-6.17332e-09,-0.00958738
1.75656e+09,0.00338692,2.11999e-09,3.21274e-09,-0.0209558,-2.73409e-09,-6.17332e-09,-0.00958738
1.75656e+09,0.00328977,2.11262e-09,3.20461e-09,-0.0209874,-2.18868e-09,-2.51841e-09,-0.00958738
1.75656e+09,0.00334791,2.11998e-09,3.19602e-09,-0.021023,2.25247e-09,-2.51841e-09,-0.0106526
1.75656e+09,0.00335324,2.12737e-09,3.18798e-09,-0.0210623,2.25247e-09,-2.35025e-09,-0.0117179
1.75656e+09,0.00351622,2.13524e-09,3.18593e-09,-0.0211335,2.25247e-09,-5.3747e-10,-0.02024
1.75656e+09,0.00328121,2.13456e-09,3.18964e-09,-0.0211999,-2.31938e-10,1.12591e-09,-0.02024
1.75656e+09,0.00344375,2.13391e-09,3.1964e-09,-0.0212696,-2.31938e-10,1.96024e-09,-0.02024
1.75656e+09,0.0031373,2.13336e-09,3.2051e-09,-0.0213331,-2.31938e-10,2.76755e-09,-0.02024
1.75656e+09,0.00325564,2.13594e-09,3.21406e-09,-0.0213886,7.33894e-10,2.76755e-09,-0.0170442
1.75656e+09,0.00335535,2.13855e-09,3.22058e-09,-0.0214386,7.33894e-10,1.96024e-09,-0.0149137
1.75656e+09,0.00356716,2.14127e-09,3.22547e-09,-0.0214842,7.33894e-10,1.38689e-09,-0.0127832
1.75656e+09,0.00307939,2.13772e-09,3.22521e-09,-0.0215105,-1.15007e-09,-1.10546e-10,-0.00852211
1.75656e+09,0.00331999,2.1217e-09,3.22355e-09,-0.0215281,-4.8134e-09,-6.02915e-10,-0.00532632
1.75656e+09,0.00324285,2.10609e-09,3.22353e-09,-0.021542,-4.8134e-09,-1.10546e-10,-0.00426106
1.75656e+09,0.00368001,2.08837e-09,3.2235e-09,-0.0215498,-4.8134e-09,-1.10546e-10,-0.00213053
1.75656e+09,0.00318831,2.07467e-09,3.22187e-09,-0.0215396,-4.28484e-09,-6.02915e-10,0.00319579
1.75656e+09,0.00376679,2.05853e-09,3.22197e-09,-0.0215236,-4.28484e-09,-6.65264e-11,0.00426106
1.75656e+09,0.00289354,2.06309e-09,3.22372e-09,-0.0214866,1.56148e-09,6.38392e-10,0.0127832
1.75656e+09,0.00334718,2.04874e-09,3.22381e-09,-0.0214438,-4.28484e-09,-6.65264e-11,0.0127832
1.75656e+09,0.00330499,2.03463e-09,3.22622e-09,-0.0213875,-4.28484e-09,6.38392e-10,0.0170442
1.75656e+09,0.00330131,2.02325e-09,3.22857e-09,-0.0213066,-3.46091e-09,6.38392e-10,0.0245011
1.75656e+09,0.0032727,2.01499e-09,3.21472e-09,-0.0212473,-2.43336e-09,-4.28614e-09,0.0181095
1.75656e+09,0.00339325,2.00642e-09,3.20024e-09,-0.0211859,-2.43336e-09,-4.32007e-09,0.0181095
1.75656e+09,0.00348465,1.9983e-09,3.18535e-09,-0.0211228,-2.24171e-09,-4.32007e-09,0.0181095
1.75656e+09,0.00323853,1.98987e-09,3.1595e-09,-0.0210676,-2.43336e-09,-8.0357e-09,0.0170442
1.75656e+09,0.00370824,1.98011e-09,3.12484e-09,-0.0210439,-2.43336e-09,-9.39906e-09,0.00639159
1.75656e+09,0.00311941,1.97244e-09,3.09282e-09,-0.0210239,-2.24171e-09,-1.03163e-08,0.00639159
1.75656e+09,0.00301344,1.96612e-09,3.06185e-09,-0.0210047,-1.88347e-09,-1.03163e-08,0.00639159
1.75656e+09,0.00332339,1.96076e-09,3.02767e-09,-0.0210188,-1.39451e-09,-1.03163e-08,-0.00426106
1.75656e+09,0.00347957,1.95522e-09,2.99487e-09,-0.0210633,-1.39451e-09,-9.45882e-09,-0.0127832
1.75656e+09,0.00309561,1.95851e-09,2.97163e-09,-0.0211029,1.22107e-09,-7.48384e-09,-0.0127832
1.75656e+09,0.00344675,1.96472e-09,2.95548e-09,-0.0211469,1.90092e-09,-4.64641e-09,-0.0127832
1.75656e+09,0.00349005,1.97116e-09,2.94618e-09,-0.0211953,1.90092e-09,-2.62399e-09,-0.0138484
1.75656e+09,0.00319036,1.97265e-09,2.93781e-09,-0.0212394,5.21707e-10,-2.61557e-09,-0.0138484
1.75656e+09,0.00339469,1.9744e-09,2.93669e-09,-0.0212756,5.21707e-10,-3.17354e-10,-0.0106526
1.75656e+09,0.00335045,1.97484e-09,2.92792e-09,-0.0213113,1.88749e-10,-2.61557e-09,-0.0106526
1.75656e+09,0.00324006,1.97552e-09,2.93102e-09,-0.0213458,1.88749e-10,9.63305e-10,-0.0106526
1.75656e+09,0.00356824,1.97628e-09,2.93504e-09,-0.02138,1.88749e-10,1.13085e-09,-0.00958738
1.75656e+09,0.00318227,1.98294e-09,2.94798e-09,-0.0214004,2.00674e-09,4.10829e-09,-0.00639159
1.75656e+09,0.0032956,1.98986e-09,2.96203e-09,-0.0214144,2.00674e-09,4.30812e-09,-0.00426106
1.75656e+09,0.00345973,1.99989e-09,2.97672e-09,-0.0214255,2.80749e-09,4.30812e-09,-0.00319579
1.75656e+09,0.00332818,2.00968e-09,2.99755e-09,-0.021429,2.80749e-09,6.3194e-09,-0.00106526
1.75656e+09,0.00329643,2.01687e-09,3.01823e-09,-0.0214185,2.0465e-09,6.3194e-09,0.00319579
1.75656e+09,0.00343883,2.02432e-09,3.03716e-09,-0.0213928,2.0465e-09,5.5478e-09,0.00745685
1.75656e+09,0.00330652,2.03133e-09,3.04873e-09,-0.0213435,2.0465e-09,3.54536e-09,0.0149137
1.75656e+09,0.00419342,2.03458e-09,3.07193e-09,-0.021281,6.55629e-10,5.5478e-09,0.0149137
1.75656e+09,0.00227792,2.03634e-09,3.08454e-09,-0.0212494,6.55629e-10,5.5478e-09,0.0138484
1.75656e+09,0.00363951,2.03942e-09,3.11691e-09,-0.021199,6.55629e-10,8.91082e-09,0.0138484
1.75656e+09,0.00298986,2.03577e-09,3.14363e-09,-0.0211608,-1.40863e-09,8.91082e-09,0.0127832
1.75656e+09,0.00357174,2.03141e-09,3.17556e-09,-0.0211151,-1.40863e-09,8.91082e-09,0.0127832
1.75656e+09,0.00306227,2.02722e-09,3.18121e-09,-0.0210956,-1.40863e-09,1.81519e-09,0.00639159
1.75656e+09,0.00334705,2.0252e-09,3.18126e-09,-0.0210849,-6.02005e-10,1.91246e-12,0.00319579
1.75656e+09,0.00346101,2.0203e-09,3.18018e-09,-0.0210738,-1.40863e-09,-3.39951e-10,0.00319579
1.75656e+09,0.00330227,2.01829e-09,3.1791e-09,-0.021109,-6.02005e-10,-3.39951e-10,-0.0106526
1.75656e+09,0.0034332,2.0162e-09,3.17798e-09,-0.0211456,-6.02005e-10,-3.39951e-10,-0.0106526
1.75656e+09,0.00340029,2.01413e-09,3.17687e-09,-0.0211999,-6.02005e-10,-3.39951e-10,-0.015979
1.75656e+09,0.00329588,2.01908e-09,3.18264e-09,-0.021242,1.46512e-09,1.78369e-09,-0.0127832
1.75656e+09,0.00314685,2.02501e-09,3.18813e-09,-0.0212923,1.84698e-09,1.78369e-09,-0.015979
1.75656e+09,0.00337555,2.03139e-09,3.19462e-09,-0.0213534,1.84698e-09,1.96222e-09,-0.0181095
1.75656e+09,0.00326827,2.04219e-09,3.21338e-09,-0.0214126,3.18241e-09,5.80971e-09,-0.0181095
1.75656e+09,0.0033405,2.05607e-09,3.2325e-09,-0.0214696,4.03213e-09,5.80971e-09,-0.0170442
1.75656e+09,0.00378423,2.06858e-09,3.25402e-09,-0.0215341,3.18241e-09,5.75735e-09,-0.0170442
1.75656e+09,0.00290056,2.06667e-09,3.27076e-09,-0.0215711,-7.84982e-10,5.75735e-09,-0.0127832
1.75656e+09,0.00340721,2.06434e-09,3.28706e-09,-0.0216147,-7.84982e-10,4.76602e-09,-0.0127832
1.75656e+09,0.00333263,2.06143e-09,3.30197e-09,-0.0216467,-9.6959e-10,4.45523e-09,-0.00958738
1.75656e+09,0.00336804,2.05849e-09,3.31704e-09,-0.0216789,-9.6959e-10,4.45523e-09,-0.00958738
1.75656e+09,0.00350626,2.0561e-09,3.33381e-09,-0.0217051,-7.84982e-10,4.76602e-09,-0.00745685
1.75656e+09,0.00320842,2.04642e-09,3.34932e-09,-0.0217222,-3.12208e-09,4.76602e-09,-0.00532632
1.75656e+09,0.00322005,2.04636e-09,3.3583e-09,-0.0217393,-7.99368e-11,2.78899e-09,-0.00532632
1.75656e+09,0.00343615,2.04629e-09,3.36789e-09,-0.021721,-7.99368e-11,2.78899e-09,0.00532632
1.75656e+09,0.00318018,2.03641e-09,3.37006e-09,-0.0217007,-3.12208e-09,6.16016e-10,0.00639159
1.75656e+09,0.00338682,2.02139e-09,3.3645e-09,-0.0216718,-4.39735e-09,-1.73926e-09,0.00852211
1.75656e+09,0.00338263,2.00584e-09,3.35895e-09,-0.0216358,-4.56097e-09,-1.73926e-09,0.0106526
1.75656e+09,0.00560051,1.97969e-09,3.33154e-09,-0.0215523,-4.56097e-09,-4.99419e-09,0.0149137
1.75656e+09,0.00113015,1.97468e-09,3.32968e-09,-0.0215354,-4.39735e-09,-1.73926e-09,0.0149137
1.75656e+09,0.00435212,1.96476e-09,3.32499e-09,-0.0214705,-2.25649e-09,-1.12538e-09,0.0149137
1.75656e+09,0.00229913,1.95952e-09,3.32252e-09,-0.0214387,-2.25649e-09,-1.12538e-09,0.0138484
1.75656e+09,0.00335651,1.95547e-09,3.31732e-09,-0.0214065,-1.173e-09,-1.57479e-09,0.00958738
1.75656e+09,0.00306629,1.95206e-09,3.31256e-09,-0.0213804,-1.0777e-09,-1.57479e-09,0.00852211
1.75656e+09,0.00351899,1.94871e-09,3.30019e-09,-0.0213654,-8.76463e-10,-3.5353e-09,0.00426106
1.75656e+09,0.00335216,1.94855e-09,3.27518e-09,-0.0213618,1.10649e-10,-7.46115e-09,0.00106526
1.75656e+09,0.00332714,1.94832e-09,3.24725e-09,-0.0213902,1.10649e-10,-8.39425e-09,-0.00852211
1.75656e+09,0.00367177,1.94442e-09,3.21543e-09,-0.0214293,-8.76463e-10,-8.68468e-09,-0.0106526
1.75656e+09,0.0030701,1.94113e-09,3.18738e-09,-0.0214751,-8.76463e-10,-9.15892e-09,-0.0149137
1.75656e+09,0.00316953,1.94682e-09,3.15822e-09,-0.0215223,1.99351e-09,-9.15892e-09,-0.0149137
1.75656e+09,0.00346082,1.92583e-09,3.12697e-09,-0.0215776,-5.87055e-09,-9.15892e-09,-0.015979
1.75656e+09,0.00777169,1.877e-09,3.05682e-09,-0.0217018,-6.08615e-09,-9.15892e-09,-0.015979
1.75656e+09,0.00227665,1.87626e-09,3.04121e-09,-0.0217382,-1.78133e-10,-6.86422e-09,-0.015979
1.75656e+09,0.00325198,1.87519e-09,3.01891e-09,-0.0217902,-1.78133e-10,-6.86422e-09,-0.015979
1.75656e+09,0.00317685,1.86354e-09,2.99735e-09,-0.0218409,-3.52061e-09,-6.86422e-09,-0.015979
1.75656e+09,0.00330457,1.86246e-09,2.97519e-09,-0.0218832,-1.78133e-10,-6.70966e-09,-0.0127832
1.75656e+09,0.0033792,1.86143e-09,2.95563e-09,-0.0219156,-1.78133e-10,-5.79399e-09,-0.00958738
1.75656e+09,0.00343713,1.86356e-09,2.95467e-09,-0.0219265,6.23211e-10,-2.64947e-10,-0.00319579
1.75656e+09,0.00335389,1.8561e-09,2.95395e-09,-0.0219337,-2.21831e-09,-2.64947e-10,-0.00213053
1.75656e+09,0.00344242,1.84844e-09,2.95321e-09,-0.021941,-2.21831e-09,-2.64947e-10,-0.00213053
1.75656e+09,0.00308689,1.8342e-09,2.94875e-09,-0.0219344,-4.58147e-09,-1.54491e-09,0.00213053
1.75656e+09,0.00343937,1.81079e-09,2.9195e-09,-0.0219235,-6.61946e-09,-8.64966e-09,0.00319579
1.75656e+09,0.00331599,1.7882e-09,2.89091e-09,-0.0219129,-6.61946e-09,-8.76986e-09,0.00319579
1.75656e+09,0.0033713,1.76261e-09,2.85983e-09,-0.0218698,-7.3868e-09,-9.38423e-09,0.0127832
1.75656e+09,0.00360827,1.73523e-09,2.82656e-09,-0.0218159,-7.3868e-09,-9.38423e-09,0.0149137
1.75656e+09,0.00334535,1.72521e-09,2.79743e-09,-0.0217732,-2.80358e-09,-8.76986e-09,0.0127832
1.75656e+09,0.00284977,1.71664e-09,2.77087e-09,-0.0217368,-2.80358e-09,-9.38423e-09,0.0127832
1.75656e+09,0.00351419,1.70642e-09,2.73811e-09,-0.0216918,-2.7058e-09,-9.38423e-09,0.0127832
1.75656e+09,0.00334495,1.69632e-09,2.69005e-09,-0.0216526,-2.7058e-09,-1.44286e-08,0.0117179
1.75656e+09,0.00336398,1.68332e-09,2.64178e-09,-0.0216204,-3.55335e-09,-1.44286e-08,0.00958738
1.75656e+09,0.00629198,1.65899e-09,2.55087e-09,-0.0215668,-3.55335e-09,-1.45285e-08,0.00852211
1.75656e+09,0.000147961,1.65875e-09,2.54873e-09,-0.0215672,-1.29685e-09,-1.45285e-08,-0.00319579
1.75656e+09,0.0035105,1.64518e-09,2.49801e-09,-0.0215785,-3.55335e-09,-1.45285e-08,-0.00319579
1.75656e+09,0.00322468,1.63045e-09,2.45147e-09,-0.0215888,-4.25408e-09,-1.45285e-08,-0.00319579
1.75656e+09,0.0032475,1.62661e-09,2.40436e-09,-0.0215991,-8.69664e-10,-1.45285e-08,-0.00319579
1.75656e+09,0.00345078,1.62157e-09,2.34725e-09,-0.0216359,-1.1035e-09,-1.65757e-08,-0.0106526
1.75656e+09,0.0034549,1.60805e-09,2.28859e-09,-0.0216874,-3.54543e-09,-1.70608e-08,-0.0149137
1.75656e+09,0.00330017,1.59516e-09,2.23415e-09,-0.0217542,-3.54543e-09,-1.65757e-08,-0.02024
1.75656e+09,0.00331867,1.58394e-09,2.17937e-09,-0.0218249,-3.02342e-09,-1.65757e-08,-0.0213053
1.75656e+09,0.00339096,1.57265e-09,2.13229e-09,-0.0219044,-3.02342e-09,-1.3955e-08,-0.0234358
1.75656e+09,0.00321388,1.56033e-09,2.09005e-09,-0.0219797,-3.54543e-09,-1.32229e-08,-0.0234358
1.75656e+09,0.00341389,1.53591e-09,2.04544e-09,-0.0220597,-6.86561e-09,-1.32229e-08,-0.0234358
1.75656e+09,0.00357009,1.51579e-09,1.99866e-09,-0.0221206,-5.34576e-09,-1.32229e-08,-0.0170442
1.75656e+09,0.00303811,1.49869e-09,1.96032e-09,-0.0221724,-5.34576e-09,-1.27407e-08,-0.0170442
1.75656e+09,0.00337108,1.47977e-09,1.91988e-09,-0.0222226,-5.34576e-09,-1.21193e-08,-0.0149137
1.75656e+09,0.00320979,1.46594e-09,1.88127e-09,-0.0222705,-4.03907e-09,-1.21193e-08,-0.0149137
1.75656e+09,0.00345326,1.45113e-09,1.84268e-09,-0.0223146,-4.03907e-09,-1.12696e-08,-0.0127832
1.75656e+09,0.00322652,1.44699e-09,1.81313e-09,-0.0223387,-1.08094e-09,-9.18306e-09,-0.00745685
1.75656e+09,0.00367493,1.44226e-09,1.77948e-09,-0.0223583,-1.08094e-09,-9.18306e-09,-0.00532632
1.75656e+09,0.00354198,1.43381e-09,1.75197e-09,-0.0223168,-2.21023e-09,-7.81936e-09,0.0117179
1.75656e+09,0.0031212,1.42653e-09,1.73467e-09,-0.0222702,-2.21023e-09,-5.59229e-09,0.0149137
1.75656e+09,0.00366561,1.41849e-09,1.73757e-09,-0.0222156,-2.21023e-09,7.40742e-10,0.0149137
1.75656e+09,0.00278632,1.41238e-09,1.73977e-09,-0.022174,-2.21023e-09,7.40742e-10,0.0149137
1.75656e+09,0.00326307,1.40522e-09,1.74234e-09,-0.0221358,-2.21023e-09,7.40742e-10,0.0117179
1.75656e+09,0.00325615,1.41176e-09,1.73533e-09,-0.022108,2.05497e-09,-2.10798e-09,0.00852211
1.75656e+09,0.0034208,1.41863e-09,1.72797e-09,-0.0220861,2.05497e-09,-2.10798e-09,0.00639159
1.75656e+09,0.00320081,1.42505e-09,1.72087e-09,-0.0220725,2.05497e-09,-2.17394e-09,0.00426106
1.75656e+09,0.00345127,1.42325e-09,1.70274e-09,-0.0220615,-4.05336e-10,-5.26353e-09,0.00319579
1.75656e+09,0.00326189,1.42142e-09,1.67971e-09,-0.022065,-4.05336e-10,-7.0695e-09,-0.00106526
1.75656e+09,0.00351266,1.41633e-09,1.65093e-09,-0.0220724,-1.26872e-09,-8.22285e-09,-0.00213053
1.75656e+09,0.00355328,1.40549e-09,1.62195e-09,-0.0220989,-2.86947e-09,-8.22285e-09,-0.00745685
1.75656e+09,0.00315584,1.39586e-09,1.5962e-09,-0.0221225,-2.86947e-09,-8.22285e-09,-0.00745685
1.75656e+09,0.00363062,1.3906e-09,1.56646e-09,-0.0221689,-1.26872e-09,-8.22285e-09,-0.0127832
1.75656e+09,0.0028033,1.39145e-09,1.55014e-09,-0.0222047,4.32163e-10,-5.81155e-09,-0.0127832
1.75656e+09,0.00332246,1.3957e-09,1.53074e-09,-0.0222472,1.41094e-09,-5.81155e-09,-0.0127832
1.75656e+09,0.00337753,1.40015e-09,1.51645e-09,-0.0222904,1.41094e-09,-4.19829e-09,-0.0127832
1.75656e+09,0.00350753,1.40501e-09,1.51216e-09,-0.0223464,1.41094e-09,-1.19404e-09,-0.015979
1.75656e+09,0.00345465,1.40956e-09,1.49755e-09,-0.0224237,1.41094e-09,-4.19829e-09,-0.0223706
1.75656e+09,0.00315713,1.40739e-09,1.48434e-09,-0.0224943,-5.91065e-10,-4.19829e-09,-0.0223706
1.75656e+09,0.00339235,1.39518e-09,1.4784e-09,-0.0225702,-3.56053e-09,-1.8322e-09,-0.0223706
1.75656e+09,0.00315238,1.38338e-09,1.4749e-09,-0.0226172,-3.71711e-09,-1.19404e-09,-0.0149137
1.75656e+09,0.00781274,1.35426e-09,1.47198e-09,-0.0226505,-3.71711e-09,-4.57359e-10,-0.00426106
1.75656e+09,0.00224,1.34592e-09,1.47115e-09,-0.0226553,-3.71711e-09,-4.57359e-10,-0.00213053
1.75656e+09,0.00331274,1.3378e-09,1.47328e-09,-0.0226623,-2.4647e-09,5.86867e-10,-0.00213053
1.75656e+09,0.00334069,1.32991e-09,1.48849e-09,-0.0226588,-2.4647e-09,4.50057e-09,0.00106526
1.75656e+09,0.00320246,1.32206e-09,1.49055e-09,-0.022652,-2.4647e-09,5.86867e-10,0.00213053
1.75656e+09,0.00338766,1.3139e-09,1.50599e-09,-0.0226339,-2.51113e-09,4.50057e-09,0.00532632
1.75656e+09,0.00362946,1.30516e-09,1.52252e-09,-0.022603,-2.51113e-09,4.50057e-09,0.00852211
1.75656e+09,0.00322932,1.29717e-09,1.52797e-09,-0.0225755,-2.51113e-09,1.63095e-09,0.00852211
1.75656e+09,0.00340188,1.29181e-09,1.52254e-09,-0.0225465,-1.53783e-09,-1.63242e-09,0.00852211
1.75656e+09,0.00315795,1.29132e-09,1.51739e-09,-0.0225196,-1.17981e-10,-1.63242e-09,0.00852211
1.75656e+09,0.00319992,1.29067e-09,1.50507e-09,-0.0224923,-1.17981e-10,-3.85452e-09,0.00852211
1.75656e+09,0.00353619,1.28941e-09,1.49146e-09,-0.0224885,-2.68061e-10,-3.85452e-09,0.00106526
1.75656e+09,0.00344796,1.28871e-09,1.47819e-09,-0.0224885,-1.17981e-10,-3.85452e-09,0
1.75656e+09,0.00336837,1.28751e-09,1.46523e-09,-0.0224885,-2.68061e-10,-3.85452e-09,0
1.75656e+09,0.00314077,1.2864e-09,1.45314e-09,-0.0224952,-2.68061e-10,-3.85452e-09,-0.00213053
1.75656e+09,0.00339293,1.285e-09,1.4315e-09,-0.0225024,-2.68061e-10,-6.38709e-09,-0.00213053
1.75656e+09,0.00332844,1.28826e-09,1.40825e-09,-0.0225273,1.13402e-09,-6.96165e-09,-0.00745685
1.75656e+09,0.00333391,1.29151e-09,1.38496e-09,-0.0225557,1.13402e-09,-6.96165e-09,-0.00852211
1.75656e+09,0.00356258,1.30337e-09,1.35988e-09,-0.0225898,3.4848e-09,-6.96165e-09,-0.00958738
1.75656e+09,0.00342235,1.30692e-09,1.3453e-09,-0.0226263,1.13402e-09,-4.23754e-09,-0.0106526
1.75656e+09,0.00300048,1.31037e-09,1.34761e-09,-0.0226838,1.13402e-09,7.97444e-10,-0.0191748
1.75656e+09,0.0033238,1.3099e-09,1.35091e-09,-0.0227582,-1.6546e-10,9.88807e-10,-0.0223706
1.75656e+09,0.00341307,1.30965e-09,1.36499e-09,-0.0228345,-1.6546e-10,4.12362e-09,-0.0223706
1.75656e+09,0.00375237,1.30952e-09,1.38648e-09,-0.0228865,-1.6546e-10,5.72367e-09,-0.0138484
1.75656e+09,0.00348944,1.31428e-09,1.40635e-09,-0.022946,1.23253e-09,5.72367e-09,-0.0170442
1.75656e+09,0.0026289,1.32218e-09,1.42522e-09,-0.0229824,2.84089e-09,7.24514e-09,-0.0138484
1.75656e+09,0.00326464,1.33204e-09,1.45034e-09,-0.0230172,2.84089e-09,7.76191e-09,-0.0106526
1.75656e+09,0.00368579,1.33719e-09,1.47693e-09,-0.0230329,1.23253e-09,7.24514e-09,-0.00426106
1.75656e+09,0.00314708,1.34164e-09,1.50126e-09,-0.0230228,1.23253e-09,7.76191e-09,0.00319579
1.75656e+09,0.00330126,1.36709e-09,1.54811e-09,-0.0230087,7.38081e-09,1.43653e-08,0.00426106
1.75656e+09,0.00319156,1.39169e-09,1.59341e-09,-0.0229883,7.38081e-09,1.43653e-08,0.00639159
1.75656e+09,0.00353216,1.42036e-09,1.63077e-09,-0.0229582,7.87043e-09,1.07613e-08,0.00852211
1.75656e+09,0.00318094,1.44617e-09,1.66442e-09,-0.0229142,7.87043e-09,1.07613e-08,0.0138484
1.75656e+09,0.00375463,1.4748e-09,1.70418e-09,-0.0228622,7.38081e-09,1.07613e-08,0.0138484
1.75656e+09,0.00313156,1.48649e-09,1.73711e-09,-0.0228188,3.48945e-09,1.06009e-08,0.0138484
1.75656e+09,0.00341324,1.49901e-09,1.76386e-09,-0.0227752,3.48945e-09,7.91754e-09,0.0127832
1.75656e+09,0.00320251,1.51059e-09,1.7814e-09,-0.0227342,3.48945e-09,5.55935e-09,0.0127832
1.75656e+09,0.0032874,1.52326e-09,1.79522e-09,-0.0227062,3.75896e-09,4.28762e-09,0.00852211
1.75656e+09,0.00336727,1.53646e-09,1.80718e-09,-0.0226847,3.83694e-09,3.64093e-09,0.00639159
1.75656e+09,0.00318914,1.54909e-09,1.81851e-09,-0.0226643,3.88008e-09,3.64093e-09,0.00639159
1.75656e+09,0.00350784,1.56299e-09,1.83097e-09,-0.0226793,3.88008e-09,3.64093e-09,-0.00426106
1.75656e+09,0.0033205,1.57629e-09,1.83944e-09,-0.022704,3.94599e-09,2.64077e-09,-0.00745685
1.75656e+09,0.00473076,1.59446e-09,1.83114e-09,-0.0227443,3.88008e-09,-1.66514e-09,-0.00852211
1.75656e+09,0.00182449,1.60159e-09,1.82794e-09,-0.0227599,3.94599e-09,-1.66514e-09,-0.00852211
1.75656e+09,0.00335843,1.61729e-09,1.84575e-09,-0.0228171,4.55405e-09,5.40688e-09,-0.0170442
1.75656e+09,0.00341315,1.63477e-09,1.86381e-09,-0.0228826,5.00021e-09,5.40688e-09,-0.0191748
1.75656e+09,0.00312889,1.64941e-09,1.8804e-09,-0.0229459,4.55405e-09,5.40688e-09,-0.02024
1.75656e+09,0.00342708,1.66715e-09,1.90688e-09,-0.0230189,5.00021e-09,7.84528e-09,-0.0213053
1.75656e+09,0.00343426,1.68989e-09,1.93331e-09,-0.0230958,6.44281e-09,7.84528e-09,-0.0223706
1.75656e+09,0.00337968,1.71808e-09,1.97244e-09,-0.0231714,8.06938e-09,1.17668e-08,-0.0223706
1.75656e+09,0.00335637,1.74611e-09,2.01302e-09,-0.0232464,8.06938e-09,1.22806e-08,-0.0223706
1.75656e+09,0.00326831,1.77341e-09,2.05253e-09,-0.0233196,8.06938e-09,1.22806e-08,-0.0223706
1.75656e+09,0.00351342,1.80299e-09,2.1049e-09,-0.0233607,8.06938e-09,1.50983e-08,-0.0117179
1.75656e+09,0.00297544,1.828e-09,2.14925e-09,-0.0233956,8.05478e-09,1.50983e-08,-0.0117179
1.75656e+09,0.00337156,1.85613e-09,2.19075e-09,-0.0233992,8.05478e-09,1.24996e-08,-0.00106526
1.75656e+09,0.00329113,1.88329e-09,2.21825e-09,-0.0233782,8.05478e-09,8.54643e-09,0.00639159
1.75656e+09,0.00340485,1.90893e-09,2.24676e-09,-0.0233564,7.33114e-09,8.54643e-09,0.00639159
1.75656e+09,0.00346692,1.90492e-09,2.25299e-09,-0.0233342,-1.19763e-09,1.76986e-09,0.00639159
1.75656e+09,0.00319799,1.8961e-09,2.25224e-09,-0.0233138,-2.75102e-09,-2.96574e-10,0.00639159
1.75656e+09,0.0033173,1.88653e-09,2.23313e-09,-0.0232855,-2.75102e-09,-5.82835e-09,0.00852211
1.75656e+09,0.00358998,1.87607e-09,2.20831e-09,-0.0232282,-2.75102e-09,-6.98031e-09,0.015979
1.75656e+09,0.00304874,1.86417e-09,2.18189e-09,-0.0231729,-3.70057e-09,-8.75264e-09,0.0181095
1.75656e+09,0.00354446,1.8519e-09,2.13982e-09,-0.0231163,-3.18784e-09,-1.19476e-08,0.015979
1.75656e+09,0.00351884,1.83184e-09,2.09823e-09,-0.0230863,-5.42518e-09,-1.19476e-08,0.00852211
1.75656e+09,0.00317502,1.81373e-09,2.06001e-09,-0.0230356,-5.42518e-09,-1.21644e-08,0.015979
1.75656e+09,0.00302894,1.79931e-09,2.02291e-09,-0.0230162,-4.47561e-09,-1.23557e-08,0.00639159
1.75656e+09,0.00340437,1.78749e-09,1.98111e-09,-0.0230126,-3.18784e-09,-1.23557e-08,0.00106526
1.75656e+09,0.0034451,1.7711e-09,1.93891e-09,-0.0230089,-4.47561e-09,-1.23557e-08,0.00106526
1.75656e+09,0.00325558,1.75554e-09,1.89605e-09,-0.0230089,-4.47561e-09,-1.32715e-08,0
1.75656e+09,0.00330593,1.73974e-09,1.85252e-09,-0.0230089,-4.47561e-09,-1.32715e-08,0
1.75656e+09,0.00338853,1.72892e-09,1.8103e-09,-0.023027,-2.90538e-09,-1.25304e-08,-0.00532632
1.75656e+09,0.00321299,1.7186e-09,1.76789e-09,-0.0230612,-2.90538e-09,-1.32715e-08,-0.0106526
1.75656e+09,0.00352865,1.70735e-09,1.72392e-09,-0.0230988,-2.90125e-09,-1.25304e-08,-0.0106526
1.75656e+09,0.00320596,1.70554e-09,1.68845e-09,-0.0231329,-3.07639e-10,-1.10733e-08,-0.0106526
1.75656e+09,0.00341867,1.70367e-09,1.65275e-09,-0.0231766,-3.07639e-10,-1.04538e-08,-0.0127832
1.75656e+09,0.00335691,1.69317e-09,1.62015e-09,-0.0232374,-2.90125e-09,-9.77926e-09,-0.0181095
1.75656e+09,0.00322696,1.68224e-09,1.59945e-09,-0.0232959,-3.23643e-09,-6.49188e-09,-0.0181095
1.75656e+09,0.00335103,1.66063e-09,1.56718e-09,-0.0233566,-6.22253e-09,-9.77926e-09,-0.0181095
1.75656e+09,0.00343579,1.63901e-09,1.55717e-09,-0.0234078,-6.22253e-09,-3.05908e-09,-0.0149137
1.75656e+09,0.00324719,1.61858e-09,1.54771e-09,-0.0234562,-6.22253e-09,-3.05908e-09,-0.0149137
1.75656e+09,0.003279,1.60766e-09,1.53485e-09,-0.0234807,-3.23643e-09,-4.00074e-09,-0.00745685
1.75656e+09,0.00753798,1.60731e-09,1.50469e-09,-0.0235369,4.74113e-11,-4.00074e-09,-0.00745685
1.75656e+09,0.00243944,1.6072e-09,1.49493e-09,-0.0235447,4.74113e-11,-4.00074e-09,-0.00319579
1.75656e+09,0.00324769,1.6069e-09,1.47584e-09,-0.0235378,4.74113e-11,-5.87744e-09,0.00213053
1.75656e+09,0.00349301,1.60634e-09,1.44496e-09,-0.023508,4.74113e-11,-8.84191e-09,0.00852211
1.75656e+09,0.00329661,1.58725e-09,1.41228e-09,-0.0234729,-5.55592e-09,-1.00483e-08,0.0106526
1.75656e+09,0.00331758,1.56804e-09,1.37938e-09,-0.0234375,-5.55592e-09,-1.00483e-08,0.0106526
1.75656e+09,0.00345231,1.54801e-09,1.3434e-09,-0.0233934,-5.55592e-09,-1.05545e-08,0.0127832
1.75656e+09,0.00331578,1.52882e-09,1.31053e-09,-0.0233581,-5.55592e-09,-1.00483e-08,0.0106526
1.75656e+09,0.00345471,1.5172e-09,1.2792e-09,-0.0233213,-3.15071e-09,-9.14314e-09,0.0106526
1.75656e+09,0.00323145,1.5065e-09,1.25722e-09,-0.0232972,-3.15071e-09,-6.87726e-09,0.00745685
1.75656e+09,0.00319927,1.50266e-09,1.2353e-09,-0.0232733,-1.03996e-09,-6.87726e-09,0.00745685
1.75656e+09,0.00352607,1.49861e-09,1.21867e-09,-0.0232508,-1.03996e-09,-4.74335e-09,0.00639159
1.75656e+09,0.00307853,1.49507e-09,1.20414e-09,-0.0232442,-1.03996e-09,-4.74335e-09,0.00213053
1.75656e+09,0.00341234,1.49889e-09,1.18058e-09,-0.0232479,1.28203e-09,-6.87726e-09,-0.00106526
1.75656e+09,0.00337118,1.5035e-09,1.16448e-09,-0.0232766,1.47574e-09,-4.74335e-09,-0.00852211
1.75656e+09,0.00350979,1.50829e-09,1.14772e-09,-0.0233065,1.47574e-09,-4.74335e-09,-0.00852211
1.75656e+09,0.00316096,1.51294e-09,1.14701e-09,-0.0233368,1.47574e-09,-1.88816e-10,-0.00958738
1.75656e+09,0.00362986,1.51829e-09,1.10918e-09,-0.0233755,1.71746e-09,-1.03845e-08,-0.0106526
1.75656e+09,0.00320879,1.53398e-09,1.10821e-09,-0.0234097,4.89582e-09,-1.88816e-10,-0.0106526
1.75656e+09,0.003364,0.00014945,-3.49805e-06,-0.0234419,0.0444379,2.58871e-09,-0.00958738
1.75656e+09,0.0030155,0.000557436,-7.55972e-06,-0.0234644,0.135291,0.00182476,-0.00745685
1.75656e+09,0.00344256,0.0010232,-1.22071e-05,-0.0234901,0.135291,0.00182476,-0.00745685
1.75656e+09,0.00331955,0.00147233,-1.66999e-05,-0.0235148,0.135291,0.00182476,-0.00745685
1.75656e+09,0.00318395,0.0019031,-2.10199e-05,-0.0235386,0.135291,0.00182476,-0.00745685
1.75656e+09,0.00332759,0.00235279,-4.77499e-05,-0.023613,0.135291,-0.00484991,-0.0223706
1.75656e+09,0.00352065,0.00282818,-9.24031e-05,-0.0236918,0.135291,-0.00949154,-0.0223706
1.75656e+09,0.00316216,0.00316003,-0.000130289,-0.0237625,0.105197,-0.00949154,-0.0223706
1.75656e+09,0.00347807,0.00352541,-0.000155846,-0.0238514,0.105197,-0.00484991,-0.0255663
1.75656e+09,0.00334597,0.00379479,-0.000178504,-0.023937,0.0806466,-0.00484991,-0.0255663
1.75656e+09,0.00381993,0.00410189,-0.000222356,-0.0240835,0.0806466,-0.00955216,-0.0383495
1.75656e+09,0.00297152,0.00434078,-0.000256503,-0.0241974,0.0806466,-0.00955216,-0.0383495
1.75656e+09,0.00322978,0.00471206,-0.000301006,-0.0243213,0.115254,-0.0109937,-0.0383495
1.75656e+09,0.00338752,0.00510778,-0.000373692,-0.0244512,0.117306,-0.0186096,-0.0383495
1.75656e+09,0.0032801,0.00549095,-0.000444122,-0.0245805,0.117306,-0.0186096,-0.0394148
1.75656e+09,0.00328579,0.00590798,-0.00051554,-0.0247555,0.127413,-0.0186096,-0.0532632
1.75656e+09,0.00338906,0.00633177,-0.000557427,-0.0249468,0.125316,-0.00926024,-0.056459
1.75656e+09,0.00335423,0.0067512,-0.000598963,-0.0251362,0.125316,-0.00926024,-0.056459
1.75656e+09,0.00374246,0.00722702,-0.000645593,-0.0253515,0.127413,-0.00926024,-0.0575243
1.75656e+09,0.00281965,0.00770391,-0.00070253,-0.0255167,0.16959,-0.0158991,-0.0585895
1.75656e+09,0.00354185,0.00830294,-0.000774149,-0.0257242,0.16959,-0.0158991,-0.0585895
1.75656e+09,0.00316496,0.00883822,-0.000838258,-0.0259096,0.16959,-0.0158991,-0.0585895
1.75656e+09,0.00368168,0.00945184,-0.000902576,-0.0261528,0.167066,-0.013146,-0.0660464
1.75656e+09,0.00302248,0.00995558,-0.000955501,-0.026375,0.167066,-0.013146,-0.0735032
1.75656e+09,0.00319088,0.0104874,-0.00101149,-0.0266231,0.167066,-0.013146,-0.0777643
1.75656e+09,0.00345803,0.011249,-0.00107858,-0.0269068,0.220686,-0.0135294,-0.0820253
1.75656e+09,0.0033198,0.0119801,-0.00114417,-0.0272215,0.220686,-0.0138267,-0.0948085
1.75656e+09,0.00340416,0.0127298,-0.00121167,-0.0275479,0.220686,-0.0138267,-0.0958738
1.75656e+09,0.00344096,0.0134874,-0.00128926,-0.0278778,0.220686,-0.0164774,-0.0958738
1.75656e+09,0.00326658,0.0142062,-0.00137092,-0.0282153,0.220686,-0.0188524,-0.103331
1.75656e+09,0.00321309,0.0149307,-0.00145196,-0.0285473,0.226089,-0.0188524,-0.103331
1.75656e+09,0.0033516,0.0156955,-0.0015967,-0.0288936,0.229321,-0.036656,-0.103331
1.75656e+09,0.00342554,0.0165007,-0.00181645,-0.0291892,0.236822,-0.0573307,-0.0862864
1.75656e+09,0.00325482,0.017293,-0.00202626,-0.0294562,0.245201,-0.0573307,-0.0820253
1.75656e+09,0.00327165,0.0181284,-0.00223852,-0.0297211,0.257136,-0.0573307,-0.0809601
1.75656e+09,0.00333787,0.0190088,-0.00240718,-0.0299557,0.265171,-0.0426678,-0.0703074
1.75656e+09,0.00336136,0.0199354,-0.00251599,-0.030167,0.276497,-0.0241003,-0.0628506
1.75656e+09,0.00350854,0.0209797,-0.00262098,-0.0303614,0.2984,-0.0209331,-0.0553937
1.75656e+09,0.00332961,0.0220159,-0.00272218,-0.0305458,0.312004,-0.0209331,-0.0553937
1.75656e+09,0.00316126,0.0230004,-0.00279704,-0.0307041,0.312004,-0.0141567,-0.0500674
1.75656e+09,0.00330303,0.0240459,-0.00287416,-0.0308554,0.317104,-0.0136212,-0.0458064
1.75656e+09,0.00340458,0.0251245,-0.00292644,-0.0309315,0.317104,-0.00557404,-0.0223706
1.75656e+09,0.00356388,0.0262539,-0.00296498,-0.0310113,0.317104,-0.0010074,-0.0223706
1.75656e+09,0.00329171,0.0273122,-0.00296848,-0.0310849,0.321389,0.0089061,-0.0223706
1.75656e+09,0.00305253,0.0283706,-0.00297419,-0.0311759,0.346621,0.0089061,-0.0298274
1.75656e+09,0.00324649,0.0295251,-0.00298127,-0.0312797,0.3555,0.0089061,-0.0319579
1.75656e+09,0.00342042,0.0307393,-0.00305642,-0.031389,0.3555,-0.0108588,-0.0319579
1.75656e+09,0.00346363,0.0319381,-0.00313169,-0.0314997,0.346621,-0.0108588,-0.0319579
1.75656e+09,0.00329562,0.0330886,-0.00320653,-0.0315524,0.349644,-0.0117019,-0.015979
1.75656e+09,0.00332334,0.0342488,-0.00328205,-0.0315807,0.349644,-0.0117019,-0.00852211
1.75656e+09,0.00333303,0.035414,-0.00330578,-0.0316091,0.349644,0.00392471,-0.00852211
1.75656e+09,0.0033061,0.036608,-0.00333055,-0.0316337,0.361203,0.00392471,-0.00745685
1.75656e+09,0.00360876,0.0379475,-0.00341714,-0.0315838,0.371763,-0.0122416,0.0138484
1.75656e+09,0.00302959,0.0390736,-0.00344082,-0.0314902,0.371763,0.00392471,0.0308927
1.75656e+09,0.00337021,0.0402908,-0.00346592,-0.0313502,0.361203,0.00392471,0.0415453
1.75656e+09,0.00336141,0.0415011,-0.00347216,-0.0312105,0.35994,0.0094333,0.0415453
1.75656e+09,0.00340536,0.0427081,-0.00347004,-0.031069,0.354261,0.0116826,0.0415453
1.75656e+09,0.00316937,0.0438315,-0.00346791,-0.0309711,0.354261,0.0116826,0.0308927
1.75656e+09,0.00347239,0.0450623,-0.00346545,-0.0309082,0.354261,0.0116826,0.0181095
1.75656e+09,0.00402824,0.0464897,-0.0034768,-0.0308353,0.354261,0.00813428,0.0181095
1.75656e+09,0.00262242,0.0474177,-0.00352406,-0.0307906,0.354261,-0.00710174,0.0170442
1.75656e+09,0.00346786,0.0485848,-0.00358465,-0.0307315,0.336925,-0.00710174,0.0170442
1.75656e+09,0.00316315,0.0495958,-0.0036382,-0.0306742,0.319977,-0.00710174,0.0181095
1.75656e+09,0.00328834,0.050649,-0.00362145,-0.0306041,0.319977,0.0149145,0.0213053
1.75656e+09,0.00334361,0.0517199,-0.00360434,-0.0304439,0.319977,0.0149145,0.0479369
1.75656e+09,0.00347867,0.0530772,-0.00359377,-0.0302771,0.389909,0.0149145,0.0479369
1.75656e+09,0.00738598,0.0560495,-0.00371209,-0.029923,0.402724,-0.00383018,0.0479369
1.75656e+09,0.00252052,0.0572026,-0.00375627,-0.0298156,0.457827,-0.00383018,0.0426106
1.75656e+09,0.00322464,0.0586779,-0.00381262,-0.0296885,0.457827,-0.00383018,0.0394148
1.75656e+09,0.00346241,0.0602759,-0.00386885,-0.0295779,0.461792,-0.0025331,0.0319579
1.75656e+09,0.00334329,0.0618193,-0.00390714,-0.0295423,0.461792,0.00220463,0.0106526
1.75656e+09,0.0031941,0.0633414,-0.00393931,-0.0295082,0.476616,0.00401061,0.0106526
1.75656e+09,0.00387109,0.0652026,-0.00397871,-0.0294876,0.480894,0.00401061,0.00532632
1.75656e+09,0.00307386,0.0666938,-0.00400946,-0.0294713,0.485187,0.00430277,0.00532632
1.75656e+09,0.00324865,0.06829,-0.00404253,-0.0294816,0.491445,0.00430277,-0.00319579
1.75656e+09,0.00316677,0.069846,-0.00407571,-0.0295255,0.491445,0.00401061,-0.0138484
1.75656e+09,0.00345818,0.0716325,-0.00411359,-0.0296507,0.5167,0.00430277,-0.036219
1.75656e+09,0.00326041,0.0733728,-0.00416338,-0.0297688,0.533986,0.000561822,-0.036219
1.75656e+09,0.00323318,0.0751158,-0.00421979,-0.0298859,0.539361,-0.00139666,-0.036219
1.75656e+09,0.00373299,0.0771284,-0.00427786,-0.0299814,0.539361,0.000561822,-0.0255663
1.75656e+09,0.00301001,0.0787973,-0.00432893,-0.0300583,0.554711,-0.000338078,-0.0255663
1.75656e+09,0.00333307,0.080679,-0.00438664,-0.0301435,0.56483,-0.000338078,-0.0255663
1.75656e+09,0.00339168,0.0826285,-0.00442572,-0.0302772,0.574879,0.0058053,-0.0394148
1.75656e+09,0.00337795,0.084594,-0.00446563,-0.0304212,0.581955,0.0058053,-0.0426106
1.75656e+09,0.003076,0.0863832,-0.00452112,-0.0305752,0.581955,-0.000338078,-0.0500674
1.75656e+09,0.00358638,0.0884691,-0.00459463,-0.0307547,0.581955,-0.00270863,-0.0500674
1.75656e+09,0.00319626,0.0903402,-0.00466115,-0.0309352,0.585774,-0.00279864,-0.056459
1.75656e+09,0.00334679,0.0922994,-0.00473114,-0.0311241,0.585774,-0.00279864,-0.056459
1.75656e+09,0.00329296,0.0942272,-0.00480038,-0.0313101,0.585774,-0.00279864,-0.056459
1.75656e+09,0.00339639,0.0962762,-0.00487407,-0.0314801,0.603687,-0.00279864,-0.0500674
1.75656e+09,0.00318472,0.0981975,-0.00494349,-0.0316396,0.603687,-0.00279864,-0.0500674
1.75656e+09,0.00336504,0.100225,-0.00508673,-0.0317829,0.603687,-0.0234819,-0.0426106
1.75656e+09,0.003487,0.102327,-0.00523546,-0.031913,0.603687,-0.0234819,-0.0372843
1.75656e+09,0.00334223,0.104341,-0.00537829,-0.032002,0.603687,-0.0234819,-0.0266316
1.75656e+09,0.00328855,0.106371,-0.00547994,-0.032072,0.61801,-0.0111437,-0.0213053
1.75656e+09,0.00326876,0.108389,-0.00557358,-0.0321173,0.61801,-0.0088349,-0.0138484
1.75656e+09,0.00331375,0.110436,-0.00565001,-0.0321597,0.61801,-0.00321889,-0.0127832
1.75656e+09,0.00395252,0.112926,-0.00574261,-0.0321723,0.63037,-0.00315991,-0.00319579
1.75656e+09,0.00345033,0.115099,-0.00582346,-0.0321833,0.63037,-0.00315991,-0.00319579
1.75656e+09,0.00257652,0.116722,-0.00588402,-0.0321915,0.63037,-0.00321889,-0.00319579
1.75656e+09,0.00331541,0.118837,-0.00600893,-0.032188,0.638798,-0.0171246,0.00106526
1.75656e+09,0.00336433,0.120982,-0.00618135,-0.0321701,0.638798,-0.0307089,0.00532632
1.75656e+09,0.00392077,0.12348,-0.00641907,-0.0320907,0.638798,-0.0401045,0.02024
1.75656e+09,0.00300656,0.125333,-0.00662226,-0.0318858,0.618002,-0.0477798,0.0681769
1.75656e+09,0.00335337,0.127398,-0.00687039,-0.03165,0.618002,-0.0543194,0.0703074
1.75656e+09,0.00312834,0.129326,-0.00708097,-0.03143,0.618002,-0.0477798,0.0703074
1.75656e+09,0.00318865,0.131453,-0.00730029,-0.0312127,0.66902,-0.0477798,0.0681769
1.75656e+09,0.00329839,0.133655,-0.00748734,-0.0309878,0.66902,-0.0358506,0.0681769
1.75656e+09,0.00333104,0.13589,-0.0073148,-0.0306649,0.66902,0.0725626,0.096939
1.75656e+09,0.00339629,0.13817,-0.00708507,-0.0303067,0.66902,0.0881945,0.105461
1.75656e+09,0.0033709,0.140549,-0.00634423,-0.0298686,0.698634,0.241055,0.129962
1.75656e+09,0.00598951,0.144419,-0.00501542,-0.0288095,0.639304,0.241055,0.176834
1.75656e+09,0.000704901,0.144887,-0.0048589,-0.0286705,0.656116,0.241055,0.197074
1.75656e+09,0.00349185,0.147446,-0.00419391,-0.0279824,0.727098,0.211369,0.197074
1.75656e+09,0.00321956,0.149795,-0.00391717,-0.0273479,0.727098,0.106343,0.197074
1.75656e+09,0.00335427,0.152277,-0.00373073,-0.026594,0.738011,0.0757893,0.224771
1.75656e+09,0.00314709,0.154605,-0.00355406,-0.0258866,0.738011,0.0757893,0.224771
1.75656e+09,0.0036928,0.157337,-0.00334482,-0.0250565,0.738011,0.0757893,0.224771
1.75656e+09,0.0031365,0.159497,-0.00316117,-0.0244284,0.686996,0.0757893,0.20027
1.75656e+09,0.00329614,0.161765,-0.0030345,-0.0238806,0.686996,0.055225,0.166181
1.75656e+09,0.00345954,0.164137,-0.00326911,-0.0233426,0.686996,-0.0514259,0.155529
1.75656e+09,0.00320523,0.16643,-0.00354521,-0.0228782,0.717207,-0.0694177,0.144876
1.75656e+09,0.00346155,0.168903,-0.00398495,-0.0223952,0.717207,-0.110656,0.13955
1.75656e+09,0.00332495,0.171279,-0.00440618,-0.0221649,0.717207,-0.110656,0.0692422
1.75656e+09,0.00330146,0.173632,-0.00468759,-0.0220981,0.714585,-0.0694177,0.02024
1.75656e+09,0.00323297,0.175902,-0.00494185,-0.0220878,0.703791,-0.0631089,0.00319579
1.75656e+09,0.00341497,0.178264,-0.0051483,-0.0222078,0.692838,-0.045165,-0.0351537
1.75656e+09,0.00336866,0.180595,-0.00531193,-0.022459,0.692838,-0.0331959,-0.0745685
1.75656e+09,0.00330708,0.18292,-0.00547395,-0.0227585,0.703791,-0.0331959,-0.0905475
1.75656e+09,0.00479751,0.186292,-0.00571,-0.0233769,0.703791,-0.0331959,-0.128897
1.75656e+09,0.00182044,0.187644,-0.00577253,-0.0236464,0.743234,-0.016981,-0.148072
1.75656e+09,0.00334922,0.190131,-0.00588825,-0.0241495,0.743234,-0.016981,-0.150202
1.75656e+09,0.00335186,0.192617,-0.00612981,-0.0246708,0.743234,-0.0541365,-0.155529
1.75656e+09,0.00330173,0.195105,-0.0062369,-0.0252898,0.754181,-0.0138361,-0.187487
1.75656e+09,0.00320793,0.197455,-0.00634074,-0.0258913,0.733109,-0.0138361,-0.187487
1.75656e+09,0.00355804,0.200053,-0.00645728,-0.0265584,0.73088,-0.0138361,-0.187487
1.75656e+09,0.00311392,0.202254,-0.0065307,-0.0270261,0.707037,-0.00480492,-0.150202
1.75656e+09,0.00342172,0.204674,-0.00654231,-0.0275327,0.707037,0.0157196,-0.148072
1.75656e+09,0.00359833,0.207219,-0.00654836,-0.028031,0.707037,0.0177891,-0.138484
1.75656e+09,0.00319291,0.209861,-0.00656564,-0.0284596,0.827487,0.0177891,-0.134223
1.75656e+09,0.00337001,0.212651,-0.00658506,-0.0289119,0.827487,0.0177891,-0.134223
1.75656e+09,0.00326131,0.21535,-0.00660509,-0.0292559,0.827487,0.0177891,-0.105461
1.75656e+09,0.00329119,0.217932,-0.00665137,-0.0295539,0.784526,0.00888918,-0.0905475
1.75656e+09,0.00331318,0.220483,-0.00673111,-0.0298504,0.770415,-0.00130188,-0.0894822
1.75656e+09,0.00349868,0.223172,-0.00681595,-0.0301448,0.768869,-0.00130188,-0.0841559
1.75656e+09,0.00320777,0.225597,-0.00689327,-0.0304147,0.756565,-0.00130188,-0.0841559
1.75656e+09,0.00326463,0.228107,-0.00695278,-0.0306895,0.768869,0.00515523,-0.0841559
1.75656e+09,0.00344347,0.23076,-0.00697862,-0.0309169,0.770415,0.0161422,-0.0660464
1.75656e+09,0.00305345,0.233151,-0.00700325,-0.0311186,0.782822,0.0161422,-0.0660464
1.75656e+09,0.00354585,0.235927,-0.00703729,-0.031315,0.782822,0.0147625,-0.0553937
1.75656e+09,0.00326198,0.238482,-0.00701473,-0.0314957,0.782822,0.0314426,-0.0553937
1.75656e+09,0.00326557,0.241015,-0.00693147,-0.0316453,0.774368,0.0499065,-0.0458064
1.75656e+09,0.00334835,0.243602,-0.0068722,-0.0317987,0.771605,0.0421354,-0.0458064
1.75656e+09,0.00348554,0.246294,-0.00681091,-0.0319583,0.771605,0.0421354,-0.0458064
1.75656e+09,0.00317843,0.24875,-0.00675542,-0.0322867,0.771605,0.0421354,-0.103331
1.75656e+09,0.00338197,0.251362,-0.00671222,-0.0326362,0.771605,0.0377016,-0.103331
1.75656e+09,0.00346099,0.253835,-0.00669542,-0.0329938,0.714062,0.0281693,-0.103331
1.75656e+09,0.00330438,0.256189,-0.00670985,-0.0332473,0.711954,0.0191305,-0.076699
1.75656e+09,0.00372358,0.258784,-0.00680296,-0.0335329,0.697295,-0.00182888,-0.076699
1.75656e+09,0.00287526,0.260755,-0.00687991,-0.0337289,0.686232,-0.00375807,-0.0681769
1.75656e+09,0.00328166,0.263006,-0.00696818,-0.0339526,0.686232,-0.00375807,-0.0681769
1.75656e+09,0.00336425,0.265312,-0.00706806,-0.0341462,0.686232,-0.00639676,-0.0575243
1.75656e+09,0.00345847,0.267919,-0.00718442,-0.034253,0.75458,-0.00788928,-0.0308927
1.75656e+09,0.00336093,0.270508,-0.00729967,-0.0343318,0.771052,-0.00788928,-0.0234358
1.75656e+09,0.00336123,0.273259,-0.00738948,-0.0342781,0.818853,0.00138726,0.015979
1.75656e+09,0.00329788,0.276107,-0.00743024,-0.0342254,0.863358,0.0172394,0.015979
1.75656e+09,0.0030565,0.278746,-0.00746788,-0.0341765,0.863358,0.0172394,0.015979
1.75656e+09,0.00356469,0.281824,-0.00751162,-0.0341006,0.863358,0.0172394,0.0213053
1.75656e+09,0.00329111,0.284555,-0.00763929,-0.0340305,0.830766,-0.0104731,0.0213053
1.75656e+09,0.00334187,0.287327,-0.00781726,-0.0338453,0.830766,-0.0250042,0.0553937
1.75656e+09,0.0034249,0.290168,-0.00800017,-0.0336483,0.830766,-0.025308,0.0575243
1.75656e+09,0.00345125,0.293053,-0.00818468,-0.0333285,0.837277,-0.025308,0.092678
1.75656e+09,0.0031436,0.295998,-0.00836248,-0.0330371,0.938324,-0.025308,0.092678
1.75656e+09,0.00321506,0.299011,-0.00852193,-0.0327392,0.938324,-0.0186096,0.092678
1.75656e+09,0.0033363,0.302139,-0.00866809,-0.03243,0.938324,-0.0131007,0.092678
1.75656e+09,0.00357479,0.305292,-0.00881722,-0.0320758,0.882807,-0.0131007,0.0990696
1.75656e+09,0.00315575,0.308075,-0.00894789,-0.0316758,0.882807,-0.0131007,0.126766
1.75656e+09,0.00464394,0.312168,-0.00922909,-0.0310871,0.882807,-0.0326101,0.126766
1.75656e+09,0.00206757,0.314118,-0.00936642,-0.030825,0.944987,-0.0370643,0.126766
1.75656e+09,0.00318143,0.317118,-0.0096333,-0.0304522,0.944987,-0.0547886,0.117179
1.75656e+09,0.0033913,0.320315,-0.00991659,-0.0300548,0.944987,-0.0547886,0.117179
1.75656e+09,0.00371568,0.323306,-0.0103217,-0.0296194,0.807675,-0.0848009,0.117179
1.75656e+09,0.00309203,0.325794,-0.0106578,-0.0292571,0.807675,-0.0848009,0.117179
1.75656e+09,0.00333237,0.328454,-0.0110183,-0.0288666,0.801196,-0.0848009,0.117179
1.75656e+09,0.00332589,0.331112,-0.0113161,-0.0288205,0.801196,-0.066428,0.0138484
1.75656e+09,0.00335947,0.333796,-0.011592,-0.0289136,0.801196,-0.0590641,-0.0276969
1.75656e+09,0.00324718,0.336397,-0.0116625,-0.0293667,0.801196,0.00143878,-0.13955
1.75656e+09,0.00349454,0.336464,-0.0116595,-0.0300107,0.0191345,0.00143878,-0.184291
1.75656e+09,0.0032129,0.336526,-0.0116567,-0.0307226,0.0191345,0.00143878,-0.221575
1.75656e+09,0.00376657,0.336598,-0.0116548,-0.0317137,0.0191345,0.00108782,-0.26312
1.75656e+09,0.00287359,0.338757,-0.0117202,-0.0325616,0.751714,0.00108782,-0.295078
1.75656e+09,0.00323885,0.341275,-0.0117987,-0.0337968,0.777712,0.00108782,-0.381365
1.75656e+09,0.00344614,0.344222,-0.0118052,-0.035111,0.854856,0.0270116,-0.381365
1.75656e+09,0.00340909,0.348093,-0.0116153,-0.0364111,1.13278,0.0955314,-0.381365
1.75656e+09,0.00327134,0.35181,-0.0113706,-0.037582,1.13278,0.116099,-0.357929
1.75656e+09,0.0033692,0.355638,-0.0111231,-0.0387234,1.13278,0.116099,-0.338754
1.75656e+09,0.00312986,0.358962,-0.0109527,-0.0396936,1.05904,0.0955314,-0.309992
1.75656e+09,0.00337342,0.362297,-0.0108575,-0.040689,0.986755,0.0674254,-0.295078
1.75656e+09,0.00328401,0.365535,-0.0109639,-0.0411648,0.986496,0.0077484,-0.144876
1.75656e+09,0.00354936,0.368852,-0.0112868,-0.041679,0.93729,-0.0524588,-0.144876
1.75656e+09,0.00327041,0.371698,-0.0115772,-0.0421458,0.873323,-0.0524588,-0.142745
1.75656e+09,0.00344455,0.373292,-0.0118253,-0.0426229,0.465415,-0.0524588,-0.138484
1.75656e+09,0.00331381,0.374443,-0.0120484,-0.0430818,0.349813,-0.0524588,-0.138484
1.75656e+09,0.0032444,0.375199,-0.0123769,-0.0435242,0.237218,-0.0911371,-0.136354
1.75656e+09,0.00348264,0.375491,-0.0128583,-0.0438618,0.0897643,-0.134447,-0.096939
1.75656e+09,0.00325667,0.37526,-0.0134885,-0.0441775,-0.0625404,-0.196439,-0.096939
1.75656e+09,0.00315039,0.375035,-0.0140981,-0.0444527,-0.0625404,-0.196439,-0.0873517
1.75656e+09,0.00368505,0.374773,-0.014811,-0.0447745,-0.0625404,-0.196439,-0.0873517
1.75656e+09,0.00312819,0.376759,-0.0150406,-0.0450878,0.637566,-0.0449117,-0.100135
1.75656e+09,0.00326483,0.379554,-0.0150941,-0.0454147,0.855969,0.0222229,-0.100135
1.75656e+09,0.00325848,0.382344,-0.0151484,-0.0457063,0.855969,0.0222229,-0.0894822
1.75656e+09,0.00329326,0.385163,-0.0152041,-0.0460361,0.855969,0.0222229,-0.100135
1.75656e+09,0.00346019,0.386729,-0.0155597,-0.0463457,0.456882,-0.0818228,-0.0894822
1.75656e+09,0.00322196,0.388187,-0.0158989,-0.046634,0.456882,-0.084228,-0.0894822
1.75656e+09,0.00347353,0.389759,-0.0162652,-0.0469448,0.456882,-0.084228,-0.0894822
1.75656e+09,0.00326197,0.392191,-0.0166545,-0.0471742,0.750515,-0.084228,-0.0703074
1.75656e+09,0.00337072,0.394707,-0.0170129,-0.0474004,0.750515,-0.0710228,-0.0671116
1.75656e+09,0.00340175,0.397246,-0.0173692,-0.0476069,0.750515,-0.0692399,-0.0607201
1.75656e+09,0.00330883,0.399786,-0.0176831,-0.0478078,0.77138,-0.0582225,-0.0607201
1.75656e+09,0.00340261,0.402397,-0.0180438,-0.0476556,0.77138,-0.0692399,0.0447411
1.75656e+09,0.00326961,0.404907,-0.0183541,-0.0474919,0.77138,-0.0582225,0.0500674
1.75656e+09,0.003275,0.407729,-0.0186529,-0.047307,0.865092,-0.0502027,0.056459
1.75656e+09,0.00337515,0.411019,-0.0190054,-0.0470877,0.97869,-0.0582225,0.0649811
1.75656e+09,0.00327854,0.414322,-0.0194425,-0.0468432,1.01235,-0.085766,0.0745685
1.75656e+09,0.00344115,0.417786,-0.0199449,-0.0464766,1.01235,-0.0987065,0.106526
1.75656e+09,0.00330995,0.421115,-0.0204764,-0.046124,1.01235,-0.113684,0.106526
1.75656e+09,0.00337085,0.424164,-0.0210076,-0.0457649,0.910805,-0.115714,0.106526
1.75656e+09,0.00317332,0.427035,-0.0215067,-0.0455486,0.910805,-0.115714,0.0681769
1.75656e+09,0.00339278,0.429969,-0.0220334,-0.0453209,0.871165,-0.115714,0.0671116
1.75656e+09,0.00342535,0.432933,-0.022541,-0.045153,0.871165,-0.108835,0.0490022
1.75656e+09,0.0032071,0.435833,-0.0230099,-0.0449959,0.909875,-0.105219,0.0490022
1.75656e+09,0.00343607,0.438941,-0.023492,-0.0448312,0.909875,-0.0994768,0.0479369
1.75656e+09,0.00340178,0.442021,-0.0239046,-0.044679,0.909875,-0.0806213,0.0447411
1.75656e+09,0.00321094,0.444929,-0.0242692,-0.0445627,0.909875,-0.0729749,0.036219
1.75656e+09,0.00317846,0.447809,-0.0246032,-0.0444713,0.909875,-0.0646052,0.0287621
1.75656e+09,0.00364878,0.44792,-0.0246058,-0.0443663,0.0304166,0.000650304,0.0287621
1.75656e+09,0.00312416,0.447957,-0.0246012,-0.0443164,0.0118588,0.00199131,0.015979
1.75656e+09,0.00335912,0.447985,-0.0245955,-0.0442663,0.00824795,0.00206088,0.0149137
1.75656e+09,0.00337446,0.448012,-0.0245896,-0.0449133,0.00796182,0.00209203,-0.191748
1.75656e+09,0.00327019,0.448039,-0.0245832,-0.0456101,0.0078706,0.00233107,-0.213053
1.75656e+09,0.00330076,0.448064,-0.0245746,-0.0463133,0.00768487,0.00294098,-0.213053
1.75656e+09,0.00329382,0.448089,-0.024566,-0.0469449,0.00731923,0.00295135,-0.191748
1.75656e+09,0.00344145,0.448114,-0.0245534,-0.0473775,0.00724588,0.00403026,-0.125701
1.75656e+09,0.00328962,0.448138,-0.0245389,-0.0475422,0.0069861,0.004721,-0.0500674
1.75656e+09,0.00345807,0.448163,-0.0245238,-0.0476564,0.0069861,0.004721,-0.0330232
1.75656e+09,0.00332205,0.448187,-0.0245092,-0.0477519,0.0069861,0.004721,-0.0287621
1.75656e+09,0.00320918,0.450213,-0.0247987,-0.0474374,0.634816,-0.0599581,0.0980043
1.75656e+09,0.00338754,0.452469,-0.0251091,-0.0469358,0.669706,-0.0599581,0.148072
1.75656e+09,0.00334244,0.454696,-0.0254143,-0.0464302,0.669706,-0.0599581,0.151268
1.75656e+09,0.00350055,0.457076,-0.0246997,-0.0458858,0.669706,0.235496,0.155529
1.75656e+09,0.00306557,0.458929,-0.0240621,-0.045409,0.594492,0.235496,0.155529
1.75656e+09,0.00343734,0.461008,-0.0233462,-0.0447609,0.594492,0.235496,0.188552
1.75656e+09,0.00318186,0.462891,-0.0235779,-0.0440965,0.594492,-0.0462659,0.208792
1.75656e+09,0.00334397,0.46487,-0.0245903,-0.0433948,0.604709,-0.276352,0.209857
1.75656e+09,0.00346811,0.467,-0.0256421,-0.0426189,0.626751,-0.276352,0.223706
1.75656e+09,0.00336183,0.469089,-0.026661,-0.0418418,0.633556,-0.276352,0.231162
1.75656e+09,0.00322727,0.471096,-0.0275908,-0.0410958,0.633556,-0.261826,0.231162
1.75656e+09,0.00333989,0.473088,-0.0283006,-0.0403237,0.604709,-0.187843,0.231162
1.75656e+09,0.00324049,0.474832,-0.0288298,-0.0397714,0.544417,-0.141458,0.170442
1.75656e+09,0.00343409,0.476538,-0.0292656,-0.0393507,0.501273,-0.107059,0.122505
1.75656e+09,0.0035057,0.478283,-0.0293001,-0.0389362,0.497827,0.00975318,0.118244
1.75656e+09,0.00341858,0.47999,-0.0291239,-0.0385574,0.49702,0.0709238,0.110787
1.75656e+09,0.00336987,0.481673,-0.0289496,-0.0383133,0.496825,0.0709238,0.072438
1.75656e+09,0.00302335,0.483173,-0.0287925,-0.0380976,0.493838,0.0709238,0.0713727
1.75656e+09,0.0033204,0.484726,-0.0286232,-0.0378676,0.46561,0.0687802,0.0692422
1.75656e+09,0.00352743,0.48637,-0.0284427,-0.0376234,0.463641,0.0687802,0.0692422
1.75656e+09,0.00342481,0.487861,-0.0282631,-0.0374009,0.433056,0.0687802,0.0649811
1.75656e+09,0.00308855,0.489189,-0.0281002,-0.03721,0.427812,0.0687802,0.0617853
1.75656e+09,0.00335949,0.490634,-0.0279228,-0.0370025,0.427812,0.0687802,0.0617853
1.75656e+09,0.0033387,0.492029,-0.0277798,-0.0367926,0.415922,0.0582576,0.0628506
1.75656e+09,0.00322631,0.493352,-0.0276552,-0.0365898,0.40843,0.0536844,0.0628506
1.75656e+09,0.00338329,0.494753,-0.0276962,-0.0363159,0.414256,0.00303666,0.0809601
1.75656e+09,0.00343879,0.496157,-0.0277467,-0.0359936,0.40843,0.000126344,0.0937433
1.75656e+09,0.00335345,0.497496,-0.0277945,-0.0356506,0.399512,0.000126344,0.102265
1.75656e+09,0.00326007,0.498797,-0.0278405,-0.0352929,0.399512,0.000126344,0.109722
1.75656e+09,0.00486876,0.500566,-0.027892,-0.0347068,0.363421,0.00226072,0.120375
1.75656e+09,0.00169366,0.501104,-0.0279068,-0.0345012,0.317574,0.00226072,0.12144
1.75656e+09,0.00346311,0.502203,-0.0279369,-0.0340585,0.317574,0.00226072,0.127832
1.75656e+09,0.00342312,0.503279,-0.0280866,-0.0335771,0.315567,-0.0330002,0.140615
1.75656e+09,0.00329353,0.504307,-0.0282299,-0.033114,0.313587,-0.0330002,0.140615
1.75656e+09,0.00328944,0.505272,-0.0283705,-0.0326515,0.294653,-0.0330002,0.140615
1.75656e+09,0.0033224,0.506145,-0.0284567,-0.0322303,0.263332,-0.0173563,0.126766
1.75656e+09,0.00318614,0.506985,-0.0284435,-0.03184,0.263332,0.0126227,0.122505
1.75656e+09,0.00332937,0.507872,-0.0284297,-0.0314321,0.266204,0.0126227,0.122505
1.75656e+09,0.00349824,0.508804,-0.0284148,-0.0310036,0.266204,0.0126227,0.122505
1.75656e+09,0.00368799,0.509775,-0.0284279,-0.030536,0.263332,0.0046313,0.126766
1.75656e+09,0.00294984,0.510516,-0.0284368,-0.0301621,0.251174,0.0046313,0.126766
1.75656e+09,0.00318722,0.511311,-0.028446,-0.0297581,0.249188,0.0046313,0.126766
1.75656e+09,0.00333306,0.512125,-0.0284173,-0.0293427,0.244107,0.015902,0.124636
1.75656e+09,0.00340421,0.512915,-0.0283863,-0.0289184,0.231449,0.015902,0.124636
1.75656e+09,0.00337803,0.513619,-0.0283425,-0.0284973,0.208016,0.0189956,0.124636
1.75656e+09,0.00349456,0.514273,-0.0282942,-0.0280618,0.186715,0.0191454,0.124636
1.75656e+09,0.00311231,0.514747,-0.0282479,-0.0276739,0.15173,0.0191454,0.124636
1.75656e+09,0.0032597,0.515243,-0.028187,-0.0272676,0.15173,0.0228809,0.124636
1.75656e+09,0.00344002,0.515767,-0.0281114,-0.0269268,0.15173,0.0261316,0.0990696
1.75656e+09,0.00330069,0.51633,-0.0280402,-0.0265998,0.169738,0.0261316,0.0990696
1.75656e+09,0.00338297,0.516906,-0.0279781,-0.0262647,0.169738,0.0228809,0.0990696
1.75656e+09,0.00333339,0.517474,-0.0279059,-0.0259344,0.169738,0.0261316,0.0990696
1.75656e+09,0.00339534,0.517938,-0.0278396,-0.0255981,0.136302,0.0230657,0.0990696
1.75656e+09,0.00341192,0.518358,-0.0277716,-0.02526,0.122464,0.0230657,0.0990696
1.75656e+09,0.00317643,0.518749,-0.0277082,-0.0249758,0.122464,0.0230657,0.0894822
1.75656e+09,0.00321253,0.519144,-0.027644,-0.0246883,0.122464,0.0230657,0.0894822
1.75656e+09,0.00361655,0.519588,-0.0276079,-0.0243647,0.122464,0.0129841,0.0894822
1.75656e+09,0.00329824,0.519908,-0.0275988,-0.0240485,0.0970813,0.00512735,0.0958738
1.75656e+09,0.00328105,0.520227,-0.0275897,-0.0237339,0.0970813,0.00512735,0.0958738
1.75656e+09,0.00360498,0.520501,-0.0275777,-0.0233883,0.0757941,0.00512735,0.0958738
1.75656e+09,0.00299025,0.520681,-0.0275479,-0.0231016,0.0599683,0.0113705,0.0958738
1.75656e+09,0.00340126,0.520886,-0.0275139,-0.0227864,0.0599683,0.0113705,0.092678
1.75656e+09,0.00337073,0.52109,-0.0274372,-0.022474,0.0599683,0.0241255,0.092678
1.75656e+09,0.00306166,0.521275,-0.0273675,-0.0221903,0.0599683,0.0241255,0.092678
1.75656e+09,0.00350559,0.52147,-0.0272799,-0.0218691,0.0552228,0.0262317,0.0916127
1.75656e+09,0.0032502,0.52163,-0.0271981,-0.0215714,0.0486539,0.0262317,0.0916127
1.75656e+09,0.00355328,0.521805,-0.0271086,-0.0212118,0.0486539,0.0262317,0.1012
1.75656e+09,0.0032854,0.521965,-0.027107,-0.0205258,0.0486539,0.00154634,0.208792
1.75656e+09,0.0034066,0.522131,-0.0271954,-0.0198145,0.0490822,-0.0249656,0.208792
1.75656e+09,0.00324277,0.522288,-0.0272795,-0.0191375,0.0490822,-0.0249656,0.208792
1.75656e+09,0.00338284,0.522453,-0.0273671,-0.0185176,0.0490822,-0.0249656,0.183225
1.75656e+09,0.00327836,0.522558,-0.0274279,-0.0179205,0.0325491,-0.0179336,0.18216
1.75656e+09,0.00320468,0.522661,-0.0274872,-0.0173367,0.0325491,-0.0179336,0.18216
1.75656e+09,0.00347062,0.522773,-0.0275514,-0.0167045,0.0325491,-0.0179336,0.18216
1.75656e+09,0.00318719,0.522846,-0.0275974,-0.016039,0.0231659,-0.0140561,0.208792
1.75656e+09,0.00336532,0.522923,-0.0276502,-0.0153077,0.0231659,-0.0152991,0.217314
1.75656e+09,0.00348927,0.522997,-0.0277212,-0.0145494,0.0213704,-0.0200235,0.217314
1.75656e+09,0.00321955,0.523044,-0.0277711,-0.0138498,0.0149283,-0.0152991,0.217314
1.75656e+09,0.00348306,0.523096,-0.0277759,-0.0132338,0.0149283,-0.00117758,0.176834
1.75656e+09,0.00389408,0.523155,-0.0277448,-0.0125743,0.0149283,0.00819918,0.169377
1.75656e+09,0.00276529,0.523196,-0.0277226,-0.0121059,0.0149283,0.00819918,0.169377
1.75656e+09,0.00322595,0.523245,-0.0276968,-0.0115973,0.0149283,0.00819918,0.157659
1.75656e+09,0.00333218,0.523194,-0.0276656,-0.0110755,-0.0155116,0.00918825,0.156594
1.75656e+09,0.00336574,0.523075,-0.0276333,-0.010552,-0.0353308,0.00918825,0.155529
1.75656e+09,0.00329041,0.522959,-0.0276019,-0.0100438,-0.0353308,0.00918825,0.154463
1.75656e+09,0.00320155,0.522847,-0.0275184,-0.00954926,-0.0353308,0.0257023,0.154463
1.75656e+09,0.00329248,0.52279,-0.0274333,-0.00906525,-0.0174949,0.0257023,0.147006
1.75656e+09,0.00349398,0.52273,-0.0273429,-0.00858138,-0.0174949,0.0257023,0.138484
1.75656e+09,0.00333336,0.522672,-0.027288,-0.00811977,-0.0174949,0.0163335,0.138484
1.75656e+09,0.00339273,0.52256,-0.0272518,-0.00764993,-0.0329916,0.0103896,0.138484
1.75656e+09,0.00333074,0.522451,-0.0272164,-0.00719932,-0.0329916,0.0103896,0.135289
1.75656e+09,0.00326816,0.522343,-0.0271622,-0.00671539,-0.0329916,0.0163335,0.148072
1.75656e+09,0.00332447,0.522234,-0.0271289,-0.00622313,-0.0329916,0.00981178,0.148072
1.75656e+09,0.0032835,0.522124,-0.027096,-0.00577891,-0.0333249,0.00981178,0.135289
1.75656e+09,0.00316854,0.521932,-0.0270056,-0.00540088,-0.0609381,0.0281575,0.11931
1.75656e+09,0.003437,0.521723,-0.026981,-0.00499081,-0.0609381,0.00683445,0.11931
1.75656e+09,0.00342288,0.521514,-0.0269792,-0.00458243,-0.0609381,0.000233602,0.11931
1.75656e+09,0.00342619,0.521322,-0.0269775,-0.0041773,-0.0561728,0.000233602,0.118244
1.75656e+09,0.00333867,0.521134,-0.0269759,-0.00378252,-0.0561728,0.000233602,0.118244
1.75656e+09,0.00353331,0.520941,-0.0269744,-0.00342871,-0.0546487,0.000233602,0.100135
1.75656e+09,0.00316955,0.520763,-0.0269596,-0.00311133,-0.0561728,0.00445068,0.100135
1.75656e+09,0.00319583,0.52057,-0.0269448,-0.00279813,-0.0603536,0.00445068,0.0980043
1.75656e+09,0.00330361,0.520364,-0.0269626,-0.00247436,-0.0622854,-0.00554556,0.0980043
1.75656e+09,0.00332369,0.520157,-0.0270596,-0.00221589,-0.0622854,-0.0293629,0.0777643
1.75656e+09,0.00322922,0.519936,-0.0271813,-0.00200262,-0.0684391,-0.0378254,0.0660464
1.75656e+09,0.00342094,0.519647,-0.0273337,-0.00177668,-0.0843268,-0.0447288,0.0660464
1.75656e+09,0.00345504,0.519327,-0.0274877,-0.00155216,-0.0925059,-0.0447288,0.0649811
1.75656e+09,0.00344837,0.519008,-0.0276177,-0.00134645,-0.0925059,-0.0378254,0.0596548
1.75656e+09,0.00335086,0.518714,-0.0276642,-0.00112514,-0.0877218,-0.0140039,0.0660464
1.75656e+09,0.003287,0.51841,-0.0277099,-0.000908044,-0.0925059,-0.0140039,0.0660464
1.75656e+09,0.00324013,0.51811,-0.027755,-0.000694045,-0.0925059,-0.0140039,0.0660464
1.75656e+09,0.00324263,0.517781,-0.0278525,-0.00046261,-0.101391,-0.0301593,0.0713727
1.75656e+09,0.0034294,0.517433,-0.0279558,-0.000170353,-0.101391,-0.0301593,0.0852211
1.75656e+09,0.0033546,0.517093,-0.0280569,0.000122677,-0.101391,-0.0301593,0.0873517
1.75656e+09,0.00318257,0.516782,-0.0281263,0.000424412,-0.0976803,-0.0217825,0.0948085
1.75656e+09,0.00343742,0.516489,-0.0281917,0.000750308,-0.0853718,-0.018994,0.0948085
1.75656e+09,0.00346001,0.516225,-0.0281799,0.00108203,-0.0763883,0.00347729,0.0958738
1.75656e+09,0.00314379,0.515984,-0.0281646,0.00138344,-0.0763883,0.00493586,0.0958738
1.75656e+09,0.00338662,0.515726,-0.0281483,0.00170452,-0.0763883,0.00493586,0.0948085
1.75656e+09,0.00351354,0.515457,-0.0281365,0.00204138,-0.0763883,0.00347729,0.0958738
1.75656e+09,0.00355037,0.515186,-0.0281511,0.00239689,-0.0763883,-0.00396192,0.100135
1.75656e+09,0.00292649,0.514975,-0.0281749,0.00267747,-0.0721859,-0.00795399,0.0958738
1.75656e+09,0.0034224,0.514734,-0.0282028,0.00300558,-0.0702973,-0.00795399,0.0958738
1.75656e+09,0.00409308,0.51449,-0.0282197,0.003398,-0.0596975,-0.00396192,0.0958738
1.75656e+09,0.00260733,0.514334,-0.0282204,0.00364798,-0.0596975,-6.09561e-05,0.0958738
1.75656e+09,0.00324942,0.514134,-0.0282213,0.00395951,-0.0617796,-6.09561e-05,0.0958738
1.75656e+09,0.00331175,0.513936,-0.0282223,0.00428055,-0.0596975,-6.09561e-05,0.096939
1.75656e+09,0.00335082,0.513729,-0.0282234,0.00460538,-0.0617796,-6.09561e-05,0.096939
1.75656e+09,0.00330458,0.513525,-0.0282245,0.00494332,-0.0617796,-6.09561e-05,0.102265
1.75656e+09,0.00322761,0.513318,-0.0282033,0.00527339,-0.0640869,0.006891,0.102265
1.75656e+09,0.00353473,0.513105,-0.0281801,0.00565747,-0.0600698,0.006891,0.108657
1.75656e+09,0.00346729,0.512897,-0.0281574,0.00603421,-0.0600698,0.006891,0.108657
1.75656e+09,0.00303391,0.512718,-0.0281696,0.00641234,-0.0589044,-0.00367372,0.124636
1.75656e+09,0.00343324,0.512516,-0.0282159,0.0068878,-0.0589044,-0.0131005,0.138484
1.75656e+09,0.00318952,0.512386,-0.0282854,0.00734648,-0.0410825,-0.0215196,0.143811
1.75656e+09,0.00345533,0.512234,-0.0283609,0.00789125,-0.0440527,-0.0215196,0.157659
1.75656e+09,0.00344005,0.512078,-0.0284072,0.00850689,-0.0456308,-0.0131005,0.178964
1.75656e+09,0.00324349,0.51193,-0.0284479,0.00909773,-0.0456308,-0.0121643,0.18216
1.75656e+09,0.00326119,0.511787,-0.0284889,0.00971611,-0.0440527,-0.0121643,0.189617
1.75656e+09,0.00322698,0.51164,-0.0285296,0.0103727,-0.0456308,-0.0121643,0.203465
1.75656e+09,0.0035762,0.511477,-0.0286082,0.0111003,-0.0456308,-0.0215182,0.203465
1.75656e+09,0.00391952,0.51127,-0.0286948,0.0118978,-0.0531273,-0.0215182,0.203465
1.75656e+09,0.00275264,0.511151,-0.0287555,0.0122878,-0.0437183,-0.0215182,0.14168
1.75656e+09,0.00325447,0.510979,-0.0287752,0.0127489,-0.0528843,-0.0054139,0.14168
1.75656e+09,0.0037304,0.510781,-0.0287655,0.0132774,-0.0528843,0.00328354,0.14168
1.75656e+09,0.00296157,0.510624,-0.0287579,0.0137759,-0.0531273,0.00328354,0.168312
1.75656e+09,0.00322747,0.510446,-0.0287062,0.0144188,-0.0547788,0.0167756,0.199204
1.75656e+09,0.00313834,0.510274,-0.0286784,0.0150574,-0.0547979,0.00962584,0.203465
1.75656e+09,0.00347419,0.510063,-0.0286702,0.0157642,-0.0607759,0.00328354,0.203465
1.75656e+09,0.00347883,0.509851,-0.0286768,0.0164721,-0.0607759,-0.000928931,0.203465
1.75656e+09,0.00349906,0.509639,-0.0287121,0.0169268,-0.0607759,-0.00910719,0.129962
1.75656e+09,0.00315358,0.509448,-0.0287704,0.0172795,-0.0607759,-0.0174483,0.111853
1.75656e+09,0.00330054,0.509249,-0.0288315,0.0176276,-0.0607759,-0.0174483,0.105461
1.75656e+09,0.00338086,0.509066,-0.0288937,0.0179698,-0.0543586,-0.0174483,0.1012
1.75656e+09,0.00331625,0.50893,-0.0289406,0.0182842,-0.0412921,-0.0134153,0.0948085
1.75656e+09,0.00329254,0.508795,-0.0289685,0.0185893,-0.0412921,-0.00771598,0.092678
1.75656e+09,0.00347468,0.508652,-0.028998,0.0188891,-0.0412921,-0.00771598,0.0862864
1.75656e+09,0.00317027,0.508521,-0.0290335,0.0190816,-0.0412921,-0.0104317,0.0607201
1.75656e+09,0.00327743,0.508386,-0.0290581,0.0192422,-0.0412921,-0.0067049,0.0490022
1.75656e+09,0.00330241,0.508264,-0.0290826,0.0192352,-0.0371174,-0.0067049,-0.00213053
1.75656e+09,0.00343028,0.508205,-0.0291067,0.0192242,-0.0174597,-0.0067049,-0.00319579
1.75656e+09,0.00329615,0.508148,-0.029128,0.0192067,-0.0174597,-0.00612616,-0.00532632
1.75656e+09,0.00337172,0.508089,-0.0291248,0.0191815,-0.0174597,0.00129768,-0.00745685
1.75656e+09,0.00322639,0.508003,-0.0291187,0.0191128,-0.0266736,0.00238925,-0.0213053
1.75656e+09,0.00341071,0.507911,-0.0291105,0.0190401,-0.0266736,0.00292383,-0.0213053
1.75656e+09,0.00329824,0.507823,-0.0290951,0.0189699,-0.0266736,0.00516738,-0.0213053
1.75656e+09,0.00341383,0.507824,-0.0290775,0.0188971,0.000293158,0.00516738,-0.0213053
1.75656e+09,0.00336137,0.507824,-0.0290601,0.0188327,0.000293158,0.00516738,-0.0191748
1.75656e+09,0.00309218,0.507825,-0.0290594,0.0188063,0.000293158,0.00019737,-0.00852211
1.75656e+09,0.00347865,0.507826,-0.0290593,0.0187841,0.000270927,4.45905e-05,-0.00639159
1.75656e+09,0.00341212,0.507827,-0.0290591,0.0187914,0.00026316,3.96725e-05,0.00213053
1.75656e+09,0.0034767,0.507828,-0.029059,0.0188765,0.000248421,3.70321e-05,0.0245011
1.75656e+09,0.00324187,0.507829,-0.0290588,0.0189801,0.000234846,3.51077e-05,0.0319579
1.75656e+09,0.00325074,0.50783,-0.0290587,0.0191048,0.000228367,3.40219e-05,0.0383495
1.75656e+09,0.0047656,0.507831,-0.0290585,0.0193383,0.000216125,3.20775e-05,0.0490022
1.75656e+09,0.00174521,0.507831,-0.0290585,0.0194257,0.000204591,3.01246e-05,0.0500674
1.75656e+09,0.00338223,0.507832,-0.0290584,0.0196203,0.000193683,2.84902e-05,0.0575243
1.75656e+09,0.00338923,0.507832,-0.0290583,0.0198188,0.000188466,2.76996e-05,0.0585895
1.75656e+09,0.00323776,0.507833,-0.0290582,0.0200085,0.000178413,2.63496e-05,0.0585895
1.75656e+09,0.003421,0.507833,-0.0290581,0.0202163,0.00017361,2.5792e-05,0.0607201
1.75656e+09,0.00330757,0.507834,-0.029058,0.0204241,0.000164501,2.46741e-05,0.0628506
1.75656e+09,0.00338649,0.507834,-0.0290579,0.020637,0.000155911,2.35621e-05,0.0628506
1.75656e+09,0.00359327,0.507835,-0.0290578,0.0208628,0.000151788,2.31117e-05,0.0628506
1.75656e+09,0.00325505,0.507835,-0.0290577,0.0210431,0.000143813,2.19481e-05,0.0553937
1.75656e+09,0.00317741,0.507836,-0.0290576,0.0212158,0.000139866,2.14314e-05,0.0543285
1.75656e+09,0.00336615,0.507836,-0.0290576,0.0213628,0.000132564,2.03672e-05,0.0436758
1.75656e+09,0.00309698,0.507837,-0.0290575,0.0214816,0.000125623,1.93465e-05,0.0383495
1.75656e+09,0.00356852,0.507837,-0.0290574,0.0216108,0.000119118,1.83448e-05,0.036219
1.75656e+09,0.00339072,0.507838,-0.0290573,0.0217083,0.000116023,1.78662e-05,0.0287621
1.75656e+09,0.00338743,0.507838,-0.0290573,0.0218058,0.000110013,1.70194e-05,0.0287621
1.75656e+09,0.00311537,0.507838,-0.0290572,0.0218854,0.000107197,1.66348e-05,0.0255663
1.75656e+09,0.00334792,0.507839,-0.0290572,0.0219639,0.00010171,1.57839e-05,0.0234358
1.75656e+09,0.00337121,0.507839,-0.0290571,0.0220429,9.65596e-05,1.50576e-05,0.0234358
1.75656e+09,0.00346211,0.507839,-0.029057,0.0221129,9.17004e-05,1.43091e-05,0.02024
1.75656e+09,0.00334523,0.50784,-0.029057,0.0221664,8.9365e-05,1.39246e-05,0.015979
1.75656e+09,0.00320708,0.50784,-0.0290569,0.0222108,8.47609e-05,1.32056e-05,0.0138484
1.75656e+09,0.00343449,0.50784,-0.0290569,0.0222657,8.03407e-05,1.25583e-05,0.015979
1.75656e+09,0.00324669,0.50784,-0.0290569,0.0223176,7.8276e-05,1.22244e-05,0.015979
1.75656e+09,0.00355431,0.507841,-0.0290568,0.0223668,7.42798e-05,1.15872e-05,0.0138484
1.75656e+09,0.00320873,0.507841,-0.0290568,0.0224386,7.04904e-05,1.09757e-05,0.0223706
1.75656e+09,0.00320768,0.507841,-0.0290567,0.0225103,6.86514e-05,1.06831e-05,0.0223706
1.75656e+09,0.00355846,0.507841,-0.0290567,0.0225899,6.50864e-05,1.01153e-05,0.0223706
1.75656e+09,0.00316858,0.507841,-0.0290566,0.0226541,6.33507e-05,9.82258e-06,0.02024
1.75656e+09,0.00340017,0.507842,-0.0290566,0.0227229,6.00367e-05,9.2879e-06,0.02024
1.75656e+09,0.00334583,0.507842,-0.0290566,0.0227763,5.69274e-05,8.84572e-06,0.015979
1.75656e+09,0.00328017,0.507842,-0.0290565,0.0228253,5.39623e-05,8.44921e-06,0.0149137
1.75656e+09,0.00343325,0.507842,-0.0290565,0.0228765,5.25266e-05,8.2148e-06,0.0149137
1.75656e+09,0.00316004,0.507842,-0.0290565,0.0229135,4.96781e-05,7.805e-06,0.0117179
1.75656e+09,0.00345692,0.507843,-0.0290565,0.022954,4.70049e-05,7.39201e-06,0.0117179
1.75656e+09,0.00308566,0.507843,-0.0290564,0.0229902,4.57601e-05,7.24667e-06,0.0117179
1.75656e+09,0.00340998,0.507843,-0.0290564,0.0230265,4.32801e-05,6.90411e-06,0.0106526
1.75656e+09,0.00334297,0.507843,-0.0290564,0.023055,4.09569e-05,6.57058e-06,0.00852211
1.75656e+09,0.00349014,0.507843,-0.0290564,0.0230698,3.98444e-05,6.38835e-06,0.00426106
1.75656e+09,0.00321002,0.507843,-0.0290563,0.0230801,3.76537e-05,6.08691e-06,0.00319579
1.75656e+09,0.00360682,0.507843,-0.0290563,0.0230878,3.6609e-05,5.9118e-06,0.00213053
1.75656e+09,0.00307383,0.507843,-0.0290563,0.0230943,3.46274e-05,5.60214e-06,0.00213053
1.75656e+09,0.00344959,0.507844,-0.0290563,0.0230907,3.27923e-05,5.30312e-06,-0.00106526
1.75656e+09,0.00318016,0.507844,-0.0290562,0.0230907,3.10364e-05,5.01531e-06,0
1.75656e+09,0.00338465,0.507844,-0.0290562,0.0230907,3.01928e-05,4.88442e-06,0
1.75656e+09,0.00333341,0.507844,-0.0290562,0.02308,2.85662e-05,4.60121e-06,-0.00319579
1.75656e+09,0.00332439,0.507844,-0.0290562,0.02308,2.70367e-05,4.34369e-06,0
1.75656e+09,0.00340253,0.507844,-0.0290562,0.0231018,2.63289e-05,4.20557e-06,0.00639159
1.75656e+09,0.00324645,0.507844,-0.0290562,0.0231294,2.49698e-05,3.95151e-06,0.00852211
1.75656e+09,0.00340443,0.507844,-0.0290561,0.0231584,2.36607e-05,3.73224e-06,0.00852211
1.75656e+09,0.00315265,0.507844,-0.0290561,0.0232055,2.30343e-05,3.61892e-06,0.0149137
1.75656e+09,0.00343344,0.507844,-0.0290561,0.023264,2.18162e-05,3.42012e-06,0.0170442
1.75656e+09,0.00347233,0.507844,-0.0290561,0.023338,2.06995e-05,3.23664e-06,0.0213053
1.75656e+09,0.00319256,0.507844,-0.0290561,0.0234128,2.01695e-05,3.14521e-06,0.0234358
1.75656e+09,0.00340829,0.507845,-0.0290561,0.0235035,1.91432e-05,2.97689e-06,0.0266316
1.75656e+09,0.00348266,0.507845,-0.0290561,0.0235963,1.81529e-05,2.80981e-06,0.0266316
1.75656e+09,0.00331686,0.507845,-0.0290561,0.0236811,1.76797e-05,2.73426e-06,0.0255663
1.75656e+09,0.00338845,0.507845,-0.0290561,0.0237677,1.67114e-05,2.58829e-06,0.0255663
1.75656e+09,0.00335022,0.507845,-0.029056,0.0238534,1.58149e-05,2.45835e-06,0.0255663
1.75656e+09,0.00314158,0.507845,-0.029056,0.0239337,1.5369e-05,2.37913e-06,0.0255663
1.75656e+09,0.00322599,0.507845,-0.029056,0.0240162,1.45318e-05,2.25987e-06,0.0255663
1.75656e+09,0.00337721,0.507845,-0.029056,0.0240953,1.37418e-05,2.14016e-06,0.0234358
1.75656e+09,0.00318267,0.507845,-0.029056,0.0241462,1.33603e-05,2.07293e-06,0.015979
1.75656e+09,0.0034992,0.507845,-0.029056,0.0241387,1.26357e-05,1.97801e-06,-0.00213053
1.75656e+09,0.00323526,0.507845,-0.029056,0.0241284,1.19561e-05,1.8576e-06,-0.00319579
1.75656e+09,0.00335866,0.507845,-0.029056,0.0241176,1.16276e-05,1.81314e-06,-0.00319579
1.75656e+09,0.0033499,0.507845,-0.029056,0.0241069,1.09949e-05,1.70091e-06,-0.00319579
1.75656e+09,0.00334787,0.507845,-0.029056,0.024082,1.04044e-05,1.60595e-06,-0.00745685
1.75656e+09,0.00359075,0.507845,-0.029056,0.0240323,1.01049e-05,1.56884e-06,-0.0138484
1.75656e+09,0.00329168,0.507845,-0.029056,0.0239832,9.56398e-06,1.4778e-06,-0.0149137
1.75656e+09,0.00327689,0.507845,-0.029056,0.0239343,9.31233e-06,1.44353e-06,-0.0149137
1.75656e+09,0.00326143,0.507845,-0.029056,0.0238891,8.82268e-06,1.36107e-06,-0.0138484
1.75656e+09,0.00326247,0.507845,-0.0290559,0.0238509,8.37441e-06,1.29396e-06,-0.0117179
1.75656e+09,0.00324659,0.507845,-0.0290559,0.0238371,7.9276e-06,1.21867e-06,-0.00426106
1.75656e+09,0.00338564,0.507845,-0.0290559,0.0238226,7.73437e-06,1.19341e-06,-0.00426106
1.75656e+09,0.00334113,0.507845,-0.0290559,0.023812,7.3413e-06,1.12653e-06,-0.00319579
1.75656e+09,0.00345179,0.507845,-0.0290559,0.0238009,6.96828e-06,1.07038e-06,-0.00319579
1.75656e+09,0.00332541,0.507845,-0.0290559,0.0238045,6.79816e-06,1.04672e-06,0.00106526
1.75656e+09,0.00318904,0.507845,-0.0290559,0.0238113,6.47902e-06,1.00018e-06,0.00213053
1.75656e+09,0.00343338,0.507845,-0.0290559,0.0238405,6.15889e-06,9.51531e-07,0.00852211
1.75656e+09,0.00337572,0.507846,-0.0290559,0.0238693,6.01472e-06,9.30196e-07,0.00852211
1.75656e+09,0.00329919,0.507846,-0.0290559,0.0238974,5.74777e-06,8.89748e-07,0.00852211
1.75656e+09,0.0034983,0.507846,-0.0290559,0.0239496,5.48834e-06,8.49693e-07,0.0149137
1.75656e+09,0.00317818,0.507846,-0.0290559,0.0240173,5.35756e-06,8.15015e-07,0.0213053
1.75656e+09,0.00371898,0.507846,-0.0290559,0.0241005,5.10442e-06,7.91074e-07,0.0223706
1.75656e+09,0.00291765,0.507846,-0.0290559,0.0241658,4.86095e-06,7.55222e-07,0.0223706
1.75656e+09,0.00330729,0.507846,-0.0290559,0.0242397,4.75489e-06,7.41886e-07,0.0223706
1.75656e+09,0.00328686,0.507846,-0.0290559,0.0243133,4.54433e-06,7.03291e-07,0.0223706
1.75656e+09,0.00334023,0.507846,-0.0290559,0.0243417,4.32645e-06,6.65888e-07,0.00852211
1.75656e+09,0.00360033,0.507846,-0.0290559,0.0243571,4.23229e-06,6.50317e-07,0.00426106
1.75656e+09,0.00320807,0.507846,-0.0290559,0.0243571,4.05848e-06,6.29424e-07,0
1.75656e+09,0.00347858,0.507846,-0.0290559,0.024346,3.98175e-06,6.10102e-07,-0.00319579
1.75656e+09,0.00301917,0.507846,-0.0290559,0.0243363,3.83559e-06,5.90453e-07,-0.00319579
1.75656e+09,0.00333021,0.507846,-0.0290559,0.0243221,3.68432e-06,5.68501e-07,-0.00426106
1.75656e+09,0.00334458,0.507846,-0.0290559,0.0243079,3.57008e-06,5.56096e-07,-0.00426106
1.75656e+09,0.00341384,0.507846,-0.0290559,0.0242751,3.49808e-06,5.49915e-07,-0.00958738
1.75656e+09,0.00333931,0.507846,-0.0290559,0.0242396,3.38939e-06,5.34665e-07,-0.0106526
1.75656e+09,0.00334793,0.507846,-0.0290559,0.0242003,3.34245e-06,5.19055e-07,-0.0117179
1.75656e+09,0.00332155,0.507846,-0.0290559,0.0241614,3.2282e-06,5.02967e-07,-0.0117179
1.75656e+09,0.00325235,0.507846,-0.0290559,0.0241233,3.12411e-06,4.77568e-07,-0.0117179
1.75656e+09,0.0032789,0.507846,-0.0290559,0.0240989,3.04376e-06,4.72539e-07,-0.00745685
1.75656e+09,0.00347712,0.507846,-0.0290559,0.0240729,3.00655e-06,4.5558e-07,-0.00745685
1.75656e+09,0.00322384,0.507846,-0.0290559,0.0240661,2.93632e-06,4.45091e-07,-0.00213053
1.75656e+09,0.00343067,0.507846,-0.0290559,0.0240588,2.85706e-06,4.40673e-07,-0.00213053
1.75656e+09,0.00337005,0.507846,-0.0290559,0.0240516,2.82877e-06,4.32089e-07,-0.00213053
1.75656e+09,0.00347275,0.507846,-0.0290559,0.0240516,2.7428e-06,4.22595e-07,0
1.75656e+09,0.0032122,0.507846,-0.0290559,0.0240892,2.67077e-06,4.11128e-07,0.0117179
1.75656e+09,0.00337092,0.507846,-0.0290559,0.0241395,2.64151e-06,4.03726e-07,0.0149137
1.75656e+09,0.00347217,0.507846,-0.0290559,0.0242024,2.56679e-06,3.98094e-07,0.0181095
1.75656e+09,0.00293451,0.507846,-0.0290559,0.0242555,2.48787e-06,3.81085e-07,0.0181095
1.75656e+09,0.00362287,0.507846,-0.0290559,0.0243211,2.48787e-06,3.81085e-07,0.0181095
1.75656e+09,0.00322329,0.507846,-0.0290558,0.0243795,2.48787e-06,3.81085e-07,0.0181095
1.75656e+09,0.0030756,0.507846,-0.0290558,0.0244352,2.48787e-06,3.81085e-07,0.0181095
1.75656e+09,0.0035216,0.507846,-0.0290558,0.024499,2.40385e-06,3.81085e-07,0.0181095
1.75656e+09,0.00320258,0.507846,-0.0290558,0.0245399,2.35391e-06,3.75973e-07,0.0127832
1.75656e+09,0.0034919,0.507846,-0.0290558,0.0245622,2.26513e-06,3.5125e-07,0.00639159
1.75656e+09,0.00347412,0.507846,-0.0290558,0.0245659,2.22302e-06,3.42988e-07,0.00106526
1.75656e+09,0.00319236,0.507846,-0.0290558,0.0245557,2.13618e-06,3.36417e-07,-0.00319579
1.75656e+09,0.00345469,0.507846,-0.0290558,0.0245042,2.09915e-06,3.29208e-07,-0.0149137
1.75656e+09,0.00319761,0.507846,-0.0290558,0.0244565,2.00581e-06,3.19525e-07,-0.0149137
1.75656e+09,0.00333937,0.507846,-0.0290558,0.0243925,1.90516e-06,3.0142e-07,-0.0191748
1.75656e+09,0.00336872,0.507846,-0.0290558,0.0243279,1.82454e-06,2.85607e-07,-0.0191748
1.75656e+09,0.00327476,0.507846,-0.0290558,0.0242651,1.7839e-06,2.75119e-07,-0.0191748
1.75656e+09,0.00331693,0.507846,-0.0290558,0.0242015,1.72516e-06,2.68455e-07,-0.0191748
1.75656e+09,0.00329398,0.507846,-0.0290558,0.0241348,1.6716e-06,2.62069e-07,-0.02024
1.75656e+09,0.00335348,0.507846,-0.0290558,0.0240669,1.64184e-06,2.58947e-07,-0.02024
1.75656e+09,0.003377,0.507846,-0.0290558,0.0239986,1.59099e-06,2.50279e-07,-0.02024
1.75656e+09,0.00331357,0.507846,-0.0290558,0.0239633,1.55868e-06,2.40804e-07,-0.0106526
1.75656e+09,0.00342812,0.507846,-0.0290558,0.0239304,1.53944e-06,2.37093e-07,-0.00958738
1.75656e+09,0.00320229,0.507846,-0.0290558,0.0239134,1.50488e-06,2.27317e-07,-0.00532632
1.75656e+09,0.00333821,0.507846,-0.0290558,0.0239027,1.46064e-06,2.2483e-07,-0.00319579
1.75656e+09,0.00333151,0.507846,-0.0290558,0.0238992,1.43694e-06,2.22152e-07,-0.00106526
1.75656e+09,0.00329772,0.507846,-0.0290558,0.0238956,1.38728e-06,2.17873e-07,-0.00106526
1.75656e+09,0.00343364,0.507846,-0.0290558,0.0239103,1.33386e-06,2.10278e-07,0.00426106
1.75656e+09,0.00340302,0.507846,-0.0290558,0.0239574,1.31764e-06,2.0448e-07,0.0138484
1.75656e+09,0.00312333,0.507846,-0.0290558,0.024014,1.26095e-06,2.01257e-07,0.0181095
1.75656e+09,0.00352784,0.507846,-0.0290558,0.0240778,1.1853e-06,1.88932e-07,0.0181095
1.75656e+09,0.00323818,0.507846,-0.0290558,0.0241365,1.15001e-06,1.83034e-07,0.0181095
1.75656e+09,0.00335752,0.507846,-0.0290558,0.0241973,1.0748e-06,1.69269e-07,0.0181095
1.75656e+09,0.00328008,0.507846,-0.0290558,0.0242427,1.01332e-06,1.61384e-07,0.0138484
1.75656e+09,0.00349677,0.507846,-0.0290558,0.0242911,9.76295e-07,1.58092e-07,0.0138484
1.75656e+09,0.00332159,0.507846,-0.0290558,0.0243371,9.06691e-07,1.45216e-07,0.0138484
1.75656e+09,0.00322309,0.507846,-0.0290558,0.0243783,8.41206e-07,1.34716e-07,0.0127832
1.75656e+09,0.00333666,0.507846,-0.0290558,0.0243997,8.03112e-07,1.33831e-07,0.00639159
1.75656e+09,0.00327994,0.507846,-0.0290558,0.0243822,7.38133e-07,1.20995e-07,-0.00532632
1.75656e+09,0.00342625,0.507846,-0.0290558,0.0243566,7.11296e-07,1.1388e-07,-0.00745685
1.75656e+09,0.00332201,0.507846,-0.0290558,0.0243248,6.5973e-07,1.05928e-07,-0.00958738
1.75656e+09,0.00330069,0.507846,-0.0290558,0.0242932,6.10646e-07,1.02208e-07,-0.00958738
1.75656e+09,0.00333088,0.507846,-0.0290558,0.0242612,5.67932e-07,9.18634e-08,-0.00958738
1.75656e+09,0.00342576,0.507846,-0.0290558,0.024232,5.60966e-07,8.79128e-08,-0.00852211
1.75656e+09,0.00330066,0.507846,-0.0290558,0.0241933,5.50825e-07,8.59318e-08,-0.0117179
1.75656e+09,0.00326261,0.507846,-0.0290558,0.0241551,5.39022e-07,8.5772e-08,-0.0117179
1.75656e+09,0.00343649,0.507846,-0.0290558,0.0241039,5.23163e-07,8.4661e-08,-0.0149137
1.75656e+09,0.00312779,0.507846,-0.0290558,0.0240672,5.04112e-07,8.26878e-08,-0.0117179
1.75656e+09,0.003503,0.507846,-0.0290558,0.0240262,5.04112e-07,7.75104e-08,-0.0117179
1.75656e+09,0.00343628,0.507846,-0.0290558,0.0239749,5.02665e-07,7.64922e-08,-0.0149137
1.75656e+09,0.00318875,0.507846,-0.0290558,0.0239443,5.01851e-07,7.75104e-08,-0.00958738
1.75656e+09,0.00323809,0.507846,-0.0290558,0.0239133,4.96816e-07,7.75104e-08,-0.00958738
1.75656e+09,0.00370367,0.507846,-0.0290558,0.0238936,4.91301e-07,7.67495e-08,-0.00532632
1.75656e+09,0.00361962,0.507846,-0.0290558,0.0238743,4.74338e-07,7.67495e-08,-0.00532632
1.75656e+09,0.00266187,0.507846,-0.0290558,0.0238885,4.55753e-07,7.67495e-08,0.00532632
1.75656e+09,0.00355042,0.507846,-0.0290558,0.0239074,4.55753e-07,7.67495e-08,0.00532632
1.75656e+09,0.00316783,0.507846,-0.0290558,0.023931,4.54706e-07,7.60617e-08,0.00745685
1.75656e+09,0.00328416,0.507846,-0.0290558,0.023959,4.43368e-07,6.95433e-08,0.00852211
1.75656e+09,0.00336903,0.507846,-0.0290558,0.0239877,4.35305e-07,6.91692e-08,0.00852211
1.75656e+09,0.00345121,0.507846,-0.0290558,0.0240171,4.15905e-07,6.91692e-08,0.00852211
1.75656e+09,0.0043245,0.507846,-0.0290558,0.024054,3.75415e-07,6.62205e-08,0.00852211
1.75656e+09,0.00234597,0.507846,-0.0290558,0.024074,3.62096e-07,6.52129e-08,0.00852211
1.75656e+09,0.00321779,0.507846,-0.0290558,0.0241014,3.42376e-07,5.77071e-08,0.00852211
1.75656e+09,0.00337841,0.507846,-0.0290558,0.0241158,3.32085e-07,5.31565e-08,0.00426106
1.75656e+09,0.00332654,0.507846,-0.0290558,0.0241193,3.00252e-07,4.65721e-08,0.00106526
1.75656e+09,0.00333771,0.507846,-0.0290558,0.0241193,2.7079e-07,4.48437e-08,0
1.75656e+09,0.00318748,0.507846,-0.0290558,0.0241091,2.55549e-07,3.97327e-08,-0.00319579
1.75656e+09,0.00364671,0.507846,-0.0290558,0.0240703,2.36278e-07,3.97327e-08,-0.0106526
1.75656e+09,0.00307225,0.507846,-0.0290558,0.0240376,2.33007e-07,3.97327e-08,-0.0106526
1.75656e+09,0.00331203,0.507846,-0.0290558,0.0239811,2.31848e-07,3.30158e-08,-0.0170442
1.75656e+09,0.00347357,0.507846,-0.0290558,0.0239219,2.19826e-07,3.25159e-08,-0.0170442
1.75656e+09,0.00335791,0.507846,-0.0290558,0.0238647,2.10072e-07,3.30158e-08,-0.0170442
1.75656e+09,0.00335286,0.507846,-0.0290558,0.0237897,2.10072e-07,3.30158e-08,-0.0223706
1.75656e+09,0.00325477,0.507846,-0.0290558,0.0237169,2.10072e-07,3.48968e-08,-0.0223706
1.75656e+09,0.00326659,0.507846,-0.0290558,0.0236403,2.18432e-07,3.54586e-08,-0.0234358
1.75656e+09,0.00330494,0.507846,-0.0290558,0.0235769,2.26127e-07,3.7736e-08,-0.0191748
1.75656e+09,0.0033465,0.507846,-0.0290558,0.0235128,2.42343e-07,3.7736e-08,-0.0191748
1.75656e+09,0.00333095,0.507846,-0.0290558,0.0234666,2.42405e-07,3.7736e-08,-0.0138484
1.75656e+09,0.00335189,0.507846,-0.0290558,0.0234595,2.475e-07,3.7736e-08,-0.00213053
1.75656e+09,0.00350546,0.507846,-0.0290558,0.0234632,2.475e-07,3.93209e-08,0.00106526
1.75656e+09,0.00315636,0.507846,-0.0290558,0.02347,2.49212e-07,3.87606e-08,0.00213053
1.75656e+09,0.00330027,0.507846,-0.0290558,0.023477,2.51369e-07,3.9811e-08,0.00213053
1.75656e+09,0.00354759,0.507846,-0.0290558,0.0234997,2.475e-07,3.9811e-08,0.00639159
1.75656e+09,0.00334928,0.507846,-0.0290558,0.0235139,2.4675e-07,4.11673e-08,0.00426106
1.75656e+09,0.0034467,0.507846,-0.0290558,0.023536,2.39994e-07,4.0465e-08,0.00639159
1.75656e+09,0.00330687,0.507846,-0.0290558,0.0235641,2.34662e-07,4.0465e-08,0.00852211
1.75656e+09,0.00323856,0.507846,-0.0290558,0.0236262,2.07185e-07,3.7696e-08,0.0191748
1.75656e+09,0.00328377,0.507846,-0.0290558,0.0236542,2.03925e-07,3.37819e-08,0.00852211
1.75656e+09,0.00334106,0.507846,-0.0290558,0.0236827,1.90842e-07,3.12246e-08,0.00852211
1.75656e+09,0.00316013,0.507846,-0.0290558,0.0237063,1.6422e-07,2.8596e-08,0.00745685
1.75656e+09,0.0033735,0.507846,-0.0290558,0.0237314,1.49063e-07,2.35731e-08,0.00745685
1.75656e+09,0.00340141,0.507846,-0.0290558,0.0237387,1.41664e-07,2.35731e-08,0.00213053
1.75656e+09,0.00328103,0.507846,-0.0290558,0.0237457,1.26283e-07,2.35731e-08,0.00213053
1.75656e+09,0.00329603,0.507846,-0.0290558,0.0237386,1.20534e-07,2.35731e-08,-0.00213053
1.75656e+09,0.00331906,0.507846,-0.0290558,0.023721,1.17093e-07,2.35731e-08,-0.00532632
1.75656e+09,0.00342607,0.507846,-0.0290558,0.0236918,1.08922e-07,1.76103e-08,-0.00852211
1.75656e+09,0.00332764,0.507846,-0.0290558,0.0236599,1.0848e-07,1.76103e-08,-0.00958738
1.75656e+09,0.0034229,0.507846,-0.0290558,0.0236307,1.06421e-07,1.42978e-08,-0.00852211
1.75656e+09,0.00323002,0.507846,-0.0290558,0.0235928,1.00639e-07,1.34286e-08,-0.0117179
1.75656e+09,0.00329599,0.507846,-0.0290558,0.0235647,1.00639e-07,1.42978e-08,-0.00852211
1.75656e+09,0.00334073,0.507846,-0.0290558,0.0235434,9.42613e-08,1.43394e-08,-0.00639159
1.75656e+09,0.00337326,0.507846,-0.0290558,0.0235218,9.42613e-08,1.42978e-08,-0.00639159
1.75656e+09,0.00325257,0.507846,-0.0290558,0.023501,9.42613e-08,1.43394e-08,-0.00639159
1.75656e+09,0.00368612,0.507846,-0.0290558,0.0234775,9.85343e-08,1.94559e-08,-0.00639159
1.75656e+09,0.00304631,0.507846,-0.0290558,0.023458,1.33737e-07,2.20036e-08,-0.00639159
1.75656e+09,0.00346985,0.507846,-0.0290558,0.0234358,1.4136e-07,2.36361e-08,-0.00639159
1.75656e+09,0.00321916,0.507846,-0.0290558,0.0234153,1.42916e-07,2.36376e-08,-0.00639159
1.75656e+09,0.00336788,0.507846,-0.0290558,0.0234009,1.43876e-07,2.37022e-08,-0.00426106
1.75656e+09,0.00323238,0.507846,-0.0290558,0.0233871,1.63678e-07,2.67721e-08,-0.00426106
1.75656e+09,0.00348116,0.507846,-0.0290558,0.0233723,1.70474e-07,2.67721e-08,-0.00426106
1.75656e+09,0.00326823,0.507846,-0.0290558,0.0233793,1.78526e-07,3.09244e-08,0.00213053
1.75656e+09,0.00334651,0.507846,-0.0290558,0.0233864,1.80889e-07,3.34799e-08,0.00213053
1.75656e+09,0.00344537,0.507846,-0.0290558,0.0234231,1.80889e-07,3.34799e-08,0.0106526
1.75656e+09,0.00314694,0.507846,-0.0290558,0.0234566,1.84629e-07,3.43318e-08,0.0106526
1.75656e+09,0.00340782,0.507846,-0.0290558,0.0234857,1.80889e-07,3.43318e-08,0.00852211
1.75656e+09,0.00347746,0.507846,-0.0290558,0.0235005,1.75996e-07,3.10144e-08,0.00426106
1.75656e+09,0.0031986,0.507846,-0.0290558,0.0235277,1.62994e-07,2.87093e-08,0.00852211
1.75656e+09,0.00328338,0.507846,-0.0290558,0.0235417,1.5417e-07,2.73086e-08,0.00426106
1.75656e+09,0.00346543,0.507846,-0.0290558,0.0235565,1.47761e-07,2.37707e-08,0.00426106
1.75656e+09,0.00324104,0.507846,-0.0290558,0.0235599,1.45018e-07,2.13456e-08,0.00106526
1.75656e+09,0.00329406,0.507846,-0.0290558,0.0235424,1.42052e-07,2.13456e-08,-0.00532632
1.75656e+09,0.00339394,0.507846,-0.0290558,0.0235207,1.29719e-07,2.13456e-08,-0.00639159
1.75656e+09,0.00341044,0.507846,-0.0290558,0.0234916,1.28972e-07,2.13456e-08,-0.00852211
1.75656e+09,0.00333369,0.507846,-0.0290558,0.0234561,1.26018e-07,2.14958e-08,-0.0106526
1.75656e+09,0.00328161,0.507846,-0.0290558,0.0234212,1.26018e-07,2.15401e-08,-0.0106526
1.75656e+09,0.00321205,0.507846,-0.0290558,0.0233938,1.26018e-07,2.15401e-08,-0.00852211
1.75656e+09,0.00315348,0.507846,-0.0290558,0.0233669,1.26018e-07,2.0855e-08,-0.00852211
1.75656e+09,0.00358973,0.507846,-0.0290558,0.0233287,1.28048e-07,2.0855e-08,-0.0106526
1.75656e+09,0.00328605,0.507846,-0.0290558,0.0233042,1.28048e-07,1.71897e-08,-0.00745685
1.75656e+09,0.00331916,0.507846,-0.0290558,0.0232794,1.28048e-07,1.71897e-08,-0.00745685
1.75656e+09,0.00339763,0.507846,-0.0290558,0.0232577,1.28048e-07,2.0855e-08,-0.00639159
1.75656e+09,0.00337147,0.507846,-0.0290558,0.0232362,1.28048e-07,2.22549e-08,-0.00639159
1.75656e+09,0.00322527,0.507846,-0.0290558,0.0232224,1.32206e-07,2.22549e-08,-0.00426106
1.75656e+09,0.00342756,0.507846,-0.0290558,0.0232224,1.36482e-07,2.31439e-08,0
1.75656e+09,0.00318186,0.507846,-0.0290558,0.0232428,1.33118e-07,2.29713e-08,0.00639159
1.75656e+09,0.00336323,0.507846,-0.0290558,0.0232858,1.33118e-07,2.29713e-08,0.0127832
1.75656e+09,0.00336315,0.507846,-0.0290558,0.0233323,1.33118e-07,2.21944e-08,0.0138484
1.75656e+09,0.00338215,0.507846,-0.0290558,0.0233792,1.32464e-07,2.13016e-08,0.0138484
1.75656e+09,0.00331075,0.507846,-0.0290558,0.023425,1.31181e-07,1.97078e-08,0.0138484
1.75656e+09,0.00329255,0.507846,-0.0290558,0.0234496,1.12217e-07,1.89477e-08,0.00745685
1.75656e+09,0.0032824,0.507846,-0.0290558,0.023474,9.05141e-08,1.83042e-08,0.00745685
1.75656e+09,0.00325453,0.507846,-0.0290558,0.0234983,7.48031e-08,1.76097e-08,0.00745685
1.75656e+09,0.00360776,0.507846,-0.0290558,0.0235329,7.19571e-08,1.62425e-08,0.00958738
1.75656e+09,0.00334303,0.507846,-0.0290558,0.023565,4.93195e-08,1.15204e-08,0.00958738
1.75656e+09,0.0033003,0.507846,-0.0290558,0.0235966,4.64985e-08,6.12837e-09,0.00958738
1.75656e+09,0.00342852,0.507846,-0.0290558,0.0236149,3.41824e-08,5.63608e-09,0.00532632
1.75656e+09,0.00324274,0.507846,-0.0290558,0.0236079,1.84106e-08,2.63658e-09,-0.00213053
1.75656e+09,0.00312058,0.507846,-0.0290558,0.0235847,1.22215e-08,6.60795e-10,-0.00745685
1.75656e+09,0.00361252,0.507846,-0.0290558,0.0235654,1.19917e-08,6.60795e-10,-0.00532632
1.75656e+09,0.00323652,0.507846,-0.0290558,0.0235206,7.94531e-09,6.60795e-10,-0.0138484
1.75656e+09,0.00316717,0.507846,-0.0290558,0.0234768,7.94531e-09,1.76252e-09,-0.0138484
1.75656e+09,0.0033504,0.507846,-0.0290558,0.0234446,7.94531e-09,3.32898e-09,-0.00958738
1.75656e+09,0.00343815,0.507846,-0.0290558,0.0234117,1.2478e-08,3.32898e-09,-0.00958738
1.75656e+09,0.00328648,0.507846,-0.0290558,0.0233802,2.07661e-08,3.32898e-09,-0.00958738
1.75656e+09,0.00339042,0.507846,-0.0290558,0.0233549,2.71401e-08,3.32898e-09,-0.00745685
1.75656e+09,0.0031983,0.507846,-0.0290558,0.0233447,2.97902e-08,3.32898e-09,-0.00319579
1.75656e+09,0.00354506,0.507846,-0.0290558,0.0233182,3.44978e-08,2.82834e-09,-0.00745685
1.75656e+09,0.00350307,0.507846,-0.0290558,0.0232996,3.49371e-08,3.94803e-09,-0.00532632
1.75656e+09,0.00310694,0.507846,-0.0290558,0.023283,4.00487e-08,3.94803e-09,-0.00532632
1.75656e+09,0.00330056,0.507846,-0.0290558,0.0232865,4.32622e-08,3.94803e-09,0.00106526
1.75656e+09,0.00330371,0.507846,-0.0290558,0.023276,4.43669e-08,5.82631e-09,-0.00319579
1.75656e+09,0.00337447,0.507846,-0.0290558,0.0232832,4.32622e-08,6.84084e-09,0.00213053
1.75656e+09,0.00339198,0.507846,-0.0290558,0.0233012,4.57121e-08,6.84084e-09,0.00532632
1.75656e+09,0.00375206,0.507846,-0.0290558,0.0233212,4.58864e-08,6.84084e-09,0.00532632
1.75656e+09,0.00305521,0.507846,-0.0290558,0.0233375,4.58864e-08,6.84084e-09,0.00532632
1.75656e+09,0.00296202,0.507846,-0.0290558,0.0233627,5.028e-08,6.84084e-09,0.00852211
1.75656e+09,0.00339031,0.507846,-0.0290558,0.023388,5.028e-08,7.83515e-09,0.00745685
1.75656e+09,0.00341732,0.507846,-0.0290558,0.0234062,5.028e-08,8.72404e-09,0.00532632
1.75656e+09,0.00335076,0.507846,-0.0290558,0.0234241,4.98909e-08,8.72404e-09,0.00532632
1.75656e+09,0.00337156,0.507846,-0.0290558,0.023442,4.60455e-08,1.08069e-08,0.00532632
1.75656e+09,0.00340282,0.507846,-0.0290558,0.0234529,4.47384e-08,8.72404e-09,0.00319579
1.75656e+09,0.0031788,0.507846,-0.0290558,0.0234597,3.77861e-08,8.72404e-09,0.00213053
1.75656e+09,0.00340225,0.507846,-0.0290558,0.0234597,3.73805e-08,7.78151e-09,0
1.75656e+09,0.00328562,0.507846,-0.0290558,0.0234562,3.53581e-08,7.78151e-09,-0.00106526
1.75656e+09,0.0032613,0.507846,-0.0290558,0.0234527,3.53581e-08,7.78151e-09,-0.00106526
1.75656e+09,0.00361917,0.507846,-0.0290558,0.0234488,3.56366e-08,1.08868e-08,-0.00106526
1.75656e+09,0.00314983,0.507846,-0.0290558,0.0234287,3.56366e-08,8.21424e-09,-0.00639159
1.75656e+09,0.00333523,0.507846,-0.0290558,0.0233683,4.79956e-08,8.21424e-09,-0.0181095
1.75656e+09,0.00342154,0.507846,-0.0290558,0.0233027,5.38268e-08,8.55961e-09,-0.0191748
1.75656e+09,0.00315352,0.507846,-0.0290558,0.0232355,5.38268e-08,8.55961e-09,-0.0213053
1.75656e+09,0.00336525,0.507846,-0.0290558,0.0231638,5.66577e-08,8.55961e-09,-0.0213053
1.75656e+09,0.00381297,0.507846,-0.0290558,0.0230826,5.92295e-08,8.74496e-09,-0.0213053
1.75656e+09,0.00300693,0.507846,-0.0290558,0.0230313,6.67771e-08,9.78175e-09,-0.0170442
1.75656e+09,0.003336,0.507846,-0.0290558,0.0229958,8.43949e-08,1.14209e-08,-0.0106526
1.75656e+09,0.00336763,0.507846,-0.0290558,0.0229635,9.68279e-08,1.20252e-08,-0.00958738
1.75656e+09,0.00321207,0.507846,-0.0290558,0.0229396,1.00213e-07,1.59169e-08,-0.00745685
1.75656e+09,0.00320091,0.507846,-0.0290558,0.0229532,1.01972e-07,1.59183e-08,0.00426106
1.75656e+09,0.00329524,0.507846,-0.0290558,0.0229778,1.02843e-07,1.71892e-08,0.00745685
1.75656e+09,0.00349836,0.507846,-0.0290558,0.023015,1.02843e-07,1.71892e-08,0.0106526
1.75656e+09,0.00325057,0.507846,-0.0290558,0.0230497,1.02843e-07,1.71892e-08,0.0106526
1.75656e+09,0.00340099,0.507846,-0.0290558,0.0230931,1.01269e-07,2.02627e-08,0.0127832
1.75656e+09,0.00337981,0.507846,-0.0290558,0.0231363,9.76159e-08,1.68845e-08,0.0127832
1.75656e+09,0.00324139,0.507846,-0.0290558,0.0231778,9.64807e-08,1.68845e-08,0.0127832
1.75656e+09,0.00345262,0.507846,-0.0290558,0.0232293,8.29908e-08,1.68845e-08,0.0149137
1.75656e+09,0.00323872,0.507846,-0.0290558,0.0232672,7.64102e-08,1.58652e-08,0.0117179
1.75656e+09,0.0033951,0.507846,-0.0290558,0.023307,7.59378e-08,1.48782e-08,0.0117179
1.75656e+09,0.00331209,0.507846,-0.0290558,0.0233282,6.73968e-08,1.20097e-08,0.00639159
1.75656e+09,0.00333852,0.507846,-0.0290558,0.0233388,5.4977e-08,7.26722e-09,0.00319579
1.75656e+09,0.00315525,0.507846,-0.0290558,0.0233489,4.23992e-08,7.26722e-09,0.00319579
1.75656e+09,0.00349484,0.507846,-0.0290558,0.0233452,3.04686e-08,7.26722e-09,-0.00106526
1.75656e+09,0.00333786,0.507846,-0.0290558,0.0233345,2.23017e-08,6.99973e-09,-0.00319579
1.75656e+09,0.00334844,0.507846,-0.0290558,0.0233024,1.29706e-08,5.03557e-09,-0.00958738
1.75656e+09,0.00341031,0.507846,-0.0290558,0.0232661,1.06134e-08,-3.90887e-10,-0.0106526
1.75656e+09,0.00329857,0.507846,-0.0290558,0.023231,2.25563e-09,-2.01469e-09,-0.0106526
1.75656e+09,0.00331694,0.507846,-0.0290558,0.023185,2.25563e-09,-2.89196e-09,-0.0138484
1.75656e+09,0.00345111,0.507846,-0.0290558,0.0231446,2.25563e-09,-2.89196e-09,-0.0117179
1.75656e+09,0.00322822,0.507846,-0.0290558,0.0231068,1.45182e-08,-2.89196e-09,-0.0117179
1.75656e+09,0.0032361,0.507846,-0.0290558,0.0230619,2.49554e-08,5.05321e-09,-0.0138484
1.75656e+09,0.00335871,0.507846,-0.0290558,0.0230154,3.31295e-08,5.37959e-09,-0.0138484
1.75656e+09,0.00335748,0.507846,-0.0290558,0.0229689,3.84475e-08,5.37959e-09,-0.0138484
1.75656e+09,0.00328403,0.507846,-0.0290558,0.0229235,4.2697e-08,7.31361e-09,-0.0138484
1.75656e+09,0.0033428,0.507846,-0.0290558,0.022895,4.45146e-08,9.67162e-09,-0.00852211
1.75656e+09,0.00348842,0.507846,-0.0290558,0.0228652,6.21871e-08,9.67162e-09,-0.00852211
1.75656e+09,0.00315696,0.507846,-0.0290558,0.0228686,6.66598e-08,1.12949e-08,0.00106526
1.75656e+09,0.00327648,0.507846,-0.0290558,0.0228791,6.96699e-08,1.36026e-08,0.00319579
1.75656e+09,0.00345761,0.507846,-0.0290558,0.0229122,6.84017e-08,1.36026e-08,0.00958738
1.75656e+09,0.00335816,0.507846,-0.0290558,0.0229444,6.84017e-08,1.36026e-08,0.00958738
1.75656e+09,0.00319662,0.507846,-0.0290558,0.0229785,6.66598e-08,1.53047e-08,0.0106526
1.75656e+09,0.00344326,0.507846,-0.0290558,0.0230151,6.16428e-08,1.20184e-08,0.0106526
1.75656e+09,0.00320481,0.507846,-0.0290558,0.0230493,6.12223e-08,1.20184e-08,0.0106526
1.75656e+09,0.00352509,0.507846,-0.0290558,0.0230868,5.86047e-08,1.29382e-08,0.0106526
1.75656e+09,0.00318107,0.507846,-0.0290558,0.0231512,5.67239e-08,1.48542e-08,0.02024
1.75656e+09,0.00337204,0.507846,-0.0290558,0.0232195,5.621e-08,1.29382e-08,0.02024
1.75656e+09,0.00338969,0.507846,-0.0290558,0.0232881,3.9665e-08,1.29382e-08,0.02024
1.75656e+09,0.00372693,0.507846,-0.0290558,0.0233437,3.36456e-08,8.44063e-09,0.0149137
1.75656e+09,0.0027579,0.507846,-0.0290558,0.0233789,2.77416e-08,4.92598e-09,0.0127832
1.75656e+09,0.00351979,0.507846,-0.0290558,0.0233902,2.58668e-08,4.92598e-09,0.00319579
1.75656e+09,0.00329096,0.507846,-0.0290558,0.0233972,2.58668e-08,4.92598e-09,0.00213053
1.75656e+09,0.00321163,0.507846,-0.0290558,0.0234006,2.77416e-08,4.92598e-09,0.00106526
1.75656e+09,0.00340453,0.507846,-0.0290558,0.023368,2.45838e-08,4.92598e-09,-0.00958738
1.75656e+09,0.00361853,0.507846,-0.0290558,0.0233217,2.78074e-08,6.57726e-09,-0.0127832
1.75656e+09,0.00312209,0.507846,-0.0290558,0.0232818,3.006e-08,4.3204e-09,-0.0127832
1.75656e+09,0.0031931,0.507846,-0.0290558,0.023241,3.006e-08,6.57726e-09,-0.0127832
1.75656e+09,0.00355842,0.507846,-0.0290558,0.0231955,3.74589e-08,7.71419e-09,-0.0127832
1.75656e+09,0.00324876,0.507846,-0.0290558,0.023154,4.91405e-08,7.75761e-09,-0.0127832
1.75656e+09,0.00320877,0.507846,-0.0290558,0.0231164,6.94929e-08,1.07315e-08,-0.0117179
1.75656e+09,0.00337537,0.507846,-0.0290558,0.0230768,9.44413e-08,1.16687e-08,-0.0117179
1.75656e+09,0.00341327,0.507846,-0.0290558,0.0230368,1.08039e-07,1.53116e-08,-0.0117179
1.75656e+09,0.00321588,0.507846,-0.0290558,0.0230094,1.21377e-07,1.86936e-08,-0.00852211
1.75656e+09,0.00348896,0.507846,-0.0290558,0.0229908,1.30942e-07,2.27117e-08,-0.00532632
1.75656e+09,0.00324286,0.507846,-0.0290558,0.0229908,1.34272e-07,2.34281e-08,0
1.75656e+09,0.00331266,0.507846,-0.0290558,0.0229979,1.39681e-07,2.36165e-08,0.00213053
1.75656e+09,0.0033456,0.507846,-0.0290558,0.023005,1.47874e-07,2.54428e-08,0.00213053
1.75656e+09,0.00343329,0.507846,-0.0290558,0.023027,1.52878e-07,2.54428e-08,0.00639159
1.75656e+09,0.00334825,0.507846,-0.0290558,0.0230484,1.55573e-07,2.54428e-08,0.00639159
1.75656e+09,0.00337355,0.507846,-0.0290558,0.0230699,1.55573e-07,2.64619e-08,0.00639159
1.75656e+09,0.00334294,0.507846,-0.0290558,0.0230913,1.54476e-07,2.64619e-08,0.00639159
1.75656e+09,0.00318922,0.507846,-0.0290558,0.0230981,1.54476e-07,2.47212e-08,0.00213053
1.75656e+09,0.00338201,0.507846,-0.0290558,0.0231053,1.51235e-07,2.47212e-08,0.00213053
1.75656e+09,0.00319289,0.507846,-0.0290558,0.0231121,1.47502e-07,2.47212e-08,0.00213053
1.75656e+09,0.00319089,0.507846,-0.0290558,0.0231189,1.4014e-07,2.40691e-08,0.00213053
1.75656e+09,0.00347267,0.507846,-0.0290558,0.0231263,1.28815e-07,2.28669e-08,0.00213053
1.75656e+09,0.00316379,0.507846,-0.0290558,0.023133,1.21413e-07,2.07711e-08,0.00213053
1.75656e+09,0.00356683,0.507846,-0.0290558,0.0231292,1.14186e-07,1.86006e-08,-0.00106526
1.75656e+09,0.00340205,0.507846,-0.0290558,0.0231183,1.04741e-07,1.66418e-08,-0.00319579
1.75656e+09,0.00314865,0.507846,-0.0290558,0.0230882,1.02105e-07,1.66418e-08,-0.00958738
1.75656e+09,0.00333036,0.507846,-0.0290558,0.0230562,1.00739e-07,1.51654e-08,-0.00958738
1.75656e+09,0.00339448,0.507846,-0.0290558,0.0230201,8.93806e-08,1.4398e-08,-0.0106526
1.75656e+09,0.00337504,0.507846,-0.0290558,0.0229769,8.93806e-08,1.06099e-08,-0.0127832
1.75656e+09,0.00336357,0.507846,-0.0290558,0.0229303,8.97786e-08,1.06099e-08,-0.0138484
1.75656e+09,0.0033839,0.507846,-0.0290558,0.0228835,8.97786e-08,1.4398e-08,-0.0138484
1.75656e+09,0.0034046,0.507846,-0.0290558,0.0228255,8.97786e-08,1.46374e-08,-0.0170442
1.75656e+09,0.00313793,0.507846,-0.0290558,0.0227853,8.97786e-08,1.46374e-08,-0.0127832
1.75656e+09,0.00348867,0.507846,-0.0290558,0.0227333,8.80156e-08,1.46374e-08,-0.0149137
1.75656e+09,0.00329563,0.507846,-0.0290558,0.0226912,8.80156e-08,1.44529e-08,-0.0127832
1.75656e+09,0.00336482,0.507846,-0.0290558,0.0226482,8.80156e-08,1.44529e-08,-0.0127832
1.75656e+09,0.00343527,0.507846,-0.0290558,0.0226335,8.80156e-08,1.3877e-08,-0.00426106
1.75656e+09,0.00322558,0.507846,-0.0290558,0.0226198,9.16513e-08,1.3877e-08,-0.00426106
1.75656e+09,0.00380665,0.507846,-0.0290558,0.0226198,9.41884e-08,1.35911e-08,0
1.75656e+09,0.00278777,0.507846,-0.0290558,0.0226257,9.16513e-08,1.50091e-08,0.00213053
1.75656e+09,0.00320729,0.507846,-0.0290558,0.022636,8.70527e-08,1.08851e-08,0.00319579
1.75656e+09,0.00325448,0.507846,-0.0290558,0.0226672,8.25027e-08,1.34985e-08,0.00958738
1.75656e+09,0.00342372,0.507846,-0.0290558,0.0227109,7.55078e-08,1.08851e-08,0.0127832
1.75656e+09,0.00340689,0.507846,-0.0290558,0.0227545,7.26372e-08,1.15483e-08,0.0127832
1.75656e+09,0.00352374,0.507846,-0.0290558,0.0227995,4.9785e-08,9.35768e-09,0.0127832
1.75656e+09,0.0032194,0.507846,-0.0290558,0.0228407,4.08806e-08,9.35768e-09,0.0127832
1.75656e+09,0.00323535,0.507846,-0.0290558,0.0228821,3.5396e-08,7.13127e-09,0.0127832
1.75656e+09,0.0035709,0.507846,-0.0290558,0.0229315,2.82939e-08,6.98231e-09,0.0138484
1.75656e+09,0.00321655,0.507846,-0.0290558,0.0229761,1.88208e-08,3.9739e-09,0.0138484
1.75656e+09,0.0032143,0.507846,-0.0290558,0.0230137,1.60962e-08,3.9739e-09,0.0117179
1.75656e+09,0.00342443,0.507846,-0.0290558,0.0230356,8.62068e-09,1.8863e-09,0.00639159
1.75656e+09,0.00330969,0.507846,-0.0290558,0.0230039,1.97535e-09,-4.47719e-10,-0.00958738
1.75656e+09,0.00334926,0.507846,-0.0290558,0.0229682,-1.73346e-09,-2.19209e-09,-0.0106526
1.75656e+09,0.00328859,0.507846,-0.0290558,0.0229297,-8.77364e-09,-1.71625e-09,-0.0117179
1.75656e+09,0.00328483,0.507846,-0.0290558,0.0228842,-1.12978e-08,-2.99411e-09,-0.0138484
1.75656e+09,0.00366145,0.507846,-0.0290558,0.0228335,-1.41508e-08,-2.99411e-09,-0.0138484
1.75656e+09,0.0031973,0.507846,-0.0290558,0.0227892,-1.41508e-08,-5.99578e-09,-0.0138484
1.75656e+09,0.0112779,0.507846,-0.0290558,0.022657,-1.354e-08,-5.99578e-09,-0.0117179
1.75656e+09,0.00194461,0.507846,-0.0290558,0.0226342,-1.354e-08,-5.99578e-09,-0.0117179
1.75656e+09,0.00328715,0.507846,-0.0290558,0.0225957,6.58881e-08,9.75916e-09,-0.0117179
1.75656e+09,0.00321164,0.507846,-0.0290558,0.0225581,7.80925e-08,1.07359e-08,-0.0117179
1.75656e+09,0.00351031,0.507846,-0.0290558,0.0225282,8.88352e-08,1.60187e-08,-0.00852211
1.75656e+09,0.00333099,0.507846,-0.0290558,0.0224998,9.34348e-08,1.60187e-08,-0.00852211
1.75656e+09,0.00337093,0.507846,-0.0290558,0.0224962,9.34348e-08,1.60187e-08,-0.00106526
1.75656e+09,0.00338909,0.507846,-0.0290558,0.0225143,9.47696e-08,1.50213e-08,0.00532632
1.75656e+09,0.00337754,0.507846,-0.0290558,0.0225502,9.47696e-08,1.50213e-08,0.0106526
1.75656e+09,0.00323917,0.507846,-0.0290558,0.0225882,9.47696e-08,1.50213e-08,0.0117179
1.75656e+09,0.00340397,0.507846,-0.0290558,0.0226281,1.06563e-07,1.53679e-08,0.0117179
1.75656e+09,0.0032499,0.507846,-0.0290558,0.0226662,1.06563e-07,1.5961e-08,0.0117179
1.75656e+09,0.00317053,0.507846,-0.0290558,0.0227033,1.06563e-07,1.67304e-08,0.0117179
1.75656e+09,0.00336114,0.507846,-0.0290558,0.0227427,8.48841e-08,1.77979e-08,0.0117179
1.75656e+09,0.00352951,0.507846,-0.0290558,0.0227916,6.22623e-08,1.67304e-08,0.0138484
1.75656e+09,0.00317968,0.507846,-0.0290558,0.0228288,5.3782e-08,1.67304e-08,0.0117179
1.75656e+09,0.00344306,0.507846,-0.0290558,0.0228692,4.17664e-08,7.4274e-09,0.0117179
1.75656e+09,0.0034674,0.507846,-0.0290558,0.0228987,3.58502e-08,5.68069e-09,0.00852211
1.75656e+09,0.00342763,0.507846,-0.0290558,0.0228805,2.28959e-08,2.97147e-09,-0.00532632
1.75656e+09,0.00312911,0.507846,-0.0290558,0.0228638,1.18422e-08,2.95386e-09,-0.00532632
1.75656e+09,0.00341384,0.507846,-0.0290558,0.0228347,1.18422e-08,1.73345e-09,-0.00852211
1.75656e+09,0.0032098,0.507846,-0.0290558,0.0227971,8.08515e-09,6.7551e-13,-0.0117179
1.75656e+09,0.00334264,0.507846,-0.0290558,0.022733,8.07553e-09,6.7551e-13,-0.0191748
1.75656e+09,0.00323414,0.507846,-0.0290558,0.022671,8.08515e-09,6.7551e-13,-0.0191748
1.75656e+09,0.00338008,0.507846,-0.0290558,0.022599,1.21759e-08,6.7551e-13,-0.0213053
1.75656e+09,0.00397883,0.507846,-0.0290558,0.02251,1.21759e-08,2.15947e-09,-0.0223706
1.75656e+09,0.00269623,0.507846,-0.0290558,0.0224497,1.35843e-08,2.18598e-09,-0.0223706
1.75656e+09,0.00331374,0.507846,-0.0290558,0.0223755,2.95475e-08,5.50223e-09,-0.0223706
1.75656e+09,0.00343799,0.507846,-0.0290558,0.0223206,3.27946e-08,5.50223e-09,-0.015979
1.75656e+09,0.00324848,0.507846,-0.0290558,0.0222721,3.99671e-08,2.15947e-09,-0.0149137
1.75656e+09,0.00322974,0.507846,-0.0290558,0.0222412,4.11581e-08,1.35975e-09,-0.00958738
1.75656e+09,0.0034905,0.507846,-0.0290558,0.0222077,5.09617e-08,1.35975e-09,-0.00958738
1.75656e+09,0.00331992,0.507846,-0.0290558,0.02219,6.84162e-08,1.35975e-09,-0.00532632
1.75656e+09,0.00329708,0.507846,-0.0290558,0.0221865,9.28258e-08,1.62202e-08,-0.00106526
1.75656e+09,0.00345711,0.507846,-0.0290558,0.0221828,1.06166e-07,1.93543e-08,-0.00106526
1.75656e+09,0.00322386,0.507846,-0.0290558,0.0222,1.06559e-07,1.93543e-08,0.00532632
1.75656e+09,0.00335388,0.507846,-0.0290558,0.0222357,1.06559e-07,1.93543e-08,0.0106526
1.75656e+09,0.00343633,0.507846,-0.0290558,0.0222723,1.06166e-07,1.70487e-08,0.0106526
1.75656e+09,0.0033189,0.507846,-0.0290558,0.0223218,9.98956e-08,1.65992e-08,0.0149137
1.75656e+09,0.00334292,0.507846,-0.0290558,0.0223717,9.70715e-08,1.59066e-08,0.0149137
1.75656e+09,0.00337016,0.507846,-0.0290558,0.022422,7.88756e-08,1.59066e-08,0.0149137
1.75656e+09,0.00320351,0.507846,-0.0290558,0.0224697,7.67341e-08,1.49233e-08,0.0149137
1.75656e+09,0.00323268,0.507846,-0.0290558,0.0225111,5.74024e-08,1.21074e-08,0.0127832
1.75656e+09,0.00339682,0.507846,-0.0290558,0.0225328,3.98716e-08,1.0083e-08,0.00639159
1.75656e+09,0.00329777,0.507846,-0.0290558,0.0225503,3.2809e-08,3.45866e-09,0.00532632
1.75656e+09,0.00343932,0.507846,-0.0290558,0.022565,2.46353e-08,3.45866e-09,0.00426106
1.75656e+09,0.00330737,0.507846,-0.0290558,0.0225615,1.29489e-08,-3.10703e-11,-0.00106526
1.75656e+09,0.00329479,0.507846,-0.0290558,0.0225544,1.25016e-08,8.53564e-10,-0.00213053
1.75656e+09,0.00329077,0.507846,-0.0290558,0.0225369,1.25016e-08,8.53564e-10,-0.00532632
1.75656e+09,0.00346101,0.507846,-0.0290558,0.0225,1.25016e-08,1.36347e-09,-0.0106526
1.75656e+09,0.00307514,0.507846,-0.0290558,0.0224509,1.96336e-08,1.36347e-09,-0.015979
1.75656e+09,0.00349309,0.507846,-0.0290558,0.0223876,3.80215e-08,3.70169e-09,-0.0181095
1.75656e+09,0.00343471,0.507846,-0.0290558,0.0223328,4.86269e-08,7.00576e-09,-0.015979
1.75656e+09,0.00319319,0.507846,-0.0290558,0.0222817,4.89482e-08,8.89162e-09,-0.015979
1.75656e+09,0.00362468,0.507846,-0.0290558,0.0222238,5.26552e-08,1.02967e-08,-0.015979
1.75656e+09,0.00307818,0.507846,-0.0290558,0.0221746,6.24507e-08,1.34334e-08,-0.015979
1.75656e+09,0.00321202,0.507846,-0.0290558,0.0221302,7.9228e-08,1.34334e-08,-0.0138484
1.75656e+09,0.00344548,0.507846,-0.0290558,0.0221008,9.54242e-08,1.35201e-08,-0.00852211
1.75656e+09,0.00404776,0.507846,-0.0290558,0.0220663,1.06171e-07,1.8959e-08,-0.00852211
1.75656e+09,0.00266217,0.507846,-0.0290558,0.0220436,1.1056e-07,2.12746e-08,-0.00852211
1.75656e+09,0.00322107,0.507846,-0.0290558,0.0220367,1.11686e-07,1.8959e-08,-0.00213053
1.75656e+09,0.00350931,0.507846,-0.0290558,0.0220293,1.11686e-07,1.8959e-08,-0.00213053
1.75656e+09,0.00321399,0.507846,-0.0290558,0.0220361,1.1056e-07,1.8849e-08,0.00213053
1.75656e+09,0.00330835,0.507846,-0.0290558,0.0220537,1.07441e-07,1.59175e-08,0.00532632
1.75656e+09,0.00328929,0.507846,-0.0290558,0.0220678,1.06521e-07,1.57431e-08,0.00426106
1.75656e+09,0.00340524,0.507846,-0.0290558,0.0221077,1.04764e-07,1.57431e-08,0.0117179
1.75656e+09,0.00356255,0.507846,-0.0290558,0.0221494,9.44038e-08,1.57431e-08,0.0117179
1.75656e+09,0.00317032,0.507846,-0.0290558,0.0221764,8.81213e-08,1.57431e-08,0.00852211
1.75656e+09,0.00328206,0.507846,-0.0290558,0.0221904,8.00519e-08,1.50875e-08,0.00426106
1.75656e+09,0.00339933,0.507846,-0.0290558,0.0222194,6.68698e-08,1.42608e-08,0.00852211
1.75656e+09,0.00317397,0.507846,-0.0290558,0.022216,3.67494e-08,3.51319e-09,-0.00106526
1.75656e+09,0.00327027,0.507846,-0.0290558,0.0222125,3.56301e-08,3.51319e-09,-0.00106526
1.75656e+09,0.00344741,0.507846,-0.0290558,0.0221978,2.60641e-08,2.97958e-09,-0.00426106
1.75656e+09,0.00335178,0.507846,-0.0290558,0.0221835,1.84304e-08,3.51319e-09,-0.00426106
1.75656e+09,0.00328354,0.507846,-0.0290558,0.0221591,1.83858e-08,3.54115e-09,-0.00745685
1.75656e+09,0.00335454,0.507846,-0.0290558,0.0221305,1.82156e-08,4.19895e-09,-0.00852211
1.75656e+09,0.003337,0.507846,-0.0290558,0.0220878,1.82156e-08,4.19895e-09,-0.0127832
1.75656e+09,0.0032311,0.507846,-0.0290558,0.0220327,1.82156e-08,4.19895e-09,-0.0170442
1.75656e+09,0.00348291,0.507846,-0.0290558,0.0219697,3.19672e-08,3.54115e-09,-0.0181095
1.75656e+09,0.0035619,0.507846,-0.0290558,0.0219052,3.71749e-08,4.19895e-09,-0.0181095
1.75656e+09,0.0033382,0.507846,-0.0290558,0.0218447,3.99211e-08,6.32689e-09,-0.0181095
1.75656e+09,0.00306501,0.507846,-0.0290558,0.0217892,5.48361e-08,6.32689e-09,-0.0181095
1.75656e+09,0.00354981,0.507846,-0.0290558,0.0217287,6.36193e-08,6.32689e-09,-0.0170442
1.75656e+09,0.00328622,0.507846,-0.0290558,0.0216972,6.53727e-08,7.38482e-09,-0.00958738
1.75656e+09,0.00319084,0.507846,-0.0290558,0.0216836,7.49553e-08,1.0248e-08,-0.00426106
1.75656e+09,0.00436368,0.507846,-0.0290558,0.021665,7.92577e-08,1.0248e-08,-0.00426106
1.75656e+09,0.00233131,0.507846,-0.0290558,0.021665,8.91167e-08,1.38843e-08,0
1.75656e+09,0.00320862,0.507846,-0.0290558,0.0216684,8.94776e-08,1.46068e-08,0.00106526
1.75656e+09,0.00353811,0.507846,-0.0290558,0.021691,9.60519e-08,1.46068e-08,0.00639159
1.75656e+09,0.00335838,0.507846,-0.0290558,0.0217268,9.61808e-08,1.38843e-08,0.0106526
1.75656e+09,0.00307489,0.507846,-0.0290558,0.0217792,9.60519e-08,1.46068e-08,0.0170442
1.75656e+09,0.0034345,0.507846,-0.0290558,0.0218378,9.60519e-08,1.49438e-08,0.0170442
1.75656e+09,0.00328856,0.507846,-0.0290558,0.0219043,9.2339e-08,1.46812e-08,0.02024
1.75656e+09,0.00344104,0.507846,-0.0290558,0.021974,7.26815e-08,1.46812e-08,0.02024
1.75656e+09,0.00332003,0.507846,-0.0290558,0.0220412,6.43507e-08,1.46812e-08,0.02024
1.75656e+09,0.00336914,0.507846,-0.0290558,0.0220878,5.12269e-08,9.80621e-09,0.0138484
1.75656e+09,0.00320454,0.507846,-0.0290558,0.0221322,4.47369e-08,8.56795e-09,0.0138484
1.75656e+09,0.00340985,0.507846,-0.0290558,0.0221722,2.65557e-08,6.57859e-09,0.0117179
1.75656e+09,0.00611761,0.507846,-0.0290558,0.0221917,2.55888e-08,5.44455e-09,0.00319579
1.75656e+09,0.000780339,0.507846,-0.0290558,0.0221934,1.10123e-08,2.43111e-09,0.00213053
1.75656e+09,0.0031516,0.507846,-0.0290558,0.0221665,3.81187e-10,6.06468e-11,-0.00852211
1.75656e+09,0.00316973,0.507846,-0.0290558,0.0221395,-9.0321e-10,-2.24713e-10,-0.00852211
1.75656e+09,0.00344429,0.507846,-0.0290558,0.0220991,-7.32956e-09,-7.82097e-10,-0.0117179
1.75656e+09,0.00330663,0.507846,-0.0290558,0.0220463,-8.18445e-09,-7.82097e-10,-0.015979
1.75656e+09,0.00340176,0.507846,-0.0290558,0.0219919,-8.18445e-09,-7.82097e-10,-0.015979
1.75656e+09,0.00315543,0.507846,-0.0290558,0.0219281,-7.32956e-09,-7.82097e-10,-0.02024
1.75656e+09,0.00352611,0.507846,-0.0290558,0.0218567,-4.75798e-09,-5.22726e-10,-0.02024
1.75656e+09,0.00333913,0.507846,-0.0290558,0.0217891,3.0519e-09,1.89317e-09,-0.02024
1.75656e+09,0.00326981,0.507846,-0.0290558,0.0217229,3.24109e-09,2.68187e-09,-0.02024
1.75656e+09,0.00345195,0.507846,-0.0290558,0.0216531,6.8407e-09,3.26892e-09,-0.02024
1.75656e+09,0.00312324,0.507846,-0.0290558,0.0216065,1.661e-08,3.26892e-09,-0.0149137
1.75656e+09,0.00332275,0.507846,-0.0290558,0.021564,1.94182e-08,3.26892e-09,-0.0127832
1.75656e+09,0.00345798,0.507846,-0.0290558,0.0215272,2.35721e-08,3.26892e-09,-0.0106526
1.75656e+09,0.00331875,0.507846,-0.0290558,0.0214918,2.60612e-08,3.68323e-09,-0.0106526
1.75656e+09,0.00330634,0.507846,-0.0290558,0.0214637,3.3662e-08,3.68323e-09,-0.00852211
1.75656e+09,0.00336566,0.507846,-0.0290558,0.0214887,3.3662e-08,8.71391e-09,0.00745685
1.75656e+09,0.00314137,0.507846,-0.0290558,0.0215122,3.3662e-08,8.71391e-09,0.00745685
1.75656e+09,0.00346455,0.507846,-0.0290558,0.021538,2.12745e-08,8.71391e-09,0.00745685
1.75656e+09,0.00347361,0.507846,-0.0290558,0.0215639,2.0202e-08,8.71391e-09,0.00745685
1.75656e+09,0.00340141,0.507846,-0.0290558,0.0216001,1.73651e-08,4.70445e-10,0.0106526
1.75656e+09,0.00325423,0.507846,-0.0290558,0.0216348,1.72959e-08,4.70445e-10,0.0106526
1.75656e+09,0.00366243,0.507846,-0.0290558,0.0216777,1.43495e-08,2.17025e-09,0.0117179
1.75656e+09,0.00281938,0.507846,-0.0290558,0.0217108,1.08552e-08,2.17025e-09,0.0117179
1.75656e+09,0.0033276,0.507846,-0.0290558,0.021732,-9.58845e-09,1.01525e-09,0.00639159
1.75656e+09,0.00465713,0.507846,-0.0290558,0.0217618,-1.61218e-08,1.01525e-09,0.00639159
1.75656e+09,0.00204894,0.507846,-0.0290558,0.0217683,-1.72946e-08,-3.04137e-09,0.00319579
1.75656e+09,0.00317408,0.507846,-0.0290558,0.0217751,-1.92821e-08,-4.05815e-09,0.00213053
1.75656e+09,0.00336027,0.507846,-0.0290558,0.0217751,-1.92821e-08,-4.05815e-09,0
1.75656e+09,0.00340918,0.507846,-0.0290558,0.0217678,-1.97898e-08,-3.66019e-09,-0.00213053
1.75656e+09,0.00338785,0.507846,-0.0290558,0.0217498,-2.69716e-08,-3.66019e-09,-0.00532632
1.75656e+09,0.00350526,0.507846,-0.0290558,0.0217125,-2.69716e-08,-3.66019e-09,-0.0106526
1.75656e+09,0.00305373,0.507846,-0.0290558,0.0216799,-2.05848e-08,-3.66019e-09,-0.0106526
1.75656e+09,0.00343267,0.507846,-0.0290558,0.0216434,-2.05848e-08,-3.66019e-09,-0.0106526
1.75656e+09,0.00320834,0.507846,-0.0290558,0.0216058,-1.45487e-08,-3.63569e-09,-0.0117179
1.75656e+09,0.00352124,0.507846,-0.0290558,0.0215608,-1.89652e-09,-3.63569e-09,-0.0127832
1.75656e+09,0.00324632,0.507846,-0.0290558,0.0215296,2.83465e-09,-3.07972e-09,-0.00958738
1.75656e+09,0.00346548,0.507846,-0.0290558,0.0214964,1.02682e-08,7.95136e-10,-0.00958738
1.75656e+09,0.00327879,0.507846,-0.0290558,0.0214685,1.11592e-08,2.90047e-09,-0.00852211
1.75656e+09,0.00341017,0.507846,-0.0290558,0.0214394,3.42713e-08,3.49002e-09,-0.00852211
1.75656e+09,0.0033797,0.507846,-0.0290558,0.0214106,3.42923e-08,3.49002e-09,-0.00852211
1.75656e+09,0.00318458,0.507846,-0.0290558,0.0213902,3.42923e-08,3.49002e-09,-0.00639159
1.75656e+09,0.00332791,0.507846,-0.0290558,0.0213761,3.42923e-08,6.99012e-09,-0.00426106
1.75656e+09,0.00336846,0.507846,-0.0290558,0.0213832,3.54351e-08,9.41421e-09,0.00213053
1.75656e+09,0.00328352,0.507846,-0.0290558,0.0214252,3.42923e-08,9.41421e-09,0.0127832
1.75656e+09,0.00327182,0.507846,-0.0290558,0.0214775,3.07757e-08,9.41421e-09,0.015979
1.75656e+09,0.00340876,0.507846,-0.0290558,0.0215392,3.07757e-08,3.60649e-09,0.0181095
1.75656e+09,0.00321325,0.507846,-0.0290558,0.0215974,3.00586e-08,3.60649e-09,0.0181095
1.75656e+09,0.00353104,0.507846,-0.0290558,0.0216426,1.36187e-08,3.45537e-09,0.0127832
1.75656e+09,0.00338747,0.507846,-0.0290558,0.0216967,8.13045e-09,3.45537e-09,0.015979
1.75656e+09,0.00308763,0.507846,-0.0290558,0.0217329,1.51318e-09,3.45537e-09,0.0117179
1.75656e+09,0.00347226,0.507846,-0.0290558,0.0217736,-4.80566e-09,2.60186e-09,0.0117179
1.75656e+09,0.00342344,0.507846,-0.0290558,0.02181,-1.3976e-08,6.66678e-10,0.0106526
1.75656e+09,0.00343108,0.507846,-0.0290558,0.0218429,-1.41119e-08,6.66678e-10,0.00958738
1.75656e+09,0.00320676,0.507846,-0.0290558,0.0218566,-2.63201e-08,-1.23772e-09,0.00426106
1.75656e+09,0.00333018,0.507846,-0.0290558,0.0218495,-3.04282e-08,-3.19884e-09,-0.00213053
1.75656e+09,0.00328176,0.507846,-0.0290558,0.0218425,-4.15382e-08,-8.309e-09,-0.00213053
1.75656e+09,0.00327319,0.507846,-0.0290558,0.0218181,-4.32073e-08,-8.309e-09,-0.00745685
1.75656e+09,0.00335508,0.507846,-0.0290558,0.0217859,-4.32073e-08,-8.309e-09,-0.00958738
1.75656e+09,0.00333572,0.507846,-0.0290558,0.0217468,-4.26723e-08,-8.309e-09,-0.0117179
1.75656e+09,0.00337949,0.507846,-0.0290558,0.021682,-4.26723e-08,-8.309e-09,-0.0191748
1.75656e+09,0.0033825,0.507846,-0.0290558,0.02161,-3.89018e-08,-5.73343e-09,-0.0213053
1.75656e+09,0.00319131,0.507846,-0.0290558,0.021542,-3.09593e-08,-7.16772e-09,-0.0213053
1.75656e+09,0.00332189,0.507846,-0.0290558,0.0214712,-2.44649e-08,-7.16772e-09,-0.0213053
1.75656e+09,0.00335889,0.507846,-0.0290558,0.0213996,-2.33283e-08,-4.38234e-09,-0.0213053
1.75656e+09,0.00336545,0.507846,-0.0290558,0.0213351,-2.29422e-08,-9.36459e-10,-0.0191748
1.75656e+09,0.00332589,0.507846,-0.0290558,0.0212961,-3.9582e-09,2.85852e-09,-0.0117179
1.75656e+09,0.00338509,0.507846,-0.0290558,0.0212781,1.90952e-08,3.55751e-09,-0.00532632
1.75656e+09,0.00345776,0.507846,-0.0290558,0.0212671,2.84046e-08,5.83939e-09,-0.00319579
1.75656e+09,0.00350521,0.507846,-0.0290558,0.0212708,4.30017e-08,6.35395e-09,0.00106526
1.75656e+09,0.00434542,0.507846,-0.0290558,0.0212986,4.36271e-08,6.93567e-09,0.00639159
1.75656e+09,0.00205065,0.507846,-0.0290558,0.0213117,4.47158e-08,7.82451e-09,0.00639159
1.75656e+09,0.00347116,0.507846,-0.0290558,0.0213449,5.27128e-08,8.00851e-09,0.00958738
1.75656e+09,0.00317888,0.507846,-0.0290558,0.0213788,5.46484e-08,8.00851e-09,0.0106526
1.75656e+09,0.00342756,0.507846,-0.0290558,0.021419,5.46484e-08,8.00851e-09,0.0117179
1.75656e+09,0.00321268,0.507846,-0.0290558,0.0214566,5.27128e-08,8.62928e-09,0.0117179
1.75656e+09,0.00336565,0.507846,-0.0290558,0.0214996,3.88482e-08,1.00511e-08,0.0127832
1.75656e+09,0.00325855,0.507846,-0.0290558,0.0215552,3.56681e-08,1.00511e-08,0.0170442
1.75656e+09,0.00334091,0.507846,-0.0290558,0.0215979,3.05184e-08,1.00511e-08,0.0127832
1.75656e+09,0.00355012,0.507846,-0.0290558,0.0216395,2.34168e-08,1.00511e-08,0.0117179
1.75656e+09,0.00332815,0.507846,-0.0290558,0.0216714,1.12957e-08,2.69875e-09,0.00958738
1.75656e+09,0.00305135,0.507846,-0.0290558,0.0216779,2.80264e-09,9.37205e-10,0.00213053
1.75656e+09,0.00356964,0.507846,-0.0290558,0.0216741,-6.10395e-09,5.87056e-10,-0.00106526
1.75656e+09,0.00317781,0.507846,-0.0290558,0.0216707,-6.10395e-09,-1.23528e-09,-0.00106526
1.75656e+09,0.0033956,0.507846,-0.0290558,0.0216599,-6.10395e-09,5.87056e-10,-0.00319579
1.75656e+09,0.00333353,0.507846,-0.0290558,0.021635,-5.05866e-09,-1.23528e-09,-0.00745685
1.75656e+09,0.00330274,0.507846,-0.0290558,0.0215928,7.74064e-09,5.87056e-10,-0.0127832
1.75656e+09,0.00323108,0.507846,-0.0290558,0.0215412,8.10898e-09,-1.91899e-09,-0.015979
1.75656e+09,0.00359084,0.507846,-0.0290558,0.0214761,1.14111e-08,3.68671e-09,-0.0181095
1.75656e+09,0.00325093,0.507846,-0.0290558,0.0214173,1.26622e-08,3.68671e-09,-0.0181095
1.75656e+09,0.00333453,0.507846,-0.0290558,0.0213569,1.26622e-08,3.86571e-09,-0.0181095
1.75656e+09,0.00337339,0.507846,-0.0290558,0.0212958,1.26622e-08,3.71759e-09,-0.0181095
1.75656e+09,0.00304382,0.507846,-0.0290558,0.0212407,1.36912e-08,3.71759e-09,-0.0181095
1.75656e+09,0.00350665,0.507846,-0.0290558,0.0211809,1.31115e-08,3.71759e-09,-0.0170442
1.75656e+09,0.00328433,0.507846,-0.0290558,0.0211564,1.7359e-08,-1.59736e-09,-0.00745685
1.75656e+09,0.00364453,0.507846,-0.0290558,0.0211409,2.11629e-08,-1.59736e-09,-0.00426106
1.75656e+09,0.00308716,0.507846,-0.0290558,0.0211277,3.07921e-08,-1.59736e-09,-0.00426106
1.75656e+09,0.00339447,0.507846,-0.0290558,0.0211132,3.07921e-08,6.92685e-09,-0.00426106
1.75656e+09,0.00326248,0.507846,-0.0290558,0.0211063,3.07921e-08,6.92685e-09,-0.00213053
1.75656e+09,0.00332625,0.507846,-0.0290558,0.021124,3.24997e-08,6.92685e-09,0.00532632
1.75656e+09,0.00341236,0.507846,-0.0290558,0.021164,2.97758e-08,6.6101e-09,0.0117179
1.75656e+09,0.00323878,0.507846,-0.0290558,0.021202,2.93632e-08,5.68105e-09,0.0117179
1.75656e+09,0.00334051,0.507846,-0.0290558,0.0212411,2.65007e-08,5.68105e-09,0.0117179
1.75656e+09,0.00335327,0.507846,-0.0290558,0.0212804,2.5253e-08,5.68105e-09,0.0117179
1.75656e+09,0.00335511,0.507846,-0.0290558,0.0213197,1.87216e-08,4.80563e-09,0.0117179
1.75656e+09,0.00315903,0.507846,-0.0290558,0.0213769,1.1046e-08,5.2894e-09,0.0181095
1.75656e+09,0.00363768,0.507846,-0.0290558,0.0214195,8.73458e-09,5.2894e-09,0.0117179
1.75656e+09,0.00309372,0.507846,-0.0290558,0.0214558,2.621e-09,1.59794e-09,0.0117179
1.75656e+09,0.00341205,0.507846,-0.0290558,0.0214849,-2.62757e-09,-5.5439e-09,0.00852211
1.75656e+09,0.00336379,0.507846,-0.0290558,0.0215135,-5.75702e-09,-5.5439e-09,0.00852211
1.75656e+09,0.00335149,0.507846,-0.0290558,0.0215171,-5.75702e-09,-5.5439e-09,0.00106526
1.75656e+09,0.00345765,0.507846,-0.0290558,0.021495,-2.62757e-09,2.25476e-09,-0.00639159
1.75656e+09,0.00333529,0.507846,-0.0290558,0.021463,-1.37837e-09,2.25476e-09,-0.00958738
1.75656e+09,0.00324996,0.507846,-0.0290558,0.0214319,1.72689e-09,2.25476e-09,-0.00958738
1.75656e+09,0.00337206,0.507846,-0.0290558,0.0213995,1.14634e-08,2.25476e-09,-0.00958738
1.75656e+09,0.00319155,0.507846,-0.0290558,0.0213689,1.31811e-08,1.06057e-09,-0.00958738
1.75656e+09,0.00341188,0.507846,-0.0290558,0.0213108,1.6671e-08,1.06057e-09,-0.0170442
1.75656e+09,0.00309152,0.507846,-0.0290558,0.0212581,2.52466e-08,1.78933e-09,-0.0170442
1.75656e+09,0.00349564,0.507846,-0.0290558,0.0211985,2.56291e-08,4.32807e-09,-0.0170442
1.75656e+09,0.00332484,0.507846,-0.0290558,0.0211489,2.56291e-08,4.32807e-09,-0.0149137
1.75656e+09,0.00338912,0.507846,-0.0290558,0.0211056,5.1323e-08,4.32807e-09,-0.0127832
1.75656e+09,0.00368843,0.507846,-0.0290558,0.0210624,5.15902e-08,5.33798e-09,-0.0117179
1.75656e+09,0.00293713,0.507846,-0.0290558,0.021028,5.18166e-08,7.91484e-09,-0.0117179
1.75656e+09,0.00327882,0.507846,-0.0290558,0.0209895,6.35843e-08,1.05298e-08,-0.0117179
1.75656e+09,0.00342219,0.507846,-0.0290558,0.0209823,7.0862e-08,1.19376e-08,-0.00213053
1.75656e+09,0.00307622,0.507846,-0.0290558,0.0209757,7.5771e-08,1.19376e-08,-0.00213053
1.75656e+09,0.00356329,0.507846,-0.0290558,0.0209681,7.65187e-08,1.16872e-08,-0.00213053
1.75656e+09,0.00340671,0.507846,-0.0290558,0.0210008,8.04409e-08,1.19376e-08,0.00958738
1.75656e+09,0.00327625,0.507846,-0.0290558,0.0210322,8.04409e-08,1.2369e-08,0.00958738
1.75656e+09,0.00319998,0.507846,-0.0290558,0.0210458,8.04409e-08,1.2369e-08,0.00426106
1.75656e+09,0.00338562,0.507846,-0.0290558,0.0210602,8.05532e-08,1.24808e-08,0.00426106
1.75656e+09,0.00329926,0.507846,-0.0290558,0.0210778,8.04409e-08,1.24808e-08,0.00532632
1.75656e+09,0.00340924,0.507846,-0.0290558,0.021096,7.62386e-08,1.6421e-08,0.00532632
1.75656e+09,0.00340042,0.507846,-0.0290558,0.0211141,6.98942e-08,1.6421e-08,0.00532632
1.75656e+09,0.00336822,0.507846,-0.0290558,0.0211356,6.71818e-08,1.65188e-08,0.00639159
1.75656e+09,0.00334997,0.507846,-0.0290558,0.021157,6.71818e-08,1.59016e-08,0.00639159
1.75656e+09,0.00332723,0.507846,-0.0290558,0.0211712,6.52548e-08,1.59016e-08,0.00426106
1.75656e+09,0.00321517,0.507846,-0.0290558,0.0211781,6.20179e-08,5.68505e-09,0.00213053
1.75656e+09,0.00339314,0.507846,-0.0290558,0.0211925,5.85289e-08,6.77036e-09,0.00426106
1.75656e+09,0.00321984,0.507846,-0.0290558,0.0211754,4.51371e-08,6.77036e-09,-0.00532632
1.75656e+09,0.00351152,0.507846,-0.0290558,0.0211492,3.98969e-08,5.94099e-09,-0.00745685
1.75656e+09,0.00359328,0.507846,-0.0290558,0.0211071,3.05869e-08,5.94099e-09,-0.0117179
1.75656e+09,0.00306668,0.507846,-0.0290558,0.0210711,2.78496e-08,6.77036e-09,-0.0117179
1.75656e+09,0.00329004,0.507846,-0.0290558,0.0210221,2.65959e-08,5.94099e-09,-0.0149137
1.75656e+09,0.00366317,0.507846,-0.0290558,0.0209635,2.64234e-08,3.50294e-09,-0.015979
1.75656e+09,0.0029892,0.507846,-0.0290558,0.0209158,2.55779e-08,3.50294e-09,-0.015979
1.75656e+09,0.00314107,0.507846,-0.0290558,0.0208656,1.59316e-08,3.50294e-09,-0.015979
1.75656e+09,0.00341531,0.507846,-0.0290558,0.020811,1.59316e-08,1.30263e-10,-0.015979
1.75656e+09,0.00326303,0.507846,-0.0290558,0.0207589,1.64587e-08,1.30263e-10,-0.015979
1.75656e+09,0.00328669,0.507846,-0.0290558,0.0207134,1.64587e-08,3.74625e-09,-0.0138484
1.75656e+09,0.00351372,0.507846,-0.0290558,0.0206722,2.97971e-08,4.0695e-09,-0.0117179
1.75656e+09,0.00356839,0.507846,-0.0290558,0.0206342,3.76339e-08,6.80679e-09,-0.0106526
1.75656e+09,0.00316085,0.507846,-0.0290558,0.0206173,4.92737e-08,9.08637e-09,-0.00532632
1.75656e+09,0.00320218,0.507846,-0.0290558,0.0206276,6.29501e-08,1.05643e-08,0.00319579
1.75656e+09,0.00328276,0.507846,-0.0290558,0.020659,6.29501e-08,9.08637e-09,0.00958738
1.75656e+09,0.0034436,0.507846,-0.0290558,0.0206957,6.29501e-08,9.08637e-09,0.0106526
1.75656e+09,0.00336377,0.507846,-0.0290558,0.0207316,5.92053e-08,9.08637e-09,0.0106526
1.75656e+09,0.00345322,0.507846,-0.0290558,0.0207683,4.68958e-08,7.86641e-09,0.0106526
1.75656e+09,0.00321313,0.507846,-0.0290558,0.0208026,4.40164e-08,7.28358e-09,0.0106526
1.75656e+09,0.00323603,0.507846,-0.0290558,0.020837,3.13215e-08,7.86641e-09,0.0106526
1.75656e+09,0.00344556,0.507846,-0.0290558,0.0208737,2.57053e-08,7.86641e-09,0.0106526
1.75656e+09,0.00335938,0.507846,-0.0290558,0.0209095,1.99486e-08,7.28358e-09,0.0106526
1.75656e+09,0.00334506,0.507846,-0.0290558,0.0209416,1.76682e-09,3.89503e-09,0.00958738
1.75656e+09,0.00344079,0.507846,-0.0290558,0.0209746,-2.35213e-08,2.49925e-09,0.00958738
1.75656e+09,0.00318666,0.507846,-0.0290558,0.0210017,-2.93245e-08,-2.50925e-10,0.00852211
1.75656e+09,0.00331928,0.507846,-0.0290558,0.0210265,-2.95743e-08,-3.42783e-09,0.00745685
1.75656e+09,0.00325269,0.507846,-0.0290558,0.0210369,-2.95743e-08,-3.46055e-09,0.00319579
1.75656e+09,0.00320913,0.507846,-0.0290558,0.0210266,-2.93245e-08,-3.46055e-09,-0.00319579
1.75656e+09,0.00357565,0.507846,-0.0290558,0.0210152,-2.95743e-08,-3.49331e-09,-0.00319579
1.75656e+09,0.00327212,0.507846,-0.0290558,0.0209734,-3.18268e-08,-3.49331e-09,-0.0127832
1.75656e+09,0.00333307,0.507846,-0.0290558,0.0209201,-3.18268e-08,-6.95657e-09,-0.015979
1.75656e+09,0.00322369,0.507846,-0.0290558,0.0208686,-3.55842e-08,-6.95657e-09,-0.015979
1.75656e+09,0.00343098,0.507846,-0.0290558,0.0208138,-3.55842e-08,-7.84351e-09,-0.015979
1.75656e+09,0.00327862,0.507846,-0.0290558,0.0207614,-3.55842e-08,-6.19539e-09,-0.015979
1.75656e+09,0.0036933,0.507846,-0.0290558,0.0206945,-3.4479e-08,-8.95823e-09,-0.0181095
1.75656e+09,0.00317319,0.507846,-0.0290558,0.0206573,-3.2588e-08,-6.19539e-09,-0.0117179
1.75656e+09,0.00322821,0.507846,-0.0290558,0.0206195,-2.25278e-08,-6.19539e-09,-0.0117179
1.75656e+09,0.00336545,0.507846,-0.0290558,0.0205801,-1.51141e-08,-5.26718e-09,-0.0117179
1.75656e+09,0.00337049,0.507846,-0.0290558,0.0205406,-2.09082e-09,5.16992e-10,-0.0117179
1.75656e+09,0.00338416,0.507846,-0.0290558,0.0205117,-1.60432e-09,9.15795e-10,-0.00852211
1.75656e+09,0.00352205,0.507846,-0.0290558,0.0204817,1.80244e-08,2.47069e-09,-0.00852211
1.75656e+09,0.0031791,0.507846,-0.0290558,0.0204682,3.30468e-08,5.17294e-09,-0.00426106
1.75656e+09,0.00324687,0.507846,-0.0290558,0.0204855,4.32797e-08,7.31266e-09,0.00532632
1.75656e+09,0.0031598,0.507846,-0.0290558,0.0205057,5.25348e-08,8.09264e-09,0.00639159
1.75656e+09,0.0033892,0.507846,-0.0290558,0.0205562,5.25348e-08,8.09264e-09,0.0149137
1.75656e+09,0.00333109,0.507846,-0.0290558,0.0206059,5.25348e-08,8.67057e-09,0.0149137
1.75656e+09,0.00342614,0.507846,-0.0290558,0.020657,4.32538e-08,8.95763e-09,0.0149137
1.75656e+09,0.0034398,0.507846,-0.0290558,0.0207083,3.53978e-08,8.95763e-09,0.0149137
1.75656e+09,0.00316719,0.507846,-0.0290558,0.0207285,3.01545e-08,8.67057e-09,0.00639159
1.75656e+09,0.00322409,0.507846,-0.0290558,0.0207457,2.54268e-08,3.23957e-09,0.00532632
1.75656e+09,0.00344536,0.507846,-0.0290558,0.0207641,2.34922e-08,1.53392e-09,0.00532632
1.75656e+09,0.00347631,0.507846,-0.0290558,0.0207789,7.92071e-09,1.53392e-09,0.00426106
1.75656e+09,0.00316918,0.507846,-0.0290558,0.0207687,8.92094e-10,1.47677e-09,-0.00319579
1.75656e+09,0.00340156,0.507846,-0.0290558,0.0207542,-1.46192e-08,1.47677e-09,-0.00426106
1.75656e+09,0.00326448,0.507846,-0.0290558,0.0207403,-1.71433e-08,-7.70647e-10,-0.00426106
1.75656e+09,0.00361784,0.507846,-0.0290558,0.0207172,-2.70642e-08,-3.75755e-09,-0.00639159
1.75656e+09,0.00312281,0.507846,-0.0290558,0.0206773,-2.74232e-08,-5.54479e-09,-0.0127832
1.75656e+09,0.00342427,0.507846,-0.0290558,0.0206335,-2.74232e-08,-3.75755e-09,-0.0127832
1.75656e+09,0.0032424,0.507846,-0.0290558,0.0205921,-2.70642e-08,-7.70647e-10,-0.0127832
1.75656e+09,0.00317954,0.507846,-0.0290558,0.0205514,-2.74232e-08,-3.75755e-09,-0.0127832
1.75656e+09,0.00344663,0.507964,-0.0290534,0.0205367,0.0342325,-7.63533e-08,-0.00426106
1.75656e+09,0.00331307,0.508101,-0.0290602,0.0205261,0.0413716,-0.00290698,-0.00319579
1.75656e+09,0.00335406,0.508241,-0.0290929,0.0205154,0.0413716,-0.0106009,-0.00319579
1.75656e+09,0.00337091,0.508414,-0.0291251,0.0205118,0.051078,-0.0106009,-0.00106526
1.75656e+09,0.00362767,0.508599,-0.0291318,0.020508,0.051078,-0.00290698,-0.00106526
1.75656e+09,0.00406097,0.508807,-0.0291322,0.020508,0.051078,-0.00114862,0
1.75656e+09,0.00224936,0.508907,-0.0291324,0.0205271,0.0444889,-0.000973601,0.00852211
1.75656e+09,0.00319024,0.509049,-0.0291326,0.0205917,0.0444889,-0.000973601,0.02024
1.75656e+09,0.00344809,0.509202,-0.0291328,0.0207166,0.0444889,-0.000973601,0.036219
1.75656e+09,0.00337782,0.509415,-0.0291468,0.0208749,0.0628753,-0.00546218,0.0468716
1.75656e+09,0.00318252,0.509616,-0.0291694,0.0210953,0.0628753,-0.00842778,0.0692422
1.75656e+09,0.00361162,0.509843,-0.0291951,0.0213569,0.0628753,-0.00842778,0.072438
1.75656e+09,0.00313408,0.510064,-0.0292105,0.0215873,0.0702519,-0.00643211,0.0735032
1.75656e+09,0.00332334,0.510298,-0.0292269,0.0218493,0.0702519,-0.00643211,0.0788296
1.75656e+09,0.00336701,0.51054,-0.0292432,0.0221434,0.0719293,-0.00643211,0.0873517
1.75656e+09,0.00331013,0.510882,-0.029257,0.0224325,0.103044,-0.00643211,0.0873517
1.75656e+09,0.00335892,0.511228,-0.0292765,0.0227259,0.103044,-0.00811631,0.0873517
1.75656e+09,0.00358204,0.511598,-0.0292989,0.0230274,0.103044,-0.00860398,0.0841559
1.75656e+09,0.00410308,0.512022,-0.029336,0.0233508,0.103044,-0.0114144,0.0788296
1.75656e+09,0.0024307,0.512273,-0.0293595,0.0235139,0.103044,-0.0121057,0.0671116
1.75656e+09,0.00360331,0.512673,-0.0294012,0.0237251,0.110792,-0.0141842,0.0585895
1.75656e+09,0.00314196,0.513022,-0.0294463,0.0238489,0.110792,-0.0169709,0.0394148
1.75656e+09,0.00303224,0.51337,-0.0294981,0.023949,0.114247,-0.0198258,0.0330232
1.75656e+09,0.00350588,0.513772,-0.0295652,0.0239976,0.114247,-0.0218805,0.0138484
1.75656e+09,0.00327802,0.514149,-0.0296279,0.024043,0.114247,-0.0218805,0.0138484
1.75656e+09,0.00335874,0.514534,-0.0296948,0.0240823,0.114247,-0.0226668,0.0117179
1.75656e+09,0.00349764,0.514967,-0.0297941,0.0240413,0.123136,-0.0313651,-0.0117179
1.75656e+09,0.00316136,0.51539,-0.0298832,0.0239908,0.132871,-0.0313651,-0.015979
1.75656e+09,0.00345592,0.515851,-0.0299805,0.0239025,0.132871,-0.0313651,-0.0255663
1.75656e+09,0.00330401,0.516293,-0.0300736,0.023818,0.132871,-0.0313651,-0.0255663
1.75656e+09,0.00316343,0.516728,-0.0301353,0.0237371,0.137275,-0.0227738,-0.0255663
1.75656e+09,0.00345998,0.517211,-0.0302027,0.023656,0.138867,-0.0227738,-0.0234358
1.75656e+09,0.00317355,0.517675,-0.030264,0.0235715,0.145876,-0.0227738,-0.0266316
1.75656e+09,0.00338085,0.518197,-0.0303342,0.0234923,0.153761,-0.0243921,-0.0234358
1.75656e+09,0.00336828,0.518731,-0.0304054,0.0234134,0.15804,-0.0248581,-0.0234358
1.75656e+09,0.00351597,0.519304,-0.0304794,0.023331,0.162492,-0.0248581,-0.0234358
1.75656e+09,0.00310733,0.519822,-0.0305445,0.023278,0.166224,-0.0248581,-0.0170442
1.75656e+09,0.00349641,0.520405,-0.0306144,0.0232482,0.166224,-0.0238623,-0.00852211
1.75656e+09,0.00314752,0.52093,-0.0306773,0.0232281,0.166224,-0.0238623,-0.00639159
1.75656e+09,0.00332577,0.521549,-0.0307423,0.0232387,0.185675,-0.0238623,0.00319579
1.75656e+09,0.00333812,0.522172,-0.0308518,0.0232494,0.185675,-0.0371263,0.00319579
1.75656e+09,0.0034598,0.522825,-0.0309651,0.0232604,0.188106,-0.0371263,0.00319579
1.75656e+09,0.00324219,0.523438,-0.0310713,0.0232708,0.188106,-0.0371263,0.00319579
1.75656e+09,0.00363972,0.524134,-0.0311937,0.0232824,0.190299,-0.0380669,0.00319579
1.75656e+09,0.00507074,0.525138,-0.0313475,0.0232986,0.197352,-0.0349321,0.00319579
1.75656e+09,0.00128829,0.525393,-0.0313865,0.0233027,0.197352,-0.0349321,0.00319579
1.75656e+09,0.00345303,0.526111,-0.0315154,0.0233027,0.207007,-0.0421467,0
1.75656e+09,0.0032894,0.526795,-0.0316381,0.0233203,0.207007,-0.0421467,0.00532632
1.75656e+09,0.00321676,0.527464,-0.031755,0.0233203,0.206983,-0.0411838,0
1.75656e+09,0.00329701,0.528126,-0.0318786,0.0233203,0.199728,-0.0421467,0
1.75656e+09,0.00368437,0.528892,-0.032016,0.0233203,0.206983,-0.0421467,0
1.75656e+09,0.00316236,0.529549,-0.032131,0.0233337,0.206983,-0.0411838,0.00426106
1.75656e+09,0.00315614,0.530236,-0.032245,0.0233405,0.216677,-0.0411838,0.00213053
1.75656e+09,0.00350808,0.530999,-0.0323545,0.0233554,0.216677,-0.0362867,0.00426106
1.75656e+09,0.0034016,0.531738,-0.0324607,0.0233699,0.216677,-0.0362867,0.00426106
1.75656e+09,0.00319861,0.532434,-0.0325605,0.0233835,0.216677,-0.0362867,0.00426106
1.75656e+09,0.00320873,0.533132,-0.0326624,0.0233972,0.216677,-0.0368218,0.00426106
1.75656e+09,0.00356551,0.53397,-0.0327836,0.0234238,0.234214,-0.0394815,0.00745685
1.75656e+09,0.0031693,0.534717,-0.0328993,0.0234744,0.234896,-0.042034,0.015979
1.75656e+09,0.00343444,0.535527,-0.0330247,0.023544,0.234896,-0.042034,0.02024
1.75656e+09,0.00329997,0.536306,-0.0331486,0.0236143,0.234896,-0.0430883,0.0213053
1.75656e+09,0.00325629,0.537073,-0.0332674,0.0236871,0.234896,-0.042034,0.0223706
1.75656e+09,0.00336846,0.537882,-0.0333934,0.023766,0.239068,-0.0430883,0.0234358
1.75656e+09,0.0035907,0.538744,-0.0335192,0.0238502,0.239068,-0.0407261,0.0234358
1.75656e+09,0.00319066,0.539509,-0.0336309,0.023942,0.239068,-0.0407261,0.0287621
1.75656e+09,0.00324864,0.540253,-0.0337395,0.0241185,0.228207,-0.0388869,0.0543285
1.75656e+09,0.00346803,0.541048,-0.0338552,0.0243069,0.228207,-0.0388869,0.0543285
1.75656e+09,0.00306108,0.541749,-0.0339572,0.0244732,0.228207,-0.0388869,0.0543285
1.75656e+09,0.00337395,0.542522,-0.0340696,0.0246565,0.228207,-0.0388869,0.0543285
1.75656e+09,0.00346482,0.543321,-0.0341964,0.0248447,0.229727,-0.0422864,0.0543285
1.75656e+09,0.00324243,0.544123,-0.0343665,0.0250209,0.245685,-0.0585776,0.0543285
1.75656e+09,0.00337484,0.544956,-0.0345436,0.0251611,0.245685,-0.0586581,0.0415453
1.75656e+09,0.00342018,0.545802,-0.0347494,0.025285,0.245685,-0.0663688,0.036219
1.75656e+09,0.00340029,0.546633,-0.0349542,0.0253828,0.242754,-0.0663688,0.0287621
1.75656e+09,0.0033231,0.547445,-0.0351542,0.0254783,0.242754,-0.0663688,0.0287621
1.75656e+09,0.00311126,0.548205,-0.0353413,0.0255645,0.242754,-0.0663688,0.0276969
1.75656e+09,0.00350621,0.549072,-0.0355612,0.025628,0.245477,-0.0690093,0.0181095
1.75656e+09,0.00325036,0.549875,-0.035765,0.0256661,0.245477,-0.0690093,0.0117179
1.75656e+09,0.00352356,0.550747,-0.0359975,0.0256849,0.245477,-0.0723111,0.00532632
1.75656e+09,0.0031814,0.551511,-0.0362257,0.0256882,0.238369,-0.0778795,0.00106526
1.75656e+09,0.00336358,0.552319,-0.036467,0.0256918,0.238369,-0.0778795,0.00106526
1.75656e+09,0.00324238,0.553098,-0.0366996,0.0256711,0.238369,-0.0778795,-0.00639159
1.75656e+09,0.00330183,0.553917,-0.0369358,0.0256465,0.246077,-0.0778795,-0.00745685
1.75656e+09,0.00361437,0.554895,-0.0371957,0.0256234,0.268592,-0.0788178,-0.00639159
1.75656e+09,0.00313613,0.555743,-0.0374212,0.0256033,0.268592,-0.0788178,-0.00639159
1.75656e+09,0.0083403,0.558,-0.038021,0.02555,0.268592,-0.0788178,-0.00639159
1.75656e+09,0.00145072,0.558392,-0.0381253,0.0255408,0.268592,-0.0788178,-0.00639159
1.75656e+09,0.00348512,0.559335,-0.038376,0.0255185,0.268592,-0.0788178,-0.00639159
1.75656e+09,0.00318378,0.56023,-0.0386483,0.0254981,0.278825,-0.0926627,-0.00639159
1.75656e+09,0.00343347,0.561195,-0.038942,0.0254835,0.278825,-0.0926627,-0.00426106
1.75656e+09,0.00328345,0.562118,-0.0392228,0.025515,0.278825,-0.0926627,0.00958738
1.75656e+09,0.00342219,0.562992,-0.0394933,0.0256535,0.2533,-0.0855264,0.04048
1.75656e+09,0.00324601,0.563821,-0.0397497,0.0257849,0.2533,-0.0855264,0.04048
1.75656e+09,0.00337253,0.564682,-0.040016,0.0259322,0.2533,-0.0855264,0.0436758
1.75656e+09,0.00352901,0.565792,-0.0403861,0.0260976,0.311502,-0.112992,0.0468716
1.75656e+09,0.00351746,0.566897,-0.0407548,0.0262625,0.311502,-0.112992,0.0468716
1.75656e+09,0.00298387,0.567835,-0.0410675,0.0264914,0.311502,-0.112992,0.076699
1.75656e+09,0.00343305,0.568697,-0.0414327,0.0267547,0.247987,-0.112992,0.076699
1.75656e+09,0.00330218,0.569525,-0.0417838,0.0270079,0.247987,-0.112992,0.076699
1.75656e+09,0.00327667,0.570349,-0.0421941,0.0271929,0.247987,-0.131977,0.056459
1.75656e+09,0.00365306,0.571438,-0.0426468,0.0273681,0.294642,-0.131977,0.0479369
1.75656e+09,0.00292332,0.57231,-0.0430089,0.0275082,0.294642,-0.131977,0.0479369
1.75656e+09,0.00336171,0.573311,-0.0433973,0.0276622,0.294642,-0.12368,0.0458064
1.75656e+09,0.00342941,0.574235,-0.0437545,0.0278193,0.26636,-0.111587,0.0458064
1.75656e+09,0.00337352,0.575112,-0.0440315,0.0279163,0.257436,-0.089306,0.0287621
1.75656e+09,0.00336792,0.575987,-0.044308,0.0279952,0.257436,-0.089306,0.0234358
1.75656e+09,0.00348139,0.576891,-0.0445937,0.0280768,0.257436,-0.089306,0.0234358
1.75656e+09,0.00324148,0.577777,-0.0449831,0.0281528,0.269874,-0.127764,0.0234358
1.75656e+09,0.00326418,0.5787,-0.0454003,0.028198,0.278816,-0.135701,0.0138484
1.75656e+09,0.00336936,0.579654,-0.0458307,0.0282195,0.279676,-0.135701,0.00639159
1.75656e+09,0.00334608,0.580603,-0.0462582,0.0282409,0.279676,-0.135701,0.00639159
1.75656e+09,0.00313012,0.58149,-0.0466581,0.0282609,0.279676,-0.135701,0.00639159
1.75656e+09,0.00316853,0.582388,-0.0470629,0.0282812,0.279676,-0.135701,0.00639159
1.75656e+09,0.00345762,0.583368,-0.0475045,0.0283033,0.279676,-0.135701,0.00639159
1.75656e+09,0.00332749,0.584311,-0.0479296,0.0283245,0.279676,-0.135701,0.00639159
1.75656e+09,0.00340413,0.585236,-0.0483781,0.0283354,0.268075,-0.139424,0.00319579
1.75656e+09,0.00335629,0.586118,-0.0488213,0.0283461,0.258962,-0.139424,0.00319579
1.75656e+09,0.00326856,0.586977,-0.0492568,0.0283566,0.258962,-0.140637,0.00319579
1.75656e+09,0.00350447,0.587899,-0.049744,0.0283678,0.258962,-0.146418,0.00319579
1.75656e+09,0.00330914,0.588884,-0.0502007,0.0284277,0.293602,-0.146418,0.0181095
1.75656e+09,0.00312016,0.589814,-0.0506313,0.0284842,0.293992,-0.146418,0.0181095
1.75656e+09,0.00337999,0.590917,-0.0511261,0.0285454,0.322073,-0.155627,0.0181095
1.75656e+09,0.00332692,0.592017,-0.0516136,0.0286057,0.326162,-0.155917,0.0181095
1.75656e+09,0.00337774,0.593175,-0.0521267,0.02871,0.338488,-0.161641,0.0308927
1.75656e+09,0.00336087,0.594328,-0.0526408,0.0288389,0.338488,-0.162744,0.0383495
1.75656e+09,0.00338488,0.595489,-0.0531601,0.0289831,0.338488,-0.163237,0.0426106
1.75656e+09,0.00332727,0.596631,-0.0536905,0.0291249,0.338488,-0.16929,0.0426106
1.75656e+09,0.00341808,0.597833,-0.0542343,0.0292706,0.346896,-0.16929,0.0426106
1.75656e+09,0.00334718,0.59901,-0.0547673,0.0294025,0.346896,-0.169456,0.0394148
1.75656e+09,0.00319393,0.600303,-0.0553213,0.0295284,0.399401,-0.185271,0.0394148
1.75656e+09,0.00339907,0.601679,-0.0559107,0.0296334,0.399401,-0.185271,0.0308927
1.75656e+09,0.00329671,0.603023,-0.0565425,0.0297212,0.402098,-0.203641,0.0266316
1.75656e+09,0.00344532,0.604429,-0.0572031,0.0298056,0.402098,-0.203785,0.0245011
1.75656e+09,0.00323524,0.605851,-0.0578215,0.0297436,0.433537,-0.204157,-0.0191748
1.75656e+09,0.00329915,0.607301,-0.0584639,0.0296346,0.433537,-0.207709,-0.0330232
1.75656e+09,0.00330951,0.608756,-0.0591354,0.0295147,0.433537,-0.215849,-0.036219
1.75656e+09,0.00343701,0.610061,-0.0598391,0.029372,0.373578,-0.215849,-0.0415453
1.75656e+09,0.00327513,0.611304,-0.0604831,0.0292115,0.373578,-0.207709,-0.0490022
1.75656e+09,0.00324589,0.612534,-0.0610457,0.0290524,0.373578,-0.184311,-0.0490022
1.75656e+09,0.00334891,0.613795,-0.0613583,0.0287242,0.373578,-0.104229,-0.0980043
1.75656e+09,0.00342938,0.61513,-0.0614877,0.0283881,0.388234,-0.048901,-0.0980043
1.75656e+09,0.00340296,0.616455,-0.0615949,0.0280546,0.388234,-0.042551,-0.0980043
1.75656e+09,0.00331891,0.617762,-0.0617206,0.0278071,0.392613,-0.048901,-0.0745685
1.75656e+09,0.00334578,0.61908,-0.0618476,0.0277323,0.392613,-0.048901,-0.0223706
1.75656e+09,0.00316925,0.620625,-0.0628321,0.0276614,0.47889,-0.324027,-0.0223706
1.75656e+09,0.00347926,0.622322,-0.0639129,0.0275835,0.47889,-0.324027,-0.0223706
1.75656e+09,0.00328353,0.623923,-0.0649331,0.0275521,0.47889,-0.324027,-0.00958738
1.75656e+09,0.00336006,0.625488,-0.0656428,0.0275592,0.459697,-0.223971,0.00213053
1.75656e+09,0.00339333,0.627067,-0.0663218,0.0279858,0.459697,-0.21283,0.125701
1.75656e+09,0.00361979,0.628752,-0.0670453,0.0289575,0.459697,-0.21283,0.268447
1.75656e+09,0.00294296,0.630118,-0.0676324,0.0297475,0.457956,-0.21283,0.268447
1.75656e+09,0.00327042,0.631636,-0.0682953,0.0306254,0.457956,-0.216432,0.268447
1.75656e+09,0.00325622,0.633166,-0.0693021,0.0313539,0.460413,-0.323441,0.223706
1.75656e+09,0.00353002,0.634955,-0.0704054,0.0321436,0.496572,-0.328253,0.223706
1.75656e+09,0.00324357,0.636598,-0.0714022,0.0328692,0.496572,-0.323441,0.223706
1.75656e+09,0.00334507,0.638282,-0.0720712,0.0334999,0.496572,-0.216432,0.188552
1.75656e+09,0.00340472,0.639986,-0.0724287,0.0341419,0.496572,-0.121705,0.188552
1.75656e+09,0.0034432,0.641551,-0.0727945,0.0343436,0.450737,-0.121705,0.0585895
1.75656e+09,0.00320237,0.642968,-0.0731358,0.034521,0.438428,-0.121705,0.0553937
1.75656e+09,0.00351792,0.644429,-0.0735476,0.0346934,0.410981,-0.131322,0.0490022
1.75656e+09,0.00310438,0.645694,-0.0740696,0.0347562,0.401446,-0.182172,0.02024
1.75656e+09,0.00312347,0.646967,-0.0745947,0.0346264,0.401446,-0.182172,-0.0415453
1.75656e+09,0.00360223,0.648435,-0.0752004,0.0344346,0.401446,-0.182172,-0.0532632
1.75656e+09,0.00321952,0.649917,-0.0756879,0.0341979,0.45508,-0.167167,-0.0735032
1.75656e+09,0.00328336,0.651427,-0.0761137,0.0339496,0.45508,-0.145334,-0.0756338
1.75656e+09,0.00327043,0.652948,-0.0765014,0.0337092,0.46091,-0.134266,-0.0735032
1.75656e+09,0.00338014,0.654538,-0.0769393,0.033486,0.465734,-0.145334,-0.0660464
1.75656e+09,0.00425158,0.65652,-0.0775596,0.0331734,0.46091,-0.16143,-0.0735032
1.75656e+09,0.00271223,0.657754,-0.0779568,0.0329683,0.449906,-0.16143,-0.0756338
1.75656e+09,0.0040565,0.65963,-0.0785913,0.0327004,0.457091,-0.171593,-0.0660464
1.75656e+09,0.00232687,0.660707,-0.0789706,0.0325541,0.457091,-0.178042,-0.0628506
1.75656e+09,0.00331045,0.662239,-0.0795268,0.0324448,0.457091,-0.18298,-0.0330232
1.75656e+09,0.00350587,0.664124,-0.0801893,0.0323739,0.531413,-0.206318,-0.02024
1.75656e+09,0.00326001,0.665878,-0.0808055,0.0323426,0.531413,-0.206318,-0.00958738
1.75656e+09,0.00338238,0.667697,-0.0814448,0.0324363,0.531413,-0.206318,0.0276969
1.75656e+09,0.00342084,0.669397,-0.0819736,0.0326367,0.491712,-0.170602,0.0585895
1.75656e+09,0.00310999,0.670942,-0.0824523,0.0328189,0.491712,-0.17006,0.0585895
1.75656e+09,0.00350547,0.672685,-0.082986,0.0330243,0.491712,-0.168487,0.0585895
1.75656e+09,0.00330567,0.674372,-0.0834875,0.033218,0.505143,-0.168487,0.0585895
1.75656e+09,0.00326932,0.676045,-0.0839831,0.0333538,0.506366,-0.168487,0.0415453
1.75656e+09,0.00348484,0.677828,-0.0845144,0.0334986,0.506366,-0.169448,0.0415453
1.75656e+09,0.00342716,0.679582,-0.0850367,0.0336264,0.506366,-0.169448,0.0372843
1.75656e+09,0.00298977,0.680973,-0.0854968,0.0336964,0.459846,-0.169448,0.0234358
1.75656e+09,0.00335131,0.682489,-0.0858954,0.0336179,0.448094,-0.134097,-0.0234358
1.75656e+09,0.00340684,0.68402,-0.0862775,0.0335199,0.445324,-0.127212,-0.0287621
1.75656e+09,0.00329791,0.685501,-0.0866392,0.033411,0.445324,-0.12467,-0.0330232
1.75656e+09,0.00335849,0.687059,-0.0870061,0.0332965,0.459846,-0.12467,-0.0340885
1.75656e+09,0.00341379,0.688682,-0.0873865,0.0331802,0.47149,-0.127212,-0.0340885
1.75656e+09,0.00325943,0.690306,-0.0877475,0.0330343,0.494172,-0.127212,-0.0447411
1.75656e+09,0.00355973,0.692126,-0.0881314,0.0328751,0.50749,-0.12467,-0.0447411
1.75656e+09,0.00340977,0.693869,-0.0884853,0.0327225,0.50749,-0.120527,-0.0447411
1.75656e+09,0.00333263,0.69559,-0.0888052,0.0325734,0.51291,-0.11285,-0.0447411
1.75656e+09,0.00288517,0.697079,-0.0890744,0.0324443,0.51291,-0.110055,-0.0447411
1.75656e+09,0.00332986,0.698798,-0.0893853,0.0322102,0.51291,-0.110055,-0.0703074
1.75656e+09,0.00331793,0.700512,-0.0897302,0.0318956,0.51291,-0.120527,-0.0948085
1.75656e+09,0.0034163,0.702278,-0.0901505,0.0315717,0.51291,-0.139469,-0.0948085
1.75656e+09,0.00346021,0.704185,-0.0906321,0.0312437,0.546419,-0.15652,-0.0948085
1.75656e+09,0.00346635,0.706095,-0.0911153,0.0309298,0.546419,-0.15652,-0.0905475
1.75656e+09,0.00331452,0.70792,-0.0915213,0.0307144,0.546419,-0.139469,-0.0649811
1.75656e+09,0.00335395,0.709759,-0.0919175,0.0305143,0.544391,-0.134911,-0.0596548
1.75656e+09,0.00327663,0.711555,-0.0923049,0.0303817,0.544391,-0.134911,-0.04048
1.75656e+09,0.00309581,0.713252,-0.0926712,0.030263,0.544391,-0.134911,-0.0383495
1.75656e+09,0.00352508,0.7152,-0.093088,0.0301653,0.548673,-0.134911,-0.0276969
1.75656e+09,0.00315709,0.716958,-0.0934611,0.0301048,0.55297,-0.134911,-0.0191748
1.75656e+09,0.00351225,0.718912,-0.0938206,0.0300375,0.55297,-0.119061,-0.0191748
1.75656e+09,0.00343031,0.720873,-0.0941376,0.0299717,0.568612,-0.109529,-0.0191748
1.75656e+09,0.00315301,0.722691,-0.0944286,0.0299079,0.57361,-0.109529,-0.02024
1.75656e+09,0.0032977,0.724641,-0.0947316,0.0298411,0.588373,-0.109529,-0.02024
1.75656e+09,0.00355674,0.726748,-0.09518,0.0297691,0.588373,-0.143693,-0.02024
1.75656e+09,0.00313951,0.728608,-0.095576,0.0297223,0.588373,-0.143693,-0.0149137
1.75656e+09,0.00332797,0.730579,-0.0959958,0.0296727,0.58842,-0.143693,-0.0149137
1.75656e+09,0.00359532,0.732642,-0.0964491,0.0296191,0.569645,-0.14306,-0.0149137
1.75656e+09,0.00323059,0.734495,-0.0968451,0.0295502,0.569645,-0.139515,-0.0213053
1.75656e+09,0.00305556,0.736304,-0.0972181,0.0294851,0.58842,-0.139515,-0.0213053
1.75656e+09,0.00351,0.738452,-0.0976571,0.0294104,0.607943,-0.14306,-0.0213053
1.75656e+09,0.00319005,0.740467,-0.0980386,0.0293628,0.627879,-0.138093,-0.0149137
1.75656e+09,0.00333875,0.742577,-0.0984585,0.0293592,0.627879,-0.144268,-0.00106526
1.75656e+09,0.00344398,0.74479,-0.0988999,0.0294069,0.638579,-0.146971,0.0138484
1.75656e+09,0.00314863,0.746842,-0.0995449,0.0298061,0.645397,-0.223929,0.126766
1.75656e+09,0.00347874,0.749159,-0.10026,0.0302508,0.659596,-0.225319,0.127832
1.75656e+09,0.0034071,0.751381,-0.100992,0.0306863,0.645397,-0.23454,0.127832
1.75656e+09,0.00308529,0.753393,-0.101654,0.0310807,0.645397,-0.23454,0.127832
1.75656e+09,0.00350458,0.755614,-0.102408,0.0315249,0.626702,-0.23454,0.126766
1.75656e+09,0.00332964,0.757692,-0.102968,0.0318974,0.618431,-0.187991,0.111853
1.75656e+09,0.00327477,0.759689,-0.103339,0.0321137,0.605762,-0.1324,0.0660464
1.75656e+09,0.00340318,0.761558,-0.103729,0.0322659,0.545355,-0.1324,0.0447411
1.75656e+09,0.00333229,0.763378,-0.104112,0.0323192,0.542186,-0.1324,0.015979
1.75656e+09,0.0036361,0.76532,-0.104813,0.0322843,0.527448,-0.209869,-0.00958738
1.75656e+09,0.00284906,0.766842,-0.105403,0.0318867,0.527448,-0.224196,-0.13955
1.75656e+09,0.00351058,0.768654,-0.106132,0.031165,0.509311,-0.224196,-0.205596
1.75656e+09,0.00342067,0.77042,-0.106845,0.0303706,0.509311,-0.224196,-0.232228
1.75656e+09,0.00376502,0.772506,-0.107035,0.0294441,0.552427,-0.0674217,-0.246076
1.75656e+09,0.00311545,0.774218,-0.106693,0.0285049,0.552427,0.093462,-0.30147
1.75656e+09,0.00301663,0.775919,-0.106363,0.0275955,0.566965,0.093462,-0.30147
1.75656e+09,0.00336443,0.777818,-0.105996,0.0265812,0.566965,0.093462,-0.30147
1.75656e+09,0.00324106,0.779629,-0.106237,0.0255247,0.556812,-0.0890834,-0.325971
1.75656e+09,0.00333569,0.781496,-0.106591,0.0244374,0.556812,-0.120644,-0.325971
1.75656e+09,0.00334892,0.78337,-0.10695,0.0233457,0.556812,-0.120644,-0.325971
1.75656e+09,0.00353038,0.785174,-0.107334,0.0225146,0.508288,-0.120644,-0.235423
1.75656e+09,0.00311813,0.786767,-0.107674,0.0218901,0.508288,-0.120644,-0.20027
1.75656e+09,0.00362282,0.788705,-0.108082,0.0214772,0.532293,-0.124203,-0.113983
1.75656e+09,0.00327184,0.790459,-0.108619,0.021174,0.532293,-0.175624,-0.092678
1.75656e+09,0.00321502,0.792182,-0.109196,0.0209548,0.532293,-0.19081,-0.0681769
1.75656e+09,0.00328517,0.793945,-0.109821,0.0208148,0.532293,-0.201341,-0.0426106
1.75656e+09,0.00346779,0.7955,-0.110487,0.0208037,0.444367,-0.201341,-0.00319579
1.75656e+09,0.00330047,0.796259,-0.111135,0.0208951,0.225937,-0.201341,0.0276969
1.75656e+09,0.00343181,0.797048,-0.11176,0.0210084,0.225937,-0.186684,0.0330232
1.75656e+09,0.00318644,0.79778,-0.112339,0.0211782,0.225937,-0.186684,0.0532632
1.75656e+09,0.0033617,0.798891,-0.112943,0.0214539,0.326753,-0.186684,0.0820253
1.75656e+09,0.00329193,0.800679,-0.113584,0.0217239,0.538742,-0.206313,0.0820253
1.75656e+09,0.00331643,0.80248,-0.114234,0.0223245,0.538742,-0.207556,0.181095
1.75656e+09,0.0031775,0.804207,-0.114897,0.0228999,0.538742,-0.22078,0.181095
1.75656e+09,0.0038669,0.806064,-0.115708,0.0236002,0.475147,-0.22078,0.181095
1.75656e+09,0.00339853,0.807696,-0.11642,0.0242121,0.475147,-0.22078,0.18003
1.75656e+09,0.00279651,0.809036,-0.116883,0.0247125,0.475147,-0.177144,0.178964
1.75656e+09,0.00342628,0.810743,-0.117448,0.0253148,0.493754,-0.177144,0.175769
1.75656e+09,0.00347937,0.812476,-0.118021,0.0259263,0.493754,-0.177144,0.175769
1.75656e+09,0.00309369,0.814031,-0.118666,0.0264701,0.497206,-0.221507,0.175769
1.75656e+09,0.00351419,0.815798,-0.119398,0.0270691,0.497206,-0.221507,0.170442
1.75656e+09,0.00333582,0.817483,-0.120092,0.027627,0.499384,-0.221507,0.167246
1.75656e+09,0.00321228,0.819106,-0.120742,0.0281471,0.499384,-0.216295,0.16192
1.75656e+09,0.00347248,0.82086,-0.121429,0.0286872,0.499384,-0.212107,0.155529
1.75656e+09,0.00328131,0.822511,-0.122022,0.0290857,0.497546,-0.195002,0.12144
1.75656e+09,0.00335243,0.824146,-0.122591,0.0294928,0.482733,-0.183854,0.12144
1.75656e+09,0.00326178,0.8257,-0.123137,0.0298437,0.471308,-0.181256,0.107592
1.75656e+09,0.00340813,0.827324,-0.123706,0.0301378,0.471308,-0.181256,0.0862864
1.75656e+09,0.00331582,0.828875,-0.124269,0.0303921,0.462356,-0.183645,0.076699
1.75656e+09,0.00333854,0.830437,-0.124835,0.0306446,0.462356,-0.183645,0.0756338
1.75656e+09,0.00334605,0.832035,-0.125519,0.0308977,0.471308,-0.219188,0.0756338
1.75656e+09,0.00317415,0.833521,-0.126217,0.0311378,0.460943,-0.234049,0.0756338
1.75656e+09,0.00367083,0.835239,-0.127023,0.0313724,0.460943,-0.234049,0.0639159
1.75656e+09,0.00318888,0.836754,-0.127722,0.0315694,0.468229,-0.234049,0.0617853
1.75656e+09,0.00345705,0.838398,-0.12847,0.0317646,0.468229,-0.23118,0.056459
1.75656e+09,0.00323347,0.839933,-0.129133,0.0319127,0.468229,-0.220092,0.0458064
1.75656e+09,0.00329601,0.841513,-0.129754,0.0320356,0.47296,-0.203689,0.0372843
1.75656e+09,0.00320404,0.843033,-0.130348,0.0320697,0.468229,-0.20041,0.0106526
1.75656e+09,0.00342167,0.844646,-0.130978,0.0321062,0.465395,-0.199187,0.0106526
1.75656e+09,0.00327023,0.846104,-0.131556,0.0321166,0.439777,-0.190781,0.00319579
1.75656e+09,0.00331452,0.847376,-0.132071,0.0320707,0.378554,-0.167685,-0.0138484
1.75656e+09,0.00350903,0.848527,-0.132003,0.0319661,0.328422,0.00869767,-0.0298274
1.75656e+09,0.00334281,0.849527,-0.131937,0.0318664,0.299676,0.0103475,-0.0298274
1.75656e+09,0.0030451,0.850407,-0.131877,0.0317755,0.289554,0.0103475,-0.0298274
1.75656e+09,0.00345272,0.851405,-0.131815,0.0319447,0.289554,0.00869767,0.0490022
1.75656e+09,0.00349954,0.852423,-0.131927,0.0321311,0.289554,-0.0412644,0.0532632
1.75656e+09,0.00310567,0.853349,-0.132168,0.0323065,0.295523,-0.086891,0.056459
1.75656e+09,0.00338271,0.854508,-0.132604,0.0326272,0.338377,-0.140078,0.0948085
1.75656e+09,0.00351877,0.855714,-0.133058,0.0330845,0.338377,-0.140078,0.129962
1.75656e+09,0.00306449,0.856765,-0.133453,0.0334828,0.338377,-0.140078,0.129962
1.75656e+09,0.00346533,0.857901,-0.13308,0.0339331,0.331193,0.0966353,0.129962
1.75656e+09,0.00350248,0.858839,-0.132709,0.0343883,0.271326,0.0966353,0.129962
1.75656e+09,0.00315818,0.859642,-0.132376,0.0347987,0.257621,0.0966353,0.129962
1.75656e+09,0.00331817,0.860497,-0.132366,0.0352441,0.257621,-0.00580134,0.134223
1.75656e+09,0.00378606,0.861497,-0.133065,0.0357523,0.257621,-0.193836,0.134223
1.75656e+09,0.00319288,0.862366,-0.133653,0.0362149,0.265437,-0.193836,0.144876
1.75656e+09,0.00317818,0.863232,-0.134238,0.0366753,0.265437,-0.193836,0.144876
1.75656e+09,0.00318651,0.864099,-0.134822,0.037137,0.265437,-0.193044,0.144876
1.75656e+09,0.00330295,0.864949,-0.135297,0.0376155,0.251779,-0.153252,0.144876
1.75656e+09,0.00370436,0.865901,-0.135773,0.0381127,0.251779,-0.138251,0.134223
1.75656e+09,0.00297854,0.866629,-0.136152,0.0385125,0.239559,-0.136242,0.134223
1.75656e+09,0.00315199,0.867353,-0.136496,0.0389356,0.225377,-0.117952,0.134223
1.75656e+09,0.00334732,0.868102,-0.136862,0.0393884,0.219393,-0.117952,0.135289
1.75656e+09,0.00351496,0.868754,-0.137177,0.0398902,0.181572,-0.096996,0.142745
1.75656e+09,0.0032669,0.869345,-0.137464,0.0403565,0.177532,-0.0949144,0.142745
1.75656e+09,0.00339201,0.86996,-0.137752,0.0408407,0.177532,-0.0921915,0.142745
1.75656e+09,0.00335294,0.870579,-0.137987,0.0412729,0.181572,-0.0774352,0.128897
1.75656e+09,0.00323045,0.87114,-0.138194,0.0416893,0.171028,-0.0711724,0.128897
1.75656e+09,0.00334239,0.871721,-0.138407,0.0421165,0.171028,-0.0711724,0.127832
1.75656e+09,0.00347289,0.872325,-0.138617,0.0425605,0.171028,-0.0676505,0.127832
1.75656e+09,0.00318265,0.872866,-0.138808,0.0429605,0.167425,-0.0670206,0.125701
1.75656e+09,0.00365616,0.873488,-0.139016,0.0434201,0.167425,-0.0643667,0.125701
1.75656e+09,0.00313168,0.874019,-0.139157,0.0438138,0.167425,-0.0521304,0.125701
1.75656e+09,0.00319547,0.874537,-0.139275,0.0442223,0.160382,-0.0440614,0.127832
1.75656e+09,0.00413226,0.875206,-0.139405,0.0447593,0.160382,-0.0386633,0.129962
1.75656e+09,0.00277332,0.875625,-0.139494,0.0451197,0.149418,-0.0386633,0.129962
1.75656e+09,0.00326724,0.876071,-0.1396,0.0455374,0.13504,-0.0386633,0.127832
1.75656e+09,0.00323615,0.876514,-0.139713,0.0458856,0.13504,-0.0409092,0.107592
1.75656e+09,0.00336199,0.876965,-0.13983,0.0462437,0.132492,-0.0409092,0.106526
1.75656e+09,0.0032126,0.877396,-0.139942,0.0465449,0.132492,-0.0412681,0.0937433
1.75656e+09,0.00337715,0.87785,-0.140076,0.0468614,0.132492,-0.0457335,0.0937433
1.75656e+09,0.00346171,0.878228,-0.1402,0.0471749,0.107374,-0.0409092,0.0905475
1.75656e+09,0.00319877,0.878577,-0.140304,0.0474645,0.107374,-0.0375499,0.0905475
1.75656e+09,0.00336022,0.878943,-0.140413,0.0476865,0.107374,-0.0375499,0.0660464
1.75656e+09,0.00333718,0.879333,-0.140489,0.0479033,0.115407,-0.0283367,0.0649811
1.75656e+09,0.0033867,0.879727,-0.140558,0.0480801,0.115407,-0.0261151,0.052198
1.75656e+09,0.00345047,0.880129,-0.140625,0.0482492,0.115407,-0.0248939,0.0490022
1.75656e+09,0.00331448,0.880428,-0.140693,0.0484081,0.0890795,-0.0248939,0.0479369
1.75656e+09,0.00320993,0.880683,-0.14076,0.0485551,0.0782929,-0.0247851,0.0458064
1.75656e+09,0.00341133,0.880954,-0.140832,0.0487041,0.0782929,-0.0247851,0.0436758
1.75656e+09,0.0034033,0.881261,-0.140902,0.0488129,0.0890795,-0.0248939,0.0319579
1.75656e+09,0.00308304,0.881541,-0.141,0.0489114,0.0890795,-0.0364086,0.0319579
1.75656e+09,0.003428,0.881814,-0.141122,0.0490136,0.0778677,-0.0392593,0.0298274
1.75656e+09,0.0033398,0.88208,-0.14124,0.0491097,0.0778677,-0.0392593,0.0287621
1.75656e+09,0.00333228,0.88233,-0.141359,0.0491842,0.0731425,-0.0392593,0.0223706
1.75656e+09,0.0033341,0.882578,-0.141435,0.0492624,0.0731425,-0.0265059,0.0234358
1.75656e+09,0.00338704,0.882829,-0.1415,0.0493129,0.0731425,-0.0227659,0.0149137
1.75656e+09,0.00322765,0.883076,-0.141515,0.0493541,0.0762417,-0.00859342,0.0127832
1.75656e+09,0.00335258,0.883333,-0.141526,0.049397,0.0762417,-0.00690975,0.0127832
1.75656e+09,0.00354727,0.883604,-0.141531,0.0494348,0.0762417,-0.0053373,0.0106526
1.75656e+09,0.00317163,0.883816,-0.141531,0.0494517,0.0669133,-0.00309295,0.00532632
1.75656e+09,0.00341608,0.884043,-0.141485,0.0494553,0.0669133,0.0100444,0.00106526
1.75656e+09,0.00315758,0.884252,-0.14144,0.0494385,0.0669133,0.011167,-0.00532632
1.75656e+09,0.00325404,0.884468,-0.141392,0.0494212,0.0669133,0.011167,-0.00532632
1.75656e+09,0.00336172,0.88469,-0.141344,0.0494033,0.0669133,0.011167,-0.00532632
1.75656e+09,0.00373694,0.88492,-0.141284,0.0493714,0.0621701,0.0128767,-0.00852211
1.75656e+09,0.00307137,0.885109,-0.141235,0.0493027,0.0621701,0.0128767,-0.0223706
1.75656e+09,0.00322137,0.885307,-0.141184,0.0492272,0.0621701,0.0128767,-0.0234358
1.75656e+09,0.00339569,0.885521,-0.141114,0.0491368,0.0640809,0.0174715,-0.0266316
1.75656e+09,0.00339737,0.88576,-0.141038,0.0490246,0.071404,0.0188135,-0.0330232
1.75656e+09,0.00323299,0.885987,-0.140957,0.0489075,0.071404,0.0218635,-0.036219
1.75656e+09,0.00335608,0.886223,-0.140872,0.0487502,0.071404,0.0218635,-0.0468716
1.75656e+09,0.00334321,0.886404,-0.140769,0.0485935,0.0554157,0.0280427,-0.0468716
1.75656e+09,0.00346406,0.886529,-0.140664,0.0484237,0.037459,0.0284112,-0.0490022
1.75656e+09,0.00358416,0.886658,-0.140556,0.0482481,0.037459,0.0284112,-0.0490022
1.75656e+09,0.00314941,0.886772,-0.140468,0.0480938,0.037459,0.0260861,-0.0490022
1.75656e+09,0.00316726,0.886936,-0.140378,0.0479386,0.0532429,0.0260861,-0.0490022
1.75656e+09,0.00314078,0.887099,-0.140288,0.047788,0.0532429,0.0260861,-0.0479369
1.75656e+09,0.0035672,0.887284,-0.140186,0.0476588,0.0532429,0.0260861,-0.036219
1.75656e+09,0.00326788,0.887366,-0.140097,0.0475405,0.0262534,0.0260861,-0.036219
1.75656e+09,0.00338269,0.88745,-0.139991,0.0474179,0.0262534,0.0301153,-0.036219
1.75656e+09,0.00341394,0.887535,-0.139884,0.0472943,0.0262534,0.0301153,-0.036219
1.75656e+09,0.00324172,0.887709,-0.139778,0.0471769,0.0552826,0.0301153,-0.036219
1.75656e+09,0.00350513,0.887898,-0.139665,0.0470462,0.0552826,0.0294953,-0.0372843
1.75656e+09,0.00307086,0.888063,-0.139562,0.046935,0.0552826,0.030911,-0.036219
1.75656e+09,0.00336709,0.888201,-0.139452,0.0468417,0.0424283,0.030911,-0.0276969
1.75656e+09,0.00341958,0.88834,-0.139326,0.0467288,0.0424283,0.0349344,-0.0330232
1.75656e+09,0.00319068,0.88847,-0.139208,0.0466234,0.0424283,0.0349344,-0.0330232
1.75656e+09,0.00336861,0.88864,-0.139082,0.0465122,0.0520953,0.0349344,-0.0330232
1.75656e+09,0.00351457,0.888817,-0.138961,0.0463961,0.0520953,0.0321965,-0.0330232
1.75656e+09,0.00311229,0.888975,-0.138857,0.0462834,0.0520953,0.0309951,-0.036219
1.75656e+09,0.00336717,0.889043,-0.138749,0.0461112,0.0215906,0.0309951,-0.0511327
1.75656e+09,0.003528,0.889114,-0.138632,0.0459271,0.0215906,0.0321965,-0.052198
1.75656e+09,0.0030898,0.889176,-0.13853,0.0457658,0.0215906,0.0321965,-0.052198
1.75656e+09,0.00366422,0.88932,-0.138429,0.0455745,0.0407356,0.0256876,-0.052198
1.75656e+09,0.00315822,0.889446,-0.138367,0.0454736,0.0407356,0.0177262,-0.0319579
1.75656e+09,0.00315135,0.889572,-0.138315,0.0453796,0.0407356,0.0148065,-0.0298274
1.75656e+09,0.00348904,0.889604,-0.1383,0.0453424,0.00917411,0.00377266,-0.0106526
1.75656e+09,0.00338041,0.889636,-0.138315,0.0453208,0.00917411,-0.00490284,-0.00639159
1.75656e+09,0.00311755,0.889665,-0.138329,0.0453009,0.00917411,-0.00490284,-0.00639159
1.75656e+09,0.00342539,0.889762,-0.138342,0.0452936,0.0280681,-0.00490284,-0.00213053
1.75656e+09,0.0035892,0.889861,-0.138303,0.0452859,0.0280681,0.00936133,-0.00213053
1.75656e+09,0.00302783,0.889944,-0.13827,0.0453376,0.0280681,0.00968897,0.0170442
1.75656e+09,0.00359295,0.890037,-0.13822,0.0454639,0.0265095,0.0127648,0.0351537
1.75656e+09,0.0034763,0.890127,-0.138172,0.0455898,0.0265095,0.0127648,0.036219
1.75656e+09,0.00295743,0.890204,-0.138139,0.0457095,0.0265095,0.00968897,0.04048
1.75656e+09,0.00340168,0.890303,-0.138269,0.0459523,0.0272639,-0.0394789,0.0713727
1.75656e+09,0.00360524,0.890408,-0.138407,0.046225,0.0272639,-0.0394789,0.0756338
1.75656e+09,0.0030678,0.890497,-0.138524,0.046457,0.0272639,-0.0394789,0.0756338
1.75656e+09,0.0032938,0.890568,-0.138619,0.0467061,0.0201923,-0.0297302,0.0756338
1.75656e+09,0.00336337,0.890641,-0.138716,0.0469605,0.0201923,-0.0297302,0.0756338
1.75656e+09,0.00337343,0.890713,-0.138813,0.0472192,0.0201923,-0.0297302,0.076699
1.75656e+09,0.00326329,0.890784,-0.138917,0.0474695,0.0201923,-0.0328627,0.076699
1.75656e+09,0.00325661,0.890855,-0.13902,0.0477262,0.0201923,-0.0328627,0.0788296
1.75656e+09,0.00344929,0.890927,-0.139131,0.0479981,0.0192925,-0.033028,0.0788296
1.75656e+09,0.00324987,0.890995,-0.139235,0.0482543,0.0192925,-0.033028,0.0788296
1.75656e+09,0.00358891,0.891069,-0.139342,0.0485372,0.0192925,-0.0306396,0.0788296
1.75656e+09,0.00312003,0.891154,-0.13943,0.0487599,0.025632,-0.0296356,0.0713727
1.75656e+09,0.00338384,0.891257,-0.1395,0.0489834,0.0293889,-0.0220825,0.0660464
1.75656e+09,0.00331225,0.891363,-0.139558,0.0491281,0.0313812,-0.0190894,0.0436758
1.75656e+09,0.00325246,0.891468,-0.139612,0.0492667,0.0313812,-0.0181355,0.0426106
1.75656e+09,0.00334325,0.89157,-0.13967,0.0493984,0.0293889,-0.0189409,0.0394148
1.75656e+09,0.003378,0.891672,-0.139727,0.0494668,0.0293889,-0.0181355,0.02024
1.75656e+09,0.00328447,0.891778,-0.139781,0.0495263,0.0313812,-0.0181355,0.0181095
1.75656e+09,0.00328221,0.891891,-0.13977,0.0495473,0.0348019,0.00168551,0.00639159
1.75656e+09,0.00336283,0.892008,-0.139758,0.049558,0.0348019,0.00168551,0.00319579
1.75656e+09,0.00333809,0.892124,-0.139747,0.0495687,0.0348019,0.00168551,0.00319579
1.75656e+09,0.00337977,0.892207,-0.139767,0.0495579,0.0243293,-0.00723055,-0.00319579
1.75656e+09,0.00329421,0.892288,-0.139787,0.0495333,0.0243293,-0.00723055,-0.00745685
1.75656e+09,0.0032728,0.892369,-0.139807,0.0495089,0.0243293,-0.00723055,-0.00745685
1.75656e+09,0.00336296,0.892452,-0.139822,0.0494767,0.0243293,-0.00566716,-0.00958738
1.75656e+09,0.00349033,0.892523,-0.139838,0.0494432,0.0201701,-0.00566716,-0.00958738
1.75656e+09,0.00337865,0.89259,-0.139854,0.049418,0.0195364,-0.00566716,-0.00745685
1.75656e+09,0.0031855,0.892626,-0.139889,0.0494384,0.0108446,-0.0115716,0.00639159
1.75656e+09,0.00328815,0.892664,-0.139925,0.0495014,0.0108446,-0.0115716,0.0191748
1.75656e+09,0.00358127,0.892705,-0.139966,0.0495739,0.0108446,-0.0118912,0.02024
1.75656e+09,0.00342413,0.892768,-0.140004,0.0496797,0.0179261,-0.0118912,0.0308927
1.75656e+09,0.00336896,0.892853,-0.140048,0.0497981,0.0245034,-0.0144309,0.0351537
1.75656e+09,0.00302496,0.892929,-0.140094,0.0499302,0.0245034,-0.0165376,0.0436758
1.75656e+09,0.00325213,0.892991,-0.140154,0.0501208,0.0179261,-0.0193428,0.0585895
1.75656e+09,0.00369059,0.893085,-0.140221,0.0503449,0.0245034,-0.0193428,0.0607201
1.75656e+09,0.00325238,0.893168,-0.140286,0.0505424,0.0245034,-0.0211298,0.0607201
1.75656e+09,0.00313603,0.893256,-0.140351,0.0507328,0.0270401,-0.0221333,0.0607201
1.75656e+09,0.003416,0.893353,-0.14044,0.0509329,0.0270401,-0.0275114,0.0585895
1.75656e+09,0.0031407,0.893442,-0.140525,0.0511136,0.0270401,-0.0284223,0.0575243
1.75656e+09,0.00343934,0.89354,-0.140615,0.0513041,0.0270401,-0.0277237,0.0553937
1.75656e+09,0.00342143,0.893638,-0.140707,0.0515009,0.0272419,-0.0284223,0.0575243
1.75656e+09,0.00316935,0.893702,-0.140792,0.0516765,0.0187029,-0.0277237,0.0553937
1.75656e+09,0.00348311,0.893772,-0.140885,0.0518694,0.0187029,-0.0277237,0.0553937
1.75656e+09,0.00349513,0.893841,-0.140965,0.052063,0.0187029,-0.0238645,0.0553937
1.75656e+09,0.00302825,0.893887,-0.141024,0.0522082,0.0141094,-0.0203257,0.0479369
1.75656e+09,0.00345063,0.89394,-0.141092,0.0523479,0.0141094,-0.0203257,0.04048
1.75656e+09,0.00336129,0.893991,-0.141164,0.0524839,0.0141094,-0.0222369,0.04048
1.75656e+09,0.00316125,0.894044,-0.141226,0.0525984,0.0158069,-0.0203257,0.036219
1.75656e+09,0.00348104,0.894103,-0.141293,0.0527171,0.0158069,-0.0203257,0.0340885
1.75656e+09,0.00334786,0.894168,-0.14135,0.0528277,0.0186783,-0.0180079,0.0330232
1.75656e+09,0.00337201,0.894224,-0.141394,0.0529175,0.0158069,-0.0137997,0.0266316
1.75656e+09,0.00334912,0.894278,-0.141417,0.0530031,0.0158069,-0.0075937,0.0255663
1.75656e+09,0.00330625,0.894341,-0.141438,0.0530841,0.0186783,-0.00742709,0.0245011
1.75656e+09,0.00336471,0.894418,-0.141459,0.0531558,0.0223759,-0.00742709,0.0213053
1.75656e+09,0.00424523,0.894514,-0.141486,0.0532462,0.0223759,-0.0075937,0.0213053
1.75656e+09,0.00252723,0.894571,-0.141494,0.0532947,0.0223759,-0.00459319,0.0191748
1.75656e+09,0.00338019,0.894634,-0.141526,0.0533775,0.017895,-0.0101864,0.0245011
1.75656e+09,0.00312729,0.894666,-0.141577,0.0534541,0.00943624,-0.0170923,0.0245011
1.75656e+09,0.00336779,0.894701,-0.141634,0.0535402,0.00943624,-0.0173444,0.0255663
1.75656e+09,0.00334434,0.894755,-0.141688,0.0536542,0.0152963,-0.0170923,0.0340885
1.75656e+09,0.00945798,0.894883,-0.141843,0.0539766,0.0126457,-0.0170923,0.0340885
1.75656e+09,0.00024933,0.894887,-0.141846,0.0539867,0.0152963,-0.0111398,0.04048
1.75656e+09,0.00347378,0.894953,-0.141881,0.0541348,0.0183584,-0.0111398,0.0426106
1.75656e+09,0.00334855,0.895006,-0.141916,0.0543095,0.0152963,-0.0111398,0.052198
1.75656e+09,0.00328086,0.895083,-0.141961,0.0544808,0.0225772,-0.0149567,0.052198
1.75656e+09,0.00334538,0.895166,-0.142006,0.054659,0.0242835,-0.0149628,0.0532632
1.75656e+09,0.00337564,0.895251,-0.142052,0.0548352,0.0242835,-0.0149628,0.052198
1.75656e+09,0.00363864,0.895294,-0.142104,0.0550174,0.0110654,-0.0149628,0.0500674
1.75656e+09,0.00329932,0.895338,-0.142127,0.0551439,0.0127951,-0.00764353,0.0383495
1.75656e+09,0.00327105,0.895381,-0.14215,0.0552693,0.0127951,-0.00764353,0.0383495
1.75656e+09,0.00304689,0.895421,-0.142171,0.0553797,0.0127951,-0.00764353,0.036219
1.75656e+09,0.00357889,0.895494,-0.142211,0.0555017,0.0197252,-0.0122455,0.0340885
1.75656e+09,0.00317742,0.895559,-0.142246,0.0555965,0.0197252,-0.0122455,0.0298274
1.75656e+09,0.00343291,0.895629,-0.142284,0.0556733,0.0197252,-0.0122455,0.0223706
1.75656e+09,0.00333941,0.895649,-0.142292,0.0557444,0.00608666,-0.00267392,0.0213053
1.75656e+09,0.00349332,0.895671,-0.142289,0.0557705,0.00608666,0.000643938,0.00745685
1.75656e+09,0.00317865,0.89569,-0.142286,0.0557637,0.00608666,0.000643938,-0.00213053
1.75656e+09,0.00329145,0.89573,-0.142281,0.0557567,0.0122023,0.000643938,-0.00213053
1.75656e+09,0.00345139,0.895772,-0.142288,0.0557383,0.0122023,-0.00262744,-0.00532632
1.75656e+09,0.00327322,0.895813,-0.142294,0.0557209,0.0122023,-0.00262744,-0.00532632
1.75656e+09,0.0032804,0.895832,-0.142302,0.0557034,0.00575147,-0.00262744,-0.00532632
1.75656e+09,0.00332484,0.895851,-0.142303,0.0556963,0.00575147,-0.00078186,-0.00213053
1.75656e+09,0.00319771,0.895869,-0.1423,0.0557201,0.00575147,0.000615189,0.00745685
1.75656e+09,0.00348173,0.89591,-0.142291,0.0557498,0.0118621,0.00198473,0.00852211
1.75656e+09,0.00326374,0.895948,-0.142273,0.0557846,0.0118621,0.00503098,0.0106526
1.75656e+09,0.00338592,0.895987,-0.142248,0.0558243,0.0118621,0.00666165,0.0117179
1.75656e+09,0.00329923,0.896015,-0.14223,0.0558664,0.00868935,0.00503098,0.0127832
1.75656e+09,0.00355966,0.896045,-0.142221,0.0559157,0.00868935,0.00198473,0.0138484
1.75656e+09,0.00323602,0.896073,-0.142219,0.0559743,0.00868935,4.95751e-05,0.0181095
1.75656e+09,0.00340163,0.896085,-0.14222,0.0560504,0.00352913,-0.000288664,0.0223706
1.75656e+09,0.00315744,0.896096,-0.14222,0.0561211,0.00352913,-0.000288664,0.0223706
1.75656e+09,0.00321493,0.896108,-0.142219,0.056193,0.00352913,4.95751e-05,0.0223706
1.75656e+09,0.00355062,0.89612,-0.142216,0.0562724,0.00352913,0.000599592,0.0223706
1.75656e+09,0.00315631,0.896131,-0.142208,0.056343,0.00352913,0.00227878,0.0223706
1.75656e+09,0.00326804,0.896158,-0.142196,0.0564022,0.00857592,0.00325522,0.0181095
1.75656e+09,0.00357617,0.896216,-0.14218,0.056467,0.0163018,0.00347125,0.0181095
1.75656e+09,0.00313957,0.896266,-0.142167,0.0565138,0.0163018,0.00325522,0.0149137
1.75656e+09,0.00336752,0.896321,-0.142157,0.0565497,0.0163018,0.00227878,0.0106526
1.75656e+09,0.00355231,0.896354,-0.142156,0.0565459,0.00932702,-0.000399273,-0.00106526
1.75656e+09,0.00327354,0.89638,-0.142156,0.0565424,0.00793369,-0.000399273,-0.00106526
1.75656e+09,0.0032275,0.896405,-0.142156,0.0565252,0.00793369,-0.000399273,-0.00532632
1.75656e+09,0.00339162,0.896432,-0.142147,0.0565035,0.00793369,0.00207432,-0.00639159
1.75656e+09,0.00328746,0.896457,-0.142125,0.056472,0.00793369,0.00619847,-0.00958738
1.75656e+09,0.00315242,0.896477,-0.142105,0.0564283,0.00671462,0.00619847,-0.0138484
1.75656e+09,0.00368149,0.896515,-0.142081,0.0563774,0.0107024,0.00584024,-0.0138484
1.75656e+09,0.0030856,0.896562,-0.14206,0.0563478,0.0155253,0.00584024,-0.00958738
1.75656e+09,0.00332037,0.896612,-0.142041,0.0563407,0.0155253,0.00503637,-0.00213053
1.75656e+09,0.00338224,0.896664,-0.142021,0.0563335,0.0155253,0.00498823,-0.00213053
1.75656e+09,0.00347703,0.896717,-0.14201,0.0563261,0.0155253,0.0021997,-0.00213053
1.75656e+09,0.0032911,0.896762,-0.142004,0.0563226,0.0138134,0.00110594,-0.00106526
1.75656e+09,0.00352401,0.896801,-0.142009,0.0563188,0.0109108,-0.00196026,-0.00106526
1.75656e+09,0.002991,0.896811,-0.142035,0.0562933,0.00288399,-0.00897416,-0.00852211
1.75656e+09,0.00352375,0.896824,-0.142074,0.0562933,0.00288399,-0.0112482,0
1.75656e+09,0.00334156,0.896836,-0.142118,0.0562969,0.00288399,-0.0132502,0.00106526
1.75656e+09,0.00313813,0.896847,-0.142159,0.0563002,0.00288399,-0.0132502,0.00106526
1.75656e+09,0.00347255,0.89686,-0.142204,0.0563039,0.00288399,-0.0132502,0.00106526
1.75656e+09,0.00331316,0.896862,-0.142201,0.0563075,0.000852981,0.000906194,0.00106526
1.75656e+09,0.00329335,0.896864,-0.142184,0.0563531,0.000852981,0.00517647,0.0138484
1.75656e+09,0.00332724,0.896866,-0.142167,0.0564169,0.000852981,0.00517647,0.0191748
1.75656e+09,0.00341418,0.896882,-0.142159,0.0564823,0.00474774,0.0018945,0.0191748
1.75656e+09,0.00330163,0.896897,-0.142152,0.0565386,0.00477089,0.0018945,0.0170442
1.75656e+09,0.0031774,0.896913,-0.142156,0.0565928,0.00477089,-0.00148282,0.0170442
1.75656e+09,0.00350649,0.89693,-0.14216,0.0566488,0.00477089,-0.00153715,0.015979
1.75656e+09,0.00318463,0.896944,-0.142165,0.0566997,0.0044567,-0.00187167,0.015979
1.75656e+09,0.00334623,0.89696,-0.142178,0.0567282,0.0044567,-0.0040153,0.00852211
1.75656e+09,0.00379055,0.896976,-0.142184,0.0567524,0.00413791,-0.00187167,0.00639159
1.75656e+09,0.00300089,0.896976,-0.142202,0.0567716,-0.000297835,-0.00586736,0.00639159
1.75656e+09,0.00355402,0.896971,-0.142223,0.056783,-0.0018234,-0.00586736,0.00319579
1.75656e+09,0.00328769,0.896963,-0.142215,0.056783,-0.002101,0.00253759,0
1.75656e+09,0.00327003,0.896956,-0.142207,0.0567725,-0.002101,0.00272276,-0.00319579
1.75656e+09,0.00359891,0.896949,-0.142191,0.0567495,-0.0018234,0.0044281,-0.00639159
1.75656e+09,0.00289535,0.896966,-0.142177,0.056731,0.00634184,0.0044281,-0.00639159
1.75656e+09,0.00339932,0.896987,-0.142162,0.0567201,0.00634184,0.00400521,-0.00319579
1.75656e+09,0.00319469,0.897006,-0.142148,0.0567065,0.00634184,0.00400521,-0.00426106
1.75656e+09,0.00346277,0.896977,-0.142155,0.0566918,-0.00868306,-0.00131083,-0.00426106
1.75656e+09,0.00325475,0.896949,-0.142168,0.0566814,-0.00868306,-0.00350214,-0.00319579
1.75656e+09,0.00324246,0.896922,-0.142181,0.0566676,-0.00868306,-0.00350214,-0.00426106
1.75656e+09,0.00345555,0.896906,-0.142207,0.0566528,-0.00491313,-0.00736875,-0.00426106
1.75656e+09,0.00336209,0.896896,-0.142219,0.0566421,-0.00328772,-0.00350214,-0.00319579
1.75656e+09,0.00329667,0.896892,-0.142231,0.0566421,-0.00121477,-0.00350214,0
1.75656e+09,0.00339932,0.896889,-0.142236,0.0566457,-0.00121477,-0.00141875,0.00106526
1.75656e+09,0.00333526,0.896895,-0.142241,0.0566599,0.0019999,-0.00141875,0.00426106
1.75656e+09,0.00318846,0.896906,-0.142244,0.0566871,0.00335713,-0.00141875,0.00852211
1.75656e+09,0.00348289,0.89693,-0.142257,0.0567168,0.00646883,-0.00410368,0.00852211
1.75656e+09,0.00323472,0.896951,-0.14227,0.0567443,0.00646883,-0.00410368,0.00852211
1.75656e+09,0.00341381,0.896974,-0.142282,0.0567734,0.00646883,-0.00410368,0.00852211
1.75656e+09,0.00324389,0.896979,-0.142295,0.0568253,0.00123428,-0.00410368,0.015979
1.75656e+09,0.00338218,0.89698,-0.142278,0.0568721,0.000577837,0.00496457,0.0138484
1.75656e+09,0.00327913,0.896973,-0.142263,0.0569001,-0.00171954,0.00496457,0.00852211
1.75656e+09,0.00351913,0.896963,-0.142246,0.0569151,-0.00275734,0.00496457,0.00426106
1.75656e+09,0.00325177,0.896956,-0.14223,0.056922,-0.00171954,0.00496457,0.00213053
1.75656e+09,0.00318163,0.896949,-0.142204,0.0569288,-0.00171954,0.00808414,0.00213053
1.75656e+09,0.00335981,0.896944,-0.142207,0.056918,-0.00171954,-0.000810012,-0.00319579
1.75656e+09,0.00333799,0.896938,-0.142208,0.0569074,-0.00180567,-8.0959e-05,-0.00319579
1.75656e+09,0.00317043,0.896938,-0.142208,0.0568905,-1.45564e-05,-8.0959e-05,-0.00532632
1.75656e+09,0.0034331,0.896943,-0.142226,0.0568576,0.00129102,-0.00525289,-0.00958738
1.75656e+09,0.00357463,0.896949,-0.142247,0.0568081,0.00129102,-0.00595272,-0.0138484
1.75656e+09,0.00322495,0.89694,-0.142265,0.0567634,-0.00298657,-0.00525289,-0.0138484
1.75656e+09,0.00319311,0.896935,-0.142285,0.0567192,-0.00209599,-0.00629123,-0.0138484
1.75656e+09,0.00342376,0.896929,-0.142307,0.0566645,-0.00209599,-0.00629123,-0.015979
1.75656e+09,0.00322614,0.896923,-0.142323,0.0566129,-0.00209599,-0.00493256,-0.015979
1.75656e+09,0.00347724,0.896918,-0.14233,0.0565759,-0.00141693,-0.00175464,-0.0106526
1.75656e+09,0.00322514,0.896914,-0.142335,0.0565415,-0.00141693,-0.00175464,-0.0106526
1.75656e+09,0.00334342,0.89691,-0.142342,0.0565059,-0.00141693,-0.00175464,-0.0106526
1.75656e+09,0.00336433,0.896892,-0.142347,0.056488,-0.00529958,-0.00140569,-0.00532632
1.75656e+09,0.00341334,0.896873,-0.142353,0.0564734,-0.00576709,-0.00140569,-0.00426106
1.75656e+09,0.00308896,0.896855,-0.142359,0.0564603,-0.00576709,-0.00140569,-0.00426106
1.75656e+09,0.00373816,0.896835,-0.142357,0.0564762,-0.00529958,0.000723766,0.00426106
1.75656e+09,0.00307626,0.896821,-0.142354,0.0564959,-0.00446061,0.00136428,0.00639159
1.75656e+09,0.00332749,0.89683,-0.142349,0.0565242,0.00273656,0.00136428,0.00852211
1.75656e+09,0.00348421,0.896846,-0.142345,0.0565465,0.00468489,0.000723766,0.00639159
1.75656e+09,0.00313973,0.896856,-0.14236,0.0565666,0.00273656,-0.00483114,0.00639159
1.75656e+09,0.00334578,0.896873,-0.142386,0.0565879,0.00468489,-0.00806995,0.00639159
1.75656e+09,0.00351155,0.8969,-0.142417,0.0565992,0.00710373,-0.00944582,0.00319579
1.75656e+09,0.00340689,0.896926,-0.142448,0.0566101,0.00710373,-0.00944582,0.00319579
1.75656e+09,0.00333438,0.896948,-0.142479,0.0566207,0.00601382,-0.00944582,0.00319579
1.75656e+09,0.00318843,0.896968,-0.142501,0.0566275,0.00601382,-0.00734415,0.00213053
1.75656e+09,0.00333454,0.896974,-0.142495,0.0566275,0.00194029,0.0015634,0
1.75656e+09,0.0032104,0.89698,-0.14249,0.0566138,0.00194029,0.0015634,-0.00426106
1.75656e+09,0.00374099,0.896987,-0.142484,0.0565859,0.00194029,0.00145008,-0.00745685
1.75656e+09,0.00319835,0.897005,-0.142478,0.0565519,0.00554919,0.00145008,-0.0106526
1.75656e+09,0.00358467,0.897024,-0.142472,0.0564526,0.00554919,0.00145008,-0.0276969
1.75656e+09,0.00309501,0.897041,-0.142467,0.0563668,0.00554919,0.00145008,-0.0276969
1.75656e+09,0.00317821,0.897063,-0.14246,0.0562788,0.00695484,0.00171457,-0.0276969
1.75656e+09,0.00324009,0.897085,-0.142453,0.0561891,0.00695484,0.00190181,-0.0276969
1.75656e+09,0.00350948,0.897103,-0.142419,0.0560919,0.00582384,0.00926894,-0.0276969
1.75656e+09,0.00345449,0.897123,-0.142386,0.0560036,0.00615496,0.00926894,-0.0255663
1.75656e+09,0.00322557,0.897144,-0.142378,0.0559314,0.00657792,0.00201179,-0.0223706
1.75656e+09,0.00346945,0.897164,-0.142362,0.0558612,0.00615496,0.00426422,-0.02024
1.75656e+09,0.0029676,0.897182,-0.142355,0.0558138,0.00610692,0.00201179,-0.015979
1.75656e+09,0.00336752,0.897202,-0.142347,0.0557922,0.00610692,0.00201179,-0.00639159
1.75656e+09,0.00364791,0.897213,-0.142331,0.0557845,0.00318985,0.00426422,-0.00213053
1.75656e+09,0.00304185,0.896949,-0.142052,0.0557877,-0.0815165,0.0963936,0.00106526
1.75656e+09,0.00349525,0.896646,-0.141731,0.0557989,-0.0815165,0.0966549,0.00319579
1.75656e+09,0.00328816,0.89636,-0.141428,0.0558094,-0.0815165,0.0966549,0.00319579
1.75656e+09,0.00326115,0.8963,-0.141116,0.0558198,-0.0131118,0.0966549,0.00319579
1.75656e+09,0.00332487,0.896256,-0.140885,0.0558092,-0.00919455,0.0701516,-0.00319579
1.75656e+09,0.00349292,0.896242,-0.140675,0.0557831,-0.000799336,0.0600923,-0.00745685
1.75656e+09,0.0031182,0.896291,-0.14049,0.0557366,0.0189723,0.058489,-0.0149137
1.75656e+09,0.00343793,0.896346,-0.140311,0.055667,0.0189723,0.0511512,-0.02024
1.75656e+09,0.00339905,0.89641,-0.1403,0.0555693,0.0189723,0.002219,-0.0287621
1.75656e+09,0.00328314,0.896439,-0.140291,0.0554189,0.00886422,0.002219,-0.0458064
1.75656e+09,0.00345562,0.896456,-0.140282,0.0552532,0.00519181,0.002219,-0.0479369
1.75656e+09,0.00338513,0.896446,-0.14026,0.0550765,-0.00273805,0.00658515,-0.052198
1.75656e+09,0.003134,0.896423,-0.140238,0.054913,-0.00681174,0.0076796,-0.052198
1.75656e+09,0.00329079,0.896366,-0.140213,0.0546921,-0.0169592,0.00830423,-0.0671116
1.75656e+09,0.00362557,0.896302,-0.140175,0.0544333,-0.0169592,0.0115218,-0.0713727
1.75656e+09,0.00334045,0.896249,-0.140139,0.0541914,-0.0153858,0.0115218,-0.072438
1.75656e+09,0.00311692,0.8962,-0.140116,0.0539623,-0.0153858,0.00830423,-0.0735032
1.75656e+09,0.00355247,0.896133,-0.140091,0.053686,-0.0184583,0.00800158,-0.0777643
1.75656e+09,0.00305591,0.896084,-0.140069,0.0534353,-0.0153858,0.00800158,-0.0820253
1.75656e+09,0.00358517,0.896033,-0.140043,0.0531413,-0.0137802,0.00800158,-0.0820253
1.75656e+09,0.00321886,0.895987,-0.140004,0.0528841,-0.0137802,0.0130475,-0.0798948
1.75656e+09,0.00312906,0.895974,-0.139963,0.0526341,-0.00333225,0.0132344,-0.0798948
1.75656e+09,0.00446482,0.895956,-0.139903,0.0522774,-0.00333225,0.0135582,-0.0798948
1.75656e+09,0.00228931,0.895947,-0.139869,0.0520945,-0.00333225,0.0151891,-0.0798948
1.75656e+09,0.00329945,0.895782,-0.139827,0.0518309,-0.0492355,0.0152744,-0.0798948
1.75656e+09,0.00329291,0.895617,-0.139785,0.0515678,-0.0492355,0.0152744,-0.0798948
1.75656e+09,0.0033791,0.895449,-0.139743,0.0513338,-0.0492355,0.0151891,-0.0692422
1.75656e+09,0.0033106,0.895379,-0.139693,0.0511116,-0.0203428,0.0161934,-0.0671116
1.75656e+09,0.0034023,0.895306,-0.139635,0.0508942,-0.0203428,0.0179676,-0.0639159
1.75656e+09,0.00335834,0.895236,-0.139594,0.0506795,-0.0203428,0.0133483,-0.0639159
1.75656e+09,0.00322369,0.895213,-0.139552,0.0504735,-0.00648791,0.0133483,-0.0639159
1.75656e+09,0.00333102,0.895189,-0.139509,0.0502748,-0.00648791,0.0133483,-0.0596548
1.75656e+09,0.00352186,0.895168,-0.139471,0.0500647,-0.00549404,0.0108826,-0.0596548
1.75656e+09,0.00326924,0.895153,-0.139439,0.0498522,-0.00393849,0.0100061,-0.0649811
1.75656e+09,0.00342218,0.895138,-0.139406,0.0496226,-0.00393849,0.0100061,-0.0671116
1.75656e+09,0.00329538,0.895118,-0.139374,0.0494014,-0.00549404,0.0100061,-0.0671116
1.75656e+09,0.00336835,0.895036,-0.13933,0.0491753,-0.0238834,0.0142822,-0.0671116
1.75656e+09,0.00412743,0.894934,-0.139275,0.0488852,-0.0238834,0.0142822,-0.0703074
1.75656e+09,0.00237981,0.894876,-0.139244,0.0487178,-0.0238834,0.0142822,-0.0703074
1.75656e+09,0.00327216,0.894869,-0.139189,0.0484878,-0.0011526,0.0168959,-0.0703074
1.75656e+09,0.00324859,0.894864,-0.139151,0.0482421,-0.0011526,0.0117245,-0.0756338
1.75656e+09,0.00343177,0.894859,-0.139134,0.0479825,-0.0011526,0.0052122,-0.0756338
1.75656e+09,0.00326108,0.894746,-0.139126,0.0477081,-0.0344433,0.00403797,-0.0841559
1.75656e+09,0.00328327,0.89461,-0.139121,0.0474318,-0.0414224,0.00363423,-0.0841559
1.75656e+09,0.00354428,0.894463,-0.139132,0.0471524,-0.0414224,-0.00138456,-0.0788296
1.75656e+09,0.00343531,0.894321,-0.139144,0.0468962,-0.0414224,-0.00138456,-0.0745685
1.75656e+09,0.00308351,0.894193,-0.139139,0.0466663,-0.0414224,0.00363423,-0.0745685
1.75656e+09,0.00381484,0.894034,-0.139106,0.0463818,-0.0414224,0.0106259,-0.0745685
1.75656e+09,0.00284337,0.893899,-0.139073,0.046191,-0.0467557,0.0136661,-0.0671116
1.75656e+09,0.0032838,0.893744,-0.139035,0.0459811,-0.0467557,0.0136661,-0.0639159
1.75656e+09,0.00355588,0.893576,-0.139005,0.0457955,-0.0467557,0.0106259,-0.052198
1.75656e+09,0.00329878,0.893485,-0.138963,0.0456514,-0.0269125,0.0139057,-0.0436758
1.75656e+09,0.00318798,0.893397,-0.138922,0.0455122,-0.0269125,0.0141159,-0.0436758
1.75656e+09,0.00352198,0.8933,-0.138877,0.0453996,-0.0269125,0.0141159,-0.0319579
1.75656e+09,0.00323497,0.893158,-0.138817,0.0452962,-0.0432362,0.020391,-0.0319579
1.75656e+09,0.00322604,0.893015,-0.138758,0.0451931,-0.0432362,0.020391,-0.0319579
1.75656e+09,0.00341585,0.892865,-0.138695,0.0451095,-0.0432362,0.020391,-0.0245011
1.75656e+09,0.00331988,0.892742,-0.138659,0.0450423,-0.0365198,0.0123947,-0.02024
1.75656e+09,0.00341258,0.892617,-0.138666,0.0449914,-0.0365198,-0.000382407,-0.0149137
1.75656e+09,0.00324729,0.892499,-0.138673,0.0449602,-0.0365198,-0.000382407,-0.00958738
1.75656e+09,0.00329184,0.892379,-0.138682,0.0449287,-0.0365198,-0.00125572,-0.00958738
1.75656e+09,0.00336337,0.892252,-0.138689,0.0448964,-0.0378873,-0.000382407,-0.00958738
1.75656e+09,0.00352129,0.892094,-0.138691,0.0448627,-0.0445757,0.00161092,-0.00958738
1.75656e+09,0.00335846,0.891945,-0.138689,0.0448305,-0.0445757,0.00264456,-0.00958738
1.75656e+09,0.00304977,0.891808,-0.138687,0.0447947,-0.0445757,0.00264456,-0.0117179
1.75656e+09,0.00342652,0.891609,-0.138675,0.0447473,-0.0578755,0.00590502,-0.0138484
1.75656e+09,0.00336311,0.891411,-0.13865,0.0447007,-0.058445,0.0101096,-0.0138484
1.75656e+09,0.00342943,0.89121,-0.138625,0.0446532,-0.058445,0.0101096,-0.0138484
1.75656e+09,0.00322723,0.891022,-0.138599,0.0446085,-0.0578755,0.0103608,-0.0138484
1.75656e+09,0.00336689,0.890859,-0.138573,0.0445511,-0.0478655,0.0101096,-0.0170442
1.75656e+09,0.00324161,0.890705,-0.138548,0.0444959,-0.0470943,0.00970972,-0.0170442
1.75656e+09,0.00344125,0.890542,-0.138525,0.0444372,-0.0470943,0.00867441,-0.0170442
1.75656e+09,0.00334982,0.890383,-0.138506,0.0443801,-0.0470943,0.0078432,-0.0170442
1.75656e+09,0.00330581,0.890231,-0.138501,0.0443238,-0.0459971,0.00358432,-0.0170442
1.75656e+09,0.00339978,0.890075,-0.138506,0.0442731,-0.0458479,0.00063644,-0.0149137
1.75656e+09,0.00324637,0.889904,-0.138511,0.0442281,-0.0527561,0.00063644,-0.0138484
1.75656e+09,0.00341221,0.889724,-0.138517,0.0441954,-0.0527561,0.00063644,-0.00958738
1.75656e+09,0.00320631,0.889554,-0.13851,0.0441818,-0.0527561,0.00460812,-0.00426106
1.75656e+09,0.00336093,0.889376,-0.138502,0.0441746,-0.0527561,0.00460812,-0.00213053
1.75656e+09,0.0034122,0.889196,-0.138494,0.044171,-0.0527561,0.00460812,-0.00106526
1.75656e+09,0.00340151,0.889189,-0.138493,0.0441746,-0.00197991,0.000613279,0.00106526
1.75656e+09,0.00325379,0.889188,-0.138493,0.0441815,-0.0001667,-8.99198e-05,0.00213053
1.75656e+09,0.0031544,0.889188,-0.138493,0.0441983,-0.000119199,-0.000100815,0.00532632
1.75656e+09,0.00341221,0.889188,-0.138494,0.0442165,-0.000107486,-0.000100815,0.00532632
1.75656e+09,0.00344387,0.889187,-0.138494,0.0442202,-0.000103982,-0.000100815,0.00106526
1.75656e+09,0.00328983,0.889187,-0.138494,0.0442377,-0.000101992,-9.81893e-05,0.00532632
1.75656e+09,0.00368933,0.889187,-0.138495,0.0442652,-9.74949e-05,-9.31913e-05,0.00745685
1.75656e+09,0.00320654,0.889186,-0.138495,0.0442754,-9.30774e-05,-8.88573e-05,0.00319579
1.75656e+09,0.00294917,0.889186,-0.138495,0.0442849,-9.10676e-05,-8.7191e-05,0.00319579
1.75656e+09,0.00333106,0.889186,-0.138496,0.0443062,-8.66642e-05,-8.35208e-05,0.00639159
1.75656e+09,0.00350671,0.889186,-0.138496,0.0443174,-8.24364e-05,-8.04233e-05,0.00319579
1.75656e+09,0.00329141,0.889185,-0.138496,0.0443068,-8.04446e-05,-7.9032e-05,-0.00319579
1.75656e+09,0.00343948,0.889185,-0.138496,0.0442959,-7.63132e-05,-7.62211e-05,-0.00319579
1.75656e+09,0.00323066,0.889185,-0.138497,0.0442477,-7.26577e-05,-7.34187e-05,-0.0149137
1.75656e+09,0.00330182,0.889185,-0.138497,0.0441949,-7.07711e-05,-7.20273e-05,-0.015979
1.75656e+09,0.00348219,0.889184,-0.138497,0.044117,-6.71816e-05,-6.93181e-05,-0.0223706
1.75656e+09,0.00317921,0.889184,-0.138497,0.0440459,-6.36578e-05,-6.63954e-05,-0.0223706
1.75656e+09,0.004097,0.889184,-0.138498,0.0439499,-6.16182e-05,-6.50878e-05,-0.0234358
1.75656e+09,0.00305779,0.889184,-0.138498,0.0438782,-5.80503e-05,-6.19391e-05,-0.0234358
1.75656e+09,0.0030409,0.889184,-0.138498,0.0438037,-5.48295e-05,-5.90832e-05,-0.0245011
1.75656e+09,0.00318745,0.889184,-0.138498,0.0437256,-5.32603e-05,-5.77268e-05,-0.0245011
1.75656e+09,0.00334073,0.889183,-0.138498,0.0436438,-5.02162e-05,-5.51968e-05,-0.0245011
1.75656e+09,0.00341968,0.889183,-0.138499,0.0435636,-4.72515e-05,-5.27377e-05,-0.0234358
1.75656e+09,0.00312631,0.889183,-0.138499,0.0435003,-4.58257e-05,-5.15186e-05,-0.02024
1.75656e+09,0.00351649,0.889183,-0.138499,0.0434404,-4.30807e-05,-4.92764e-05,-0.0170442
1.75656e+09,0.00325321,0.889183,-0.138499,0.0433884,-4.06187e-05,-4.71656e-05,-0.015979
1.75656e+09,0.00325539,0.889183,-0.138499,0.0433607,-3.94104e-05,-4.60909e-05,-0.00852211
1.75656e+09,0.00367103,0.889183,-0.138499,0.0433294,-3.71184e-05,-4.41895e-05,-0.00852211
1.75656e+09,0.00294195,0.889182,-0.1385,0.0433231,-3.48227e-05,-4.23356e-05,-0.00213053
1.75656e+09,0.00349459,0.889182,-0.1385,0.0433417,-3.37523e-05,-4.1479e-05,0.00532632
1.75656e+09,0.00333321,0.889182,-0.1385,0.0433701,-3.17025e-05,-3.96562e-05,0.00852211
1.75656e+09,0.00353519,0.889182,-0.1385,0.0434078,-2.97614e-05,-3.78657e-05,0.0106526
1.75656e+09,0.00300594,0.889182,-0.1385,0.0434398,-2.88435e-05,-3.69916e-05,0.0106526
1.75656e+09,0.00347796,0.889182,-0.1385,0.0434769,-2.70338e-05,-3.54022e-05,0.0106526
1.75656e+09,0.00327473,0.889182,-0.1385,0.0435118,-2.52173e-05,-3.40091e-05,0.0106526
1.75656e+09,0.00330645,0.889182,-0.1385,0.0435435,-2.44117e-05,-3.3349e-05,0.00958738
1.75656e+09,0.00334171,0.889182,-0.138501,0.0435577,-2.28874e-05,-3.22449e-05,0.00426106
1.75656e+09,0.00380025,0.889182,-0.138501,0.0435456,-2.14145e-05,-3.10579e-05,-0.00319579
1.75656e+09,0.00300233,0.889182,-0.138501,0.043536,-2.08142e-05,-3.02866e-05,-0.00319579
1.75656e+09,0.00324719,0.889182,-0.138501,0.0435117,-1.95605e-05,-2.92989e-05,-0.00745685
1.75656e+09,0.00341374,0.889182,-0.138501,0.0434608,-1.82664e-05,-2.83066e-05,-0.0149137
1.75656e+09,0.00317277,0.889181,-0.138501,0.0434135,-1.77539e-05,-2.78195e-05,-0.0149137
1.75656e+09,0.003742,0.889181,-0.138501,0.0433258,-1.66713e-05,-2.68803e-05,-0.0234358
1.75656e+09,0.00299835,0.889181,-0.138501,0.0432428,-1.56513e-05,-2.5969e-05,-0.0276969
1.75656e+09,0.00328469,0.889181,-0.138501,0.0431413,-1.51635e-05,-2.54864e-05,-0.0308927
1.75656e+09,0.00330144,0.889181,-0.138501,0.0430323,-1.43358e-05,-2.44542e-05,-0.0330232
1.75656e+09,0.00342984,0.889181,-0.138501,0.0429263,-1.33898e-05,-2.35447e-05,-0.0308927
1.75656e+09,0.00326428,0.889181,-0.138502,0.0428255,-1.29192e-05,-2.3091e-05,-0.0308927
1.75656e+09,0.00342462,0.889181,-0.138502,0.0427306,-1.21522e-05,-2.21683e-05,-0.0276969
1.75656e+09,0.0032859,0.889181,-0.138502,0.0426571,-1.15151e-05,-2.12022e-05,-0.0223706
1.75656e+09,0.00334618,0.889181,-0.138502,0.0425858,-1.12182e-05,-2.07424e-05,-0.0213053
1.75656e+09,0.00337633,0.889181,-0.138502,0.0425139,-1.06697e-05,-1.98543e-05,-0.0213053
1.75656e+09,0.00318472,0.889181,-0.138502,0.042446,-1.00976e-05,-1.90109e-05,-0.0213053
1.75656e+09,0.00340749,0.889181,-0.138502,0.0423734,-9.79786e-06,-1.86273e-05,-0.0213053
1.75656e+09,0.00353057,0.889181,-0.138502,0.042302,-9.28498e-06,-1.79539e-05,-0.02024
1.75656e+09,0.00318816,0.889181,-0.138502,0.0422782,-8.85947e-06,-1.73394e-05,-0.00745685
1.75656e+09,0.0031782,0.889181,-0.138502,0.0422714,-8.61954e-06,-1.70768e-05,-0.00213053
1.75656e+09,0.00342571,0.889181,-0.138502,0.0422641,-8.17685e-06,-1.64155e-05,-0.00213053
1.75656e+09,0.0034605,0.889181,-0.138502,0.0422568,-7.68973e-06,-1.57563e-05,-0.00213053
1.75656e+09,0.00328637,0.889181,-0.138502,0.0422498,-7.47016e-06,-1.5455e-05,-0.00213053
1.75656e+09,0.00337752,0.889181,-0.138502,0.0422354,-7.04972e-06,-1.4869e-05,-0.00426106
1.75656e+09,0.00311885,0.889181,-0.138502,0.0422154,-6.6634e-06,-1.43733e-05,-0.00639159
1.75656e+09,0.00338298,0.889181,-0.138502,0.0421758,-6.46148e-06,-1.41247e-05,-0.0117179
1.75656e+09,0.00347185,0.889181,-0.138503,0.0421351,-6.08945e-06,-1.36776e-05,-0.0117179
1.75656e+09,0.00324405,0.889181,-0.138503,0.0420971,-5.6861e-06,-1.32801e-05,-0.0117179
1.75656e+09,0.0031917,0.889181,-0.138503,0.0420495,-5.56214e-06,-1.3075e-05,-0.0149137
1.75656e+09,0.00348216,0.889181,-0.138503,0.0419976,-5.19563e-06,-1.26907e-05,-0.0149137
1.75656e+09,0.0033205,0.889181,-0.138503,0.0419481,-4.90274e-06,-1.23685e-05,-0.0149137
1.75656e+09,0.0032934,0.889181,-0.138503,0.0418849,-4.74023e-06,-1.22164e-05,-0.0191748
1.75656e+09,0.00343135,0.889181,-0.138503,0.0418264,-4.4752e-06,-1.19227e-05,-0.0170442
1.75656e+09,0.00328848,0.889181,-0.138503,0.0417493,-4.15913e-06,-1.16284e-05,-0.0234358
1.75656e+09,0.00325251,0.889181,-0.138503,0.0416697,-4.04351e-06,-1.14708e-05,-0.0245011
1.75656e+09,0.00354289,0.889181,-0.138503,0.0415866,-3.80476e-06,-1.1151e-05,-0.0234358
1.75656e+09,0.00322051,0.889181,-0.138503,0.0415317,-3.59434e-06,-1.08184e-05,-0.0170442
1.75656e+09,0.00324154,0.889181,-0.138503,0.0414696,-3.48775e-06,-1.06499e-05,-0.0191748
1.75656e+09,0.00342535,0.889181,-0.138503,0.0414039,-3.33574e-06,-1.02983e-05,-0.0191748
1.75656e+09,0.00328904,0.889181,-0.138503,0.0413478,-3.13539e-06,-9.96219e-06,-0.0170442
1.75656e+09,0.00331224,0.889181,-0.138503,0.0412879,-3.05062e-06,-9.78838e-06,-0.0181095
1.75656e+09,0.00358385,0.889181,-0.138503,0.041223,-2.91e-06,-9.47423e-06,-0.0181095
1.75656e+09,0.00325238,0.889181,-0.138503,0.0411745,-2.76512e-06,-9.17271e-06,-0.0149137
1.75656e+09,0.00315836,0.889181,-0.138503,0.0411307,-2.69717e-06,-9.03608e-06,-0.0138484
1.75656e+09,0.00338667,0.889181,-0.138503,0.0410946,-2.56553e-06,-8.78136e-06,-0.0106526
1.75656e+09,0.00333737,0.889181,-0.138503,0.0410626,-2.42149e-06,-8.53341e-06,-0.00958738
1.75656e+09,0.0032789,0.889181,-0.138503,0.0410452,-2.41222e-06,-8.42225e-06,-0.00532632
1.75656e+09,0.00343716,0.889181,-0.138503,0.0410452,-2.28423e-06,-8.18074e-06,0
1.75656e+09,0.00311975,0.889181,-0.138503,0.0410452,-2.16578e-06,-7.91968e-06,0
1.75656e+09,0.00342305,0.889181,-0.138503,0.0410452,-2.14898e-06,-7.79462e-06,0
1.75656e+09,0.00325514,0.889181,-0.138503,0.0410382,-2.0025e-06,-7.54361e-06,-0.00213053
1.75656e+09,0.00349823,0.889181,-0.138503,0.0410308,-1.91971e-06,-7.30544e-06,-0.00213053
1.75656e+09,0.00332261,0.889181,-0.138503,0.0410237,-1.8487e-06,-7.18564e-06,-0.00213053
1.75656e+09,0.00340993,0.88918,-0.138503,0.0410201,-1.80155e-06,-6.95882e-06,-0.00106526
1.75656e+09,0.00321787,0.88918,-0.138503,0.0410166,-1.69262e-06,-6.76907e-06,-0.00106526
1.75656e+09,0.00329106,0.88918,-0.138503,0.0410131,-1.65265e-06,-6.65905e-06,-0.00106526
1.75656e+09,0.00344792,0.88918,-0.138503,0.0409654,-1.59249e-06,-6.45773e-06,-0.0138484
1.75656e+09,0.00332494,0.88918,-0.138503,0.0408981,-1.51104e-06,-6.27658e-06,-0.02024
1.75656e+09,0.00340181,0.88918,-0.138504,0.0408256,-1.45418e-06,-6.17426e-06,-0.0213053
1.75656e+09,0.00333756,0.88918,-0.138504,0.0407474,-1.43391e-06,-6.00052e-06,-0.0234358
1.75656e+09,0.00324427,0.88918,-0.138504,0.0406575,-1.36213e-06,-5.82777e-06,-0.0276969
1.75656e+09,0.00344165,0.88918,-0.138504,0.0405512,-1.32353e-06,-5.73857e-06,-0.0308927
1.75656e+09,0.00340948,0.88918,-0.138504,0.040435,-1.27006e-06,-5.56627e-06,-0.0340885
1.75656e+09,0.00306645,0.88918,-0.138504,0.0403305,-1.20703e-06,-5.39456e-06,-0.0340885
1.75656e+09,0.0158734,0.88918,-0.138504,0.0397894,-1.20703e-06,-5.3149e-06,-0.0340885
1.75656e+09,0.000706574,0.88918,-0.138504,0.0397653,-1.20703e-06,-5.14983e-06,-0.0340885
1.75656e+09,0.00345829,0.88918,-0.138504,0.0396363,-1.18032e-06,-5.00889e-06,-0.0372843
1.75656e+09,0.00325757,0.88918,-0.138504,0.03956,-1.11405e-06,-5.00889e-06,-0.0234358
1.75656e+09,0.00324684,0.88918,-0.138504,0.0394839,-1.02199e-06,-4.85726e-06,-0.0234358
1.75656e+09,0.00355594,0.88918,-0.138504,0.0394044,-1.02099e-06,-4.72274e-06,-0.0223706
1.75656e+09,0.00311987,0.88918,-0.138504,0.0393512,-9.9114e-07,-4.65756e-06,-0.0170442
1.75656e+09,0.00365521,0.88918,-0.138504,0.0392928,-9.2827e-07,-4.51356e-06,-0.015979
1.75656e+09,0.00319216,0.88918,-0.138504,0.0392418,-9.26057e-07,-4.36004e-06,-0.015979
1.75656e+09,0.00321531,0.88918,-0.138504,0.0391904,-8.86916e-07,-4.27618e-06,-0.015979
1.75656e+09,0.00342271,0.88918,-0.138504,0.0391321,-8.74872e-07,-4.12223e-06,-0.0170442
1.75656e+09,0.00328283,0.88918,-0.138504,0.0390656,-8.24042e-07,-3.99071e-06,-0.02024
1.75656e+09,0.00323539,0.88918,-0.138504,0.0389967,-8.12759e-07,-3.92267e-06,-0.0213053
1.75656e+09,0.00362769,0.88918,-0.138504,0.0389194,-7.66704e-07,-3.79725e-06,-0.0213053
1.75656e+09,0.00322542,0.88918,-0.138504,0.0388507,-7.30527e-07,-3.66669e-06,-0.0213053
1.75656e+09,0.00322542,0.88918,-0.138504,0.038782,-7.15668e-07,-3.61915e-06,-0.0213053
1.75656e+09,0.00329853,0.88918,-0.138504,0.0386906,-7.05877e-07,-3.49809e-06,-0.0276969
1.75656e+09,0.00349333,0.88918,-0.138504,0.0385901,-6.87896e-07,-3.38021e-06,-0.0287621
1.75656e+09,0.0038886,0.88918,-0.138504,0.0384617,-6.85454e-07,-3.32061e-06,-0.0330232
1.75656e+09,0.00284204,0.88918,-0.138504,0.0383527,-6.31338e-07,-3.22423e-06,-0.0383495
1.75656e+09,0.00322127,0.88918,-0.138504,0.0382292,-6.09356e-07,-3.11853e-06,-0.0383495
1.75656e+09,0.00319731,0.88918,-0.138504,0.0381032,-6.00891e-07,-3.07267e-06,-0.0394148
1.75656e+09,0.00346348,0.88918,-0.138504,0.0379666,-5.99961e-07,-2.97077e-06,-0.0394148
1.75656e+09,0.00338028,0.88918,-0.138504,0.0378334,-5.88425e-07,-2.89003e-06,-0.0394148
1.75656e+09,0.00320645,0.88918,-0.138504,0.037707,-5.7586e-07,-2.84912e-06,-0.0394148
1.75656e+09,0.00342893,0.88918,-0.138504,0.0375719,-5.45859e-07,-2.75789e-06,-0.0394148
1.75656e+09,0.00331789,0.88918,-0.138504,0.0374446,-5.29358e-07,-2.67099e-06,-0.0383495
1.75656e+09,0.00314894,0.88918,-0.138504,0.0373306,-5.17942e-07,-2.62016e-06,-0.036219
1.75656e+09,0.00350177,0.88918,-0.138504,0.037215,-5.17467e-07,-2.53021e-06,-0.0330232
1.75656e+09,0.00328275,0.88918,-0.138504,0.0371275,-5.01229e-07,-2.44039e-06,-0.0266316
1.75656e+09,0.00334343,0.88918,-0.138504,0.0370385,-4.99985e-07,-2.39943e-06,-0.0266316
1.75656e+09,0.00346681,0.88918,-0.138504,0.0369535,-4.79305e-07,-2.30701e-06,-0.0245011
1.75656e+09,0.00330468,0.88918,-0.138504,0.0368867,-4.63036e-07,-2.23848e-06,-0.02024
1.75656e+09,0.00313696,0.88918,-0.138504,0.0368466,-4.488e-07,-2.19595e-06,-0.0127832
1.75656e+09,0.00351557,0.88918,-0.138504,0.0368016,-4.36511e-07,-2.13203e-06,-0.0127832
1.75656e+09,0.00335768,0.88918,-0.138504,0.0367587,-4.33669e-07,-2.05013e-06,-0.0127832
1.75656e+09,0.00329165,0.88918,-0.138504,0.0367271,-4.30751e-07,-2.02139e-06,-0.00958738
1.75656e+09,0.0144129,0.88918,-0.138504,0.0365275,-4.10909e-07,-1.9603e-06,-0.0138484
1.75656e+09,0.00231333,0.88918,-0.138504,0.0364955,-3.89392e-07,-1.90922e-06,-0.0138484
1.75656e+09,0.00316014,0.88918,-0.138504,0.0364517,-3.72488e-07,-1.75045e-06,-0.0138484
1.75656e+09,0.0032715,0.88918,-0.138504,0.0363995,-3.51418e-07,-1.72859e-06,-0.015979
1.75656e+09,0.0035265,0.88918,-0.138504,0.0363243,-3.44938e-07,-1.68224e-06,-0.0213053
1.75656e+09,0.00322484,0.88918,-0.138504,0.036235,-3.38248e-07,-1.67072e-06,-0.0276969
1.75656e+09,0.00334518,0.88918,-0.138504,0.0361388,-3.3115e-07,-1.6431e-06,-0.0287621
1.75656e+09,0.00351482,0.88918,-0.138504,0.0360377,-3.26163e-07,-1.61817e-06,-0.0287621
1.75656e+09,0.0030825,0.88918,-0.138504,0.0359293,-3.12697e-07,-1.6068e-06,-0.0351537
1.75656e+09,0.0035217,0.88918,-0.138504,0.0358055,-3.12697e-07,-1.5732e-06,-0.0351537
1.75656e+09,0.00330251,0.88918,-0.138504,0.0356895,-3.12697e-07,-1.55135e-06,-0.0351537
1.75656e+09,0.00322568,0.88918,-0.138504,0.0355761,-3.11199e-07,-1.5316e-06,-0.0351537
1.75656e+09,0.00346652,0.88918,-0.138504,0.0354727,-3.09023e-07,-1.50984e-06,-0.0298274
1.75656e+09,0.00330442,0.88918,-0.138504,0.0353741,-2.96517e-07,-1.47431e-06,-0.0298274
1.75656e+09,0.00318124,0.88918,-0.138504,0.0352792,-2.95332e-07,-1.46091e-06,-0.0298274
1.75656e+09,0.0035349,0.88918,-0.138504,0.0351738,-2.95332e-07,-1.42899e-06,-0.0298274
1.75656e+09,0.00330462,0.88918,-0.138504,0.0350752,-2.95332e-07,-1.39678e-06,-0.0298274
1.75656e+09,0.0032,0.88918,-0.138504,0.0349798,-2.91639e-07,-1.37911e-06,-0.0298274
1.75656e+09,0.00339544,0.88918,-0.138504,0.0348821,-2.91639e-07,-1.34618e-06,-0.0287621
1.75656e+09,0.00347662,0.88918,-0.138504,0.0348302,-2.91639e-07,-1.32013e-06,-0.0149137
1.75656e+09,0.00317779,0.88918,-0.138504,0.0348066,-2.80744e-07,-1.31168e-06,-0.00745685
1.75656e+09,0.0033271,0.88918,-0.138504,0.0347924,-2.75343e-07,-1.29724e-06,-0.00426106
1.75656e+09,0.00329326,0.88918,-0.138504,0.0347818,-2.75343e-07,-1.26715e-06,-0.00319579
1.75656e+09,0.00328819,0.88918,-0.138504,0.0347748,-2.74986e-07,-1.25911e-06,-0.00213053
1.75656e+09,0.00328161,0.88918,-0.138504,0.0347679,-2.75343e-07,-1.24131e-06,-0.00213053
1.75656e+09,0.00354499,0.88918,-0.138504,0.0347603,-2.76489e-07,-1.2405e-06,-0.00213053
1.75656e+09,0.00329101,0.88918,-0.138504,0.0347428,-2.76489e-07,-1.2405e-06,-0.00532632
1.75656e+09,0.00354811,0.88918,-0.138504,0.0347125,-2.76489e-07,-1.24131e-06,-0.00852211
1.75656e+09,0.00318034,0.88918,-0.138504,0.0346787,-2.81038e-07,-1.24898e-06,-0.0106526
1.75656e+09,0.00332671,0.88918,-0.138504,0.0346326,-2.83331e-07,-1.25833e-06,-0.0138484
1.75656e+09,0.00334643,0.88918,-0.138504,0.0345862,-2.83331e-07,-1.27039e-06,-0.0138484
1.75656e+09,0.00332493,0.88918,-0.138504,0.0345154,-2.8711e-07,-1.28978e-06,-0.0213053
1.75656e+09,0.0032217,0.88918,-0.138504,0.0344433,-2.901e-07,-1.3071e-06,-0.0223706
1.75656e+09,0.00338912,0.88918,-0.138504,0.0343531,-2.95652e-07,-1.32731e-06,-0.0266316
1.75656e+09,0.00334079,0.88918,-0.138504,0.0342463,-2.98641e-07,-1.35737e-06,-0.0319579
1.75656e+09,0.00316414,0.88918,-0.138504,0.0341452,-3.12427e-07,-1.37029e-06,-0.0319579
1.75656e+09,0.00342294,0.88918,-0.138504,0.0340358,-3.26771e-07,-1.4023e-06,-0.0319579
1.75656e+09,0.00327875,0.88918,-0.138504,0.033931,-3.27452e-07,-1.41632e-06,-0.0319579
1.75656e+09,0.00381003,0.88918,-0.138504,0.0338214,-3.29006e-07,-1.41656e-06,-0.0287621
1.75656e+09,0.00319567,0.88918,-0.138504,0.0337329,-3.29006e-07,-1.43685e-06,-0.0276969
1.75656e+09,0.00355743,0.88918,-0.138504,0.0336344,-3.50379e-07,-1.4535e-06,-0.0276969
1.75656e+09,0.00293989,0.88918,-0.138504,0.033553,-3.50379e-07,-1.4535e-06,-0.0276969
1.75656e+09,0.00339148,0.88918,-0.138504,0.033459,-3.50379e-07,-1.4535e-06,-0.0276969
1.75656e+09,0.00322612,0.88918,-0.138504,0.0333697,-3.50379e-07,-1.4535e-06,-0.0276969
1.75656e+09,0.00334588,0.88918,-0.138504,0.0333198,-3.74593e-07,-1.48575e-06,-0.0149137
1.75656e+09,0.00333471,0.88918,-0.138504,0.0332736,-3.94264e-07,-1.49041e-06,-0.0138484
1.75656e+09,0.00329663,0.88918,-0.138504,0.033249,-3.94264e-07,-1.50781e-06,-0.00745685
1.75656e+09,0.00338479,0.88918,-0.138504,0.0332382,-3.94264e-07,-1.51721e-06,-0.00319579
1.75656e+09,0.00323053,0.88918,-0.138504,0.0332279,-3.94264e-07,-1.51721e-06,-0.00319579
1.75656e+09,0.00340799,0.88918,-0.138504,0.033217,-3.94264e-07,-1.51721e-06,-0.00319579
1.75656e+09,0.00320654,0.88918,-0.138504,0.0332067,-3.89301e-07,-1.51276e-06,-0.00319579
1.75656e+09,0.00348472,0.88918,-0.138504,0.0332216,-3.88586e-07,-1.50502e-06,0.00426106
1.75656e+09,0.00314936,0.88918,-0.138504,0.0332417,-3.84539e-07,-1.49177e-06,0.00639159
1.75656e+09,0.00334944,0.88918,-0.138504,0.0332631,-3.79133e-07,-1.48778e-06,0.00639159
1.75656e+09,0.00346789,0.88918,-0.138504,0.0332853,-3.78829e-07,-1.48064e-06,0.00639159
1.75656e+09,0.00333917,0.88918,-0.138504,0.0333066,-3.73696e-07,-1.47967e-06,0.00639159
1.75656e+09,0.00314937,0.88918,-0.138504,0.0333033,-3.67265e-07,-1.47625e-06,-0.00106526
1.75656e+09,0.00341274,0.88918,-0.138504,0.0332669,-3.58206e-07,-1.47434e-06,-0.0106526
1.75656e+09,0.00720496,0.88918,-0.138504,0.0331518,-3.55027e-07,-1.47434e-06,-0.015979
1.75656e+09,0.00283373,0.88918,-0.138504,0.0331065,-3.55027e-07,-1.47967e-06,-0.015979
1.75656e+09,0.00343004,0.88918,-0.138504,0.0330444,-3.55027e-07,-1.4815e-06,-0.0181095
1.75656e+09,0.00312937,0.88918,-0.138504,0.0329777,-3.47219e-07,-1.49778e-06,-0.0213053
1.75656e+09,0.00356054,0.88918,-0.138504,0.0328753,-3.47219e-07,-1.50423e-06,-0.0287621
1.75656e+09,0.00333777,0.88918,-0.138504,0.0327758,-3.49429e-07,-1.5138e-06,-0.0298274
1.75656e+09,0.00321101,0.88918,-0.138504,0.0326663,-3.47219e-07,-1.52379e-06,-0.0340885
1.75656e+09,0.00334136,0.88918,-0.138504,0.0325524,-3.47219e-07,-1.53533e-06,-0.0340885
1.75656e+09,0.0036028,0.88918,-0.138504,0.0324296,-3.37754e-07,-1.55466e-06,-0.0340885
1.75656e+09,0.00302924,0.88918,-0.138504,0.0323263,-3.37754e-07,-1.56149e-06,-0.0340885
1.75656e+09,0.0034181,0.88918,-0.138504,0.0322207,-3.35322e-07,-1.56456e-06,-0.0308927
1.75656e+09,0.00335187,0.88918,-0.138504,0.0321172,-3.35322e-07,-1.58841e-06,-0.0308927
1.75656e+09,0.00325568,0.88918,-0.138504,0.0320374,-3.35322e-07,-1.59375e-06,-0.0245011
1.75656e+09,0.00322115,0.88918,-0.138504,0.0319619,-3.32839e-07,-1.59492e-06,-0.0234358
1.75656e+09,0.00368799,0.88918,-0.138504,0.0318755,-3.32839e-07,-1.59511e-06,-0.0234358
1.75656e+09,0.00310534,0.88918,-0.138504,0.0318159,-3.32839e-07,-1.61074e-06,-0.0191748
1.75656e+09,0.00344737,0.88918,-0.138504,0.0317572,-3.32539e-07,-1.61584e-06,-0.0170442
1.75656e+09,0.00317769,0.88918,-0.138504,0.0317064,-3.29591e-07,-1.61874e-06,-0.015979
1.75656e+09,0.00349814,0.88918,-0.138505,0.0316542,-3.2825e-07,-1.61927e-06,-0.0149137
1.75656e+09,0.0147831,0.88918,-0.138505,0.031544,-3.2469e-07,-1.62182e-06,-0.00745685
1.75656e+09,0.00163956,0.88918,-0.138505,0.0315353,-3.13328e-07,-1.63256e-06,-0.00532632
1.75656e+09,0.00323391,0.88918,-0.138505,0.0315112,-2.94457e-07,-1.67147e-06,-0.00745685
1.75656e+09,0.0034208,0.88918,-0.138505,0.0314857,-2.89728e-07,-1.67691e-06,-0.00745685
1.75656e+09,0.00328188,0.88918,-0.138505,0.0314332,-2.89521e-07,-1.6877e-06,-0.015979
1.75656e+09,0.00352261,0.88918,-0.138505,0.0313657,-2.80474e-07,-1.69885e-06,-0.0191748
1.75656e+09,0.00348984,0.88918,-0.138505,0.0312987,-2.77281e-07,-1.70835e-06,-0.0191748
1.75656e+09,0.00318149,0.88918,-0.138505,0.0312276,-2.75764e-07,-1.71424e-06,-0.0223706
1.75656e+09,0.00323647,0.88918,-0.138505,0.0311552,-2.70231e-07,-1.71424e-06,-0.0223706
1.75656e+09,0.00334536,0.88918,-0.138505,0.0310803,-2.65162e-07,-1.71424e-06,-0.0223706
1.75656e+09,0.00347082,0.88918,-0.138505,0.0310027,-2.61446e-07,-1.70243e-06,-0.0223706
1.75656e+09,0.00334915,0.88918,-0.138505,0.0309278,-2.50011e-07,-1.70047e-06,-0.0223706
1.75656e+09,0.00324794,0.88918,-0.138505,0.0308517,-2.49878e-07,-1.68375e-06,-0.0234358
1.75656e+09,0.00347497,0.88918,-0.138505,0.0307739,-2.49841e-07,-1.679e-06,-0.0223706
1.75656e+09,0.00318848,0.88918,-0.138505,0.0307026,-2.47262e-07,-1.6752e-06,-0.0223706
1.75656e+09,0.00352937,0.88918,-0.138505,0.0306312,-2.36646e-07,-1.64634e-06,-0.02024
1.75656e+09,0.00321012,0.88918,-0.138505,0.0306072,-2.21491e-07,-1.63003e-06,-0.00745685
1.75656e+09,0.00349987,0.88918,-0.138505,0.0305811,-2.17897e-07,-1.61875e-06,-0.00745685
1.75656e+09,0.00314342,0.88918,-0.138505,0.0305577,-2.13203e-07,-1.59355e-06,-0.00745685
1.75656e+09,0.00336906,0.88918,-0.138505,0.0305361,-2.17897e-07,-1.57819e-06,-0.00639159
1.75656e+09,0.00313179,0.88918,-0.138505,0.0305161,-2.10505e-07,-1.57819e-06,-0.00639159
1.75656e+09,0.00331287,0.88918,-0.138505,0.0305197,-2.10505e-07,-1.55083e-06,0.00106526
1.75656e+09,0.00351643,0.88918,-0.138505,0.0305234,-2.07798e-07,-1.53726e-06,0.00106526
1.75656e+09,0.00320245,0.88918,-0.138505,0.0305268,-1.92481e-07,-1.51763e-06,0.00106526
1.75656e+09,0.00365732,0.88918,-0.138505,0.0305307,-1.82763e-07,-1.48248e-06,0.00106526
1.75656e+09,0.00312172,0.88918,-0.138505,0.030534,-1.81968e-07,-1.47325e-06,0.00106526
1.75656e+09,0.00328775,0.88918,-0.138505,0.030534,-1.80156e-07,-1.46021e-06,0
1.75656e+09,0.00347793,0.88918,-0.138505,0.0305452,-1.62426e-07,-1.43037e-06,0.00319579
1.75656e+09,0.00319006,0.88918,-0.138505,0.0305553,-1.62426e-07,-1.41062e-06,0.00319579
1.75656e+09,0.0032563,0.88918,-0.138505,0.0305658,-1.53438e-07,-1.39962e-06,0.00319579
1.75656e+09,0.00341001,0.88918,-0.138505,0.0305658,-1.53438e-07,-1.37265e-06,0
1.75656e+09,0.00350372,0.88918,-0.138505,0.0305471,-1.47539e-07,-1.37143e-06,-0.00532632
1.75656e+09,0.00312932,0.88918,-0.138505,0.0305204,-1.44519e-07,-1.35765e-06,-0.00852211
1.75656e+09,0.00339287,0.88918,-0.138505,0.0304843,-1.29837e-07,-1.34025e-06,-0.0106526
1.75656e+09,0.00361095,0.88918,-0.138505,0.030442,-1.29837e-07,-1.32087e-06,-0.0117179
1.75656e+09,0.00305674,0.88918,-0.138505,0.0304029,-1.284e-07,-1.31127e-06,-0.0127832
1.75656e+09,0.00442245,0.88918,-0.138505,0.0303228,-1.284e-07,-1.29225e-06,-0.0181095
1.75656e+09,0.0027192,0.88918,-0.138505,0.0302736,-1.21894e-07,-1.26248e-06,-0.0181095
1.75656e+09,0.00295614,0.88918,-0.138505,0.03022,-1.11244e-07,-1.25122e-06,-0.0181095
1.75656e+09,0.00327726,0.88918,-0.138505,0.0301642,-1.11244e-07,-1.22654e-06,-0.0170442
1.75656e+09,0.00335467,0.88918,-0.138505,0.030107,-1.11244e-07,-1.22654e-06,-0.0170442
1.75656e+09,0.00313323,0.88918,-0.138505,0.0300536,-1.11244e-07,-1.22654e-06,-0.0170442
1.75656e+09,0.00332001,0.88918,-0.138505,0.029997,-1.11244e-07,-1.22654e-06,-0.0170442
1.75656e+09,0.00352247,0.88918,-0.138505,0.0299595,-1.09155e-07,-1.19687e-06,-0.0106526
1.75656e+09,0.00315481,0.88918,-0.138505,0.0299393,-1.08876e-07,-1.18545e-06,-0.00639159
1.75656e+09,0.00385904,0.88918,-0.138505,0.0299229,-1.02704e-07,-1.14388e-06,-0.00426106
1.75656e+09,0.00306166,0.88918,-0.138505,0.0299163,-1.08876e-07,-1.10925e-06,-0.00213053
1.75656e+09,0.00330217,0.88918,-0.138505,0.0299093,-1.02704e-07,-1.09536e-06,-0.00213053
1.75656e+09,0.00314562,0.88918,-0.138505,0.0299127,-1.02704e-07,-1.06468e-06,0.00106526
1.75656e+09,0.0034954,0.88918,-0.138505,0.0299313,-9.8696e-08,-1.01243e-06,0.00532632
1.75656e+09,0.00322263,0.88918,-0.138505,0.0299484,-9.41426e-08,-9.99638e-07,0.00532632
1.75656e+09,0.00343657,0.88918,-0.138505,0.0299667,-9.31467e-08,-9.63583e-07,0.00532632
1.75656e+09,0.00320678,0.88918,-0.138505,0.029977,-9.41426e-08,-9.31919e-07,0.00319579
1.75656e+09,0.00336282,0.88918,-0.138505,0.0299734,-9.31467e-08,-9.15614e-07,-0.00106526
1.75656e+09,0.00346852,0.88918,-0.138505,0.0299697,-8.58317e-08,-8.80818e-07,-0.00106526
1.75656e+09,0.00331058,0.88918,-0.138505,0.0299803,-8.56448e-08,-8.6246e-07,0.00319579
1.75656e+09,0.00329819,0.88918,-0.138505,0.0299768,-8.56448e-08,-8.62401e-07,-0.00106526
1.75656e+09,0.00365017,0.88918,-0.138505,0.0299729,-7.83891e-08,-8.37686e-07,-0.00106526
1.75656e+09,0.0032354,0.88918,-0.138505,0.0299591,-7.20494e-08,-8.15255e-07,-0.00426106
1.75656e+09,0.00299537,0.88918,-0.138505,0.0299304,-7.20494e-08,-8.05188e-07,-0.00958738
1.75656e+09,0.00358106,0.88918,-0.138505,0.029877,-7.19436e-08,-7.89001e-07,-0.0149137
1.75656e+09,0.00304261,0.88918,-0.138505,0.0298186,-5.91134e-08,-7.70662e-07,-0.0191748
1.75656e+09,0.00331435,0.88918,-0.138505,0.0297551,-5.91014e-08,-7.6018e-07,-0.0191748
1.75656e+09,0.00339645,0.88918,-0.138505,0.0296863,-5.91134e-08,-7.43375e-07,-0.02024
1.75656e+09,0.00347492,0.88918,-0.138505,0.029616,-5.91134e-08,-7.21118e-07,-0.02024
1.75656e+09,0.00324015,0.88918,-0.138505,0.0295194,-6.03224e-08,-7.11747e-07,-0.0298274
1.75656e+09,0.00335226,0.88918,-0.138505,0.0294515,-6.06069e-08,-6.93585e-07,-0.02024
1.75656e+09,0.00341627,0.88918,-0.138505,0.0293824,-6.06069e-08,-6.67335e-07,-0.02024
1.75656e+09,0.00315878,0.88918,-0.138505,0.0293218,-6.06069e-08,-6.47455e-07,-0.0191748
1.75656e+09,0.00346191,0.88918,-0.138505,0.0292554,-6.06069e-08,-6.18484e-07,-0.0191748
1.75656e+09,0.00328734,0.88918,-0.138505,0.0291959,-6.06069e-08,-5.8906e-07,-0.0181095
1.75656e+09,0.00322121,0.88918,-0.138505,0.0291376,-6.41571e-08,-5.7586e-07,-0.0181095
1.75656e+09,0.00335568,0.88918,-0.138505,0.0290804,-6.60669e-08,-5.44825e-07,-0.0170442
1.75656e+09,0.0034939,0.88918,-0.138505,0.0290431,-6.60669e-08,-5.30387e-07,-0.0106526
1.75656e+09,0.0031737,0.88918,-0.138505,0.0290229,-6.60669e-08,-5.15306e-07,-0.00639159
1.75656e+09,0.003555,0.88918,-0.138505,0.0290115,-5.98972e-08,-5.00241e-07,-0.00319579
1.75656e+09,0.00329673,0.88918,-0.138505,0.0290045,-5.98972e-08,-4.84785e-07,-0.00213053
1.75656e+09,0.00324759,0.88918,-0.138505,0.0289976,-5.56377e-08,-4.76506e-07,-0.00213053
1.75656e+09,0.0031994,0.88918,-0.138505,0.0289873,-5.43343e-08,-4.63466e-07,-0.00319579
1.75656e+09,0.00347942,0.88918,-0.138505,0.0289762,-5.35734e-08,-4.48091e-07,-0.00319579
1.75656e+09,0.00323766,0.88918,-0.138505,0.0289728,-5.28322e-08,-4.42374e-07,-0.00106526
1.75656e+09,0.00342388,0.88918,-0.138505,0.0289691,-5.2233e-08,-4.31926e-07,-0.00106526
1.75656e+09,0.00325187,0.88918,-0.138505,0.0289656,-5.2233e-08,-4.27649e-07,-0.00106526
1.75656e+09,0.00337276,0.88918,-0.138505,0.0289621,-5.10768e-08,-4.2435e-07,-0.00106526
1.75656e+09,0.00344699,0.88918,-0.138505,0.028929,-5.10768e-08,-4.21398e-07,-0.00958738
1.75656e+09,0.00333208,0.88918,-0.138505,0.0288971,-4.48668e-08,-4.13909e-07,-0.00958738
1.75656e+09,0.00341479,0.88918,-0.138505,0.0288607,-4.48668e-08,-4.13757e-07,-0.0106526
1.75656e+09,0.00309016,0.88918,-0.138505,0.028808,-4.48668e-08,-4.12423e-07,-0.0170442
1.75656e+09,0.00340362,0.88918,-0.138505,0.0287319,-4.4677e-08,-4.05857e-07,-0.0223706
1.75656e+09,0.00327565,0.88918,-0.138505,0.0286551,-4.4677e-08,-3.98617e-07,-0.0234358
1.75656e+09,0.00336728,0.88918,-0.138505,0.0285583,-4.4403e-08,-3.91365e-07,-0.0287621
1.75656e+09,0.00326265,0.88918,-0.138505,0.0284818,-3.70468e-08,-3.76401e-07,-0.0234358
1.75656e+09,0.00347318,0.88918,-0.138505,0.0283819,-3.70468e-08,-3.64685e-07,-0.0287621
1.75656e+09,0.00334431,0.88918,-0.138505,0.0282821,-3.70468e-08,-3.48929e-07,-0.0298274
1.75656e+09,0.0033432,0.88918,-0.138505,0.028186,-4.48272e-08,-3.43687e-07,-0.0287621
1.75656e+09,0.00336979,0.88918,-0.138505,0.0280891,-4.48272e-08,-3.2933e-07,-0.0287621
1.75656e+09,0.00333413,0.88918,-0.138505,0.0279932,-4.48272e-08,-3.20666e-07,-0.0287621
1.75656e+09,0.00337554,0.88918,-0.138505,0.0279248,-3.94093e-08,-3.06568e-07,-0.02024
1.75656e+09,0.00342139,0.88918,-0.138505,0.0278592,-3.78864e-08,-3.01924e-07,-0.0191748
1.75656e+09,0.00303869,0.88918,-0.138505,0.027801,-3.78864e-08,-2.88484e-07,-0.0191748
1.75656e+09,0.0032969,0.88918,-0.138505,0.0277553,-3.94093e-08,-2.72532e-07,-0.0138484
1.75656e+09,0.00334578,0.88918,-0.138505,0.0277161,-3.94093e-08,-2.62276e-07,-0.0117179
1.75656e+09,0.00332407,0.88918,-0.138505,0.027702,-3.24466e-08,-2.60854e-07,-0.00426106
1.75656e+09,0.00350734,0.88918,-0.138505,0.027702,-4.12569e-08,-2.49722e-07,0
1.75656e+09,0.00345853,0.88918,-0.138505,0.027713,-4.12569e-08,-2.43377e-07,0.00319579
1.75656e+09,0.00323376,0.88918,-0.138505,0.0277233,-3.81825e-08,-2.37688e-07,0.00319579
1.75656e+09,0.00315913,0.88918,-0.138505,0.02772,-3.81825e-08,-2.32947e-07,-0.00106526
1.75656e+09,0.00325376,0.88918,-0.138505,0.0277304,-3.81825e-08,-2.30758e-07,0.00319579
1.75656e+09,0.00346747,0.88918,-0.138505,0.0277488,-3.44537e-08,-2.22329e-07,0.00532632
1.75656e+09,0.00343784,0.88918,-0.138505,0.0277672,-2.94529e-08,-2.22329e-07,0.00532632
1.75656e+09,0.00332173,0.88918,-0.138505,0.0277848,-2.91323e-08,-2.22025e-07,0.00532632
1.75656e+09,0.00343027,0.88918,-0.138505,0.0278031,-2.91323e-08,-2.19644e-07,0.00532632
1.75656e+09,0.00322776,0.88918,-0.138505,0.0277859,-2.91323e-08,-2.19644e-07,-0.00532632
1.75656e+09,0.00321772,0.88918,-0.138505,0.0277688,-3.02203e-08,-2.20517e-07,-0.00532632
1.75656e+09,0.00331017,0.88918,-0.138505,0.0277476,-3.02203e-08,-2.19644e-07,-0.00639159
1.75656e+09,0.00338589,0.88918,-0.138505,0.027726,-3.13599e-08,-2.17684e-07,-0.00639159
1.75656e+09,0.00350946,0.88918,-0.138505,0.0276923,-3.40765e-08,-2.17684e-07,-0.00958738
1.75656e+09,0.00325134,0.88918,-0.138505,0.0276439,-3.02203e-08,-2.18214e-07,-0.0149137
1.75656e+09,0.00358119,0.88918,-0.138505,0.0275637,-3.00151e-08,-2.17684e-07,-0.0223706
1.75656e+09,0.00287769,0.88918,-0.138505,0.0274871,-3.00151e-08,-2.17684e-07,-0.0266316
1.75656e+09,0.00342039,0.88918,-0.138505,0.027396,-2.94539e-08,-2.14188e-07,-0.0266316
1.75656e+09,0.00338083,0.88918,-0.138505,0.0273204,-2.44797e-08,-2.07533e-07,-0.0223706
1.75656e+09,0.00338752,0.88918,-0.138505,0.0272446,-2.44797e-08,-2.0449e-07,-0.0223706
1.75656e+09,0.00321516,0.88918,-0.138505,0.0271829,-2.44797e-08,-2.00767e-07,-0.0191748
1.75656e+09,0.00349029,0.88918,-0.138505,0.0271197,-2.23463e-08,-1.95636e-07,-0.0181095
1.75656e+09,0.00322817,0.88918,-0.138505,0.0270613,-2.50083e-08,-1.93347e-07,-0.0181095
1.75656e+09,0.00329172,0.88918,-0.138505,0.0270122,-2.73359e-08,-1.89523e-07,-0.0149137
1.75656e+09,0.00345847,0.88918,-0.138505,0.0269606,-2.73359e-08,-1.76434e-07,-0.0149137
1.75656e+09,0.00321487,0.88918,-0.138505,0.0269229,-2.3801e-08,-1.66157e-07,-0.0117179
1.75656e+09,0.00348144,0.88918,-0.138505,0.0268821,-2.3801e-08,-1.65138e-07,-0.0117179
1.75656e+09,0.0032914,0.88918,-0.138505,0.0268646,-2.3801e-08,-1.63484e-07,-0.00532632
1.75656e+09,0.00321634,0.88918,-0.138505,0.0268612,-2.36787e-08,-1.60511e-07,-0.00106526
1.75656e+09,0.0033181,0.88918,-0.138505,0.0268683,-2.36787e-08,-1.57349e-07,0.00213053
1.75656e+09,0.00361151,0.88918,-0.138505,0.0268759,-2.25994e-08,-1.52457e-07,0.00213053
1.75656e+09,0.00318635,0.88918,-0.138505,0.0268861,-2.2233e-08,-1.51113e-07,0.00319579
1.75656e+09,0.00323965,0.88918,-0.138505,0.026893,-2.12683e-08,-1.45105e-07,0.00213053
1.75656e+09,0.0033396,0.88918,-0.138505,0.026893,-2.2233e-08,-1.42027e-07,0
1.75656e+09,0.00331921,0.88918,-0.138505,0.026893,-2.12683e-08,-1.41203e-07,0
1.75656e+09,0.00326362,0.88918,-0.138505,0.0269,-2.12683e-08,-1.41203e-07,0.00213053
1.75656e+09,0.00345271,0.88918,-0.138505,0.0269,-2.11334e-08,-1.42027e-07,0
1.75656e+09,0.00317495,0.88918,-0.138505,0.0269068,-2.11334e-08,-1.41203e-07,0.00213053
1.75656e+09,0.00333704,0.88918,-0.138505,0.0269139,-2.11334e-08,-1.41203e-07,0.00213053
1.75656e+09,0.00343333,0.88918,-0.138505,0.0269065,-1.86687e-08,-1.44265e-07,-0.00213053
1.75656e+09,0.00338466,0.88918,-0.138505,0.0268921,-1.58642e-08,-1.42622e-07,-0.00426106
1.75656e+09,0.00321836,0.88918,-0.138505,0.026875,-1.58642e-08,-1.3988e-07,-0.00532632
1.75656e+09,0.00353681,0.88918,-0.138505,0.0268524,-1.92774e-08,-1.42622e-07,-0.00639159
1.75656e+09,0.00322985,0.88918,-0.138505,0.0268249,-1.92774e-08,-1.44613e-07,-0.00852211
1.75656e+09,0.00340398,0.88918,-0.138505,0.0267813,-1.92774e-08,-1.42622e-07,-0.0127832
1.75656e+09,0.00342313,0.88918,-0.138505,0.026723,-1.92774e-08,-1.38294e-07,-0.0170442
1.75656e+09,0.00303506,0.88918,-0.138505,0.0266648,-1.92774e-08,-1.37781e-07,-0.0191748
1.75656e+09,0.00332384,0.88918,-0.138505,0.0266011,-1.86733e-08,-1.37781e-07,-0.0191748
1.75656e+09,0.00359585,0.88918,-0.138505,0.0265398,-1.86733e-08,-1.36878e-07,-0.0170442
1.75656e+09,0.00307292,0.88918,-0.138505,0.0265005,-1.86733e-08,-1.36878e-07,-0.0127832
1.75656e+09,0.00335166,0.88918,-0.138505,0.0264576,-1.77881e-08,-1.36878e-07,-0.0127832
1.75656e+09,0.00328211,0.88918,-0.138505,0.0264157,-1.77881e-08,-1.36878e-07,-0.0127832
1.75656e+09,0.00341728,0.88918,-0.138505,0.0263793,-1.81321e-08,-1.29278e-07,-0.0106526
1.75656e+09,0.00352702,0.88918,-0.138505,0.0263492,-1.81321e-08,-1.27702e-07,-0.00852211
1.75656e+09,0.00356621,0.88918,-0.138505,0.0263302,-1.89931e-08,-1.25624e-07,-0.00532632
1.75656e+09,0.00296776,0.88918,-0.138505,0.0263144,-1.89931e-08,-1.27702e-07,-0.00532632
1.75656e+09,0.00350862,0.88918,-0.138505,0.0263144,-1.89931e-08,-1.27702e-07,0
1.75656e+09,0.00315432,0.88918,-0.138505,0.0263245,-1.89931e-08,-1.25506e-07,0.00319579
1.75656e+09,0.00337228,0.88918,-0.138505,0.0263532,-1.95818e-08,-1.22253e-07,0.00852211
1.75656e+09,0.00345104,0.88918,-0.138505,0.0263827,-1.94024e-08,-1.22253e-07,0.00852211
1.75656e+09,0.00318409,0.88918,-0.138505,0.0263928,-1.94024e-08,-1.22253e-07,0.00319579
1.75656e+09,0.00343984,0.88918,-0.138505,0.0263855,-1.94024e-08,-1.23099e-07,-0.00213053
1.75656e+09,0.00344409,0.88918,-0.138505,0.0263782,-1.94024e-08,-1.34555e-07,-0.00213053
1.75656e+09,0.00323712,0.88918,-0.138505,0.0263609,-1.94024e-08,-1.35935e-07,-0.00532632
1.75656e+09,0.00313947,0.88918,-0.138505,0.0263409,-1.48904e-08,-1.39818e-07,-0.00639159
1.75656e+09,0.00347994,0.88918,-0.138505,0.0263075,-1.55529e-08,-1.41417e-07,-0.00958738
1.75656e+09,0.00346242,0.88918,-0.138505,0.0262743,-1.55529e-08,-1.42834e-07,-0.00958738
1.75656e+09,0.00318105,0.88918,-0.138505,0.0262269,-1.20795e-08,-1.46043e-07,-0.0149137
1.75656e+09,0.00342774,0.88918,-0.138505,0.0261684,-1.14222e-08,-1.46043e-07,-0.0170442
1.75656e+09,0.00326008,0.88918,-0.138505,0.0261025,-1.14222e-08,-1.46043e-07,-0.02024
1.75656e+09,0.0031893,0.88918,-0.138505,0.0260277,-1.14222e-08,-1.43321e-07,-0.0234358
1.75656e+09,0.00361957,0.88918,-0.138505,0.025939,-1.42206e-08,-1.38691e-07,-0.0245011
1.75656e+09,0.00304816,0.88918,-0.138505,0.0258676,-1.47746e-08,-1.37867e-07,-0.0234358
1.75656e+09,0.00347904,0.88918,-0.138505,0.0257861,-1.47746e-08,-1.37667e-07,-0.0234358
1.75656e+09,0.00369019,0.88918,-0.138505,0.0257114,-1.42206e-08,-1.36981e-07,-0.02024
1.75656e+09,0.00334592,0.88918,-0.138505,0.0256508,-1.42206e-08,-1.3284e-07,-0.0181095
1.75656e+09,0.00280341,0.88918,-0.138505,0.0256,-1.47746e-08,-1.2272e-07,-0.0181095
1.75656e+09,0.00329507,0.88918,-0.138505,0.0255509,-1.70329e-08,-1.20114e-07,-0.0149137
1.75656e+09,0.00336044,0.88918,-0.138505,0.0255007,-2.38746e-08,-1.17532e-07,-0.0149137
1.75656e+09,0.00335451,0.88918,-0.138505,0.0254865,-2.38746e-08,-1.1127e-07,-0.00426106
1.75656e+09,0.00332478,0.88918,-0.138505,0.0254829,-2.38746e-08,-1.11098e-07,-0.00106526
1.75656e+09,0.00337369,0.88918,-0.138505,0.0254973,-1.15326e-08,-1.0672e-07,0.00426106
1.75656e+09,0.00343156,0.88918,-0.138505,0.0255156,-1.15326e-08,-1.06686e-07,0.00532632
1.75656e+09,0.00328679,0.88918,-0.138505,0.0255366,-1.15326e-08,-1.04072e-07,0.00639159
1.75656e+09,0.00343011,0.88918,-0.138505,0.0255621,-1.26814e-08,-1.04072e-07,0.00745685
1.75656e+09,0.00325191,0.88918,-0.138505,0.0255864,-1.77365e-08,-1.03616e-07,0.00745685
1.75656e+09,0.00333168,0.88918,-0.138505,0.0256112,-1.77365e-08,-9.93451e-08,0.00745685
1.75656e+09,0.00330277,0.88918,-0.138505,0.0256359,-1.63798e-08,-1.01023e-07,0.00745685
1.75656e+09,0.00326839,0.88918,-0.138505,0.0256428,-1.60588e-08,-1.01023e-07,0.00213053
1.75656e+09,0.00346184,0.88918,-0.138505,0.0256502,-1.63636e-08,-1.01023e-07,0.00213053
1.75656e+09,0.00323019,0.88918,-0.138505,0.0256537,-1.60588e-08,-1.04629e-07,0.00106526
1.75656e+09,0.00336368,0.88918,-0.138505,0.0256429,-1.63636e-08,-1.22363e-07,-0.00319579
1.75656e+09,0.00331512,0.88918,-0.138505,0.0256323,-1.60588e-08,-1.22457e-07,-0.00319579
1.75656e+09,0.00332893,0.88918,-0.138505,0.0256075,-1.45005e-08,-1.28605e-07,-0.00745685
1.75656e+09,0.00337558,0.88918,-0.138505,0.0255643,-1.45005e-08,-1.29889e-07,-0.0127832
1.75656e+09,0.00348803,0.88918,-0.138505,0.025516,-1.31826e-08,-1.35385e-07,-0.0138484
1.75656e+09,0.00320868,0.88918,-0.138505,0.0254716,-1.11871e-08,-1.35385e-07,-0.0138484
1.75656e+09,0.00328195,0.88918,-0.138505,0.0254226,-1.31826e-08,-1.3542e-07,-0.0149137
1.75656e+09,0.00340293,0.88918,-0.138505,0.0253755,-1.15902e-08,-1.35385e-07,-0.0138484
1.75656e+09,0.00347491,0.88918,-0.138505,0.0253237,-1.15902e-08,-1.30741e-07,-0.0149137
1.75656e+09,0.00307987,0.88918,-0.138505,0.0252548,-1.43045e-08,-1.28198e-07,-0.0223706
1.75656e+09,0.00349896,0.88918,-0.138505,0.0251765,-1.6297e-08,-1.26868e-07,-0.0223706
1.75656e+09,0.00321511,0.88918,-0.138505,0.025132,-1.6297e-08,-1.21272e-07,-0.0138484
1.75656e+09,0.00331418,0.88918,-0.138505,0.0250861,-1.6297e-08,-1.17884e-07,-0.0138484
1.75656e+09,0.00328691,0.88918,-0.138505,0.0250476,-1.57254e-08,-1.14793e-07,-0.0117179
1.75656e+09,0.0034881,0.88918,-0.138505,0.0250179,-1.57254e-08,-1.0611e-07,-0.00852211
1.75656e+09,0.00321547,0.88918,-0.138505,0.0250076,-1.57254e-08,-1.03112e-07,-0.00319579
1.75656e+09,0.00349418,0.88918,-0.138505,0.0250076,-1.87008e-08,-1.03112e-07,0
1.75656e+09,0.00322288,0.88918,-0.138505,0.0250076,-1.87008e-08,-1.00548e-07,0
1.75656e+09,0.00337611,0.88918,-0.138505,0.0250112,-2.06557e-08,-1.0048e-07,0.00106526
1.75656e+09,0.00316309,0.88918,-0.138505,0.0250146,-1.87008e-08,-9.66326e-08,0.00106526
1.75656e+09,0.00353419,0.88918,-0.138505,0.0250447,-1.74663e-08,-1.00106e-07,0.00852211
1.75656e+09,0.00316586,0.88918,-0.138505,0.0250717,-1.74663e-08,-1.00106e-07,0.00852211
1.75656e+09,0.00351377,0.88918,-0.138505,0.0251091,-2.06009e-08,-1.0048e-07,0.0106526
1.75656e+09,0.00350793,0.88918,-0.138505,0.0251465,-1.74663e-08,-1.02415e-07,0.0106526
1.75656e+09,0.00303862,0.88918,-0.138505,0.0251788,-1.88564e-08,-1.08926e-07,0.0106526
1.75656e+09,0.00347304,0.88918,-0.138505,0.0252158,-1.88564e-08,-1.10034e-07,0.0106526
1.75656e+09,0.00328982,0.88918,-0.138505,0.0252544,-1.68931e-08,-1.16324e-07,0.0117179
1.75656e+09,0.0031899,0.88918,-0.138505,0.0252884,-1.62459e-08,-1.19364e-07,0.0106526
1.75656e+09,0.00332855,0.88918,-0.138505,0.0252813,-1.68931e-08,-1.19364e-07,-0.00213053
1.75656e+09,0.00342294,0.88918,-0.138505,0.0252557,-1.62459e-08,-1.19364e-07,-0.00745685
1.75656e+09,0.00320748,0.88918,-0.138505,0.0252318,-1.4196e-08,-1.19364e-07,-0.00745685
1.75656e+09,0.00342125,0.88918,-0.138505,0.0252063,-1.36381e-08,-1.19885e-07,-0.00745685
1.75656e+09,0.00340385,0.88918,-0.138505,0.0251555,-1.28214e-08,-1.20681e-07,-0.0149137
1.75656e+09,0.00326578,0.88918,-0.138505,0.0250999,-1.28214e-08,-1.20681e-07,-0.0170442
1.75656e+09,0.00330514,0.88918,-0.138505,0.0250435,-1.36381e-08,-1.15069e-07,-0.0170442
1.75656e+09,0.00346276,0.88918,-0.138505,0.0249845,-1.36381e-08,-1.15069e-07,-0.0170442
1.75656e+09,0.0031724,0.88918,-0.138505,0.0249271,-1.59418e-08,-1.12357e-07,-0.0181095
1.75656e+09,0.00335156,0.88918,-0.138505,0.0248735,-1.66559e-08,-1.123e-07,-0.015979
1.75656e+09,0.00347161,0.88918,-0.138505,0.024818,-1.66559e-08,-1.11196e-07,-0.015979
1.75656e+09,0.00320072,0.88918,-0.138505,0.0247703,-1.66559e-08,-1.11133e-07,-0.0149137
1.75656e+09,0.00336856,0.88918,-0.138505,0.0247201,-1.78773e-08,-1.10186e-07,-0.0149137
1.75656e+09,0.00338958,0.88918,-0.138505,0.0246767,-1.78773e-08,-1.06187e-07,-0.0127832
1.75656e+09,0.00322648,0.88918,-0.138505,0.0246492,-1.78773e-08,-9.73291e-08,-0.00852211
1.75656e+09,0.0035408,0.88918,-0.138505,0.0246304,-1.46101e-08,-9.19082e-08,-0.00532632
1.75656e+09,0.00336943,0.88918,-0.138505,0.0246196,-1.46101e-08,-9.12105e-08,-0.00319579
1.75656e+09,0.00313819,0.88918,-0.138505,0.0246129,-1.37592e-08,-9.03105e-08,-0.00213053
1.75656e+09,0.00337252,0.88918,-0.138505,0.0246057,-1.37592e-08,-9.10052e-08,-0.00213053
1.75656e+09,0.00324028,0.88918,-0.138505,0.0246127,-1.72722e-08,-9.02946e-08,0.00213053
1.75656e+09,0.00334667,0.88918,-0.138505,0.0246198,-1.72722e-08,-8.8648e-08,0.00213053
1.75656e+09,0.00330781,0.88918,-0.138505,0.0246268,-1.72722e-08,-8.82445e-08,0.00213053
1.75656e+09,0.00338315,0.88918,-0.138505,0.024634,-1.72722e-08,-8.82445e-08,0.00213053
1.75656e+09,0.0033911,0.88918,-0.138505,0.0246413,-1.39834e-08,-8.82445e-08,0.00213053
1.75656e+09,0.00332212,0.88918,-0.138505,0.0246413,-1.39834e-08,-9.19054e-08,0
1.75656e+09,0.00337441,0.88918,-0.138505,0.0246413,-1.4775e-08,-9.93892e-08,0
1.75656e+09,0.00330583,0.88918,-0.138505,0.0246413,-1.4775e-08,-1.045e-07,0
1.75656e+09,0.00320487,0.88918,-0.138505,0.024631,-1.4775e-08,-1.04552e-07,-0.00319579
1.75656e+09,0.00345957,0.88918,-0.138505,0.0246163,-1.4775e-08,-1.0631e-07,-0.00426106
1.75656e+09,0.00331556,0.88918,-0.138505,0.0245916,-1.4775e-08,-1.15951e-07,-0.00745685
1.75656e+09,0.00333997,0.88918,-0.138505,0.0245595,-1.48977e-08,-1.18672e-07,-0.00958738
1.75656e+09,0.00337029,0.88918,-0.138505,0.0245165,-1.27415e-08,-1.18672e-07,-0.0127832
1.75656e+09,0.00322826,0.88918,-0.138505,0.0244442,-1.27415e-08,-1.19637e-07,-0.0223706
1.75656e+09,0.00342325,0.88918,-0.138505,0.0244005,-1.50331e-08,-1.2098e-07,-0.0127832
1.75656e+09,0.00316134,0.88918,-0.138505,0.0243432,-1.50331e-08,-1.19667e-07,-0.0181095
1.75656e+09,0.00355753,0.88918,-0.138505,0.0242712,-1.50331e-08,-1.19637e-07,-0.02024
1.75656e+09,0.00331804,0.88918,-0.138505,0.0242041,-1.51591e-08,-1.19637e-07,-0.02024
1.75656e+09,0.00336539,0.88918,-0.138505,0.0241359,-1.53289e-08,-1.14396e-07,-0.02024
1.75656e+09,0.00331692,0.88918,-0.138505,0.0240653,-1.53289e-08,-1.06647e-07,-0.0213053
1.75656e+09,0.00317191,0.88918,-0.138505,0.0239977,-1.53289e-08,-1.00805e-07,-0.0213053
1.75656e+09,0.00345608,0.88918,-0.138505,0.0239241,-1.57058e-08,-9.98738e-08,-0.0213053
1.75656e+09,0.00329159,0.88918,-0.138505,0.0238925,-1.53289e-08,-9.43572e-08,-0.00958738
1.75656e+09,0.0032215,0.88918,-0.138505,0.0238719,-1.30663e-08,-8.95797e-08,-0.00639159
1.75656e+09,0.0034964,0.88918,-0.138505,0.0238533,-1.30663e-08,-8.00715e-08,-0.00532632
1.75656e+09,0.00329639,0.88918,-0.138505,0.0238568,-1.30663e-08,-7.80856e-08,0.00106526
1.75656e+09,0.00328674,0.88918,-0.138505,0.0238603,-1.30663e-08,-6.53042e-08,0.00106526
1.75656e+09,0.00348135,0.88918,-0.138505,0.0238826,-1.49997e-08,-6.4465e-08,0.00639159
1.75656e+09,0.00308572,0.88918,-0.138505,0.0239023,-1.49997e-08,-6.29124e-08,0.00639159
1.75656e+09,0.00328557,0.88918,-0.138505,0.0239233,-1.62088e-08,-5.84224e-08,0.00639159
1.75656e+09,0.00348962,0.88918,-0.138505,0.0239456,-1.64864e-08,-5.84224e-08,0.00639159
1.75656e+09,0.00335859,0.88918,-0.138505,0.0239671,-1.62088e-08,-5.84224e-08,0.00639159
1.75656e+09,0.00337682,0.88918,-0.138505,0.0239778,-1.58758e-08,-7.23631e-08,0.00319579
1.75656e+09,0.00331293,0.88918,-0.138505,0.0239884,-1.62088e-08,-7.36066e-08,0.00319579
1.75656e+09,0.00334974,0.88918,-0.138505,0.023992,-1.58758e-08,-7.52688e-08,0.00106526
1.75656e+09,0.00354783,0.88918,-0.138505,0.023992,-9.28533e-09,-8.51002e-08,0
1.75656e+09,0.00324198,0.88918,-0.138505,0.0239782,-8.21448e-09,-9.07302e-08,-0.00426106
1.75656e+09,0.00327041,0.88918,-0.138505,0.0239608,-8.21448e-09,-9.07915e-08,-0.00532632
1.75656e+09,0.0032268,0.88918,-0.138505,0.0239436,-8.07511e-09,-9.65526e-08,-0.00532632
1.75656e+09,0.00335313,0.88918,-0.138505,0.0239186,-8.07511e-09,-9.93836e-08,-0.00745685
1.75656e+09,0.00332492,0.88918,-0.138505,0.0238761,-8.07511e-09,-9.93836e-08,-0.0127832
1.75656e+09,0.00332648,0.88918,-0.138505,0.02383,-1.40463e-08,-9.93836e-08,-0.0138484
1.75656e+09,0.00330682,0.88918,-0.138505,0.0237807,-1.40463e-08,-9.9376e-08,-0.0149137
1.75656e+09,0.00336755,0.88918,-0.138505,0.0237233,-1.42456e-08,-9.87124e-08,-0.0170442
1.75656e+09,0.00330587,0.88918,-0.138505,0.0236529,-1.42456e-08,-9.86481e-08,-0.0213053
1.75656e+09,0.00330906,0.88918,-0.138505,0.0235824,-1.40463e-08,-9.77557e-08,-0.0213053
1.75656e+09,0.00335233,0.88918,-0.138505,0.0235217,-1.1763e-08,-9.63927e-08,-0.0181095
1.75656e+09,0.00329941,0.88918,-0.138505,0.0234514,-1.01966e-08,-9.42045e-08,-0.0213053
1.75656e+09,0.00337542,0.88918,-0.138505,0.0233902,-7.24342e-09,-8.8796e-08,-0.0181095
1.75656e+09,0.00333704,0.88918,-0.138505,0.023344,-7.24342e-09,-8.18919e-08,-0.0138484
1.75656e+09,0.00324998,0.88918,-0.138505,0.023299,-7.24342e-09,-7.8079e-08,-0.0138484
1.75656e+09,0.0033598,0.88918,-0.138505,0.0232525,-9.56147e-09,-7.38878e-08,-0.0138484
1.75656e+09,0.00344055,0.88918,-0.138505,0.0232268,-1.05925e-08,-7.02017e-08,-0.00745685
1.75656e+09,0.00354862,0.88918,-0.138505,0.0232041,-1.14046e-08,-6.93933e-08,-0.00639159
1.75656e+09,0.00312754,0.88918,-0.138505,0.0232075,-1.14046e-08,-6.93933e-08,0.00106526
1.75656e+09,0.0033761,0.88918,-0.138505,0.0232147,-1.19826e-08,-6.98805e-08,0.00213053
1.75656e+09,0.00318654,0.88918,-0.138505,0.0232215,-1.19826e-08,-7.02017e-08,0.00213053
1.75656e+09,0.00336455,0.88918,-0.138505,0.0232573,-1.14046e-08,-7.08449e-08,0.0106526
1.75656e+09,0.0033747,0.88918,-0.138505,0.0232932,-9.36139e-09,-7.08582e-08,0.0106526
1.75656e+09,0.00348591,0.88918,-0.138505,0.0233304,-9.36139e-09,-8.214e-08,0.0106526
1.75656e+09,0.0031269,0.88918,-0.138505,0.0233637,-9.36139e-09,-8.53696e-08,0.0106526
1.75656e+09,0.00327044,0.88918,-0.138505,0.0233776,-1.26615e-08,-8.97984e-08,0.00426106
1.75656e+09,0.00330969,0.88918,-0.138505,0.0233917,-1.39012e-08,-9.04635e-08,0.00426106
1.75656e+09,0.0033181,0.88918,-0.138505,0.0233847,-1.39012e-08,-9.5535e-08,-0.00213053
1.75656e+09,0.00332713,0.88918,-0.138505,0.0233528,-1.26615e-08,-9.71922e-08,-0.00958738
1.75656e+09,0.00334703,0.88918,-0.138505,0.0233171,-1.17797e-08,-9.80869e-08,-0.0106526
1.75656e+09,0.00345467,0.88918,-0.138505,0.0232693,-1.17797e-08,-9.99806e-08,-0.0138484
1.75656e+09,0.00332266,0.88918,-0.138505,0.0232056,-1.17797e-08,-9.80869e-08,-0.0191748
1.75656e+09,0.00364508,0.88918,-0.138505,0.0231357,-1.17797e-08,-9.80869e-08,-0.0191748
1.75656e+09,0.00308331,0.88918,-0.138505,0.0230667,-5.43602e-09,-9.68527e-08,-0.0223706
1.75656e+09,0.00324125,0.88918,-0.138505,0.0229942,-1.0184e-08,-9.26728e-08,-0.0223706
1.75656e+09,0.00330325,0.88918,-0.138505,0.0229203,-9.19586e-09,-9.07643e-08,-0.0223706
1.75656e+09,0.00330184,0.88918,-0.138505,0.0228464,-9.19586e-09,-8.37468e-08,-0.0223706
1.75656e+09,0.0033842,0.88918,-0.138505,0.0227707,-1.01614e-08,-8.3147e-08,-0.0223706
1.75656e+09,0.00339295,0.88918,-0.138505,0.0226912,-1.01614e-08,-7.97242e-08,-0.0234358
1.75656e+09,0.00351509,0.88918,-0.138505,0.0226088,-9.51816e-09,-7.04413e-08,-0.0234358
1.75656e+09,0.00311405,0.88918,-0.138505,0.0225756,-1.01614e-08,-6.85178e-08,-0.0106526
1.75656e+09,0.00353982,0.88918,-0.138505,0.0225492,-9.51816e-09,-6.14192e-08,-0.00745685
1.75656e+09,0.00321209,0.88918,-0.138505,0.0225321,-9.51816e-09,-5.5243e-08,-0.00532632
1.75656e+09,0.00337473,0.88918,-0.138505,0.0225285,-1.34885e-08,-4.97618e-08,-0.00106526
1.75656e+09,0.00332569,0.88918,-0.138505,0.0225356,-1.34885e-08,-4.88492e-08,0.00213053
1.75656e+09,0.00321899,0.88918,-0.138505,0.0225425,-8.42645e-09,-4.64848e-08,0.00213053
1.75656e+09,0.00320994,0.88918,-0.138505,0.0225527,-1.34885e-08,-4.18585e-08,0.00319579
1.75656e+09,0.0034574,0.88918,-0.138505,0.0225638,-8.54016e-09,-3.92512e-08,0.00319579
1.75656e+09,0.0033603,0.88918,-0.138505,0.0225817,-8.54016e-09,-3.92512e-08,0.00532632
1.75656e+09,0.00326339,0.88918,-0.138505,0.0225991,-1.09805e-08,-3.95716e-08,0.00532632
1.75656e+09,0.0032842,0.88918,-0.138505,0.0226166,-1.09805e-08,-3.92555e-08,0.00532632
1.75656e+09,0.00340189,0.88918,-0.138505,0.0226238,-8.54016e-09,-3.95716e-08,0.00213053
1.75656e+09,0.00324126,0.88918,-0.138505,0.0226238,-5.84569e-09,-4.10318e-08,0
1.75656e+09,0.00376035,0.88918,-0.138505,0.0226038,-5.84569e-09,-4.5768e-08,-0.00532632
1.75656e+09,0.0031649,0.88918,-0.138505,0.0225802,-3.94943e-09,-4.9977e-08,-0.00745685
1.75656e+09,0.00313686,0.88918,-0.138505,0.0225568,-5.22984e-09,-5.0214e-08,-0.00745685
1.75656e+09,0.00337207,0.88918,-0.138505,0.0225137,-5.22984e-09,-5.0214e-08,-0.0127832
1.75656e+09,0.00342625,0.88918,-0.138505,0.0224699,-5.22984e-09,-5.07657e-08,-0.0127832
1.75656e+09,0.0031414,0.88918,-0.138505,0.0224297,-5.22984e-09,-5.26349e-08,-0.0127832
1.75656e+09,0.00343577,0.88918,-0.138505,0.0223858,-7.28054e-09,-5.53183e-08,-0.0127832
1.75656e+09,0.00347607,0.88918,-0.138505,0.0223414,-8.03255e-09,-5.53183e-08,-0.0127832
1.75656e+09,0.00331464,0.88918,-0.138505,0.022299,-8.8396e-09,-5.3484e-08,-0.0127832
1.75656e+09,0.00729259,0.88918,-0.138505,0.0222058,-1.0403e-08,-5.3484e-08,-0.0127832
1.75656e+09,0.00249047,0.88918,-0.138505,0.0221739,-1.06447e-08,-4.57118e-08,-0.0127832
1.75656e+09,0.00327391,0.88918,-0.138505,0.0221321,-1.06447e-08,-4.46505e-08,-0.0127832
1.75656e+09,0.00350387,0.88918,-0.138505,0.0220873,-1.06447e-08,-4.20914e-08,-0.0127832
1.75656e+09,0.00327132,0.88918,-0.138505,0.022049,-1.10423e-08,-4.0911e-08,-0.0117179
1.75656e+09,0.0034874,0.88918,-0.138505,0.0220118,-1.10423e-08,-3.79876e-08,-0.0106526
1.75656e+09,0.00325333,0.88918,-0.138505,0.0220049,-1.10423e-08,-3.79876e-08,-0.00213053
1.75656e+09,0.00337746,0.88918,-0.138505,0.0220013,-7.53614e-09,-3.96529e-08,-0.00106526
1.75656e+09,0.00326157,0.88918,-0.138505,0.0220082,-1.10423e-08,-3.96529e-08,0.00213053
1.75656e+09,0.00332616,0.88918,-0.138505,0.0220189,-1.10809e-08,-4.11575e-08,0.00319579
1.75656e+09,0.00330655,0.88918,-0.138505,0.0220471,-1.11465e-08,-4.16199e-08,0.00852211
1.75656e+09,0.00338896,0.88918,-0.138505,0.0220759,-1.11465e-08,-4.60561e-08,0.00852211
1.75656e+09,0.00338595,0.88918,-0.138505,0.0221048,-1.11465e-08,-4.60561e-08,0.00852211
1.75656e+09,0.00325136,0.88918,-0.138505,0.0221325,-1.11465e-08,-4.61037e-08,0.00852211
1.75656e+09,0.00337689,0.88918,-0.138505,0.0221397,-1.00153e-08,-4.63803e-08,0.00213053
1.75656e+09,0.00330363,0.88918,-0.138505,0.0221432,-1.00153e-08,-6.18401e-08,0.00106526
1.75656e+09,0.00340922,0.88918,-0.138505,0.0221468,-1.00153e-08,-6.93571e-08,0.00106526
1.75656e+09,0.00334276,0.88918,-0.138505,0.0221433,-1.01186e-08,-8.21109e-08,-0.00106526
1.75656e+09,0.00336619,0.88918,-0.138505,0.0221218,-1.01186e-08,-8.23478e-08,-0.00639159
1.75656e+09,0.00321116,0.88918,-0.138505,0.0220807,-1.09977e-08,-8.80803e-08,-0.0127832
1.75656e+09,0.00331073,0.88918,-0.138505,0.0220278,-1.01186e-08,-9.1591e-08,-0.015979
1.75656e+09,0.0123639,0.88918,-0.138505,0.0217644,-1.01186e-08,-9.64252e-08,-0.0213053
1.75656e+09,0.00112031,0.88918,-0.138505,0.0217405,-1.09977e-08,-9.64252e-08,-0.0213053
1.75656e+09,0.00306136,0.88918,-0.138505,0.0216688,-1.07738e-08,-9.64252e-08,-0.0234358
1.75656e+09,0.00331478,0.88918,-0.138505,0.0215805,-1.07738e-08,-9.49369e-08,-0.0266316
1.75656e+09,0.00347188,0.88918,-0.138505,0.021488,-1.07738e-08,-9.48669e-08,-0.0266316
1.75656e+09,0.00325781,0.88918,-0.138505,0.0214117,-1.07738e-08,-9.08893e-08,-0.0234358
1.75656e+09,0.00344549,0.88918,-0.138505,0.0213309,-5.65128e-09,-7.85374e-08,-0.0234358
1.75656e+09,0.00331541,0.88918,-0.138505,0.0212532,-5.65128e-09,-6.95596e-08,-0.0234358
1.75656e+09,0.00324538,0.88918,-0.138505,0.0212083,-5.65128e-09,-6.51605e-08,-0.0138484
1.75656e+09,0.00391132,0.88918,-0.138505,0.0211541,-1.02201e-08,-5.37058e-08,-0.0138484
1.75656e+09,0.00288371,0.88918,-0.138505,0.0211142,-1.05552e-08,-4.39403e-08,-0.0138484
1.75656e+09,0.00324266,0.88918,-0.138505,0.0211108,-1.05552e-08,-4.11071e-08,-0.00106526
1.75656e+09,0.00329362,0.88918,-0.138505,0.0211072,-1.02201e-08,-3.95949e-08,-0.00106526
1.75656e+09,0.00354579,0.88918,-0.138505,0.0211035,-1.02201e-08,-3.78179e-08,-0.00106526
1.75656e+09,0.00327759,0.88918,-0.138505,0.0211104,-1.3605e-08,-3.58291e-08,0.00213053
1.75656e+09,0.00317689,0.88918,-0.138505,0.0211172,-1.63441e-08,-3.46915e-08,0.00213053
1.75656e+09,0.00343141,0.88918,-0.138505,0.0211501,-1.63441e-08,-3.33794e-08,0.00958738
1.75656e+09,0.00845445,0.88918,-0.138505,0.0212312,-1.63441e-08,-2.69383e-08,0.00958738
1.75656e+09,0.00165086,0.88918,-0.138505,0.021247,-1.12329e-08,-2.62191e-08,0.00958738
1.75656e+09,0.00323169,0.88918,-0.138505,0.0212677,-1.12329e-08,-2.4382e-08,0.00639159
1.75656e+09,0.00330425,0.88918,-0.138505,0.0212747,-3.52619e-09,-2.36991e-08,0.00213053
1.75656e+09,0.00344116,0.88918,-0.138505,0.0212747,-3.52619e-09,-2.36195e-08,0
1.75656e+09,0.00335428,0.88918,-0.138505,0.0212425,-4.53495e-09,-2.36195e-08,-0.00958738
1.75656e+09,0.00321607,0.88918,-0.138505,0.0212117,-4.53495e-09,-2.34335e-08,-0.00958738
1.75656e+09,0.00332988,0.88918,-0.138505,0.0211762,-4.53495e-09,-2.34335e-08,-0.0106526
1.75656e+09,0.00333499,0.88918,-0.138505,0.0211265,-4.91255e-09,-2.34335e-08,-0.0149137
1.75656e+09,0.00331482,0.88918,-0.138505,0.0210665,-5.01735e-09,-1.9839e-08,-0.0181095
1.75656e+09,0.00331232,0.88918,-0.138505,0.0210065,-8.42503e-09,-1.55716e-08,-0.0181095
1.75656e+09,0.00333714,0.88918,-0.138505,0.020946,-9.56962e-09,-1.41641e-08,-0.0181095
1.75656e+09,0.00357844,0.88918,-0.138505,0.0208812,-8.42503e-09,-7.62545e-09,-0.0181095
1.75656e+09,0.0031451,0.88918,-0.138505,0.0208276,-9.56962e-09,-6.67801e-09,-0.0170442
1.75656e+09,0.00322511,0.88918,-0.138505,0.0207727,-1.03871e-08,-6.29869e-09,-0.0170442
1.75656e+09,0.00341027,0.88918,-0.138505,0.0207291,-1.28799e-08,-4.19862e-09,-0.0127832
1.75656e+09,0.0035135,0.88918,-0.138505,0.0206692,-1.28799e-08,-1.85252e-09,-0.0170442
1.75656e+09,0.00321405,0.88918,-0.138505,0.0206144,-1.28799e-08,2.50435e-09,-0.0170442
1.75656e+09,0.00338856,0.88918,-0.138505,0.0205711,-1.10839e-08,2.66365e-09,-0.0127832
1.75656e+09,0.00337639,0.88918,-0.138505,0.0205387,-1.10796e-08,1.39477e-08,-0.00958738
1.75656e+09,0.00330504,0.88918,-0.138505,0.0205106,-1.10796e-08,1.71868e-08,-0.00852211
1.75656e+09,0.00578872,0.88918,-0.138505,0.0204612,-1.10796e-08,1.98166e-08,-0.00852211
1.75656e+09,0.000631,0.88918,-0.138505,0.0204579,-1.10796e-08,2.31421e-08,-0.00532632
1.75656e+09,0.00333584,0.88918,-0.138505,0.0204827,-1.10796e-08,2.31421e-08,0.00745685
1.75656e+09,0.00343904,0.88918,-0.138505,0.0205084,-6.27096e-09,2.31421e-08,0.00745685
1.75656e+09,0.00341202,0.88918,-0.138505,0.0205302,-6.27096e-09,2.53024e-08,0.00639159
1.75656e+09,0.00328713,0.88918,-0.138505,0.0205512,-6.27096e-09,2.8524e-08,0.00639159
1.75656e+09,0.00329433,0.88918,-0.138505,0.0205687,-8.16128e-09,2.53024e-08,0.00532632
1.75656e+09,0.0033655,0.88918,-0.138505,0.0205831,-4.70115e-09,2.53024e-08,0.00426106
1.75656e+09,0.00340164,0.88918,-0.138505,0.0205903,-7.81041e-09,1.86098e-08,0.00213053
1.75656e+09,0.00356672,0.88918,-0.138505,0.0205941,-7.81041e-09,1.48991e-08,0.00106526
1.75656e+09,0.00312271,0.88918,-0.138505,0.0205975,-8.16128e-09,1.18339e-08,0.00106526
1.75656e+09,0.00327323,0.88918,-0.138505,0.0205975,-7.81041e-09,7.78993e-09,0
1.75656e+09,0.00330092,0.88918,-0.138505,0.0205975,-7.81041e-09,6.48561e-09,0
1.75656e+09,0.00351745,0.88918,-0.138505,0.0205637,-6.5626e-09,-2.17917e-10,-0.00958738
1.75656e+09,0.00313983,0.88918,-0.138505,0.0205336,-6.20145e-09,-2.17917e-10,-0.00958738
1.75656e+09,0.00329643,0.88918,-0.138505,0.020495,-6.20145e-09,-1.62648e-09,-0.0117179
1.75656e+09,0.00338687,0.88918,-0.138505,0.0204337,-4.23087e-09,-5.08567e-09,-0.0181095
1.75656e+09,0.00316325,0.88918,-0.138505,0.0203696,-4.23087e-09,-6.97483e-09,-0.02024
1.75656e+09,0.00452743,0.88918,-0.138505,0.020278,-9.87884e-09,-6.98633e-09,-0.02024
1.75656e+09,0.00236038,0.88918,-0.138505,0.0202353,-9.90549e-09,-6.98633e-09,-0.0181095
1.75656e+09,0.00332968,0.88918,-0.138505,0.0201998,-9.90549e-09,-6.97483e-09,-0.0106526
1.75656e+09,0.00316176,0.88918,-0.138505,0.0201661,-9.92288e-09,-6.97483e-09,-0.0106526
1.75656e+09,0.00366304,0.88918,-0.138505,0.020131,-9.90549e-09,-6.26748e-09,-0.00958738
1.75656e+09,0.00322814,0.88918,-0.138505,0.0201,-9.18674e-09,-3.77435e-09,-0.00958738
1.75656e+09,0.00308855,0.88918,-0.138505,0.020077,-8.40313e-09,8.76489e-09,-0.00745685
1.75656e+09,0.00346486,0.88918,-0.138505,0.0200733,-9.18674e-09,9.62462e-09,-0.00106526
1.75656e+09,0.00324261,0.88918,-0.138505,0.0200699,-9.18674e-09,9.62462e-09,-0.00106526
1.75656e+09,0.00335195,0.88918,-0.138505,0.0200663,-1.00441e-08,8.76489e-09,-0.00106526
1.75656e+09,0.00341391,0.88918,-0.138505,0.0200772,-1.00441e-08,2.15551e-09,0.00319579
1.75656e+09,0.00334134,0.88918,-0.138505,0.0200879,-1.48053e-08,2.15551e-09,0.00319579
1.75656e+09,0.00330447,0.88918,-0.138505,0.020109,-1.00441e-08,2.15551e-09,0.00639159
1.75656e+09,0.0035735,0.88918,-0.138505,0.0201318,-8.51414e-09,2.43442e-09,0.00639159
1.75656e+09,0.00305332,0.88918,-0.138505,0.0201514,-7.90471e-09,3.39207e-09,0.00639159
1.75656e+09,0.00335855,0.88918,-0.138505,0.0201549,-7.90471e-09,3.39207e-09,0.00106526
1.75656e+09,0.00327877,0.88918,-0.138505,0.0201445,-7.90471e-09,3.39207e-09,-0.00319579
1.75656e+09,0.00348975,0.88918,-0.138505,0.0201333,-7.90471e-09,-8.28943e-10,-0.00319579
1.75656e+09,0.00316699,0.88918,-0.138505,0.0201131,-7.90471e-09,-7.80423e-09,-0.00639159
1.75656e+09,0.00344327,0.88918,-0.138505,0.0201057,-4.82096e-09,-1.61534e-08,-0.00213053
1.75656e+09,0.003326,0.88918,-0.138505,0.0200845,-2.86367e-09,-1.86783e-08,-0.00639159
1.75656e+09,0.00351323,0.88918,-0.138505,0.0200695,-2.86367e-09,-1.97452e-08,-0.00426106
1.75656e+09,0.00315733,0.88918,-0.138505,0.0200325,-2.86367e-09,-2.54167e-08,-0.0117179
1.75656e+09,0.00326487,0.88918,-0.138505,0.0199942,-1.31083e-09,-2.74119e-08,-0.0117179
1.75656e+09,0.00345452,0.88918,-0.138505,0.0199538,-1.66476e-10,-3.58105e-08,-0.0117179
1.75656e+09,0.0032012,0.88918,-0.138505,0.0199026,-1.31083e-09,-3.642e-08,-0.015979
1.75656e+09,0.0035969,0.88918,-0.138505,0.0198451,-1.31083e-09,-3.642e-08,-0.015979
1.75656e+09,0.00312026,0.88918,-0.138505,0.0197953,-4.48799e-09,-3.73041e-08,-0.015979
1.75656e+09,0.00341495,0.88918,-0.138505,0.0197407,-4.75789e-09,-3.9278e-08,-0.015979
1.75656e+09,0.00332485,0.88918,-0.138505,0.0196876,-7.59706e-09,-4.12869e-08,-0.015979
1.75656e+09,0.0031809,0.88918,-0.138505,0.0196469,-7.59706e-09,-4.52556e-08,-0.0127832
1.75656e+09,0.00318869,0.88918,-0.138505,0.0196062,-8.5785e-09,-4.97942e-08,-0.0127832
1.75656e+09,0.0034741,0.88918,-0.138505,0.0195988,-1.15756e-08,-5.18213e-08,-0.00213053
1.75656e+09,0.00363784,0.88918,-0.138505,0.019591,-1.48192e-08,-5.23535e-08,-0.00213053
1.75656e+09,0.00324319,0.88918,-0.138505,0.0195979,-1.15756e-08,-5.26909e-08,0.00213053
1.75656e+09,0.00321687,0.88918,-0.138505,0.0196253,-1.15756e-08,-5.31318e-08,0.00852211
1.75656e+09,0.00328421,0.88918,-0.138505,0.0196708,-9.17929e-09,-5.31318e-08,0.0138484
1.75656e+09,0.00344808,0.88918,-0.138505,0.0197186,-9.17929e-09,-6.58406e-08,0.0138484
1.75656e+09,0.00309938,0.88918,-0.138505,0.0197615,-9.17929e-09,-6.65392e-08,0.0138484
1.75656e+09,0.0033952,0.88918,-0.138505,0.0198085,-1.25418e-08,-8.59381e-08,0.0138484
1.75656e+09,0.00359599,0.88918,-0.138505,0.0198583,-1.25418e-08,-9.37024e-08,0.0138484
1.75656e+09,0.00316607,0.88918,-0.138505,0.0199022,-1.7584e-08,-1.06474e-07,0.0138484
1.75656e+09,0.00350451,0.88918,-0.138505,0.0199507,-1.25418e-08,-1.27761e-07,0.0138484
1.75656e+09,0.00318114,0.88918,-0.138505,0.0199914,-1.25418e-08,-1.32163e-07,0.0127832
1.75656e+09,0.00328226,0.88918,-0.138505,0.0200333,-1.7584e-08,-1.51988e-07,0.0127832
1.75656e+09,0.00336431,0.88918,-0.138505,0.0200656,-1.92306e-08,-1.64513e-07,0.00958738
1.75656e+09,0.00353196,0.88918,-0.138505,0.020058,-1.94478e-08,-1.78945e-07,-0.00213053
1.75656e+09,0.00311751,0.88918,-0.138505,0.0200481,-1.94478e-08,-1.93007e-07,-0.00319579
1.75656e+09,0.00333402,0.88918,-0.138505,0.0200339,-1.94478e-08,-1.98822e-07,-0.00426106
1.75656e+09,0.00339096,0.88918,-0.138505,0.0200122,-2.17178e-08,-2.14734e-07,-0.00639159
1.75656e+09,0.00318425,0.88918,-0.138505,0.0199715,-2.17178e-08,-2.22947e-07,-0.0127832
1.75656e+09,0.00333389,0.88918,-0.138505,0.0199289,-2.00422e-08,-2.37642e-07,-0.0127832
1.75656e+09,0.00356322,0.88918,-0.138505,0.0198795,-2.04687e-08,-2.43593e-07,-0.0138484
1.75656e+09,0.00320506,0.88918,-0.138505,0.0198283,-2.00422e-08,-2.47486e-07,-0.015979
1.75656e+09,0.00344101,0.88918,-0.138505,0.0197733,-1.94021e-08,-2.51328e-07,-0.015979
1.75656e+09,0.00337889,0.88918,-0.138505,0.0197373,-1.94021e-08,-2.56626e-07,-0.0106526
1.75656e+09,0.00309682,0.88918,-0.138505,0.0197043,-2.04687e-08,-2.5817e-07,-0.0106526
1.75656e+09,0.00333397,0.88918,-0.138505,0.0196688,-1.95328e-08,-2.5837e-07,-0.0106526
1.75656e+09,0.00361733,0.88918,-0.138505,0.0196303,-2.68942e-08,-2.5837e-07,-0.0106526
1.75656e+09,0.00313152,0.88918,-0.138505,0.0195969,-2.97346e-08,-2.5837e-07,-0.0106526
1.75656e+09,0.00331961,0.88918,-0.138505,0.0195757,-2.68942e-08,-2.57226e-07,-0.00639159
1.75656e+09,0.00345477,0.88918,-0.138505,0.019561,-2.97346e-08,-2.56682e-07,-0.00426106
1.75656e+09,0.00330909,0.88918,-0.138505,0.019568,-2.97346e-08,-2.56682e-07,0.00213053
1.75656e+09,0.00319345,0.88918,-0.138505,0.0195851,-2.79726e-08,-2.57226e-07,0.00532632
1.75656e+09,0.00347111,0.88918,-0.138505,0.0196257,-2.59565e-08,-2.6557e-07,0.0117179
1.75656e+09,0.00314759,0.88918,-0.138505,0.019666,-2.79726e-08,-2.67636e-07,0.0127832
1.75656e+09,0.00341628,0.88918,-0.138505,0.0197096,-2.79726e-08,-2.72268e-07,0.0127832
1.75656e+09,0.00330192,0.88918,-0.138505,0.0197483,-2.73893e-08,-2.72268e-07,0.0117179
1.75656e+09,0.00339858,0.88918,-0.138505,0.0197882,-2.73893e-08,-2.72801e-07,0.0117179
1.75656e+09,0.00351522,0.88918,-0.138505,0.0198256,-2.73893e-08,-2.72801e-07,0.0106526
1.75656e+09,0.00648842,0.88918,-0.138505,0.0198947,-2.64376e-08,-2.69641e-07,0.0106526
1.75656e+09,0.00345181,0.88918,-0.138505,0.0199241,-2.64376e-08,-2.68762e-07,0.00852211
1.75656e+09,0.00331488,0.88918,-0.138505,0.0199347,-2.64376e-08,-2.6592e-07,0.00319579
1.75656e+09,0.00313162,0.88918,-0.138505,0.0199381,-2.64376e-08,-2.64497e-07,0.00106526
1.75656e+09,0.00338984,0.88918,-0.138505,0.0199128,-2.24961e-08,-2.5873e-07,-0.00745685
1.75656e+09,0.00340573,0.88918,-0.138505,0.0198765,-2.24961e-08,-2.53054e-07,-0.0106526
1.75656e+09,0.0032995,0.88918,-0.138505,0.0198414,-2.24961e-08,-2.51183e-07,-0.0106526
1.75656e+09,0.00339369,0.88918,-0.138505,0.0197907,-2.24961e-08,-2.43464e-07,-0.0149137
1.75656e+09,0.0032304,0.88918,-0.138505,0.0197357,-2.62378e-08,-2.36618e-07,-0.0170442
1.75656e+09,0.00359983,0.88918,-0.138505,0.0196667,-2.62378e-08,-2.33572e-07,-0.0191748
1.75656e+09,0.00320707,0.88918,-0.138505,0.0196052,-2.62378e-08,-2.29149e-07,-0.0191748
1.75656e+09,0.00346551,0.88918,-0.138505,0.0195387,-2.13262e-08,-2.2061e-07,-0.0191748
1.75656e+09,0.00312566,0.88918,-0.138505,0.0194788,-2.13262e-08,-2.17427e-07,-0.0191748
1.75656e+09,0.00357444,0.88918,-0.138505,0.0194102,-2.13262e-08,-2.09571e-07,-0.0191748
1.75656e+09,0.00314857,0.88918,-0.138505,0.0193633,-2.54734e-08,-2.06083e-07,-0.0149137
1.75656e+09,0.00317983,0.88918,-0.138505,0.0193159,-2.57665e-08,-2.0548e-07,-0.0149137
1.75656e+09,0.00359887,0.88918,-0.138505,0.0192622,-2.57665e-08,-2.04538e-07,-0.0149137
1.75656e+09,0.00303546,0.88918,-0.138505,0.0192428,-2.54734e-08,-2.04538e-07,-0.00639159
1.75656e+09,0.00343698,0.88918,-0.138505,0.0192281,-2.40798e-08,-2.04538e-07,-0.00426106
1.75656e+09,0.00346402,0.88918,-0.138505,0.0192281,-2.40798e-08,-2.05049e-07,0
1.75656e+09,0.00331761,0.88918,-0.138505,0.0192352,-2.25249e-08,-2.1082e-07,0.00213053
1.75656e+09,0.00340493,0.88918,-0.138505,0.0192461,-2.40798e-08,-2.13942e-07,0.00319579
1.75656e+09,0.00314262,0.88918,-0.138505,0.0192628,-2.681e-08,-2.16526e-07,0.00532632
1.75656e+09,0.00327373,0.88918,-0.138505,0.0192872,-2.95081e-08,-2.28855e-07,0.00745685
1.75656e+09,0.00336336,0.88918,-0.138505,0.0193267,-2.95081e-08,-2.29003e-07,0.0117179
1.75656e+09,0.00330381,0.88918,-0.138505,0.0193654,-2.95081e-08,-2.38878e-07,0.0117179
1.75656e+09,0.00330679,0.88918,-0.138505,0.0194041,-2.95081e-08,-2.40979e-07,0.0117179
1.75656e+09,0.00335027,0.88918,-0.138505,0.0194434,-2.91552e-08,-2.42473e-07,0.0117179
1.75656e+09,0.00343808,0.88918,-0.138505,0.0194654,-2.71803e-08,-2.45045e-07,0.00639159
1.75656e+09,0.00343205,0.88918,-0.138505,0.0194873,-2.71803e-08,-2.45845e-07,0.00639159
1.75656e+09,0.00315794,0.88918,-0.138505,0.0194907,-2.60333e-08,-2.45845e-07,0.00106526
1.75656e+09,0.00330751,0.88918,-0.138505,0.0194942,-2.31733e-08,-2.45045e-07,0.00106526
1.75656e+09,0.0033214,0.88918,-0.138505,0.0194871,-2.46031e-08,-2.40484e-07,-0.00213053
1.75656e+09,0.00352559,0.88918,-0.138505,0.0194533,-2.46031e-08,-2.37623e-07,-0.00958738
1.75656e+09,0.00315023,0.88918,-0.138505,0.0194164,-1.95635e-08,-2.33402e-07,-0.0117179
1.75656e+09,0.00347635,0.88918,-0.138505,0.0193757,-1.95635e-08,-2.321e-07,-0.0117179
1.75656e+09,0.00314694,0.88918,-0.138505,0.019322,-1.83486e-08,-2.27957e-07,-0.0170442
1.75656e+09,0.00334071,0.88918,-0.138505,0.0192615,-1.83486e-08,-2.08772e-07,-0.0181095
1.75656e+09,0.0034669,0.88918,-0.138505,0.0191987,-1.925e-08,-1.97487e-07,-0.0181095
1.75656e+09,0.00327939,0.88918,-0.138505,0.0191568,-1.925e-08,-1.94738e-07,-0.0127832
1.75656e+09,0.00370227,0.88918,-0.138505,0.0191095,-1.9128e-08,-1.86893e-07,-0.0127832
1.75656e+09,0.00313572,0.88918,-0.138505,0.0190694,-1.925e-08,-1.81145e-07,-0.0127832
1.75656e+09,0.00337473,0.88918,-0.138505,0.0190263,-1.95954e-08,-1.67371e-07,-0.0127832
1.75656e+09,0.00332467,0.88918,-0.138505,0.0189838,-1.95954e-08,-1.66253e-07,-0.0127832
1.75656e+09,0.00325087,0.88918,-0.138505,0.0189491,-1.95954e-08,-1.60507e-07,-0.0106526
1.75656e+09,0.00321778,0.88918,-0.138505,0.0189149,-1.95954e-08,-1.50518e-07,-0.0106526
1.75656e+09,0.00333776,0.88918,-0.138505,0.0188935,-1.69192e-08,-1.47479e-07,-0.00639159
1.75656e+09,0.00330457,0.88918,-0.138505,0.01889,-1.40476e-08,-1.31937e-07,-0.00106526
1.75656e+09,0.0033858,0.88918,-0.138505,0.0188972,-1.40476e-08,-1.29049e-07,0.00213053
1.75656e+09,0.00333726,0.88918,-0.138505,0.0189043,-1.44054e-08,-1.24086e-07,0.00213053
1.75656e+09,0.00325742,0.88918,-0.138505,0.0189356,-1.44054e-08,-1.21316e-07,0.00958738
1.75656e+09,0.00334821,0.88918,-0.138505,0.0189712,-1.40857e-08,-1.03918e-07,0.0106526
1.75656e+09,0.00339559,0.88918,-0.138505,0.0190074,-1.44054e-08,-9.4501e-08,0.0106526
1.75656e+09,0.00342091,0.88918,-0.138505,0.0190438,-1.40857e-08,-9.4501e-08,0.0106526
1.75656e+09,0.0032117,0.88918,-0.138505,0.0190644,-8.0482e-09,-9.11979e-08,0.00639159
1.75656e+09,0.00348506,0.88918,-0.138505,0.0190829,-7.90346e-09,-9.09907e-08,0.00532632
1.75656e+09,0.00329772,0.88918,-0.138505,0.0190935,-7.90346e-09,-8.81976e-08,0.00319579
1.75656e+09,0.0039338,0.88918,-0.138505,0.019106,-5.08135e-09,-8.77936e-08,0.00319579
1.75656e+09,0.00270461,0.88918,-0.138505,0.0190945,-5.08135e-09,-8.75487e-08,-0.00426106
1.75656e+09,0.00312052,0.88918,-0.138505,0.0190613,-5.08135e-09,-7.99065e-08,-0.0106526
1.75656e+09,0.00351553,0.88918,-0.138505,0.0190238,-6.48164e-09,-7.99065e-08,-0.0106526
1.75656e+09,0.00339589,0.88918,-0.138505,0.0189732,-6.48164e-09,-7.98477e-08,-0.0149137
1.75656e+09,0.00333984,0.88918,-0.138505,0.0189234,-6.48164e-09,-7.98477e-08,-0.0149137
1.75656e+09,0.00329681,0.88918,-0.138505,0.0188742,-6.48164e-09,-7.99065e-08,-0.0149137
1.75656e+09,0.0032358,0.88918,-0.138505,0.018819,-6.48164e-09,-7.88423e-08,-0.0170442
1.75656e+09,0.00344845,0.88918,-0.138505,0.0187676,-7.04628e-09,-7.52586e-08,-0.0149137
1.75656e+09,0.00455652,0.88918,-0.138505,0.0187094,-7.04628e-09,-7.23006e-08,-0.0127832
1.75656e+09,0.00195104,0.88918,-0.138505,0.0186844,-7.04628e-09,-7.11695e-08,-0.0127832
1.75656e+09,0.00334075,0.88918,-0.138505,0.0186417,-7.45583e-09,-6.69732e-08,-0.0127832
1.75656e+09,0.00331481,0.88918,-0.138505,0.0185993,-5.13685e-09,-6.65016e-08,-0.0127832
1.75656e+09,0.00350653,0.88918,-0.138505,0.0185545,-5.13685e-09,-6.14174e-08,-0.0127832
1.75656e+09,0.00329234,0.88918,-0.138505,0.0185265,-7.45583e-09,-5.75507e-08,-0.00852211
1.75656e+09,0.00322989,0.88918,-0.138505,0.0184989,-7.60691e-09,-5.56467e-08,-0.00852211
1.75656e+09,0.00344483,0.88918,-0.138505,0.0184879,-7.60691e-09,-4.77183e-08,-0.00319579
1.75656e+09,0.0033563,0.88918,-0.138505,0.0184844,-7.60691e-09,-4.76862e-08,-0.00106526
1.75656e+09,0.0042334,0.88918,-0.138505,0.0184934,-7.18158e-09,-4.76862e-08,0.00213053
1.75656e+09,0.00226233,0.88918,-0.138505,0.0184982,-7.18158e-09,-4.45556e-08,0.00213053
1.75656e+09,0.00348966,0.88918,-0.138505,0.0184945,-5.96565e-09,-3.97166e-08,-0.00106526
1.75656e+09,0.00314488,0.88918,-0.138505,0.0185179,-5.96565e-09,-3.97166e-08,0.00745685
1.75656e+09,0.00337363,0.88918,-0.138505,0.0185431,-7.18158e-09,-3.86479e-08,0.00745685
1.75656e+09,0.0119516,0.88918,-0.138505,0.0186322,-5.96565e-09,-3.86479e-08,0.00745685
1.75656e+09,0.00150679,0.88918,-0.138505,0.0186434,-4.37145e-09,-4.09447e-08,0.00745685
1.75656e+09,0.0031132,0.88918,-0.138505,0.0186667,-3.83309e-09,-4.37711e-08,0.00745685
1.75656e+09,0.00349857,0.88918,-0.138505,0.018689,-3.83309e-09,-4.37711e-08,0.00639159
1.75656e+09,0.00310489,0.88918,-0.138505,0.0186824,-1.85612e-09,-4.6113e-08,-0.00213053
1.75656e+09,0.00353677,0.88918,-0.138505,0.0186485,-2.83283e-09,-4.37711e-08,-0.00958738
1.75656e+09,0.00325568,0.88918,-0.138505,0.0186069,-3.83309e-09,-4.37711e-08,-0.0127832
1.75656e+09,0.00344666,0.88918,-0.138505,0.0185591,-2.83283e-09,-4.27406e-08,-0.0138484
1.75656e+09,0.00331798,0.88918,-0.138505,0.0185132,-2.60277e-09,-4.71106e-08,-0.0138484
1.75656e+09,0.00326066,0.88918,-0.138505,0.0184715,-2.60277e-09,-4.71106e-08,-0.0127832
1.75656e+09,0.00344267,0.88918,-0.138505,0.0184422,-2.60277e-09,-4.71106e-08,-0.00852211
1.75656e+09,0.00325698,0.88918,-0.138505,0.0184144,-2.60277e-09,-4.58577e-08,-0.00852211
1.75656e+09,0.00327556,0.88918,-0.138505,0.0183865,-2.84902e-09,-4.58577e-08,-0.00852211
1.75656e+09,0.00341493,0.88918,-0.138505,0.0183574,-2.84902e-09,-4.46772e-08,-0.00852211
1.75656e+09,0.00332778,0.88918,-0.138505,0.0183432,-7.80672e-09,-4.43275e-08,-0.00426106
1.75656e+09,0.00337943,0.88918,-0.138505,0.0183036,-8.87909e-09,-3.24742e-08,-0.0117179
1.75656e+09,0.00349494,0.88918,-0.138505,0.0182887,-7.80672e-09,-2.7713e-08,-0.00426106
1.75656e+09,0.00327456,0.88918,-0.138505,0.0182783,-7.80672e-09,-2.48035e-08,-0.00319579
1.75656e+09,0.00347241,0.88918,-0.138505,0.0182857,-8.87909e-09,-2.05846e-08,0.00213053
1.75656e+09,0.00310431,0.88918,-0.138505,0.0182956,-8.92244e-09,-2.05846e-08,0.00319579
1.75656e+09,0.00368757,0.88918,-0.138505,0.0183192,-8.92244e-09,-1.75816e-08,0.00639159
1.75656e+09,0.002982,0.88918,-0.138505,0.0183541,-8.92244e-09,-1.64115e-08,0.0117179
1.75656e+09,0.00333461,0.88918,-0.138505,0.0184038,-4.18125e-09,-1.64115e-08,0.0149137
1.75656e+09,0.00320991,0.88918,-0.138505,0.0184414,-4.18125e-09,-1.59047e-08,0.0117179
1.75656e+09,0.00349054,0.88918,-0.138505,0.0184675,-4.18125e-09,-1.21852e-08,0.00745685
1.75656e+09,0.00333294,0.88918,-0.138505,0.0184923,-7.01668e-09,-9.91084e-09,0.00745685
1.75656e+09,0.00325018,0.88918,-0.138505,0.0185131,-7.01668e-09,-7.68466e-09,0.00639159
1.75656e+09,0.00334904,0.88918,-0.138505,0.0185024,-7.01668e-09,-7.68466e-09,-0.00319579
1.75656e+09,0.00329683,0.88918,-0.138505,0.0184919,-4.14955e-09,-7.68466e-09,-0.00319579
1.75656e+09,0.00343361,0.88918,-0.138505,0.0184809,-4.14955e-09,-4.183e-09,-0.00319579
1.75656e+09,0.00336404,0.88918,-0.138505,0.0184701,-2.23311e-09,-4.183e-09,-0.00319579
1.75656e+09,0.00330474,0.88918,-0.138505,0.0184349,-2.23311e-09,-8.84874e-09,-0.0106526
1.75656e+09,0.00331512,0.88918,-0.138505,0.0183996,-3.61215e-10,-1.39186e-08,-0.0106526
1.75656e+09,0.00320986,0.88918,-0.138505,0.0183517,8.72983e-10,-1.74786e-08,-0.0149137
1.75656e+09,0.00345087,0.88918,-0.138505,0.0182966,8.72983e-10,-1.74786e-08,-0.015979
1.75656e+09,0.00323582,0.88918,-0.138505,0.0182449,8.72983e-10,-1.74786e-08,-0.015979
1.75656e+09,0.00341352,0.88918,-0.138505,0.0181794,5.66495e-10,-1.59008e-08,-0.0191748
1.75656e+09,0.00319472,0.88918,-0.138505,0.0181182,8.1965e-11,-1.28696e-08,-0.0191748
1.75656e+09,0.0139615,0.88918,-0.138505,0.0178505,-6.37678e-09,-8.08405e-09,-0.0191748
1.75656e+09,0.00265534,0.88918,-0.138505,0.0177996,-7.48925e-12,-1.05076e-09,-0.0191748
1.75656e+09,0.00336381,0.88918,-0.138505,0.0177386,-7.48925e-12,1.92984e-09,-0.0181095
1.75656e+09,0.00334419,0.88918,-0.138505,0.017728,-2.42597e-09,4.16884e-09,-0.00319579
1.75656e+09,0.00334351,0.88918,-0.138505,0.0177244,-2.42597e-09,5.07736e-09,-0.00106526
1.75656e+09,0.00330612,0.88918,-0.138505,0.0177385,-4.47498e-10,1.1284e-08,0.00426106
1.75656e+09,0.00334933,0.88918,-0.138505,0.0177563,-2.42597e-09,1.24012e-08,0.00532632
1.75656e+09,0.00354065,0.88918,-0.138505,0.0177865,-2.42597e-09,1.24012e-08,0.00852211
1.75656e+09,0.00337286,0.88918,-0.138505,0.0178188,-4.47498e-10,1.19449e-08,0.00958738
1.75656e+09,0.00314546,0.88918,-0.138505,0.0178456,-5.49482e-09,1.1284e-08,0.00852211
1.75656e+09,0.00369238,0.88918,-0.138505,0.017881,-5.49482e-09,1.1677e-08,0.00958738
1.75656e+09,0.00306774,0.88918,-0.138505,0.0179105,-2.25989e-09,1.07899e-08,0.00958738
1.75656e+09,0.00328443,0.88918,-0.138505,0.0179419,-2.25989e-09,8.79524e-09,0.00958738
1.75656e+09,0.0032363,0.88918,-0.138505,0.017973,-4.7709e-09,1.85455e-09,0.00958738
1.75656e+09,0.00340003,0.88918,-0.138505,0.0180056,-2.25989e-09,1.6936e-09,0.00958738
1.75656e+09,0.00324504,0.88918,-0.138505,0.0180159,-3.08789e-09,-1.42213e-09,0.00319579
1.75656e+09,0.00354782,0.88918,-0.138505,0.017997,-4.7709e-09,-2.41719e-09,-0.00532632
1.75656e+09,0.00333676,0.88918,-0.138505,0.0179579,-4.7709e-09,-8.10701e-09,-0.0117179
1.75656e+09,0.00325605,0.88918,-0.138505,0.0179198,-3.08789e-09,-8.10701e-09,-0.0117179
1.75656e+09,0.00321194,0.88918,-0.138505,0.0178821,-3.08789e-09,-8.75186e-09,-0.0117179
1.75656e+09,0.00352371,0.88918,-0.138505,0.0178334,-3.85102e-09,-9.35944e-09,-0.0138484
1.75656e+09,0.00319716,0.88918,-0.138505,0.0177823,-3.85102e-09,-9.36422e-09,-0.015979
1.75656e+09,0.00321049,0.88918,-0.138505,0.0177241,-3.85102e-09,-9.36422e-09,-0.0181095
1.75656e+09,0.00354134,0.88918,-0.138505,0.0176675,-3.85102e-09,-1.0549e-08,-0.015979
1.75656e+09,0.00324631,0.88918,-0.138505,0.0176157,-4.71755e-09,-9.36422e-09,-0.015979
1.75656e+09,0.00337383,0.88918,-0.138505,0.0175725,-4.71755e-09,-1.0549e-08,-0.0127832
1.75656e+09,0.00348439,0.88918,-0.138505,0.0175354,-1.97631e-09,-8.79375e-09,-0.0106526
1.75656e+09,0.00321032,0.88918,-0.138505,0.0175115,-1.97631e-09,-8.79375e-09,-0.00745685
1.75656e+09,0.0034007,0.88918,-0.138505,0.0174897,-2.46268e-09,-7.4325e-09,-0.00639159
1.75656e+09,0.0031956,0.88918,-0.138505,0.0174829,-2.46268e-09,1.75527e-09,-0.00213053
1.75656e+09,0.00327723,0.88918,-0.138505,0.017476,-2.46268e-09,3.50646e-09,-0.00213053
1.75656e+09,0.00339465,0.88918,-0.138505,0.0174904,-5.02395e-09,4.87727e-09,0.00426106
1.75656e+09,0.0033666,0.88918,-0.138505,0.0175048,-2.46268e-09,5.44209e-09,0.00426106
1.75656e+09,0.00330041,0.88918,-0.138505,0.0175188,-5.02395e-09,5.44209e-09,0.00426106
1.75656e+09,0.00345218,0.88918,-0.138505,0.0175335,-5.02395e-09,5.44209e-09,0.00426106
1.75656e+09,0.00330334,0.88918,-0.138505,0.0175476,-7.91339e-09,7.03279e-09,0.00426106
1.75656e+09,0.00326799,0.88918,-0.138505,0.0175615,-7.91339e-09,8.02166e-09,0.00426106
1.75656e+09,0.00376215,0.88918,-0.138505,0.0175776,-7.91339e-09,8.81262e-09,0.00426106
1.75656e+09,0.00516905,0.88918,-0.138505,0.0175831,-6.34996e-09,8.81262e-09,0.00106526
1.75656e+09,0.00100158,0.88918,-0.138505,0.0175841,-5.17021e-09,8.81262e-09,0.00106526
1.75656e+09,0.00338489,0.88918,-0.138505,0.0175877,-1.20134e-09,3.6033e-09,0.00106526
1.75656e+09,0.0034335,0.88918,-0.138505,0.0175914,-1.20134e-09,2.26372e-09,0.00106526
1.75656e+09,0.00314579,0.88918,-0.138505,0.017578,-1.20134e-09,2.26372e-09,-0.00426106
1.75656e+09,0.00385277,0.88918,-0.138505,0.0175575,-1.20134e-09,2.26372e-09,-0.00532632
1.75656e+09,0.0028279,0.88918,-0.138505,0.0175243,-1.47855e-09,6.30866e-09,-0.0117179
1.75656e+09,0.00340445,0.88918,-0.138505,0.0174808,-1.47855e-09,7.7013e-09,-0.0127832
1.75656e+09,0.00336908,0.88918,-0.138505,0.0174234,2.48877e-10,7.77318e-09,-0.0170442
1.75656e+09,0.00342791,0.88918,-0.138505,0.017365,2.48877e-10,9.71708e-09,-0.0170442
1.75656e+09,0.00320879,0.88918,-0.138505,0.0173103,-1.47855e-09,1.24636e-08,-0.0170442
1.75656e+09,0.00327244,0.88918,-0.138505,0.0172371,2.48877e-10,1.31369e-08,-0.0223706
1.75656e+09,0.00359378,0.88918,-0.138505,0.0171567,2.48877e-10,1.31369e-08,-0.0223706
1.75656e+09,0.00319622,0.88918,-0.138505,0.0171056,1.88895e-09,1.31369e-08,-0.015979
1.75656e+09,0.00332219,0.88918,-0.138505,0.0170561,1.88895e-09,1.57378e-08,-0.0149137
1.75656e+09,0.0032026,0.88918,-0.138505,0.0170151,1.88895e-09,1.96769e-08,-0.0127832
1.75656e+09,0.00331211,0.88918,-0.138505,0.0169728,1.88895e-09,1.96769e-08,-0.0127832
1.75656e+09,0.00344499,0.88918,-0.138505,0.0169287,-1.97138e-09,2.06744e-08,-0.0127832
1.75656e+09,0.00361749,0.88918,-0.138505,0.0168825,-1.97138e-09,2.94276e-08,-0.0127832
1.75656e+09,0.00308984,0.88918,-0.138505,0.016843,-1.83793e-09,3.204e-08,-0.0127832
1.75656e+09,0.00320934,0.88918,-0.138505,0.016802,-1.83793e-09,3.52291e-08,-0.0127832
1.75656e+09,0.00348236,0.88918,-0.138505,0.0167983,-1.97138e-09,3.66652e-08,-0.00106526
1.75656e+09,0.00316836,0.88918,-0.138505,0.0168016,-1.83793e-09,4.07462e-08,0.00106526
1.75656e+09,0.00343711,0.88918,-0.138505,0.01682,-3.95063e-09,4.16117e-08,0.00532632
1.75656e+09,0.00325217,0.88918,-0.138505,0.0168442,-3.95063e-09,4.44354e-08,0.00745685
1.75656e+09,0.00743585,0.88918,-0.138505,0.0168996,-1.91874e-09,4.44354e-08,0.00745685
1.75656e+09,0.00286598,0.88918,-0.138505,0.016921,7.30594e-10,4.22953e-08,0.00745685
1.75656e+09,0.00324615,0.88918,-0.138505,0.0169521,-7.67041e-10,4.22953e-08,0.00958738
1.75656e+09,0.00351515,0.88918,-0.138505,0.0169858,7.30594e-10,3.49112e-08,0.00958738
1.75656e+09,0.00303529,0.88918,-0.138505,0.0169858,1.48244e-09,3.45548e-08,0
1.75656e+09,0.00341335,0.88918,-0.138505,0.0169858,1.77067e-09,3.00926e-08,0
1.75656e+09,0.00322187,0.88918,-0.138505,0.016979,1.77067e-09,2.93049e-08,-0.00213053
1.75656e+09,0.00342691,0.88918,-0.138505,0.0169717,1.77067e-09,2.37297e-08,-0.00213053
1.75656e+09,0.00317206,0.88918,-0.138505,0.0169446,5.21069e-10,1.39828e-08,-0.00852211
1.75656e+09,0.00342884,0.88918,-0.138505,0.0169045,5.21069e-10,1.24074e-08,-0.0117179
1.75656e+09,0.00326303,0.88918,-0.138505,0.0168593,5.21069e-10,1.1099e-08,-0.0138484
1.75656e+09,0.00338388,0.88918,-0.138505,0.0168124,-8.93793e-10,1.02029e-08,-0.0138484
1.75656e+09,0.0033331,0.88918,-0.138505,0.0167663,-8.93793e-10,1.02029e-08,-0.0138484
1.75656e+09,0.00360693,0.88918,-0.138505,0.0167163,1.93935e-09,1.02029e-08,-0.0138484
1.75656e+09,0.00301651,0.88918,-0.138505,0.0166745,1.93935e-09,1.08714e-08,-0.0138484
1.75656e+09,0.00330549,0.88918,-0.138505,0.0166288,1.98112e-11,1.14649e-08,-0.0138484
1.75656e+09,0.00346518,0.88918,-0.138505,0.0165808,2.0476e-09,1.58725e-08,-0.0138484
1.75656e+09,0.00325538,0.88918,-0.138505,0.0165288,2.0476e-09,1.39653e-08,-0.015979
1.75656e+09,0.00340776,0.88918,-0.138505,0.0164743,1.98112e-11,1.47625e-08,-0.015979
1.75656e+09,0.00320869,0.88918,-0.138505,0.0164504,-1.13162e-09,1.47625e-08,-0.00745685
1.75656e+09,0.00332966,0.88918,-0.138505,0.0164397,-1.13162e-09,1.47625e-08,-0.00319579
1.75656e+09,0.00348787,0.88918,-0.138505,0.0164509,-1.13162e-09,1.47625e-08,0.00319579
1.75656e+09,0.00324084,0.88918,-0.138505,0.0164647,2.07803e-10,1.47625e-08,0.00426106
1.75656e+09,0.00339205,0.88918,-0.138505,0.0164864,2.07803e-10,1.38637e-08,0.00639159
1.75656e+09,0.00333804,0.88918,-0.138505,0.0165077,2.07803e-10,1.28074e-08,0.00639159
1.75656e+09,0.00340697,0.88918,-0.138505,0.0165658,-2.24038e-09,1.28074e-08,0.0170442
1.75656e+09,0.00325102,0.88918,-0.138505,0.0166247,-2.24038e-09,1.14928e-08,0.0181095
1.75656e+09,0.00324105,0.88918,-0.138505,0.0166799,-2.24038e-09,1.14928e-08,0.0170442
1.75656e+09,0.003399,0.88918,-0.138505,0.0167378,-2.24038e-09,9.38736e-09,0.0170442
1.75656e+09,0.0034044,0.88918,-0.138505,0.0167886,-1.94259e-09,8.77586e-09,0.0149137
1.75656e+09,0.00328787,0.88918,-0.138505,0.0168341,-1.94259e-09,8.52997e-09,0.0138484
1.75656e+09,0.00335938,0.88918,-0.138505,0.0168735,-1.94259e-09,3.84387e-09,0.0117179
1.75656e+09,0.00323354,0.88918,-0.138505,0.0169114,-1.94259e-09,-1.73675e-10,0.0117179
1.75656e+09,0.0033025,0.88918,-0.138505,0.0169114,9.1467e-10,-1.38124e-09,0
1.75656e+09,0.00347848,0.88918,-0.138505,0.016904,1.97693e-09,-2.73804e-09,-0.00213053
1.75656e+09,0.0033607,0.88918,-0.138505,0.0168932,1.97693e-09,-3.2997e-09,-0.00319579
1.75656e+09,0.00355988,0.88918,-0.138505,0.0168743,3.53426e-09,-3.2997e-09,-0.00532632
1.75656e+09,0.00313561,0.88918,-0.138505,0.0168475,3.53426e-09,-2.73804e-09,-0.00852211
1.75656e+09,0.00323422,0.88918,-0.138505,0.0168165,3.53426e-09,-2.73804e-09,-0.00958738
1.75656e+09,0.0033729,0.88918,-0.138505,0.0167698,3.53426e-09,-6.93793e-10,-0.0138484
1.75656e+09,0.00321352,0.88918,-0.138505,0.0167151,3.53426e-09,-6.93793e-10,-0.0170442
1.75656e+09,0.00336434,0.88918,-0.138505,0.0166613,1.82892e-09,-5.74999e-10,-0.015979
1.75656e+09,0.00326998,0.88918,-0.138505,0.0166091,1.40061e-09,-5.74999e-10,-0.015979
1.75656e+09,0.00337591,0.88918,-0.138505,0.0165551,1.81732e-09,-5.74999e-10,-0.015979
1.75656e+09,0.00341107,0.88918,-0.138505,0.0165006,1.81732e-09,-2.03395e-09,-0.015979
1.75656e+09,0.00334101,0.88918,-0.138505,0.0164615,1.81732e-09,5.11429e-11,-0.0117179
1.75656e+09,0.00321948,0.88918,-0.138505,0.0164272,8.75577e-10,1.04582e-09,-0.0106526
1.75656e+09,0.00333614,0.88918,-0.138505,0.0163952,8.75577e-10,5.94322e-09,-0.00958738
1.75656e+09,0.00343562,0.88918,-0.138505,0.0163879,-3.42053e-10,5.94322e-09,-0.00213053
1.75656e+09,0.00333723,0.88918,-0.138505,0.0163807,-3.42053e-10,6.34384e-09,-0.00213053
1.75656e+09,0.00335992,0.88918,-0.138505,0.0163879,-3.42053e-10,6.34384e-09,0.00213053
1.75656e+09,0.00332927,0.88918,-0.138505,0.0163985,-3.42053e-10,9.67363e-09,0.00319579
1.75656e+09,0.00328491,0.88918,-0.138505,0.016409,9.42376e-10,9.67363e-09,0.00319579
1.75656e+09,0.00325729,0.88918,-0.138505,0.0164368,9.42376e-10,9.67363e-09,0.00852211
1.75656e+09,0.0033829,0.88918,-0.138505,0.01648,-8.25663e-10,5.72073e-09,0.0127832
1.75656e+09,0.00330983,0.88918,-0.138505,0.0165082,-2.67538e-09,1.83329e-09,0.00852211
1.75656e+09,0.00342591,0.88918,-0.138505,0.0165192,-2.38082e-09,-6.35687e-09,0.00319579
1.75656e+09,0.00321489,0.88918,-0.138505,0.0165158,-2.38082e-09,-1.5545e-08,-0.00106526
1.75656e+09,0.00332843,0.88918,-0.138505,0.0165122,-2.38082e-09,-1.79551e-08,-0.00106526
1.75656e+09,0.003341,0.88918,-0.138505,0.0165015,2.67216e-10,-2.18563e-08,-0.00319579
1.75656e+09,0.00352491,0.88918,-0.138505,0.0164903,2.67216e-10,-2.5436e-08,-0.00319579
1.75656e+09,0.0032141,0.88918,-0.138505,0.0164766,1.80716e-09,-2.5436e-08,-0.00426106
1.75656e+09,0.0032116,0.88918,-0.138505,0.0164561,1.80716e-09,-2.62386e-08,-0.00639159
1.75656e+09,0.00335993,0.88918,-0.138505,0.0164346,2.67216e-10,-2.89907e-08,-0.00639159
1.75656e+09,0.00340027,0.88918,-0.138505,0.0164056,-8.33611e-10,-2.63772e-08,-0.00852211
1.75656e+09,0.00334167,0.88918,-0.138505,0.0163522,-8.33611e-10,-2.89907e-08,-0.015979
1.75656e+09,0.00336112,0.88918,-0.138505,0.0162949,-8.86287e-10,-2.91798e-08,-0.0170442
1.75656e+09,0.00328347,0.88918,-0.138505,0.0162285,-8.86287e-10,-2.91798e-08,-0.02024
1.75656e+09,0.00331147,0.88918,-0.138505,0.0161614,-2.85733e-09,-2.63772e-08,-0.02024
1.75656e+09,0.00338434,0.88918,-0.138505,0.0160929,-2.85733e-09,-2.19039e-08,-0.02024
1.75656e+09,0.0033477,0.88918,-0.138505,0.0160359,-2.85733e-09,-2.19039e-08,-0.0170442
1.75656e+09,0.00329074,0.88918,-0.138505,0.0159798,-4.12597e-09,-2.17853e-08,-0.0170442
1.75656e+09,0.00330206,0.88918,-0.138505,0.0159481,-4.51519e-09,-2.17853e-08,-0.00958738
1.75656e+09,0.00334819,0.88918,-0.138505,0.015916,-4.51519e-09,-1.23814e-08,-0.00958738
1.75656e+09,0.00316997,0.88918,-0.138505,0.015889,-4.51519e-09,-2.35198e-09,-0.00852211
1.75656e+09,0.00336582,0.88918,-0.138505,0.0158854,-4.51519e-09,-2.35198e-09,-0.00106526
1.75656e+09,0.00365361,0.88918,-0.138505,0.0158854,-2.18915e-09,1.38995e-11,0
1.75656e+09,0.00315246,0.88918,-0.138505,0.0159157,-2.18915e-09,1.38995e-11,0.00958738
1.75656e+09,0.00346644,0.88918,-0.138505,0.0159563,-2.34287e-09,2.64433e-09,0.0117179
1.75656e+09,0.00310026,0.88918,-0.138505,0.0159926,-2.34287e-09,2.77444e-09,0.0117179
1.75656e+09,0.00334938,0.88918,-0.138505,0.0160319,-2.25702e-09,4.60217e-09,0.0117179
1.75656e+09,0.00336321,0.88918,-0.138505,0.0160749,-2.25702e-09,1.13287e-08,0.0127832
1.75656e+09,0.00324364,0.88918,-0.138505,0.0161163,8.13208e-10,1.13287e-08,0.0127832
1.75656e+09,0.00331063,0.88918,-0.138505,0.0161551,8.13208e-10,1.13287e-08,0.0117179
1.75656e+09,0.00362382,0.88918,-0.138505,0.0161937,-1.20105e-09,-1.19164e-09,0.0106526
1.75656e+09,0.00309502,0.88918,-0.138505,0.0162267,-1.20105e-09,-2.87559e-09,0.0106526
1.75656e+09,0.00338115,0.88918,-0.138505,0.0162303,-1.48747e-09,-1.39656e-08,0.00106526
1.75656e+09,0.00343788,0.88918,-0.138505,0.016212,-1.48747e-09,-1.39958e-08,-0.00532632
1.75656e+09,0.00338235,0.88918,-0.138505,0.0161904,-1.48747e-09,-1.63808e-08,-0.00639159
1.75656e+09,0.00326546,0.88918,-0.138505,0.016159,-1.81116e-09,-1.88244e-08,-0.00958738
1.75656e+09,0.00354019,0.88918,-0.138505,0.0161251,-4.44325e-10,-1.93815e-08,-0.00958738
1.75656e+09,0.00323353,0.88918,-0.138505,0.0160941,-4.44325e-10,-2.21673e-08,-0.00958738
1.75656e+09,0.00329104,0.88918,-0.138505,0.0160485,-4.44325e-10,-2.21673e-08,-0.0138484
1.75656e+09,0.00331402,0.88918,-0.138505,0.0160026,-2.19105e-10,-2.21673e-08,-0.0138484
1.75656e+09,0.00318577,0.88918,-0.138505,0.0159585,-2.19105e-10,-2.15334e-08,-0.0138484
1.75656e+09,0.00341362,0.88918,-0.138505,0.0159112,-2.96134e-09,-2.15334e-08,-0.0138484
1.75656e+09,0.0033343,0.88918,-0.138505,0.0158651,-3.33785e-09,-1.85591e-08,-0.0138484
1.75656e+09,0.00348187,0.88918,-0.138505,0.0158168,-3.33785e-09,-1.69318e-08,-0.0138484
1.75656e+09,0.00322571,0.88918,-0.138505,0.0157722,-3.33785e-09,-1.55459e-08,-0.0138484
1.75656e+09,0.00345243,0.88918,-0.138505,0.0157391,-3.33785e-09,-1.43577e-08,-0.00958738
1.75656e+09,0.00299643,0.88918,-0.138505,0.0157104,-3.33785e-09,-4.82155e-09,-0.00958738
1.75656e+09,0.00348642,0.88918,-0.138505,0.0156844,-5.28441e-09,1.12402e-09,-0.00745685
1.75656e+09,0.00337237,0.88918,-0.138505,0.0156628,-5.28441e-09,7.33583e-09,-0.00639159
1.75656e+09,0.00343345,0.88918,-0.138505,0.0156445,-5.28441e-09,7.84506e-09,-0.00532632
1.75656e+09,0.00317933,0.88918,-0.138505,0.0156445,-1.81327e-09,1.05837e-08,0
1.75656e+09,0.00339454,0.88918,-0.138505,0.0156807,-2.76403e-10,1.26961e-08,0.0106526
1.75656e+09,0.00342079,0.88918,-0.138505,0.0157171,-2.76403e-10,1.79022e-08,0.0106526
1.75656e+09,0.00315815,0.88918,-0.138505,0.0157508,-2.76403e-10,1.82837e-08,0.0106526
1.75656e+09,0.00333456,0.88918,-0.138505,0.0157792,-1.28804e-09,1.82837e-08,0.00852211
1.75656e+09,0.00348091,0.88918,-0.138505,0.0158088,-1.28804e-09,1.82837e-08,0.00852211
1.75656e+09,0.00319874,0.88918,-0.138505,0.0158259,-1.28804e-09,1.36874e-08,0.00532632
1.75656e+09,0.00348868,0.88918,-0.138505,0.0158333,4.05918e-10,1.0991e-08,0.00213053
1.75656e+09,0.00327467,0.88918,-0.138505,0.0158298,4.13264e-10,4.70133e-09,-0.00106526
1.75656e+09,0.00334855,0.88918,-0.138505,0.0158263,4.13264e-10,-7.6948e-10,-0.00106526
1.75656e+09,0.00332842,0.88918,-0.138505,0.0158156,4.05918e-10,-2.40772e-09,-0.00319579
1.75656e+09,0.00333295,0.88918,-0.138505,0.0157943,4.13264e-10,-2.76232e-09,-0.00639159
1.75656e+09,0.00322071,0.88918,-0.138505,0.0157703,2.00419e-09,-4.09069e-09,-0.00745685
1.75656e+09,0.00333003,0.88918,-0.138505,0.0157384,-1.27887e-09,-4.09069e-09,-0.00958738
1.75656e+09,0.00334002,0.88918,-0.138505,0.0156957,-2.70914e-09,-4.09069e-09,-0.0127832
1.75656e+09,0.00339192,0.88918,-0.138505,0.0156306,2.00419e-09,-4.09069e-09,-0.0191748
1.75656e+09,0.00336075,0.88918,-0.138505,0.0155662,2.56905e-09,2.80635e-09,-0.0191748
1.75656e+09,0.00360023,0.88918,-0.138505,0.0154972,1.64375e-10,7.32824e-09,-0.0191748
1.75656e+09,0.00295891,0.88918,-0.138505,0.0154499,1.00279e-09,7.90562e-09,-0.015979
1.75656e+09,0.00335485,0.88918,-0.138505,0.0153963,2.28132e-09,9.64798e-09,-0.015979
1.75656e+09,0.0033578,0.88918,-0.138505,0.0153533,2.28132e-09,1.06879e-08,-0.0127832
1.75656e+09,0.00331705,0.88918,-0.138505,0.0153109,1.00279e-09,1.15715e-08,-0.0127832
1.75656e+09,0.00342977,0.88918,-0.138505,0.0152781,1.00279e-09,1.15715e-08,-0.00958738
1.75656e+09,0.00333567,0.88918,-0.138505,0.0152461,2.28132e-09,1.28563e-08,-0.00958738
1.75656e+09,0.0032007,0.88918,-0.138505,0.0152188,-2.19977e-09,1.65588e-08,-0.00852211
1.75656e+09,0.00340105,0.88918,-0.138505,0.0151898,-2.77456e-09,1.99572e-08,-0.00852211
1.75656e+09,0.00342103,0.88918,-0.138505,0.0151607,-3.7239e-09,1.99572e-08,-0.00852211
1.75656e+09,0.0032645,0.88918,-0.138505,0.0151954,-3.7239e-09,1.90112e-08,0.0106526
1.75656e+09,0.00332216,0.88918,-0.138505,0.0152415,-3.7239e-09,1.90112e-08,0.0138484
1.75656e+09,0.00343035,0.88918,-0.138505,0.015289,-1.14276e-09,1.87119e-08,0.0138484
1.75656e+09,0.00320856,0.88918,-0.138505,0.0153402,-1.07489e-09,1.87119e-08,0.015979
1.75656e+09,0.00343607,0.88918,-0.138505,0.0153878,-1.07489e-09,1.90112e-08,0.0138484
1.75656e+09,0.00329616,0.88918,-0.138505,0.0154335,-1.14276e-09,2.14362e-08,0.0138484
1.75656e+09,0.00314225,0.88918,-0.138505,0.0154736,-4.78478e-09,2.14362e-08,0.0127832
1.75656e+09,0.00367801,0.88918,-0.138505,0.0155128,-4.78478e-09,2.14362e-08,0.0106526
1.75656e+09,0.00317281,0.88918,-0.138505,0.0155432,-4.78478e-09,1.88559e-08,0.00958738
1.75656e+09,0.00327483,0.88918,-0.138505,0.0155642,-4.75935e-09,1.05058e-08,0.00639159
1.75656e+09,0.00346481,0.88918,-0.138505,0.0155715,2.69646e-09,6.71981e-09,0.00213053
1.75656e+09,0.00325601,0.88918,-0.138505,0.0155785,2.69646e-09,5.93222e-09,0.00213053
1.75656e+09,0.00321721,0.88918,-0.138505,0.015575,5.1324e-10,6.74776e-10,-0.00106526
1.75656e+09,0.00335157,0.88918,-0.138505,0.0155679,5.1324e-10,2.22935e-10,-0.00213053
1.75656e+09,0.00332561,0.88918,-0.138505,0.0155325,1.63371e-09,-5.0038e-10,-0.0106526
1.75656e+09,0.00333671,0.88918,-0.138505,0.0154969,1.63371e-09,-5.0038e-10,-0.0106526
1.75656e+09,0.00331535,0.88918,-0.138505,0.0154546,1.63371e-09,-4.56267e-09,-0.0127832
1.75656e+09,0.00329756,0.88918,-0.138505,0.0154054,1.63371e-09,-4.78239e-09,-0.0149137
1.75656e+09,0.00335927,0.88918,-0.138505,0.0153553,7.99848e-10,-4.78239e-09,-0.0149137
1.75656e+09,0.00340161,0.88918,-0.138505,0.0153045,-1.78106e-10,-4.29344e-09,-0.0149137
1.75656e+09,0.00332407,0.88918,-0.138505,0.015255,-3.99879e-10,-4.29344e-09,-0.0149137
1.75656e+09,0.00337818,0.88918,-0.138505,0.015219,-3.99879e-10,-4.91021e-10,-0.0106526
1.75656e+09,0.00347489,0.88918,-0.138505,0.0151857,-3.99879e-10,-9.66901e-11,-0.00958738
1.75656e+09,0.003234,0.88918,-0.138505,0.0151512,-6.79446e-10,7.33846e-10,-0.0106526
1.75656e+09,0.00317911,0.88918,-0.138505,0.0151241,-2.20615e-09,3.99645e-09,-0.00852211
1.75656e+09,0.00340774,0.88918,-0.138505,0.0150987,-6.79446e-10,4.02555e-09,-0.00745685
1.75656e+09,0.00333027,0.88918,-0.138505,0.0150739,-2.20615e-09,4.48664e-09,-0.00745685
1.75656e+09,0.0034105,0.88918,-0.138505,0.0150593,-2.20615e-09,4.02555e-09,-0.00426106
1.75656e+09,0.00387469,0.88918,-0.138505,0.0150882,-2.20615e-09,4.02555e-09,0.00745685
1.75656e+09,0.00257837,0.88918,-0.138505,0.0151075,-2.98682e-09,4.48664e-09,0.00745685
1.75656e+09,0.00343415,0.88918,-0.138505,0.0151331,-2.98682e-09,4.75124e-09,0.00745685
1.75656e+09,0.00333596,0.88918,-0.138505,0.0151615,-3.39361e-09,5.8028e-09,0.00852211
1.75656e+09,0.00341234,0.88918,-0.138505,0.0152088,-3.39361e-09,5.8028e-09,0.0138484
1.75656e+09,0.00323894,0.88918,-0.138505,0.0152226,-3.39361e-09,5.8028e-09,0.00426106
1.75656e+09,0.00342372,0.88918,-0.138505,0.0152372,-2.01131e-09,4.28601e-09,0.00426106
1.75656e+09,0.00313755,0.88918,-0.138505,0.0152505,-2.03514e-09,-3.30309e-09,0.00426106
1.75656e+09,0.0033248,0.88918,-0.138505,0.0152576,-2.01131e-09,-3.50921e-09,0.00213053
1.75656e+09,0.0035317,0.88918,-0.138505,0.0152463,-2.01131e-09,-1.47099e-08,-0.00319579
1.75656e+09,0.00338244,0.88918,-0.138505,0.0152355,7.32105e-10,-1.53854e-08,-0.00319579
1.75656e+09,0.0032659,0.88918,-0.138505,0.0152112,7.32105e-10,-2.04637e-08,-0.00745685
1.75656e+09,0.00325663,0.88918,-0.138505,0.015173,7.32105e-10,-2.12098e-08,-0.0117179
1.75656e+09,0.00351129,0.88918,-0.138505,0.0151169,-9.35117e-11,-2.12098e-08,-0.015979
1.75656e+09,0.00324092,0.88918,-0.138505,0.0150478,-2.68621e-09,-2.12098e-08,-0.0213053
1.75656e+09,0.00321682,0.88918,-0.138505,0.014969,-2.68621e-09,-1.68744e-08,-0.0245011
1.75656e+09,0.00351348,0.88918,-0.138505,0.0148829,-9.35117e-11,-1.48946e-08,-0.0245011
1.75656e+09,0.00323084,0.88918,-0.138505,0.0148038,-9.35117e-11,-6.36092e-09,-0.0245011
1.75656e+09,0.00329958,0.88918,-0.138505,0.0147229,-1.8647e-09,-5.95893e-09,-0.0245011
1.75656e+09,0.00323062,0.88918,-0.138505,0.0146748,-4.62459e-10,-3.33612e-09,-0.0149137
1.75656e+09,0.00345785,0.88918,-0.138505,0.0146269,-4.62459e-10,-2.64564e-09,-0.0138484
1.75656e+09,0.00336936,0.88918,-0.138505,0.0145802,-1.8647e-09,-5.58667e-10,-0.0138484
1.75656e+09,0.00337927,0.88918,-0.138505,0.0145406,-1.5466e-09,1.37719e-09,-0.0117179
1.75656e+09,0.00328012,0.88918,-0.138505,0.0145301,-1.5466e-09,6.96735e-09,-0.00319579
1.75656e+09,0.00330611,0.88918,-0.138505,0.0145196,-1.5466e-09,1.49952e-08,-0.00319579
1.75656e+09,0.00333854,0.88918,-0.138505,0.0145267,-1.5466e-09,1.66513e-08,0.00213053
1.75656e+09,0.00320617,0.88918,-0.138505,0.0145506,2.9306e-10,1.75173e-08,0.00745685
1.75656e+09,0.00345736,0.88918,-0.138505,0.0145874,2.9306e-10,1.66513e-08,0.0106526
1.75656e+09,0.0034793,0.88918,-0.138505,0.0146245,2.9306e-10,1.66513e-08,0.0106526
1.75656e+09,0.0031551,0.88918,-0.138505,0.0146614,-2.00698e-09,1.75173e-08,0.0117179
1.75656e+09,0.00342839,0.88918,-0.138505,0.0147162,-2.00698e-09,1.5313e-08,0.015979
1.75656e+09,0.0032583,0.88918,-0.138505,0.0147683,-2.00698e-09,1.5313e-08,0.015979
1.75656e+09,0.00334485,0.88918,-0.138505,0.0148039,-3.24187e-10,1.30529e-08,0.0106526
1.75656e+09,0.00329434,0.88918,-0.138505,0.014839,-5.41641e-11,1.30529e-08,0.0106526
1.75656e+09,0.00329107,0.88918,-0.138505,0.0148741,-5.41641e-11,1.27106e-08,0.0106526
1.75656e+09,0.00331011,0.88918,-0.138505,0.0149093,-5.41641e-11,7.14624e-10,0.0106526
1.75656e+09,0.00363222,0.88918,-0.138505,0.0149403,-2.03818e-09,-7.36211e-09,0.00852211
1.75656e+09,0.00331257,0.88918,-0.138505,0.0149474,-2.03818e-09,-7.52221e-09,0.00213053
1.75656e+09,0.00325366,0.88918,-0.138505,0.0149474,-2.03818e-09,-1.15103e-08,0
1.75656e+09,0.00340009,0.88918,-0.138505,0.014922,-2.03818e-09,-1.57442e-08,-0.00745685
1.75656e+09,0.00333742,0.88918,-0.138505,0.01489,2.45965e-09,-1.82946e-08,-0.00958738
1.75656e+09,0.00367265,0.88918,-0.138505,0.0148352,2.45965e-09,-1.83213e-08,-0.0149137
1.75656e+09,0.00284222,0.88918,-0.138505,0.0147928,7.32932e-11,-2.00379e-08,-0.0149137
1.75656e+09,0.00329257,0.88918,-0.138505,0.0147437,-3.42992e-09,-2.35231e-08,-0.0149137
1.75656e+09,0.00374955,0.88918,-0.138505,0.0146878,-1.48477e-09,-2.35231e-08,-0.0149137
1.75656e+09,0.003031,0.88918,-0.138505,0.0146426,-1.48477e-09,-2.00379e-08,-0.0149137
1.75656e+09,0.00341247,0.88918,-0.138505,0.0145917,-1.48477e-09,-1.62375e-08,-0.0149137
1.75656e+09,0.00328815,0.88918,-0.138505,0.0145427,6.60142e-10,-1.62211e-08,-0.0149137
1.75656e+09,0.00331428,0.88918,-0.138505,0.0144968,8.00765e-10,-1.43895e-08,-0.0138484
1.75656e+09,0.00325011,0.88918,-0.138505,0.0144518,8.00765e-10,-1.39316e-08,-0.0138484
1.75656e+09,0.00336249,0.88918,-0.138505,0.0144052,6.60142e-10,-4.79757e-09,-0.0138484
1.75656e+09,0.00348525,0.88918,-0.138505,0.0143718,5.11182e-10,1.49266e-09,-0.00958738
1.75656e+09,0.00304363,0.88918,-0.138505,0.0143556,2.11415e-10,1.77298e-09,-0.00532632
1.75656e+09,0.00351439,0.88918,-0.138505,0.0143556,6.83184e-11,3.8601e-09,0
1.75656e+09,0.00330273,0.88918,-0.138505,0.0143732,6.83184e-11,7.35686e-09,0.00532632
1.75656e+09,0.00347856,0.88918,-0.138505,0.0143917,6.83184e-11,7.35686e-09,0.00532632
1.75656e+09,0.00314139,0.88918,-0.138505,0.0144185,7.97939e-10,8.95303e-09,0.00852211
1.75656e+09,0.00353689,0.88918,-0.138505,0.0144486,7.97939e-10,1.20057e-08,0.00852211
1.75656e+09,0.00309314,0.88918,-0.138505,0.014475,7.97939e-10,1.20057e-08,0.00852211
1.75656e+09,0.00335255,0.88918,-0.138505,0.0145143,7.97939e-10,8.95303e-09,0.0117179
1.75656e+09,0.00362468,0.88918,-0.138505,0.0145452,3.45921e-10,6.57883e-09,0.00852211
1.75656e+09,0.00296212,0.88918,-0.138505,0.0145672,3.45921e-10,2.90798e-09,0.00745685
1.75656e+09,0.00342389,0.88918,-0.138505,0.0145928,6.32987e-10,6.5397e-11,0.00745685
1.75656e+09,0.00446479,0.88918,-0.138505,0.0146023,1.29892e-09,-2.81408e-09,0.00213053
1.75656e+09,0.00218327,0.88918,-0.138505,0.0146069,6.32987e-10,-4.22948e-09,0.00213053
1.75656e+09,0.00335498,0.88918,-0.138505,0.0146069,6.32987e-10,-4.24057e-09,0
1.75656e+09,0.00339042,0.88918,-0.138505,0.0145997,-1.43095e-09,-5.2522e-09,-0.00213053
1.75656e+09,0.00347842,0.88918,-0.138505,0.0145552,-1.43095e-09,-5.2522e-09,-0.0127832
1.75656e+09,0.00327222,0.88918,-0.138505,0.0145099,-2.66599e-09,-1.0117e-08,-0.0138484
1.75656e+09,0.00324892,0.88918,-0.138505,0.0144615,-1.43095e-09,-1.0117e-08,-0.0149137
1.75656e+09,0.00343496,0.88918,-0.138505,0.0144066,6.01857e-10,-4.84795e-09,-0.015979
1.75656e+09,0.00305999,0.88918,-0.138505,0.0143577,1.85415e-09,-2.90908e-09,-0.015979
1.75656e+09,0.00353165,0.88918,-0.138505,0.0143013,6.01857e-10,-2.90908e-09,-0.015979
1.75656e+09,0.00334684,0.88918,-0.138505,0.0142478,6.01857e-10,-2.90908e-09,-0.015979
1.75656e+09,0.00339217,0.88918,-0.138505,0.0141936,1.30163e-10,-4.24341e-09,-0.015979
1.75656e+09,0.0033088,0.88918,-0.138505,0.0141407,-1.82639e-09,-4.24341e-09,-0.015979
1.75656e+09,0.00330869,0.88918,-0.138505,0.0140878,-1.82639e-09,-4.24341e-09,-0.015979
1.75656e+09,0.00321338,0.88918,-0.138505,0.0140365,-2.77506e-09,5.74448e-09,-0.015979
1.75656e+09,0.00341659,0.88918,-0.138505,0.014011,-1.82639e-09,1.11164e-08,-0.00745685
1.75656e+09,0.00314073,0.88918,-0.138505,0.0139909,-1.41993e-09,1.11164e-08,-0.00639159
1.75656e+09,0.00367217,0.88918,-0.138505,0.0139949,-1.41993e-09,1.11164e-08,0.00106526
1.75656e+09,0.00337904,0.88918,-0.138505,0.0140093,-3.44527e-09,9.18956e-09,0.00426106
1.75656e+09,0.00318358,0.88918,-0.138505,0.014033,-1.46752e-09,8.38169e-09,0.00745685
1.75656e+09,0.00317501,0.88918,-0.138505,0.0140567,-1.67825e-09,8.38169e-09,0.00745685
1.75656e+09,0.0034057,0.88918,-0.138505,0.0140857,-3.44527e-09,8.38169e-09,0.00852211
1.75656e+09,0.00351925,0.88918,-0.138505,0.0141157,-1.67825e-09,7.31837e-09,0.00852211
1.75656e+09,0.00317346,0.88918,-0.138505,0.0141427,-1.46752e-09,7.31837e-09,0.00852211
1.75656e+09,0.00338767,0.88918,-0.138505,0.0141716,-1.67825e-09,4.94419e-09,0.00852211
1.75656e+09,0.0034032,0.88918,-0.138505,0.0142006,-9.061e-10,3.20115e-10,0.00852211
1.75656e+09,0.0031476,0.88918,-0.138505,0.0142207,2.87712e-09,-7.56421e-09,0.00639159
1.75656e+09,0.00344103,0.88918,-0.138505,0.014239,-8.29299e-10,-8.77351e-09,0.00532632
1.75656e+09,0.00327537,0.88918,-0.138505,0.014246,-8.29299e-10,-1.11642e-08,0.00213053
1.75656e+09,0.00333349,0.88918,-0.138505,0.0142425,-8.29299e-10,-1.64475e-08,-0.00106526
1.75656e+09,0.00321561,0.88918,-0.138505,0.0142116,-8.29299e-10,-1.71876e-08,-0.00958738
1.75656e+09,0.00347659,0.88918,-0.138505,0.0141635,-8.29299e-10,-1.89046e-08,-0.0138484
1.75656e+09,0.00337817,0.88918,-0.138505,0.0141167,-3.61871e-10,-1.89046e-08,-0.0138484
1.75656e+09,0.0032273,0.88918,-0.138505,0.0140617,-3.61871e-10,-1.89046e-08,-0.0170442
1.75656e+09,0.00342751,0.88918,-0.138505,0.0140033,2.09942e-11,-8.35571e-09,-0.0170442
1.75656e+09,0.0032309,0.88918,-0.138505,0.0139345,2.09942e-11,-8.16699e-09,-0.0213053
1.75656e+09,0.00339564,0.88918,-0.138505,0.0138621,-3.61871e-10,-5.95422e-09,-0.0213053
1.75656e+09,0.00332142,0.88918,-0.138505,0.0137913,-1.79459e-09,-3.33163e-09,-0.0213053
1.75656e+09,0.00338275,0.88918,-0.138505,0.0137265,-1.79459e-09,-2.04419e-09,-0.0191748
1.75656e+09,0.00341342,0.88918,-0.138505,0.0136828,-1.79459e-09,2.60818e-10,-0.0127832
1.75656e+09,0.00328912,0.88918,-0.138505,0.0136548,8.26646e-11,1.93827e-09,-0.00852211
1.75656e+09,0.00323642,0.88918,-0.138505,0.0136272,8.26646e-11,5.13517e-09,-0.00852211
1.75656e+09,0.00331149,0.88918,-0.138505,0.0136131,8.26646e-11,1.42534e-08,-0.00426106
1.75656e+09,0.0033539,0.88918,-0.138505,0.0136167,-2.31652e-10,1.60061e-08,0.00106526
1.75656e+09,0.00329342,0.88918,-0.138505,0.0136237,-2.31652e-10,1.60061e-08,0.00213053
1.75656e+09,0.00403495,0.88918,-0.138505,0.0136323,-2.31652e-10,1.42534e-08,0.00213053
1.75656e+09,0.0025411,0.88918,-0.138505,0.0136486,-2.62967e-09,1.42534e-08,0.00639159
1.75656e+09,0.00352195,0.88918,-0.138505,0.0136936,-1.07911e-09,1.59015e-08,0.0127832
1.75656e+09,0.00326106,0.88918,-0.138505,0.0137353,-1.77389e-11,1.59015e-08,0.0127832
1.75656e+09,0.00349228,0.88918,-0.138505,0.0137799,-1.77389e-11,1.59015e-08,0.0127832
1.75656e+09,0.00320998,0.88918,-0.138505,0.0138038,-1.07911e-09,1.85831e-08,0.00745685
1.75656e+09,0.00339755,0.88918,-0.138505,0.0138292,-1.77389e-11,1.85831e-08,0.00745685
1.75656e+09,0.00317195,0.88918,-0.138505,0.0138461,-1.77389e-11,1.41865e-08,0.00532632
1.75656e+09,0.00340485,0.88918,-0.138505,0.0138606,3.46874e-10,1.28926e-08,0.00426106
1.75656e+09,0.00328879,0.88918,-0.138505,0.0138746,-2.93858e-09,9.33412e-09,0.00426106
1.75656e+09,0.0033676,0.88918,-0.138505,0.0138854,2.47901e-09,7.0962e-09,0.00319579
1.75656e+09,0.00331179,0.88918,-0.138505,0.0138748,6.23195e-10,5.19708e-09,-0.00319579
1.75656e+09,0.00345056,0.88918,-0.138505,0.0138637,6.23195e-10,7.0962e-09,-0.00319579
1.75656e+09,0.00310905,0.88918,-0.138505,0.0138372,-1.93574e-09,5.19708e-09,-0.00852211
1.75656e+09,0.00330709,0.88918,-0.138505,0.0137774,-1.93574e-09,4.54059e-09,-0.0181095
1.75656e+09,0.00344655,0.88918,-0.138505,0.0137149,-1.93574e-09,-5.04482e-10,-0.0181095
1.75656e+09,0.00358831,0.88918,-0.138505,0.01365,-1.93574e-09,-5.04482e-10,-0.0181095
1.75656e+09,0.00299054,0.88918,-0.138505,0.0135958,-1.93574e-09,-2.2853e-09,-0.0181095
1.75656e+09,0.00338597,0.88918,-0.138505,0.0135345,-1.81686e-09,-5.04482e-10,-0.0181095
1.75656e+09,0.00331461,0.88918,-0.138505,0.0134886,-1.78514e-10,1.45254e-09,-0.0138484
1.75656e+09,0.00339829,0.88918,-0.138505,0.0134415,-1.78514e-10,3.00954e-09,-0.0138484
1.75656e+09,0.00340673,0.88918,-0.138505,0.0133943,-3.98357e-09,3.00954e-09,-0.0138484
1.75656e+09,0.0033376,0.88918,-0.138505,0.0133623,-1.78514e-10,3.31575e-09,-0.00958738
1.75656e+09,0.0033076,0.88918,-0.138505,0.0133306,-1.5011e-09,6.55998e-09,-0.00958738
1.75656e+09,0.00336049,0.88918,-0.138505,0.0133199,-3.98357e-09,1.20007e-08,-0.00319579
1.75656e+09,0.00319752,0.88918,-0.138505,0.0133267,-2.4068e-09,1.20007e-08,0.00213053
1.75656e+09,0.00337368,0.88918,-0.138505,0.0133339,-2.4068e-09,1.41732e-08,0.00213053
1.75656e+09,0.00341451,0.88918,-0.138505,0.0133594,-3.8664e-09,1.41732e-08,0.00745685
1.75656e+09,0.00331241,0.88918,-0.138505,0.0133876,-3.8664e-09,1.41732e-08,0.00852211
1.75656e+09,0.00328324,0.88918,-0.138505,0.0134575,-2.4068e-09,8.86009e-09,0.0213053
1.75656e+09,0.00341613,0.88918,-0.138505,0.0135303,-3.8664e-09,8.86009e-09,0.0213053
1.75656e+09,0.00317724,0.88918,-0.138505,0.013598,-6.28753e-09,8.86009e-09,0.0213053
1.75656e+09,0.00326953,0.88918,-0.138505,0.0136537,-2.19123e-09,1.09649e-08,0.0170442
1.75656e+09,0.00356364,0.88918,-0.138505,0.0137031,-2.19123e-09,8.86009e-09,0.0138484
1.75656e+09,0.00325833,0.88918,-0.138505,0.0137413,-2.19123e-09,5.39738e-09,0.0117179
1.75656e+09,0.0034155,0.88918,-0.138505,0.0137813,-1.21586e-09,-2.47209e-09,0.0117179
1.75656e+09,0.00341072,0.88918,-0.138505,0.0137922,-4.29097e-10,-9.0321e-09,0.00319579
1.75656e+09,0.0033956,0.88918,-0.138505,0.0137705,5.16982e-10,-1.12496e-08,-0.00639159
1.75656e+09,0.00298948,0.88918,-0.138505,0.0137514,5.16982e-10,-1.12496e-08,-0.00639159
1.75656e+09,0.00347492,0.88918,-0.138505,0.0137255,5.16982e-10,-1.32588e-08,-0.00745685
1.75656e+09,0.00349151,0.88918,-0.138505,0.0136994,2.97155e-09,-9.0321e-09,-0.00745685
1.75656e+09,0.0033,0.88918,-0.138505,0.0136572,2.97155e-09,-7.80481e-09,-0.0127832
1.75656e+09,0.00321247,0.88918,-0.138505,0.0136059,1.48079e-10,-6.51018e-09,-0.015979
1.75656e+09,0.00338111,0.88918,-0.138505,0.0135519,3.57787e-10,3.11052e-09,-0.015979
1.75656e+09,0.00314099,0.88918,-0.138505,0.013495,1.48079e-10,3.11052e-09,-0.0181095
1.75656e+09,0.00340599,0.88918,-0.138505,0.0134297,-4.69307e-10,4.36767e-09,-0.0191748
1.75656e+09,0.00332879,0.88918,-0.138505,0.0133694,-4.69307e-10,4.36767e-09,-0.0181095
1.75656e+09,0.00352541,0.88918,-0.138505,0.0133131,3.57787e-10,3.01519e-09,-0.015979
1.75656e+09,0.00307333,0.88918,-0.138505,0.013264,-4.69307e-10,7.55596e-10,-0.015979
1.75656e+09,0.0035109,0.88918,-0.138505,0.0132154,-3.74256e-09,3.01519e-09,-0.0138484
1.75656e+09,0.00317925,0.88918,-0.138505,0.0131747,-4.40226e-09,3.01519e-09,-0.0127832
1.75656e+09,0.00339813,0.88918,-0.138505,0.0131349,-4.40226e-09,4.57211e-09,-0.0117179
1.75656e+09,0.00349829,0.88918,-0.138505,0.0131274,-4.40226e-09,6.12672e-09,-0.00213053
1.75656e+09,0.00320729,0.88918,-0.138505,0.0131309,1.91351e-10,1.22882e-08,0.00106526
1.75656e+09,0.0034043,0.88918,-0.138505,0.0131562,1.91351e-10,1.41972e-08,0.00745685
1.75656e+09,0.00314704,0.88918,-0.138505,0.0131831,1.91351e-10,1.41972e-08,0.00852211
1.75656e+09,0.00356473,0.88918,-0.138505,0.0132134,4.47818e-11,1.22882e-08,0.00852211
1.75656e+09,0.00391484,0.88918,-0.138505,0.0132468,4.47818e-11,1.18163e-08,0.00852211
1.75656e+09,0.00258033,0.88918,-0.138505,0.013277,-9.30915e-10,1.11254e-08,0.0117179
1.75656e+09,0.00321502,0.88918,-0.138505,0.0133216,4.47818e-11,6.40938e-09,0.0138484
1.75656e+09,0.00338691,0.88918,-0.138505,0.0133685,1.27973e-09,6.20758e-10,0.0138484
1.75656e+09,0.00338595,0.88918,-0.138505,0.013419,2.52458e-09,-2.03353e-09,0.0149137
1.75656e+09,0.00326134,0.88918,-0.138505,0.0134641,2.52458e-09,-3.74835e-09,0.0138484
1.75656e+09,0.003526,0.88918,-0.138505,0.013513,2.52458e-09,-5.13276e-09,0.0138484
1.75656e+09,0.00338327,0.88918,-0.138505,0.0135094,4.07383e-09,-1.20732e-08,-0.00106526
1.75656e+09,0.00326368,0.88918,-0.138505,0.0135059,1.48362e-09,-1.20732e-08,-0.00106526
1.75656e+09,0.00329438,0.88918,-0.138505,0.0134989,-1.13234e-10,-1.20732e-08,-0.00213053
1.75656e+09,0.00333743,0.88918,-0.138505,0.0134775,1.48362e-09,-1.20732e-08,-0.00639159
1.75656e+09,0.00331783,0.88918,-0.138505,0.0134457,4.08257e-10,-1.20732e-08,-0.00958738
1.75656e+09,0.00334355,0.88918,-0.138505,0.0134208,4.08257e-10,-1.21582e-08,-0.00745685
1.75656e+09,0.00329754,0.88918,-0.138505,0.0133892,3.39356e-09,-1.46856e-08,-0.00958738
1.75656e+09,0.00335382,0.88918,-0.138505,0.013357,3.39356e-09,-1.46856e-08,-0.00958738
1.75656e+09,0.00345998,0.88918,-0.138505,0.013298,7.47646e-10,-1.34052e-08,-0.0170442
1.75656e+09,0.00329101,0.88918,-0.138505,0.013242,7.47646e-10,-1.2271e-08,-0.0170442
1.75656e+09,0.00326845,0.88918,-0.138505,0.0131862,7.47646e-10,-1.2271e-08,-0.0170442
1.75656e+09,0.0032054,0.88918,-0.138505,0.0131453,-9.04937e-11,-1.22035e-08,-0.0127832
1.75656e+09,0.0034674,0.88918,-0.138505,0.0131083,6.24959e-10,-1.22035e-08,-0.0106526
1.75656e+09,0.00336973,0.88918,-0.138505,0.0130724,-9.04937e-11,-3.03636e-09,-0.0106526
1.75656e+09,0.00328227,0.88918,-0.138505,0.0130375,-9.04937e-11,-6.28899e-10,-0.0106526
1.75656e+09,0.00335734,0.88918,-0.138505,0.0130089,-9.04937e-11,3.33887e-09,-0.00852211
1.75656e+09,0.00319529,0.88918,-0.138505,0.0129884,1.26395e-10,4.63158e-09,-0.00639159
1.75656e+09,0.00333913,0.88918,-0.138505,0.0129742,-6.14079e-09,4.63158e-09,-0.00426106
1.75656e+09,0.00331181,0.88918,-0.138505,0.0129742,1.26395e-10,5.46882e-09,0
1.75656e+09,0.00353565,0.88918,-0.138505,0.012993,1.26395e-10,4.63158e-09,0.00532632
1.75656e+09,0.00331616,0.88918,-0.138505,0.0130107,1.05656e-09,4.37764e-09,0.00532632
1.75656e+09,0.00334015,0.88918,-0.138505,0.0130498,1.05656e-09,4.37764e-09,0.0117179
1.75656e+09,0.00330691,0.88918,-0.138505,0.0130886,1.55254e-09,7.68589e-09,0.0117179
1.75656e+09,0.0033619,0.88918,-0.138505,0.0131172,2.23844e-09,2.74649e-09,0.00852211
1.75656e+09,0.00340626,0.88918,-0.138505,0.0131426,2.23844e-09,2.74649e-09,0.00745685
1.75656e+09,0.00319977,0.88918,-0.138505,0.0131665,1.55254e-09,5.24693e-10,0.00745685
1.75656e+09,0.00333251,0.88918,-0.138505,0.0131878,-3.16527e-09,-1.02567e-08,0.00639159
1.75656e+09,0.00334054,0.88918,-0.138505,0.0132092,-3.16527e-09,-1.06787e-08,0.00639159
1.75656e+09,0.00328546,0.88918,-0.138505,0.0132162,-3.16527e-09,-1.17931e-08,0.00213053
1.75656e+09,0.00319004,0.88918,-0.138505,0.0132128,-2.4482e-09,-1.26125e-08,-0.00106526
1.75656e+09,0.00357335,0.88918,-0.138505,0.0132051,6.80868e-10,-1.2768e-08,-0.00213053
1.75656e+09,0.00328663,0.88918,-0.138505,0.0131736,9.96854e-10,-1.26125e-08,-0.00958738
1.75656e+09,0.00349579,0.88918,-0.138505,0.0131401,1.42968e-09,-1.17931e-08,-0.00958738
1.75656e+09,0.00335789,0.88918,-0.138505,0.0130972,1.42968e-09,-1.2768e-08,-0.0127832
1.75656e+09,0.00307478,0.88918,-0.138505,0.0130415,9.96854e-10,-1.25785e-08,-0.0181095
1.75656e+09,0.00347195,0.88918,-0.138505,0.0129786,9.96854e-10,-1.25785e-08,-0.0181095
1.75656e+09,0.00324844,0.88918,-0.138505,0.0129233,-6.60521e-10,-1.25785e-08,-0.0170442
1.75656e+09,0.00316847,0.88918,-0.138505,0.0128625,-6.60521e-10,-1.25785e-08,-0.0191748
1.75656e+09,0.00345511,0.88918,-0.138505,0.0128036,1.08428e-09,-1.15209e-08,-0.0170442
1.75656e+09,0.0060622,0.88918,-0.138505,0.0127261,1.08428e-09,-6.41577e-09,-0.0127832
1.75656e+09,0.000400547,0.88918,-0.138505,0.012721,-3.49139e-09,-8.41383e-11,-0.0127832
1.75656e+09,0.0034692,0.88918,-0.138505,0.0126988,-2.22705e-09,-8.41383e-11,-0.00639159
1.75656e+09,0.00328199,0.88918,-0.138505,0.0126779,-3.49139e-09,-8.41383e-11,-0.00639159
1.75656e+09,0.00346209,0.88918,-0.138505,0.0126557,-3.49139e-09,2.77922e-10,-0.00639159
1.75656e+09,0.0034402,0.88918,-0.138505,0.0126667,-2.22705e-09,2.06382e-09,0.00319579
1.75656e+09,0.00323234,0.88918,-0.138505,0.0126805,5.47743e-10,2.06382e-09,0.00426106
1.75656e+09,0.00331622,0.88918,-0.138505,0.0127088,9.15759e-10,2.1944e-09,0.00852211
1.75656e+09,0.00355108,0.88918,-0.138505,0.012739,2.47072e-09,3.64015e-09,0.00852211
1.75656e+09,0.00316898,0.88918,-0.138505,0.0127728,2.47072e-09,2.06382e-09,0.0106526
1.75656e+09,0.00428744,0.88918,-0.138505,0.0128184,2.47072e-09,1.81577e-09,0.0106526
1.75656e+09,0.00246556,0.88918,-0.138505,0.01285,2.47072e-09,-2.62463e-09,0.0127832
1.75656e+09,0.00323419,0.88918,-0.138505,0.0128913,4.20459e-09,-3.69435e-09,0.0127832
1.75656e+09,0.00338423,0.88918,-0.138505,0.0129346,3.08537e-09,-7.81771e-09,0.0127832
1.75656e+09,0.00331626,0.88918,-0.138505,0.0129593,3.08537e-09,-1.15069e-08,0.00745685
1.75656e+09,0.00339551,0.88918,-0.138505,0.0129702,4.72648e-10,-1.15069e-08,0.00319579
1.75656e+09,0.00336295,0.88918,-0.138505,0.0129809,4.72648e-10,-1.15069e-08,0.00319579
1.75656e+09,0.00300046,0.88918,-0.138505,0.0129777,-1.04247e-09,-8.54124e-09,-0.00106526
1.75656e+09,0.00349376,0.88918,-0.138505,0.0129703,-1.04247e-09,-8.54124e-09,-0.00213053
1.75656e+09,0.00328232,0.88918,-0.138505,0.0129528,-1.04247e-09,-8.38935e-09,-0.00532632
1.75656e+09,0.00324704,0.88918,-0.138505,0.0129251,-2.36723e-09,-8.38935e-09,-0.00852211
1.75656e+09,0.00341369,0.88918,-0.138505,0.012896,3.39496e-09,-8.38935e-09,-0.00852211
1.75656e+09,0.00318901,0.88918,-0.138505,0.0128485,3.39496e-09,-7.34385e-09,-0.0149137
1.75656e+09,0.00359381,0.88918,-0.138505,0.012791,-2.06177e-09,-6.11671e-09,-0.015979
1.75656e+09,0.00319681,0.88918,-0.138505,0.0127365,-2.06177e-09,-1.02442e-09,-0.0170442
1.75656e+09,0.00380512,0.88918,-0.138505,0.0126757,-2.06177e-09,-8.12333e-10,-0.015979
1.75656e+09,0.00280786,0.88918,-0.138505,0.0126309,-2.06177e-09,5.76772e-10,-0.015979
1.75656e+09,0.00333159,0.88918,-0.138505,0.0125954,-2.06177e-09,6.40841e-10,-0.0106526
1.75656e+09,0.0033522,0.88918,-0.138505,0.0125597,-3.2454e-09,3.0287e-09,-0.0106526
1.75656e+09,0.00365723,0.88918,-0.138505,0.0125207,-3.2454e-09,3.25375e-09,-0.0106526
1.75656e+09,0.00309884,0.88918,-0.138505,0.012491,-9.65678e-10,6.32672e-09,-0.00958738
1.75656e+09,0.00350182,0.88918,-0.138505,0.0124649,-9.65678e-10,3.25375e-09,-0.00745685
1.75656e+09,0.0033449,0.88918,-0.138505,0.0124791,4.07648e-10,3.25375e-09,0.00426106
1.75656e+09,0.00341087,0.88918,-0.138505,0.0124937,1.01835e-09,2.66594e-09,0.00426106
1.75656e+09,0.00450389,0.88918,-0.138505,0.0125225,1.01835e-09,2.66594e-09,0.00639159
1.75656e+09,0.00203655,0.88918,-0.138505,0.0125398,1.01835e-09,1.40292e-09,0.00852211
1.75656e+09,0.00338041,0.88918,-0.138505,0.0125758,-3.74913e-09,1.40292e-09,0.0106526
1.75656e+09,0.00301899,0.88918,-0.138505,0.0126016,-3.74913e-09,1.40292e-09,0.00852211
1.75656e+09,0.00346231,0.88918,-0.138505,0.0126458,-3.74913e-09,1.25619e-11,0.0127832
1.75656e+09,0.00338174,0.88918,-0.138505,0.0126746,-2.60834e-09,-3.12691e-09,0.00852211
1.75656e+09,0.00350624,0.88918,-0.138505,0.0127008,-2.60834e-09,-4.17517e-09,0.00745685
1.75656e+09,0.00327047,0.88918,-0.138505,0.0127043,-1.85341e-09,-1.53225e-08,0.00106526
1.75656e+09,0.00316459,0.88918,-0.138505,0.0126975,-1.85341e-09,-1.53225e-08,-0.00213053
1.75656e+09,0.00347181,0.88918,-0.138505,0.012679,-7.85396e-10,-1.53225e-08,-0.00532632
1.75656e+09,0.00339789,0.88918,-0.138505,0.0126609,-7.85396e-10,-1.10876e-08,-0.00532632
1.75656e+09,0.00320487,0.88918,-0.138505,0.0126336,4.76197e-10,-1.06641e-08,-0.00852211
1.75656e+09,0.00325148,0.88918,-0.138505,0.0126059,4.76197e-10,-1.03817e-08,-0.00852211
1.75656e+09,0.00334288,0.88918,-0.138505,0.0125739,-7.85396e-10,-9.21686e-09,-0.00958738
1.75656e+09,0.00343457,0.88918,-0.138505,0.0125226,4.76197e-10,-9.40991e-09,-0.0149137
1.75656e+09,0.00328094,0.88918,-0.138505,0.0124737,4.82105e-10,-9.01695e-09,-0.0149137
1.75656e+09,0.00323617,0.88918,-0.138505,0.0124254,4.82105e-10,-9.01695e-09,-0.0149137
1.75656e+09,0.00340873,0.88918,-0.138505,0.0123673,1.52535e-10,-8.57432e-09,-0.0170442
1.75656e+09,0.00330698,0.88918,-0.138505,0.012311,1.52535e-10,-8.33205e-09,-0.0170442
1.75656e+09,0.00354831,0.88918,-0.138505,0.0122429,1.52535e-10,-8.22701e-09,-0.0191748
1.75656e+09,0.003294,0.88918,-0.138505,0.0121868,-3.31581e-11,-3.03901e-09,-0.0170442
1.75656e+09,0.00337347,0.88918,-0.138505,0.0121365,-1.37004e-09,-1.72689e-09,-0.0149137
1.75656e+09,0.00335891,0.88918,-0.138505,0.0121114,-3.47235e-09,1.32716e-09,-0.00745685
1.75656e+09,0.00321136,0.88918,-0.138505,0.0120909,-3.47235e-09,1.32716e-09,-0.00639159
1.75656e+09,0.00317895,0.88918,-0.138505,0.0120706,-3.47235e-09,5.08553e-09,-0.00639159
1.75656e+09,0.00342533,0.88918,-0.138505,0.0120815,-3.5451e-09,7.1772e-09,0.00319579
1.75656e+09,0.00325031,0.88918,-0.138505,0.0121162,-3.5451e-09,7.1772e-09,0.0106526
1.75656e+09,0.00329515,0.88918,-0.138505,0.0121548,1.23585e-10,7.24633e-09,0.0117179
1.75656e+09,0.00343511,0.88918,-0.138505,0.012195,1.23585e-10,8.6553e-09,0.0117179
1.75656e+09,0.00349578,0.88918,-0.138505,0.012236,-2.90761e-09,9.20654e-09,0.0117179
1.75656e+09,0.00333968,0.88918,-0.138505,0.0122751,-1.34833e-09,9.20654e-09,0.0117179
1.75656e+09,0.00317072,0.88918,-0.138505,0.0123123,-1.34833e-09,8.6553e-09,0.0117179
1.75656e+09,0.00333562,0.88918,-0.138505,0.0123372,-1.34833e-09,3.23334e-09,0.00745685
1.75656e+09,0.00329486,0.88918,-0.138505,0.0123617,-1.25011e-10,3.23334e-09,0.00745685
1.75656e+09,0.00338922,0.88918,-0.138505,0.0123834,-1.25011e-10,3.23334e-09,0.00639159
1.75656e+09,0.00341735,0.88918,-0.138505,0.0124052,-1.25011e-10,4.21797e-09,0.00639159
1.75656e+09,0.00326045,0.88918,-0.138505,0.0124226,-1.25011e-10,4.21797e-09,0.00532632
1.75656e+09,0.00338069,0.88918,-0.138505,0.0124226,6.43414e-11,4.21797e-09,0
1.75656e+09,0.00335739,0.88918,-0.138505,0.0124083,6.43414e-11,3.10798e-09,-0.00426106
1.75656e+09,0.0034375,0.88918,-0.138505,0.01239,1.11357e-09,-4.31379e-10,-0.00532632
1.75656e+09,0.00330532,0.88918,-0.138505,0.0123583,1.11357e-09,-1.39953e-09,-0.00958738
1.75656e+09,0.0033208,0.88918,-0.138505,0.0123265,6.25209e-10,-4.4422e-09,-0.00958738
1.75656e+09,0.00310218,0.88918,-0.138505,0.0122802,6.25209e-10,-4.4422e-09,-0.0149137
1.75656e+09,0.00341301,0.88918,-0.138505,0.0122184,6.25209e-10,-4.4422e-09,-0.0181095
1.75656e+09,0.00319346,0.88918,-0.138505,0.0121606,8.29919e-11,-3.22894e-09,-0.0181095
1.75656e+09,0.0034175,0.88918,-0.138505,0.0120987,-1.27998e-09,-2.63199e-09,-0.0181095
1.75656e+09,0.00346793,0.88918,-0.138505,0.0120359,-2.95544e-09,-2.63199e-09,-0.0181095
1.75656e+09,0.0058045,0.88918,-0.138505,0.0119431,-1.27998e-09,-2.16881e-09,-0.015979
1.75656e+09,0.000727301,0.88918,-0.138505,0.0119315,-1.27998e-09,1.99944e-09,-0.015979
1.75656e+09,0.00339844,0.88918,-0.138505,0.0118808,3.79379e-09,8.60887e-09,-0.0149137
1.75656e+09,0.00340916,0.88918,-0.138505,0.0118372,3.79379e-09,8.60887e-09,-0.0127832
1.75656e+09,0.00306852,0.88918,-0.138505,0.0118242,3.79379e-09,8.8071e-09,-0.00426106
1.75656e+09,0.00362147,0.88918,-0.138505,0.0118242,-5.00226e-10,9.40776e-09,0
1.75656e+09,0.00327197,0.88918,-0.138505,0.0118346,-3.47759e-09,1.55371e-08,0.00319579
1.75656e+09,0.00321026,0.88918,-0.138505,0.0118517,-3.47759e-09,1.79003e-08,0.00532632
1.75656e+09,0.00361574,0.88918,-0.138505,0.0119095,-1.18379e-09,1.79003e-08,0.015979
1.75656e+09,0.00303595,0.88918,-0.138505,0.011958,-3.47759e-09,1.79003e-08,0.015979
1.75656e+09,0.00343138,0.88918,-0.138505,0.0120201,-4.67097e-09,1.30914e-08,0.0181095
1.75656e+09,0.0031928,0.88918,-0.138505,0.012078,-2.15565e-09,1.30914e-08,0.0181095
1.75656e+09,0.00376832,0.88918,-0.138505,0.0121301,-3.27566e-09,1.07926e-08,0.0138484
1.75656e+09,0.00306368,0.88918,-0.138505,0.0121562,-3.27566e-09,1.07926e-08,0.00852211
1.75656e+09,0.00335678,0.88918,-0.138505,0.0121849,-2.15565e-09,3.63189e-09,0.00852211
1.75656e+09,0.00334026,0.88918,-0.138505,0.0121991,-2.15565e-09,1.31209e-09,0.00426106
1.75656e+09,0.00325137,0.88918,-0.138505,0.0121887,3.61556e-09,-6.53251e-09,-0.00319579
1.75656e+09,0.00333503,0.88918,-0.138505,0.0121532,3.61556e-09,-7.44515e-09,-0.0106526
1.75656e+09,0.00316413,0.88918,-0.138505,0.0121161,3.61556e-09,-7.44515e-09,-0.0117179
1.75656e+09,0.00353528,0.88918,-0.138505,0.0120747,3.61556e-09,-7.44515e-09,-0.0117179
1.75656e+09,0.00341507,0.88918,-0.138505,0.0120346,3.61556e-09,-4.34661e-09,-0.0117179
1.75656e+09,0.00314152,0.88918,-0.138505,0.0119978,1.75614e-09,-4.34661e-09,-0.0117179
1.75656e+09,0.00335064,0.88918,-0.138505,0.0119586,1.75614e-09,-4.34661e-09,-0.0117179
1.75656e+09,0.00341296,0.88918,-0.138505,0.0119186,-2.4115e-10,-4.53532e-09,-0.0117179
1.75656e+09,0.00322382,0.88918,-0.138505,0.0118774,-3.00104e-10,-4.53532e-09,-0.0127832
1.75656e+09,0.00345406,0.88918,-0.138505,0.0118332,-3.00104e-10,-4.53532e-09,-0.0127832
1.75656e+09,0.0033979,0.88918,-0.138505,0.0117898,-3.00104e-10,4.27777e-09,-0.0127832
1.75656e+09,0.00322071,0.88918,-0.138505,0.0117486,-3.00104e-10,5.81275e-09,-0.0127832
1.75656e+09,0.00316483,0.88918,-0.138505,0.0117149,-3.00104e-10,9.50777e-09,-0.0106526
1.75656e+09,0.00343914,0.88918,-0.138505,0.0116783,-1.04651e-09,1.02347e-08,-0.0106526
1.75656e+09,0.00343957,0.88918,-0.138505,0.0116453,-2.28719e-09,1.24704e-08,-0.00958738
1.75656e+09,0.00333462,0.88918,-0.138505,0.0116133,-2.28719e-09,2.19932e-08,-0.00958738
1.75656e+09,0.00341029,0.88918,-0.138505,0.0116024,-2.83419e-09,2.26817e-08,-0.00319579
1.75656e+09,0.00332891,0.88918,-0.138505,0.0115953,-2.28719e-09,2.26817e-08,-0.00213053
1.75656e+09,0.00348305,0.88918,-0.138505,0.0116176,-2.28719e-09,2.70124e-08,0.00639159
1.75656e+09,0.00307882,0.88918,-0.138505,0.0116635,-1.4542e-09,2.8278e-08,0.0149137
1.75656e+09,0.003452,0.88918,-0.138505,0.011715,-1.4542e-09,2.70124e-08,0.0149137
1.75656e+09,0.00330359,0.88918,-0.138505,0.0117643,3.88928e-10,2.8278e-08,0.0149137
1.75656e+09,0.00344439,0.88918,-0.138505,0.0117936,3.88928e-10,2.8278e-08,0.00852211
1.75656e+09,0.0031362,0.88918,-0.138505,0.0118137,5.48607e-10,2.59342e-08,0.00639159
1.75656e+09,0.00353442,0.88918,-0.138505,0.0118362,5.48607e-10,2.30183e-08,0.00639159
1.75656e+09,0.00343065,0.88918,-0.138505,0.0118509,3.88928e-10,1.58406e-08,0.00426106
1.75656e+09,0.00289882,0.88918,-0.138505,0.0118632,5.48607e-10,1.0927e-08,0.00426106
1.75656e+09,0.00337189,0.88918,-0.138505,0.011874,5.48607e-10,9.7159e-09,0.00319579
1.75656e+09,0.00331603,0.88918,-0.138505,0.0118811,-1.099e-09,8.16494e-09,0.00213053
1.75656e+09,0.00338891,0.88918,-0.138505,0.0118847,5.04977e-09,7.52222e-09,0.00106526
1.75656e+09,0.00332113,0.88918,-0.138505,0.0118493,5.04977e-09,6.51898e-09,-0.0106526
1.75656e+09,0.00356007,0.88918,-0.138505,0.0118114,2.24893e-10,5.86491e-09,-0.0106526
1.75656e+09,0.00316513,0.88918,-0.138505,0.0117743,2.24893e-10,5.03318e-10,-0.0117179
1.75656e+09,0.00332162,0.88918,-0.138505,0.011707,1.43526e-09,-1.31059e-09,-0.02024
1.75656e+09,0.00332837,0.88918,-0.138505,0.011668,2.24893e-10,-1.67474e-09,-0.0117179
1.75656e+09,0.00329275,0.88918,-0.138505,0.0116295,-1.55745e-09,-7.63359e-09,-0.0117179
1.75656e+09,0.00349332,0.88918,-0.138505,0.0115736,-9.87173e-10,-7.86393e-09,-0.015979
1.75656e+09,0.00340813,0.88918,-0.138505,0.0115192,-9.87173e-10,-7.70637e-09,-0.015979
1.75656e+09,0.00312077,0.88918,-0.138505,0.0114826,-9.87173e-10,-7.70637e-09,-0.0117179
1.75656e+09,0.00328259,0.88918,-0.138505,0.0114441,9.55007e-10,-7.70637e-09,-0.0117179
1.75656e+09,0.00344441,0.88918,-0.138505,0.0114111,1.60743e-09,-5.70897e-09,-0.00958738
1.75656e+09,0.00331395,0.88918,-0.138505,0.011397,1.60743e-09,-4.12927e-09,-0.00426106
1.75656e+09,0.00328503,0.88918,-0.138505,0.0113935,9.55007e-10,-1.75706e-10,-0.00106526
1.75656e+09,0.00342769,0.88918,-0.138505,0.0113972,-1.99174e-10,-1.75706e-10,0.00106526
1.75656e+09,0.00327788,0.88918,-0.138505,0.0114111,-2.41955e-09,-1.75706e-10,0.00426106
1.75656e+09,0.00329561,0.88918,-0.138505,0.0114357,-3.78593e-09,1.17107e-09,0.00745685
1.75656e+09,0.00363067,0.88918,-0.138505,0.0114705,-2.41955e-09,1.06677e-09,0.00958738
1.75656e+09,0.00338246,0.88918,-0.138505,0.0115029,-2.03065e-09,1.06677e-09,0.00958738
1.75656e+09,0.00325544,0.88918,-0.138505,0.0115341,-2.03065e-09,1.98995e-09,0.00958738
1.75656e+09,0.00309867,0.88918,-0.138505,0.0115606,-2.10052e-11,6.81111e-09,0.00852211
1.75656e+09,0.00334985,0.88918,-0.138505,0.0115891,-2.10052e-11,1.98995e-09,0.00852211
1.75656e+09,0.00322765,0.88918,-0.138505,0.011596,1.13762e-09,1.98995e-09,0.00213053
1.75656e+09,0.00364087,0.88918,-0.138505,0.0116154,-2.10052e-11,-9.14642e-09,0.00532632
1.75656e+09,0.0032086,0.88918,-0.138505,0.0116325,1.13762e-09,-1.49967e-08,0.00532632
1.75656e+09,0.00332206,0.88918,-0.138505,0.0116395,4.66203e-10,-2.63634e-08,0.00213053
1.75656e+09,0.00325318,0.88918,-0.138505,0.0116187,1.13762e-09,-3.31187e-08,-0.00639159
1.75656e+09,0.00338989,0.88918,-0.138505,0.0115718,2.83339e-09,-3.92015e-08,-0.0138484
1.75656e+09,0.00347997,0.88918,-0.138505,0.0115125,3.98931e-09,-4.00755e-08,-0.0170442
1.75656e+09,0.0032958,0.88918,-0.138505,0.0114563,3.98931e-09,-4.00755e-08,-0.0170442
1.75656e+09,0.00310433,0.88918,-0.138505,0.0114034,3.98931e-09,-4.00755e-08,-0.0170442
1.75656e+09,0.0032944,0.88918,-0.138505,0.0113402,-3.37833e-10,-3.85601e-08,-0.0191748
1.75656e+09,0.00350934,0.88918,-0.138505,0.0112617,-3.37833e-10,-3.85601e-08,-0.0223706
1.75656e+09,0.00320374,0.88918,-0.138505,0.0112003,-3.37833e-10,-3.85601e-08,-0.0191748
1.75656e+09,0.00334674,0.88918,-0.138505,0.0111183,-3.00808e-09,-4.92076e-08,-0.0245011
1.75656e+09,0.0033821,0.88918,-0.138505,0.0110174,-6.65276e-09,-5.02256e-08,-0.0298274
1.75656e+09,0.00391107,0.88918,-0.138505,0.0109216,-5.47133e-09,-5.77333e-08,-0.0245011
1.75656e+09,0.00279289,0.88918,-0.138505,0.0108532,-5.47133e-09,-8.78076e-08,-0.0245011
1.75656e+09,0.00337827,0.88918,-0.138505,0.0107668,-5.70032e-09,-1.00444e-07,-0.0255663
1.75656e+09,0.00329717,0.88918,-0.138505,0.0106825,-5.47133e-09,-1.10489e-07,-0.0255663
1.75656e+09,0.00311069,0.88918,-0.138505,0.0106129,-4.21868e-09,-1.10796e-07,-0.0223706
1.75656e+09,0.00341228,0.88918,-0.138505,0.0105438,-4.21868e-09,-1.14588e-07,-0.02024
1.75656e+09,0.00335111,0.88918,-0.138505,0.0104939,-4.54909e-09,-1.10967e-07,-0.0149137
1.75656e+09,0.00329846,0.88918,-0.138505,0.0104517,-1.70363e-09,-1.14683e-07,-0.0127832
1.75656e+09,0.00354697,0.88918,-0.138505,0.0103988,-1.70363e-09,-1.15566e-07,-0.0149137
1.75656e+09,0.0032645,0.88918,-0.138505,0.0103571,-4.54909e-09,-1.14683e-07,-0.0127832
1.75656e+09,0.00317464,0.88918,-0.138505,0.0103165,-1.33594e-09,-1.10967e-07,-0.0127832
1.75656e+09,0.00357242,0.88918,-0.138505,0.0102746,-1.33594e-09,-9.84593e-08,-0.0117179
1.75656e+09,0.00337409,0.88918,-0.138505,0.0102531,-4.24109e-09,-9.64286e-08,-0.00639159
1.75656e+09,0.00331226,0.88918,-0.138505,0.010246,-4.24109e-09,-8.1379e-08,-0.00213053
1.75656e+09,0.00314385,0.88918,-0.138505,0.010246,-2.45172e-09,-6.78154e-08,0
1.75656e+09,0.00351097,0.88918,-0.138505,0.010246,-2.45172e-09,-6.63468e-08,0
1.75656e+09,0.00316183,0.88918,-0.138505,0.010246,-2.45172e-09,-6.5372e-08,0
1.75656e+09,0.00344744,0.88918,-0.138505,0.0102497,-1.80594e-09,-5.23073e-08,0.00106526
1.75656e+09,0.00514254,0.88918,-0.138505,0.0102552,-8.74462e-10,-5.19684e-08,0.00106526
1.75656e+09,0.00134666,0.88918,-0.138505,0.0102465,2.39435e-09,-4.00363e-08,-0.00639159
1.75656e+09,0.00355397,0.88918,-0.138505,0.010239,2.39435e-09,-3.56554e-08,-0.00213053
1.75656e+09,0.00303545,0.88918,-0.138505,0.0102131,2.39435e-09,-3.50184e-08,-0.00852211
1.75656e+09,0.00350677,0.88918,-0.138505,0.0101832,2.39435e-09,-3.50184e-08,-0.00852211
1.75656e+09,0.00371678,0.88918,-0.138505,0.0101753,2.39435e-09,7.25114e-09,-0.00213053
1.75656e+09,0.00305559,0.88918,-0.138505,0.0102046,3.29321e-09,9.65429e-09,0.00958738
1.75656e+09,0.00318294,0.88918,-0.138505,0.0102453,9.16549e-09,1.40943e-08,0.0127832
1.75656e+09,0.0034963,0.88918,-0.138505,0.0103682,9.79688e-09,8.53331e-08,0.0351537
1.75656e+09,0.00319115,0.88918,-0.138505,0.0104974,1.33177e-08,1.09064e-07,0.04048
1.75656e+09,0.00331395,0.88918,-0.138505,0.0107057,1.33177e-08,1.28144e-07,0.0628506
1.75656e+09,0.00351837,0.88918,-0.138505,0.0109718,9.79688e-09,1.47393e-07,0.0756338
1.75656e+09,0.00376027,0.88918,-0.138505,0.0112602,8.25256e-09,1.63879e-07,0.076699
1.75656e+09,0.0027469,0.88918,-0.138505,0.0115382,8.25256e-09,1.78993e-07,0.1012
1.75656e+09,0.0040474,0.88918,-0.138505,0.0120081,6.96758e-09,1.78993e-07,0.116114
1.75656e+09,0.0025328,0.88918,-0.138505,0.0123049,1.93803e-09,1.78993e-07,0.117179
1.75656e+09,0.00341448,0.88918,-0.138505,0.012705,1.19657e-09,1.46832e-07,0.117179
1.75656e+09,0.00343577,0.88918,-0.138505,0.0131589,1.19657e-09,1.15756e-07,0.132093
1.75656e+09,0.0033063,0.88918,-0.138505,0.0136202,1.19657e-09,9.31046e-08,0.13955
1.75656e+09,0.00340701,0.88918,-0.138505,0.0141066,1.19657e-09,5.4301e-08,0.142745
1.75656e+09,0.00310905,0.88918,-0.138505,0.0146001,6.12393e-10,-2.50457e-08,0.158724
1.75656e+09,0.00332857,0.88918,-0.138505,0.0151284,-1.8715e-09,-6.67632e-08,0.158724
1.75656e+09,0.00337198,0.88918,-0.138505,0.0156636,-1.08263e-08,-1.13621e-07,0.158724
1.75656e+09,0.00339379,0.88918,-0.138505,0.0162023,-1.15799e-08,-2.21846e-07,0.158724
1.75656e+09,0.00334647,0.88918,-0.138505,0.0167477,-1.27952e-08,-2.90649e-07,0.162985
1.75656e+09,0.00325997,0.88918,-0.138505,0.0172478,-2.18603e-08,-3.98598e-07,0.153398
1.75656e+09,0.00342809,0.88918,-0.138505,0.0177736,-3.16662e-08,-5.37193e-07,0.153398
1.75656e+09,0.00323639,0.88918,-0.138505,0.0182701,-4.28026e-08,-6.10916e-07,0.153398
1.75656e+09,0.00329879,0.88918,-0.138505,0.0187761,-5.27586e-08,-7.58977e-07,0.153398
1.75656e+09,0.00342506,0.88918,-0.138505,0.0193015,-7.37927e-08,-9.6078e-07,0.153398
1.75656e+09,0.00451764,0.88918,-0.138505,0.0200426,-7.43351e-08,-1.00878e-06,0.164051
1.75656e+09,0.00226912,0.88918,-0.138505,0.0204173,-9.43577e-08,-1.1386e-06,0.165116
1.75656e+09,0.00316058,0.88918,-0.138505,0.0209392,-1.14885e-07,-1.3137e-06,0.165116
1.75656e+09,0.00342959,0.88918,-0.138505,0.0215055,-1.31624e-07,-1.44378e-06,0.165116
1.75656e+09,0.0033535,0.88918,-0.138505,0.0220985,-1.48617e-07,-1.55362e-06,0.176834
1.75656e+09,0.00326428,0.88918,-0.138505,0.0226792,-1.67876e-07,-1.73835e-06,0.177899
1.75656e+09,0.00340893,0.88918,-0.138505,0.0232856,-1.76832e-07,-1.81282e-06,0.177899
1.75656e+09,0.00325458,0.88918,-0.138505,0.0239305,-1.85855e-07,-1.8893e-06,0.198139
1.75656e+09,0.00316827,0.88918,-0.138505,0.0245582,-1.85855e-07,-1.8893e-06,0.198139
1.75656e+09,0.00327692,0.88918,-0.138505,0.0252075,-1.85855e-07,-1.8893e-06,0.198139
1.75656e+09,0.00331799,0.88918,-0.138505,0.0259639,-2.16731e-07,-2.20778e-06,0.227967
1.75656e+09,0.00339438,0.88918,-0.138505,0.0267486,-2.38371e-07,-2.49809e-06,0.231162
1.75656e+09,0.00346416,0.88918,-0.138505,0.0275863,-2.56207e-07,-2.63524e-06,0.241815
1.75656e+09,0.00324418,0.88918,-0.138505,0.0284295,-2.58624e-07,-2.90063e-06,0.259925
1.75656e+09,0.0036256,0.88918,-0.138505,0.0294221,-2.68445e-07,-3.13972e-06,0.273773
1.75656e+09,0.00303858,0.88918,-0.138505,0.0302993,-2.81149e-07,-3.2353e-06,0.288687
1.75656e+09,0.00332936,0.88918,-0.138505,0.0312746,-2.82981e-07,-3.40905e-06,0.292948
1.75656e+09,0.00341831,0.88918,-0.138505,0.0323416,-2.84954e-07,-3.58691e-06,0.312122
1.75656e+09,0.00329965,0.88918,-0.138505,0.033389,-3.02474e-07,-3.71721e-06,0.317449
1.75656e+09,0.0039369,0.88918,-0.138505,0.0346975,-3.0344e-07,-3.90437e-06,0.332362
1.75656e+09,0.00293974,0.88918,-0.138505,0.0356933,-3.42197e-07,-4.09409e-06,0.338754
1.75656e+09,0.00303636,0.88918,-0.138505,0.0367704,-3.82145e-07,-4.2138e-06,0.354733
1.75656e+09,0.00359393,0.88918,-0.138505,0.0380683,-4.02587e-07,-4.3473e-06,0.361125
1.75656e+09,0.00314701,0.88918,-0.138505,0.0392249,-4.46577e-07,-4.44129e-06,0.367516
1.75656e+09,0.00430304,0.88918,-0.138505,0.0408201,-4.66427e-07,-4.53604e-06,0.370712
1.75656e+09,0.00239781,0.88918,-0.138505,0.0417473,-5.11304e-07,-4.73396e-06,0.386691
1.75656e+09,0.00354004,0.88918,-0.138505,0.0431727,-5.6089e-07,-4.77714e-06,0.40267
1.75656e+09,0.0032303,0.88918,-0.138505,0.0444735,-5.6089e-07,-4.77714e-06,0.40267
1.75656e+09,0.0032269,0.88918,-0.138505,0.0457729,-5.6089e-07,-4.77714e-06,0.40267
1.75656e+09,0.00324432,0.88918,-0.138505,0.0471069,-6.65e-07,-4.84607e-06,0.411192
1.75656e+09,0.00333263,0.88918,-0.138505,0.048495,-6.7382e-07,-4.8561e-06,0.416518
1.75656e+09,0.0034161,0.88918,-0.138505,0.0499615,-7.37139e-07,-4.98591e-06,0.429302
1.75656e+09,0.00335718,0.88918,-0.138505,0.0514386,-7.63314e-07,-5.13166e-06,0.439954
1.75656e+09,0.00327806,0.88918,-0.138505,0.0529296,-7.70841e-07,-5.17437e-06,0.454868
1.75656e+09,0.00332947,0.88918,-0.138505,0.0544654,-7.99211e-07,-5.32648e-06,0.461259
1.75656e+09,0.00336047,0.88918,-0.138505,0.0560154,-8.55021e-07,-5.41421e-06,0.461259
1.75656e+09,0.00331326,0.88918,-0.138505,0.0575578,-8.60228e-07,-5.4599e-06,0.465521
1.75656e+09,0.00337489,0.88918,-0.138505,0.0591397,-8.60228e-07,-5.49202e-06,0.468716
1.75656e+09,0.00347237,0.88918,-0.138506,0.0608153,-8.55021e-07,-5.58171e-06,0.482565
1.75656e+09,0.00328454,0.88918,-0.138506,0.0624248,-8.38721e-07,-5.62628e-06,0.490022
1.75656e+09,0.00324578,0.88918,-0.138506,0.0640188,-8.15862e-07,-5.69406e-06,0.491087
1.75656e+09,0.00336783,0.88918,-0.138506,0.0657265,-7.85454e-07,-5.74637e-06,0.507066
1.75656e+09,0.00325799,0.88918,-0.138506,0.0673889,-7.49578e-07,-5.74637e-06,0.510262
1.75656e+09,0.00337303,0.88918,-0.138506,0.0691496,-7.11585e-07,-5.75103e-06,0.52198
1.75656e+09,0.00352,0.88918,-0.138506,0.0710094,-6.33009e-07,-5.74637e-06,0.528371
1.75656e+09,0.00331931,0.88918,-0.138506,0.0727668,-5.95232e-07,-5.73893e-06,0.529436
1.75656e+09,0.00327513,0.88918,-0.138506,0.0745008,-5.68094e-07,-5.7207e-06,0.529436
1.75656e+09,0.00321798,0.88918,-0.138506,0.0762353,-5.26066e-07,-5.7207e-06,0.539024
1.75656e+09,0.00329787,0.88918,-0.138506,0.0780657,-4.69287e-07,-5.71709e-06,0.555003
1.75656e+09,0.00328965,0.88918,-0.138506,0.0798949,-4.67002e-07,-5.71223e-06,0.556068
1.75656e+09,0.00356844,0.88918,-0.138506,0.0818868,-4.63945e-07,-5.5538e-06,0.558199
1.75656e+09,0.00314496,0.88918,-0.138506,0.0836558,-4.63945e-07,-5.54344e-06,0.56246
1.75656e+09,0.00331345,0.88918,-0.138506,0.0855477,-4.60906e-07,-5.4587e-06,0.570982
1.75656e+09,0.00350922,0.88918,-0.138506,0.0875514,-4.60906e-07,-5.43998e-06,0.570982
1.75656e+09,0.00311729,0.88918,-0.138506,0.0893379,-4.56407e-07,-5.43768e-06,0.573112
1.75656e+09,0.00332756,0.88918,-0.138506,0.091245,-4.49337e-07,-5.43768e-06,0.573112
1.75656e+09,0.00356386,0.88918,-0.138506,0.0932989,-4.42258e-07,-5.43768e-06,0.576308
1.75656e+09,0.00323172,0.88918,-0.138506,0.0951613,-4.1622e-07,-5.5131e-06,0.576308
1.75656e+09,0.00347901,0.88918,-0.138506,0.0971997,-3.85303e-07,-5.55242e-06,0.585895
1.75656e+09,0.00319679,0.88918,-0.138506,0.0990761,-3.28611e-07,-5.55242e-06,0.586961
1.75656e+09,0.0032625,0.88918,-0.138506,0.101005,-3.08186e-07,-5.53813e-06,0.591222
1.75656e+09,0.00338929,0.88918,-0.138506,0.103027,-2.32223e-07,-5.53813e-06,0.596548
1.75656e+09,0.00341136,0.88918,-0.138506,0.105142,-1.25287e-07,-5.43063e-06,0.619984
1.75656e+09,0.00320594,0.88918,-0.138506,0.107136,-8.47609e-08,-5.4011e-06,0.622114
1.75656e+09,0.00365896,0.88918,-0.138506,0.109416,1.22797e-08,-5.3464e-06,0.62318
1.75656e+09,0.0032483,0.88918,-0.138506,0.111468,1.56094e-07,-5.25722e-06,0.631702
1.75656e+09,0.00327959,0.88918,-0.138506,0.113558,1.94329e-07,-5.21454e-06,0.637028
1.75656e+09,0.00311635,0.88918,-0.138506,0.115573,3.1261e-07,-5.1603e-06,0.646615
1.75656e+09,0.00337211,0.88918,-0.138506,0.11776,4.05676e-07,-5.15026e-06,0.648746
1.75656e+09,0.00330884,0.88918,-0.138506,0.119925,4.47191e-07,-5.15026e-06,0.654072
1.75656e+09,0.00334381,0.88918,-0.138506,0.122115,5.05474e-07,-5.15253e-06,0.655138
1.75656e+09,0.00335278,0.88918,-0.138506,0.12433,5.97927e-07,-5.1603e-06,0.660464
1.75656e+09,0.00387817,0.88918,-0.138506,0.126899,6.28185e-07,-5.19129e-06,0.662594
1.75656e+09,0.00286583,0.88918,-0.138506,0.128807,6.78634e-07,-5.30722e-06,0.66579
1.75656e+09,0.00346082,0.88918,-0.138506,0.131111,7.57507e-07,-5.40189e-06,0.66579
1.75656e+09,0.00305712,0.88918,-0.138506,0.133153,7.83728e-07,-5.45751e-06,0.667921
1.75656e+09,0.00340232,0.88918,-0.138506,0.135426,8.55402e-07,-5.49181e-06,0.667921
1.75656e+09,0.0034031,0.88918,-0.138506,0.13771,9.52902e-07,-5.49181e-06,0.671117
1.75656e+09,0.00382397,0.88918,-0.138506,0.140276,1.00758e-06,-5.45986e-06,0.671117
1.75656e+09,0.00278996,0.88918,-0.138506,0.142148,1.11478e-06,-5.45986e-06,0.671117
1.75656e+09,0.0033723,0.88918,-0.138506,0.144412,1.1544e-06,-5.39133e-06,0.671117
1.75656e+09,0.00319206,0.88918,-0.138506,0.146561,1.22038e-06,-5.3206e-06,0.673247
1.75656e+09,0.00341707,0.88918,-0.138506,0.148887,1.33433e-06,-5.16371e-06,0.680704
1.75656e+09,0.00336582,0.88918,-0.138506,0.151185,1.44388e-06,-4.98278e-06,0.682834
1.75656e+09,0.00330095,0.88918,-0.138506,0.15345,1.49476e-06,-4.79314e-06,0.68603
1.75656e+09,0.00346976,0.88918,-0.138506,0.155834,1.58741e-06,-4.77328e-06,0.687095
1.75656e+09,0.0033736,0.88918,-0.138506,0.158166,1.64871e-06,-4.72451e-06,0.691357
1.75656e+09,0.00325618,0.88918,-0.138506,0.160431,1.68344e-06,-4.61845e-06,0.695618
1.75656e+09,0.00325155,0.88918,-0.138506,0.162693,1.68344e-06,-4.61845e-06,0.695618
1.75656e+09,0.00319718,0.88918,-0.138506,0.164917,1.68344e-06,-4.61845e-06,0.695618
1.75656e+09,0.00330091,0.88918,-0.138506,0.167213,1.68344e-06,-4.61845e-06,0.695618
1.75656e+09,0.00332583,0.88918,-0.138506,0.169534,1.94261e-06,-4.90882e-06,0.697748
1.75656e+09,0.00340021,0.88918,-0.138506,0.171924,2.00488e-06,-5.08637e-06,0.703074
1.75656e+09,0.00328399,0.88918,-0.138506,0.174237,2.04294e-06,-5.1138e-06,0.70414
1.75656e+09,0.00355358,0.88918,-0.138506,0.176739,2.15346e-06,-5.22544e-06,0.70414
1.75656e+09,0.00331148,0.88918,-0.138507,0.179109,2.29008e-06,-5.26192e-06,0.715858
1.75656e+09,0.00328529,0.88918,-0.138507,0.181479,2.35569e-06,-5.26192e-06,0.721184
1.75656e+09,0.0033388,0.88918,-0.138507,0.183894,2.47953e-06,-5.22544e-06,0.723314
1.75656e+09,0.00341162,0.88918,-0.138507,0.186369,2.64874e-06,-5.16377e-06,0.725445
1.75656e+09,0.00318323,0.88918,-0.138507,0.188698,2.73758e-06,-5.16001e-06,0.731837
1.75656e+09,0.00348923,0.88918,-0.138507,0.191252,2.85441e-06,-5.1152e-06,0.731837
1.75656e+09,0.00320609,0.88918,-0.138507,0.193602,2.96363e-06,-5.01952e-06,0.732902
1.75656e+09,0.00337926,0.88918,-0.138507,0.196071,3.04612e-06,-5.01118e-06,0.730771
1.75656e+09,0.0032612,0.88918,-0.138507,0.198461,3.09501e-06,-4.98108e-06,0.732902
1.75656e+09,0.00358645,0.889181,-0.138507,0.201082,3.27422e-06,-4.96797e-06,0.730771
1.75656e+09,0.00392599,0.889181,-0.138507,0.203959,3.31821e-06,-4.96143e-06,0.732902
1.75656e+09,0.0032893,0.889181,-0.138507,0.206377,3.3731e-06,-4.93767e-06,0.735032
1.75656e+09,0.00267333,0.889181,-0.138507,0.208342,3.47137e-06,-4.91789e-06,0.735032
1.75656e+09,0.00317564,0.889232,-0.138338,0.210666,0.0267228,0.0485521,0.731837
1.75656e+09,0.00334573,0.889297,-0.138156,0.213115,0.0303341,0.0492187,0.731837
1.75656e+09,0.00345524,0.889377,-0.137965,0.215636,0.0346017,0.0492187,0.729706
1.75656e+09,0.00313616,0.889473,-0.137785,0.217924,0.0420848,0.0492187,0.729706
1.75656e+09,0.0034912,0.889587,-0.137615,0.220479,0.0424541,0.040499,0.731837
1.75656e+09,0.00347255,0.889699,-0.137446,0.223025,0.0420848,0.040499,0.732902
1.75656e+09,0.00376605,0.889821,-0.137262,0.225801,0.0424541,0.040499,0.737163
1.75656e+09,0.00289772,0.889913,-0.13711,0.227937,0.0425396,0.0440529,0.737163
1.75656e+09,0.00322192,0.890008,-0.136916,0.230319,0.0424541,0.0519425,0.739293
1.75656e+09,0.00328185,0.890115,-0.136715,0.232745,0.0457303,0.0523237,0.739293
1.75656e+09,0.0035449,0.890231,-0.136497,0.235381,0.0460574,0.0523237,0.743554
1.75656e+09,0.00337375,0.890354,-0.136287,0.237889,0.0497341,0.0519425,0.743554
1.75656e+09,0.00337575,0.890477,-0.136077,0.240403,0.0501799,0.0519425,0.74462
1.75656e+09,0.00307821,0.890593,-0.135881,0.242692,0.0517645,0.0527086,0.743554
1.75656e+09,0.00329879,0.890721,-0.135707,0.245148,0.0501799,0.0418728,0.74462
1.75656e+09,0.00334604,0.890857,-0.135532,0.24764,0.0522204,0.0408431,0.74462
1.75656e+09,0.00347145,0.890998,-0.13535,0.250239,0.0522204,0.0408431,0.748881
1.75656e+09,0.0148052,0.891612,-0.134671,0.261327,0.0515434,0.0342233,0.748881
1.75656e+09,0.00155878,0.891669,-0.1346,0.262494,0.0468232,0.0342233,0.748881
1.75656e+09,0.00331504,0.891789,-0.13445,0.264966,0.0468232,0.0342233,0.745685
1.75656e+09,0.00343945,0.891879,-0.13428,0.267513,0.0381811,0.0409033,0.740359
1.75656e+09,0.00330901,0.891938,-0.134116,0.269952,0.030486,0.0431956,0.737163
1.75656e+09,0.0034171,0.891997,-0.133936,0.272471,0.030486,0.0460501,0.737163
1.75656e+09,0.00332959,0.892043,-0.133764,0.274925,0.0272189,0.0460501,0.737163
1.75656e+09,0.00347007,0.892101,-0.133582,0.277483,0.030486,0.0460501,0.737163
1.75656e+09,0.0031435,0.892157,-0.133464,0.279814,0.0272189,0.0312091,0.741424
1.75656e+09,0.00337882,0.892245,-0.133367,0.282351,0.0330296,0.0202964,0.751011
1.75656e+09,0.00372452,0.892347,-0.133276,0.285168,0.0330296,0.0158378,0.756338
1.75656e+09,0.00291893,0.892429,-0.13321,0.287385,0.0334124,0.0137026,0.759533
1.75656e+09,0.00348385,0.892528,-0.133134,0.290069,0.0334124,0.0128993,0.770186
1.75656e+09,0.00321037,0.892633,-0.133072,0.292565,0.0369054,0.00924099,0.777643
1.75656e+09,0.00326463,0.89274,-0.133008,0.295128,0.0369054,0.00924099,0.7851
1.75656e+09,0.00347996,0.892842,-0.132946,0.297923,0.0334124,0.0086747,0.803209
1.75656e+09,0.00325355,0.892956,-0.132881,0.300537,0.0391965,0.0086747,0.803209
1.75656e+09,0.00343981,0.893077,-0.132812,0.303376,0.0395322,0.0086747,0.82558
1.75656e+09,0.00313751,0.893208,-0.132718,0.306024,0.0488811,0.0160801,0.843689
1.75656e+09,0.00325326,0.89335,-0.132619,0.308768,0.0507092,0.0160801,0.843689
1.75656e+09,0.00346793,0.8935,-0.132512,0.311705,0.0507092,0.0160801,0.846885
1.75656e+09,0.00354715,0.893657,-0.132411,0.31486,0.0507092,0.0136954,0.889496
1.75656e+09,0.00335281,0.893801,-0.132335,0.317843,0.0479413,0.00806242,0.889496
1.75656e+09,0.00318562,0.893919,-0.13227,0.32069,0.0415841,0.00806242,0.893757
1.75656e+09,0.00344811,0.894047,-0.132201,0.323878,0.0415841,0.00704226,0.924649
1.75656e+09,0.00309196,0.894168,-0.132155,0.326806,0.0415841,0.00172955,0.94702
1.75656e+09,0.0034899,0.894297,-0.132086,0.33016,0.0415841,0.00704226,0.960868
1.75656e+09,0.00353289,0.894419,-0.132002,0.333562,0.0402459,0.0110975,0.962999
1.75656e+09,0.00309904,0.894522,-0.13192,0.336559,0.0402459,0.0143035,0.96726
1.75656e+09,0.00352938,0.894637,-0.131826,0.340015,0.0394928,0.0143035,0.978978
1.75656e+09,0.00304746,0.894738,-0.131744,0.343092,0.0402459,0.0143035,1.00987
1.75656e+09,0.00332297,0.894856,-0.131677,0.346455,0.0402459,0.00687293,1.012
1.75656e+09,0.0033628,0.894971,-0.131621,0.349862,0.0377273,0.00420633,1.01307
1.75656e+09,0.00351656,0.895087,-0.13157,0.353428,0.0360509,0.00216761,1.01413
1.75656e+09,0.00341372,0.895175,-0.131535,0.356948,0.0277869,0.000971904,1.03118
1.75656e+09,0.00312335,0.89526,-0.131516,0.360205,0.0273604,-0.00388355,1.04289
1.75656e+09,0.00377992,0.895363,-0.131493,0.364152,0.0277869,-0.00388355,1.04396
1.75656e+09,0.00312905,0.895473,-0.131464,0.367455,0.0360509,-0.00388355,1.05568
1.75656e+09,0.00333053,0.895586,-0.131423,0.370978,0.0361226,-0.00077047,1.05781
1.75656e+09,0.00334394,0.895749,-0.131362,0.37454,0.0520108,-0.00077047,1.06526
1.75656e+09,0.00302186,0.895896,-0.131307,0.37783,0.0520108,-0.00077047,1.0887
1.75656e+09,0.00327592,0.896043,-0.131319,0.381403,0.0404133,-0.0199799,1.09083
1.75656e+09,0.00340902,0.896233,-0.131316,0.385133,0.0520108,-0.0199799,1.09403
1.75656e+09,0.003322,0.896421,-0.131312,0.388778,0.0527254,-0.0199799,1.09722
1.75656e+09,0.00320985,0.896546,-0.131222,0.392307,0.04679,0.0110672,1.09935
1.75656e+09,0.0037299,0.896692,-0.131117,0.396451,0.04679,0.0110672,1.11107
1.75656e+09,0.00381769,0.89684,-0.131009,0.400693,0.04679,0.0110672,1.11107
1.75656e+09,0.0026756,0.896911,-0.130959,0.403665,0.0315893,0.00697986,1.11107
1.75656e+09,0.00343646,0.896997,-0.130896,0.40744,0.0303383,0.00697986,1.09829
1.75656e+09,0.00312231,0.896986,-0.130877,0.410839,-0.000689719,0.00697986,1.0887
1.75656e+09,0.00345723,0.896962,-0.130875,0.414581,-0.0062334,0.00334204,1.08231
1.75656e+09,0.00340905,0.896938,-0.130873,0.418212,-0.0062334,0.00334204,1.06526
1.75656e+09,0.0031098,0.896897,-0.130877,0.421508,-0.0125038,0.00434146,1.05994
1.75656e+09,0.0033357,0.896853,-0.130881,0.425044,-0.0125038,0.00434146,1.05994
1.75656e+09,0.00338795,0.896808,-0.130885,0.428628,-0.0125038,0.00434146,1.05781
1.75656e+09,0.00320293,0.896744,-0.130895,0.432016,-0.0195856,0.00535992,1.05781
1.75656e+09,0.00350628,0.896659,-0.130874,0.435725,-0.0195856,0.0156127,1.05781
1.75656e+09,0.00360512,0.896563,-0.130837,0.439535,-0.0195856,0.0205944,1.05674
1.75656e+09,0.00314781,0.896484,-0.130788,0.442861,-0.0162152,0.0248561,1.05674
1.75656e+09,0.0031847,0.896417,-0.130744,0.446226,-0.0131413,0.0212448,1.05674
1.75656e+09,0.00339774,0.896345,-0.130685,0.449889,-0.0117625,0.0248561,1.07805
1.75656e+09,0.0031201,0.896273,-0.130605,0.453253,-0.00953644,0.0333016,1.07805
1.75656e+09,0.00339174,0.896266,-0.130514,0.456913,0.00998445,0.0248561,1.07911
1.75656e+09,0.00370575,0.896315,-0.130402,0.460932,0.0250865,0.0212448,1.08444
1.75656e+09,0.00304439,0.896361,-0.130323,0.464259,0.0250865,0.0167776,1.09296
1.75656e+09,0.00336207,0.896412,-0.130237,0.46798,0.0250865,0.0158422,1.10681
1.75656e+09,0.00349871,0.896438,-0.130167,0.471853,0.0156841,0.0147309,1.10681
1.75656e+09,0.00324984,0.896462,-0.130101,0.475453,0.0156841,0.0147309,1.10787
1.75656e+09,0.00308243,0.896484,-0.130038,0.478884,0.0156841,0.0147309,1.1132
1.75656e+09,0.00369052,0.89651,-0.129963,0.483012,0.0156841,0.0147309,1.11853
1.75656e+09,0.00407453,0.896539,-0.129881,0.487665,0.0156841,0.0147309,1.14196
1.75656e+09,0.00240987,0.896546,-0.129859,0.490425,0.00682412,0.00654053,1.14516
1.75656e+09,0.00343406,0.896561,-0.129853,0.494365,0.00461741,-0.000386285,1.14729
1.75656e+09,0.00316385,0.896572,-0.129849,0.497995,0.00367492,-0.000562805,1.14729
1.75656e+09,0.00330313,0.896599,-0.129886,0.501827,0.00178818,-0.0137925,1.16007
1.75656e+09,0.00375017,0.896642,-0.129951,0.506197,0.00178818,-0.020786,1.1654
1.75656e+09,0.00339567,0.896687,-0.130007,0.510187,0.00350507,-0.020786,1.17499
1.75656e+09,0.00315546,0.896728,-0.130059,0.513908,0.00350507,-0.020786,1.17925
1.75656e+09,0.00308168,0.896749,-0.130077,0.517542,0.00296327,-0.00841832,1.17925
1.75656e+09,0.00337137,0.896772,-0.130097,0.521532,0.00296327,-0.00841832,1.18351
1.75656e+09,0.00337255,0.896785,-0.130122,0.525524,-0.000261266,-0.00841832,1.18351
1.75656e+09,0.00333408,0.896803,-0.130155,0.529469,-0.000261266,-0.0112551,1.18351
1.75656e+09,0.00375065,0.896838,-0.130215,0.533912,-0.000261266,-0.0185975,1.18457
1.75656e+09,0.00296973,0.89687,-0.130272,0.537449,-0.000261266,-0.0219353,1.19097
1.75656e+09,0.0034161,0.896918,-0.130354,0.54155,-0.000261266,-0.0280308,1.20055
1.75656e+09,0.00392302,0.896876,-0.130516,0.54626,-0.0303537,-0.0297828,1.20055
1.75656e+09,0.00261755,0.896822,-0.130715,0.549403,-0.0574504,-0.05413,1.20055
1.75656e+09,0.00331879,0.896753,-0.130968,0.553387,-0.0574504,-0.05413,1.20055
1.75656e+09,0.00322051,0.896687,-0.131213,0.557253,-0.0574504,-0.05413,1.20055
1.75656e+09,0.00344504,0.896631,-0.131323,0.561404,-0.0305485,-0.0183995,1.20481
1.75656e+09,0.00329831,0.896571,-0.131416,0.565459,-0.0305485,-0.014161,1.22932
1.75656e+09,0.00345015,0.896434,-0.131398,0.5697,-0.0305485,0.0256447,1.22932
1.75656e+09,0.00319236,0.896104,-0.131428,0.573625,-0.0923048,0.0477685,1.22932
1.75656e+09,0.00346382,0.895716,-0.131417,0.577868,-0.0923048,0.0637091,1.22505
1.75656e+09,0.00407299,0.895259,-0.131405,0.582858,-0.0923048,0.0637091,1.22505
1.75656e+09,0.00258294,0.895166,-0.131318,0.586013,-0.0114747,0.0477685,1.22186
1.75656e+09,0.00354899,0.895058,-0.131186,0.59035,-0.00489541,0.0477685,1.22186
1.75656e+09,0.00313716,0.894989,-0.130992,0.594183,0.0163501,0.0637091,1.22186
1.75656e+09,0.00322036,0.894879,-0.130711,0.598094,0.0203092,0.0913402,1.2144
1.75656e+09,0.00329726,0.894765,-0.130425,0.602098,0.0203092,0.0913402,1.2144
1.75656e+09,0.00328127,0.89465,-0.13014,0.606083,0.0203092,0.0913402,1.2144
1.75656e+09,0.00337545,0.894552,-0.130018,0.610351,-0.00315355,0.0461355,1.26447
1.75656e+09,0.00338648,0.894454,-0.129896,0.614875,-0.00315355,0.0461355,1.33584
1.75656e+09,0.00353838,0.894351,-0.129769,0.619843,-0.00315355,0.0461355,1.40402
1.75656e+09,0.00319569,0.89427,-0.129518,0.62434,0.0251262,0.0787565,1.40721
1.75656e+09,0.00351923,0.894249,-0.129191,0.629311,0.0493387,0.0787565,1.41254
1.75656e+09,0.00319881,0.894257,-0.128874,0.633887,0.0604782,0.0787565,1.43065
1.75656e+09,0.0031673,0.894373,-0.128596,0.638516,0.081489,0.0488103,1.46154
1.75656e+09,0.00337129,0.894524,-0.128338,0.643702,0.081489,0.0349685,1.53824
1.75656e+09,0.00341015,0.894674,-0.128076,0.648981,0.081489,0.0349685,1.54783
1.75656e+09,0.00322045,0.894765,-0.127897,0.654003,0.0559683,0.0273508,1.55955
1.75656e+09,0.00360978,0.894614,-0.127853,0.659656,-0.0258597,0.0349685,1.56594
1.75656e+09,0.00328615,0.894419,-0.127853,0.664802,-0.0469573,0.0364513,1.56594
1.75656e+09,0.00314937,0.894225,-0.127846,0.669723,-0.0469573,0.0395519,1.56274
1.75656e+09,0.00330343,0.894029,-0.127848,0.674893,-0.0469573,0.0364513,1.56487
1.75656e+09,0.00354733,0.893853,-0.127824,0.680444,-0.034433,0.0364513,1.56487
1.75656e+09,0.00324736,0.893792,-0.127914,0.685526,-0.0319028,-0.00979713,1.56487
1.75656e+09,0.00357873,0.893771,-0.127977,0.691168,-0.0158228,-0.00979713,1.57659
1.75656e+09,0.00313905,0.893752,-0.128032,0.696123,-0.0158228,-0.00979713,1.57872
1.75656e+09,0.00312541,0.893692,-0.128037,0.701064,-0.0158228,0.0110125,1.58085
1.75656e+09,0.00353141,0.893604,-0.128045,0.706647,-0.0205459,0.0144968,1.58085
1.75656e+09,0.00310492,0.893491,-0.128082,0.711555,-0.0354317,0.0144968,1.58085
1.75656e+09,0.00337097,0.893368,-0.128123,0.716931,-0.0354317,0.0144968,1.5947
1.75656e+09,0.00349366,0.893253,-0.12818,0.722592,-0.0354317,0.00943137,1.62027
1.75656e+09,0.00320567,0.893228,-0.128162,0.727792,-0.0023463,0.00943137,1.6224
1.75656e+09,0.00331061,0.893201,-0.128144,0.733164,-0.0023463,0.00943137,1.6224
1.75656e+09,0.00335106,0.893166,-0.128116,0.738622,-0.0023463,0.0131945,1.62879
1.75656e+09,0.0035636,0.893055,-0.128055,0.744426,-0.0115457,0.0335301,1.62879
1.75656e+09,0.00307198,0.89295,-0.127997,0.74942,-0.0122805,0.0371295,1.62559
1.75656e+09,0.00356867,0.892805,-0.127906,0.755248,-0.0122805,0.0462526,1.63305
1.75656e+09,0.00315723,0.892677,-0.127826,0.760404,-0.0122805,0.0462526,1.63305
1.75656e+09,0.00339149,0.892539,-0.127741,0.765917,-0.0122805,0.0462526,1.62559
1.75656e+09,0.00318667,0.892352,-0.127604,0.77107,-0.0122805,0.0715053,1.61707
1.75656e+09,0.00347685,0.892175,-0.127414,0.776652,0.00153679,0.0746764,1.60535
1.75656e+09,0.00329991,0.891978,-0.127207,0.781946,0.00153679,0.0867445,1.60429
1.75656e+09,0.00347488,0.89177,-0.126989,0.787498,0.00153679,0.0867445,1.5979
1.75656e+09,0.00424309,0.89154,-0.126698,0.794255,0.0102782,0.0867445,1.59257
1.75656e+09,0.00261222,0.891442,-0.126565,0.798413,0.0102782,0.0624905,1.5915
1.75656e+09,0.00310194,0.891366,-0.126446,0.80335,0.0102782,0.0442609,1.5915
1.75656e+09,0.00480133,0.891253,-0.126276,0.810991,0.00913547,0.0414763,1.5915
1.75656e+09,0.00159962,0.891214,-0.126224,0.813538,0.00695461,0.040364,1.59257
1.75656e+09,0.00342903,0.8912,-0.126178,0.818963,0.00695461,0.0121927,1.58192
1.75656e+09,0.00332593,0.891186,-0.126133,0.824224,0.00695461,0.0121927,1.58192
1.75656e+09,0.00331335,0.89113,-0.126147,0.829293,-0.0144166,0.00968772,1.52972
1.75656e+09,0.00463615,0.891052,-0.126165,0.836128,-0.0144166,0.00968772,1.47433
1.75656e+09,0.00208622,0.891006,-0.126186,0.83915,-0.0222976,0.00968772,1.44876
1.75656e+09,0.00334742,0.89072,-0.126049,0.84379,-0.026532,0.0910308,1.38591
1.75656e+09,0.00326887,0.89044,-0.125916,0.848268,-0.026532,0.0910308,1.36993
1.75656e+09,0.00337562,0.89015,-0.12578,0.852892,-0.026532,0.0910308,1.36993
1.75656e+09,0.00332915,0.889939,-0.125561,0.85736,0.00800855,0.0910308,1.34223
1.75656e+09,0.00347016,0.889699,-0.125315,0.861889,0.0081674,0.0986121,1.30495
1.75656e+09,0.00309651,0.889642,-0.125053,0.86593,0.0523106,0.0689785,1.30495
1.75656e+09,0.00347714,0.889582,-0.124871,0.870467,0.0286786,0.0473061,1.30495
1.75656e+09,0.00332114,0.889501,-0.124767,0.874861,0.0081674,0.0387858,1.32306
1.75656e+09,0.00330706,0.88942,-0.124664,0.879237,0.0081674,0.0387858,1.32306
1.75656e+09,0.00348063,0.889286,-0.124613,0.883842,-0.0131721,0.0387858,1.32306
1.75656e+09,0.00365742,0.889082,-0.124508,0.888603,-0.0131721,0.061516,1.30175
1.75656e+09,0.00281742,0.888924,-0.124427,0.89227,-0.0131721,0.061516,1.30175
1.75656e+09,0.00336631,0.888763,-0.124296,0.896652,0.000391268,0.061516,1.30175
1.75656e+09,0.00333399,0.888628,-0.124186,0.901032,0.000391268,0.05225,1.31347
1.75656e+09,0.00321515,0.888567,-0.124137,0.905337,0.000391268,0.0244262,1.33904
1.75656e+09,0.00350388,0.888514,-0.124197,0.910096,-0.0230123,0.00127005,1.35821
1.75656e+09,0.00319432,0.888466,-0.124253,0.914434,-0.0230123,0.00127005,1.35821
1.75656e+09,0.00344257,0.888414,-0.124313,0.919147,-0.0230123,0.00127005,1.36886
1.75656e+09,0.00335364,0.888279,-0.12431,0.923737,-0.0236286,0.0326191,1.36886
1.75656e+09,0.00350018,0.888143,-0.124248,0.928547,-0.00933232,0.0417019,1.37419
1.75656e+09,0.00369441,0.887999,-0.124183,0.93364,-0.00933232,0.0417019,1.37845
1.75656e+09,0.00295952,0.887882,-0.124133,0.937719,-0.00976186,0.0417019,1.37845
1.75656e+09,0.00317182,0.887891,-0.124178,0.942156,-0.00976186,-0.0105847,1.39869
1.75656e+09,0.00330088,0.887906,-0.124228,0.946804,-0.00976186,-0.012743,1.40828
1.75656e+09,0.00328629,0.887935,-0.124296,0.951467,-0.011717,-0.019132,1.41893
1.75656e+09,0.00348166,0.88794,-0.124403,0.956411,-0.0240742,-0.019132,1.42
1.75656e+09,0.00320794,0.887946,-0.124502,0.960967,-0.0240742,-0.019132,1.42
1.75656e+09,0.00359403,0.88793,-0.124596,0.966135,-0.0240742,-0.0112979,1.43811
1.75656e+09,0.00308115,0.887895,-0.124658,0.970616,-0.0228229,-0.00223938,1.45409
1.75656e+09,0.00346069,0.887917,-0.12463,0.975688,0.0102084,-0.000553355,1.4658
1.75656e+09,0.00328617,0.887995,-0.124493,0.98054,0.047739,0.00380824,1.47646
1.75656e+09,0.00329738,0.88811,-0.124324,0.985409,0.062032,-0.000553355,1.47646
1.75656e+09,0.00353213,0.888238,-0.124135,0.990672,0.0646476,-0.000553355,1.4903
1.75656e+09,0.00313198,0.888421,-0.12392,0.99534,0.0895892,-0.0113704,1.4903
1.75656e+09,0.00347032,0.888635,-0.123688,1.0005,0.0895892,-0.01536,1.48711
1.75656e+09,0.00309197,0.888848,-0.123485,1.00512,0.0923501,-0.0223492,1.49244
1.75656e+09,0.00337683,0.88909,-0.123267,1.01017,0.0928074,-0.0260568,1.49776
1.75656e+09,0.00343869,0.889335,-0.123057,1.01532,0.0895892,-0.0278445,1.49776
1.75656e+09,0.0033636,0.889544,-0.122897,1.02035,0.0733838,-0.0278445,1.49563
1.75656e+09,0.00332182,0.889706,-0.122809,1.02532,0.0479773,-0.0277069,1.49563
1.75656e+09,0.00358251,0.88988,-0.122714,1.03067,0.0479773,-0.0277069,1.49137
1.75656e+09,0.00307622,0.890004,-0.122616,1.03524,0.0479773,-0.0180141,1.48817
1.75656e+09,0.00322828,0.890138,-0.122504,1.04005,0.0509702,-0.0180141,1.48817
1.75656e+09,0.00337566,0.890278,-0.122387,1.04507,0.0509702,-0.0182984,1.48711
1.75656e+09,0.00365276,0.890429,-0.122259,1.0505,0.0509702,-0.0182984,1.48711
1.75656e+09,0.00322499,0.890568,-0.122254,1.05525,0.022775,-0.0366723,1.4722
1.75656e+09,0.00310782,0.890712,-0.122254,1.05979,0.022775,-0.0400847,1.46261
1.75656e+09,0.0032991,0.890864,-0.122253,1.06462,0.022775,-0.0400847,1.46261
1.75656e+09,0.00347344,0.891046,-0.122188,1.06973,0.0417991,-0.0366723,1.4722
1.75656e+09,0.00327482,0.891185,-0.122108,1.07455,0.0417991,-0.0256284,1.4722
1.75656e+09,0.00335072,0.891267,-0.121993,1.07944,0.0417991,-0.0051375,1.45835
1.75656e+09,0.00359256,0.89091,-0.121739,1.08454,0.0157043,0.120925,1.42106
1.75656e+09,0.0030208,0.890563,-0.121596,1.08884,-0.0119384,0.12371,1.42106
1.75656e+09,0.00337048,0.890166,-0.121455,1.09361,-0.0175033,0.12371,1.4168
1.75656e+09,0.00329719,0.88974,-0.121412,1.0983,-0.0477237,0.120925,1.42106
1.75656e+09,0.0034215,0.88954,-0.121493,1.10317,-0.0477237,0.0412259,1.42532
1.75656e+09,0.00406098,0.889382,-0.12163,1.10904,-0.0477237,0.0195483,1.4445
1.75656e+09,0.00241536,0.889544,-0.121703,1.11253,0.00285666,-0.0734668,1.4445
1.75656e+09,0.00335895,0.889769,-0.121803,1.1175,0.00285666,-0.0734668,1.47965
1.75656e+09,0.00343,0.89,-0.121905,1.12258,0.00285666,-0.0734668,1.47965
1.75656e+09,0.00332931,0.890205,-0.12202,1.12753,-0.00437963,-0.0705589,1.48924
1.75656e+09,0.00340494,0.890383,-0.122121,1.1326,-0.00437963,-0.059874,1.48924
1.75656e+09,0.00330802,0.890468,-0.12224,1.13753,-0.0217275,-0.038363,1.48924
1.75656e+09,0.00323775,0.890531,-0.12233,1.1424,-0.0170735,-0.0293904,1.50415
1.75656e+09,0.00336523,0.890609,-0.122382,1.14746,-0.00437963,-0.0276657,1.50415
1.75656e+09,0.00332936,0.890686,-0.122413,1.15247,0.000911582,-0.0248555,1.50415
1.75656e+09,0.00328146,0.890738,-0.122433,1.15733,0.000911582,-0.0168382,1.48072
1.75656e+09,0.00337456,0.890815,-0.122399,1.16232,0.0184526,-0.0168382,1.47752
1.75656e+09,0.00332644,0.890871,-0.122356,1.16723,0.0184526,-0.0105035,1.47752
1.75656e+09,0.00336364,0.890926,-0.122312,1.17216,0.0184526,-0.00989508,1.46687
1.75656e+09,0.00338666,0.890983,-0.122268,1.17707,0.0184526,-0.0105035,1.44982
1.75656e+09,0.00335797,0.891028,-0.122279,1.18193,0.00229768,-0.0134565,1.44663
1.75656e+09,0.00322964,0.891071,-0.122288,1.1866,0.00229768,-0.0134565,1.44663
1.75656e+09,0.00347416,0.891145,-0.122279,1.19163,0.0104794,-0.0186712,1.44663
1.75656e+09,0.00318785,0.891212,-0.12227,1.19624,0.0104794,-0.0186712,1.44556
1.75656e+09,0.00353417,0.891254,-0.122295,1.20131,-0.00243306,-0.0134565,1.43491
1.75656e+09,0.00321351,0.891285,-0.122316,1.2059,-0.00243306,-0.0113175,1.42852
1.75656e+09,0.00305511,0.891237,-0.122309,1.21026,-0.00354655,0.0151769,1.42852
1.75656e+09,0.00361274,0.891177,-0.122313,1.2153,-0.00677336,0.0151769,1.39337
1.75656e+09,0.00327924,0.891177,-0.122336,1.21987,-0.00677336,-0.00226658,1.39337
1.75656e+09,0.00390437,0.891176,-0.122388,1.22531,-0.0126052,-0.00445937,1.39337
1.75656e+09,0.00289408,0.891176,-0.122409,1.22934,-0.00689185,-0.00226658,1.39337
1.75656e+09,0.003202,0.891175,-0.122433,1.23381,-0.00689185,-0.00226658,1.39656
1.75656e+09,0.00346553,0.891167,-0.122476,1.23865,-0.0126052,-0.00196151,1.39656
1.75656e+09,0.00328314,0.891112,-0.122533,1.24325,-0.0218977,0.010306,1.39976
1.75656e+09,0.00325605,0.891056,-0.122589,1.2478,-0.0218977,0.0107262,1.39976
1.75656e+09,0.00330214,0.890999,-0.122647,1.25243,-0.0218977,0.0107262,1.40082
1.75656e+09,0.00341387,0.890946,-0.122691,1.25722,-0.0171897,0.0107262,1.40402
1.75656e+09,0.00324355,0.890891,-0.122728,1.26178,-0.0159876,0.0125241,1.40402
1.75656e+09,0.00322208,0.890848,-0.122768,1.2663,-0.0159876,0.00885265,1.40402
1.75656e+09,0.00340187,0.890805,-0.122816,1.27108,-0.0171897,0.00796622,1.40402
1.75656e+09,0.0034543,0.890797,-0.122871,1.27591,-0.0159876,-0.00256132,1.39763
1.75656e+09,0.00376763,0.890789,-0.122932,1.28116,-0.0159876,-0.00256132,1.3955
1.75656e+09,0.00288541,0.890786,-0.122968,1.28519,-0.0123144,-0.00256132,1.3955
1.75656e+09,0.00339096,0.890762,-0.122976,1.28992,-0.0042114,0.00606529,1.3955
1.75656e+09,0.00323094,0.890739,-0.122983,1.29443,-0.0042114,0.00606529,1.39443
1.75656e+09,0.00344824,0.890715,-0.122992,1.2992,-0.0042114,0.00606529,1.38378
1.75656e+09,0.00326914,0.890633,-0.123194,1.30374,-0.066528,0.00761915,1.39017
1.75656e+09,0.00321727,0.890559,-0.123451,1.30822,-0.082921,0.00109691,1.39017
1.75656e+09,0.00352566,0.890506,-0.123739,1.31312,-0.082921,-0.0065424,1.39017
1.75656e+09,0.00314244,0.890436,-0.12399,1.3175,-0.082921,0.00109691,1.39443
1.75656e+09,0.00340779,0.890391,-0.12417,1.32225,-0.0544617,-0.000445513,1.39443
1.75656e+09,0.0033725,0.890376,-0.12432,1.32695,-0.0440146,-0.0065424,1.39443
1.75656e+09,0.0033202,0.890361,-0.124384,1.33156,-0.0197899,-0.000445513,1.38804
1.75656e+09,0.00370958,0.890307,-0.124444,1.33671,-0.0191635,0.0103583,1.38804
1.75656e+09,0.00297658,0.890191,-0.124444,1.34084,-0.00926416,0.0377499,1.38804
1.75656e+09,0.00319997,0.890064,-0.124445,1.34534,-0.00926416,0.0387548,1.40508
1.75656e+09,0.0033157,0.889922,-0.124444,1.35,-0.00926416,0.0417638,1.40508
1.75656e+09,0.00334984,0.889745,-0.124502,1.35471,-0.0283509,0.047821,1.40508
1.75656e+09,0.00341074,0.889565,-0.124561,1.3595,-0.0283509,0.0478773,1.40508
1.75656e+09,0.00382441,0.889355,-0.124627,1.36487,-0.0283509,0.0500997,1.40508
1.75656e+09,0.00276903,0.889217,-0.124609,1.36881,-0.00377685,0.0500997,1.42319
1.75656e+09,0.00377297,0.889029,-0.124585,1.37418,-0.00377685,0.0500997,1.42319
1.75656e+09,0.00296965,0.888873,-0.124565,1.37841,-0.00377685,0.052777,1.42319
1.75656e+09,0.00343703,0.888675,-0.124634,1.38322,-0.0307221,0.052777,1.39976
1.75656e+09,0.00323958,0.888411,-0.124685,1.38775,-0.0307221,0.0771182,1.39976
1.75656e+09,0.0034256,0.888132,-0.124741,1.39255,-0.0307221,0.0771182,1.39976
1.75656e+09,0.0032501,0.887858,-0.124751,1.39719,-0.0181875,0.082318,1.42745
1.75656e+09,0.00325586,0.887557,-0.124759,1.40191,-0.0181875,0.09052,1.45089
1.75656e+09,0.00323478,0.887219,-0.124761,1.40665,-0.0181875,0.102982,1.4658
1.75656e+09,0.00359978,0.886682,-0.124798,1.41202,-0.0347032,0.145377,1.49137
1.75656e+09,0.00317528,0.886161,-0.124827,1.41682,-0.0347032,0.160804,1.50948
1.75656e+09,0.00356987,0.885574,-0.124861,1.4222,-0.0347032,0.160804,1.50948
1.75656e+09,0.00333338,0.885027,-0.124896,1.42724,-0.0347032,0.160804,1.51161
1.75656e+09,0.00306456,0.884696,-0.124917,1.43188,-0.022179,0.10592,1.51481
1.75656e+09,0.00326287,0.884346,-0.124935,1.43687,-0.0203367,0.105573,1.52652
1.75656e+09,0.00354183,0.883999,-0.124961,1.44229,-0.0203367,0.0961599,1.53185
1.75656e+09,0.00332306,0.883686,-0.124892,1.44738,0.00844848,0.0959359,1.53185
1.75656e+09,0.00346009,0.883396,-0.124827,1.45268,0.00844848,0.0856714,1.53185
1.75656e+09,0.00310904,0.883205,-0.124777,1.45744,0.00844848,0.0628156,1.52972
1.75656e+09,0.00332025,0.882991,-0.124855,1.46252,-0.030483,0.0614863,1.52972
1.75656e+09,0.00331913,0.882787,-0.124947,1.46759,-0.034188,0.0580455,1.52972
1.75656e+09,0.00347062,0.882685,-0.125056,1.47293,-0.034188,0.0259016,1.53611
1.75656e+09,0.00343997,0.8826,-0.125153,1.47821,-0.030483,0.0217395,1.53611
1.75656e+09,0.00335049,0.882536,-0.125205,1.48336,-0.0173574,0.0176552,1.53718
1.75656e+09,0.00323384,0.88248,-0.125223,1.48835,-0.00685335,0.01676,1.5425
1.75656e+09,0.00341324,0.882441,-0.125243,1.49362,-0.00685335,0.0108371,1.5457
1.75656e+09,0.00312608,0.88242,-0.125263,1.49848,-0.00685335,0.00628143,1.55422
1.75656e+09,0.00332016,0.882453,-0.125359,1.50365,-0.0282852,-0.0119868,1.55742
1.75656e+09,0.00332717,0.882487,-0.125456,1.50887,-0.0282852,-0.0119868,1.56807
1.75656e+09,0.00326064,0.88252,-0.12555,1.51402,-0.0282852,-0.0119868,1.57872
1.75656e+09,0.00351853,0.882531,-0.12564,1.51965,-0.0251639,-0.00473195,1.60003
1.75656e+09,0.00325087,0.882475,-0.125707,1.52485,-0.0215692,0.0162227,1.60003
1.75656e+09,0.00333491,0.882419,-0.125734,1.53019,-0.00892159,0.0165198,1.60109
1.75656e+09,0.00328931,0.882247,-0.125677,1.53549,0.015313,0.0530032,1.61068
1.75656e+09,0.00345229,0.882066,-0.125611,1.54108,0.0171671,0.0530032,1.62027
1.75656e+09,0.00323942,0.881896,-0.125547,1.54634,0.0181105,0.0530032,1.62453
1.75656e+09,0.00334641,0.881864,-0.125457,1.55186,0.026849,0.0101653,1.64796
1.75656e+09,0.00341134,0.881831,-0.125364,1.55748,0.026849,0.0101653,1.64796
1.75656e+09,0.00337946,0.881798,-0.125273,1.56305,0.026849,0.0101653,1.64796
1.75656e+09,0.00326487,0.881733,-0.125067,1.56841,0.0630329,0.020496,1.64051
1.75656e+09,0.00336011,0.881624,-0.124797,1.57392,0.0801221,0.0325634,1.64051
1.75656e+09,0.00349408,0.881509,-0.124518,1.57965,0.0801221,0.0325634,1.64051
1.75656e+09,0.00339825,0.881396,-0.124247,1.58522,0.0801221,0.0325634,1.64051
1.75656e+09,0.0031781,0.881371,-0.124005,1.59044,0.0760956,0.0069303,1.64051
1.75656e+09,0.003166,0.881393,-0.123871,1.59562,0.0420435,-0.00799695,1.63838
1.75656e+09,0.00320166,0.881416,-0.123736,1.60075,0.0420435,-0.00799695,1.60216
1.75656e+09,0.0034395,0.881439,-0.123591,1.60619,0.0420435,-0.00799695,1.57979
1.75656e+09,0.00343965,0.88139,-0.123448,1.61156,0.0420435,0.0128105,1.56274
1.75656e+09,0.00335446,0.881341,-0.123309,1.61673,0.0420435,0.0128105,1.54037
1.75656e+09,0.00323543,0.881295,-0.123212,1.6217,0.0306515,0.0128105,1.53505
1.75656e+09,0.00338966,0.881249,-0.123164,1.62688,0.0146317,0.0128105,1.52759
1.75656e+09,0.00329366,0.881206,-0.12315,1.63178,0.00498564,0.0128105,1.4903
1.75656e+09,0.0032826,0.881062,-0.123143,1.63655,0.00498564,0.0436424,1.45196
1.75656e+09,0.00344241,0.880916,-0.123203,1.64153,-0.0147241,0.0436424,1.44663
1.75656e+09,0.00324085,0.880779,-0.123271,1.6462,-0.0180705,0.0436424,1.44024
1.75656e+09,0.00330724,0.880668,-0.123329,1.65094,-0.0147241,0.0347895,1.43491
1.75656e+09,0.00347444,0.880715,-0.123298,1.65593,0.00771256,-0.0142024,1.43491
1.75656e+09,0.00326296,0.880763,-0.123195,1.66061,0.0300866,-0.0175578,1.43491
1.75656e+09,0.0033564,0.880802,-0.12309,1.66541,0.0300866,-0.0142024,1.43065
1.75656e+09,0.00337014,0.880675,-0.123001,1.67023,0.0300866,0.0347895,1.43065
1.75656e+09,0.00345887,0.880499,-0.122913,1.67462,0.0301675,0.0483378,1.26766
1.75656e+09,0.00317632,0.880335,-0.122848,1.67841,0.0257293,0.0490195,1.1931
1.75656e+09,0.00327342,0.880181,-0.122917,1.68215,-0.0159098,0.0490195,1.14196
1.75656e+09,0.00350948,0.88002,-0.122996,1.68587,-0.0171486,0.0483378,1.05994
1.75656e+09,0.00313951,0.880065,-0.123481,1.68887,-0.155203,0.00334842,0.957673
1.75656e+09,0.00359973,0.880136,-0.124035,1.69204,-0.155203,-0.00136166,0.878843
1.75656e+09,0.00323608,0.880201,-0.124533,1.6947,-0.155203,-0.00136166,0.822384
1.75656e+09,0.00306261,0.880225,-0.124806,1.697,-0.0894096,0.00334842,0.753142
1.75656e+09,0.00344145,0.880209,-0.124776,1.69912,0.00927249,0.00334842,0.615723
1.75656e+09,0.00337135,0.880183,-0.124537,1.70087,0.0712591,-0.00136166,0.516653
1.75656e+09,0.00333799,0.880173,-0.124292,1.70228,0.0732968,-0.00662814,0.42291
1.75656e+09,0.00358058,0.880168,-0.124028,1.70371,0.0732968,-0.0082617,0.399474
1.75656e+09,0.00322037,0.880176,-0.123789,1.7047,0.0732968,-0.012236,0.306796
1.75656e+09,0.0031982,0.880189,-0.123691,1.7054,0.0298363,-0.0082617,0.219444
1.75656e+09,0.00324158,0.880226,-0.123588,1.70602,0.0298363,-0.0154218,0.191748
1.75656e+09,0.00329415,0.880263,-0.123484,1.70638,0.0298363,-0.0154218,0.108657
1.75656e+09,0.00340114,0.880396,-0.123179,1.70654,0.0835911,-0.0508081,0.0490022
1.75656e+09,0.00360034,0.880514,-0.12269,1.70668,0.129975,-0.0508081,0.0372843
1.75656e+09,0.00307868,0.880614,-0.122273,1.70662,0.129975,-0.0508081,-0.0191748
1.75656e+09,0.00337661,0.880376,-0.121862,1.70624,0.129975,0.0535175,-0.110787
1.75656e+09,0.00313813,0.879703,-0.121597,1.70562,0.112732,0.200978,-0.198139
1.75656e+09,0.00349452,0.878986,-0.121538,1.70493,0.0443219,0.200978,-0.198139
1.75656e+09,0.00340353,0.878302,-0.12158,1.70418,0.0147037,0.200978,-0.219444
1.75656e+09,0.00317008,0.877755,-0.121606,1.70353,0.0147037,0.171988,-0.204531
1.75656e+09,0.00348792,0.877653,-0.121568,1.70284,0.0147037,0.0275956,-0.198139
1.75656e+09,0.0033318,0.877775,-0.12138,1.70218,0.0511207,-0.0438436,-0.198139
1.75656e+09,0.00318932,0.877893,-0.1212,1.70155,0.0511207,-0.0438436,-0.198139
1.75656e+09,0.00366127,0.878028,-0.120993,1.7009,0.0511207,-0.0438436,-0.178964
1.75656e+09,0.00324346,0.877989,-0.120855,1.70032,0.0439647,0.00631692,-0.176834
1.75656e+09,0.00326785,0.87795,-0.120715,1.69981,0.0439647,0.00631692,-0.156594
1.75656e+09,0.00350476,0.877908,-0.120565,1.69927,0.0439647,0.00631692,-0.155529
1.75656e+09,0.00305898,0.877866,-0.120393,1.69888,0.0575752,0.00631692,-0.124636
1.75656e+09,0.00341245,0.877826,-0.1202,1.69856,0.0575752,0.00445062,-0.0937433
1.75656e+09,0.00313993,0.877817,-0.120019,1.69841,0.0575752,-0.00438528,-0.0490022
1.75656e+09,0.00347825,0.877812,-0.119866,1.69824,0.0435811,-0.00438528,-0.0490022
1.75656e+09,0.00321992,0.877789,-0.119728,1.69809,0.0435811,0.00188849,-0.0458064
1.75656e+09,0.00357477,0.877762,-0.119574,1.69799,0.0435811,0.00188849,-0.0298274
1.75656e+09,0.00432763,0.87773,-0.119388,1.69788,0.0435811,0.00188849,-0.0245011
1.75656e+09,0.00208881,0.877715,-0.119299,1.69784,0.0435811,0.00188849,-0.0170442
1.75656e+09,0.00361144,0.877693,-0.119174,1.69786,0.0351153,0.00169147,0.00532632
1.75656e+09,0.00323464,0.877712,-0.119228,1.69788,-0.0174544,-0.00374188,0.00532632
1.75656e+09,0.00346378,0.877732,-0.119286,1.69793,-0.0174544,-0.00374188,0.0138484
1.75656e+09,0.00317244,0.877751,-0.11934,1.69799,-0.0174544,-0.00374188,0.0181095
1.75656e+09,0.00331314,0.877707,-0.119366,1.69807,-0.00622919,0.0142081,0.0266316
1.75656e+09,0.00332463,0.877605,-0.119361,1.69817,0.0055589,0.0300739,0.0276969
1.75656e+09,0.0032354,0.877484,-0.119214,1.69827,0.0498035,0.0315341,0.0330232
1.75656e+09,0.00343556,0.877346,-0.119007,1.6984,0.0646603,0.0319885,0.036219
1.75656e+09,0.00331542,0.877208,-0.118809,1.69852,0.0646603,0.0338452,0.036219
1.75656e+09,0.00328002,0.87704,-0.118617,1.69867,0.0646603,0.0432536,0.0458064
1.75656e+09,0.00335378,0.876851,-0.118422,1.69889,0.0646603,0.0486699,0.0649811
1.75656e+09,0.00332426,0.876664,-0.11824,1.69911,0.0615569,0.0486699,0.0671116
1.75656e+09,0.00327727,0.876473,-0.118061,1.6994,0.0615569,0.050962,0.0873517
1.75656e+09,0.00356464,0.876179,-0.117866,1.69971,0.0649564,0.0746367,0.0884169
1.75656e+09,0.00323159,0.875909,-0.117685,1.7,0.0662613,0.0757807,0.0884169
1.75656e+09,0.00366027,0.875565,-0.117471,1.70035,0.0701201,0.0854671,0.096939
1.75656e+09,0.0029509,0.875288,-0.117298,1.70067,0.0701201,0.0854671,0.106526
1.75656e+09,0.00331669,0.874979,-0.117117,1.70102,0.0662613,0.0854671,0.106526
1.75656e+09,0.00346627,0.874662,-0.116977,1.70141,0.0519866,0.0854671,0.112918
1.75656e+09,0.00324519,0.874305,-0.116853,1.70185,0.0519866,0.10406,0.135289
1.75656e+09,0.00336496,0.873941,-0.116768,1.7023,0.0392875,0.10406,0.135289
1.75656e+09,0.00329204,0.873584,-0.116685,1.70276,0.0392875,0.10406,0.138484
1.75656e+09,0.00364484,0.873209,-0.116571,1.70327,0.044468,0.0979548,0.138484
1.75656e+09,0.00313905,0.872912,-0.11647,1.7037,0.044468,0.089383,0.138484
1.75656e+09,0.00345351,0.872621,-0.116389,1.70419,0.0342476,0.0803942,0.140615
1.75656e+09,0.00307908,0.87237,-0.116374,1.70463,0.0157525,0.0803942,0.144876
1.75656e+09,0.00321564,0.872107,-0.116359,1.7051,0.0157525,0.0803942,0.144876
1.75656e+09,0.00355077,0.871816,-0.116341,1.70562,0.0157525,0.0803942,0.148072
1.75656e+09,0.00315867,0.871556,-0.116313,1.7061,0.0199459,0.0803942,0.151268
1.75656e+09,0.0033434,0.871295,-0.116281,1.70664,0.0199459,0.0761403,0.160855
1.75656e+09,0.00340149,0.871055,-0.116246,1.70715,0.0199459,0.0683354,0.151268
1.75656e+09,0.00371678,0.87083,-0.116219,1.70772,0.0154045,0.0591021,0.151268
1.75656e+09,0.00298824,0.870654,-0.116197,1.70814,0.0154045,0.0574666,0.14168
1.75656e+09,0.00332147,0.870468,-0.116171,1.70856,0.0154045,0.0542074,0.126766
1.75656e+09,0.00367353,0.870262,-0.116142,1.70897,0.0154045,0.0544647,0.110787
1.75656e+09,0.00290383,0.870097,-0.1161,1.70925,0.0222094,0.0542074,0.096939
1.75656e+09,0.00343128,0.869906,-0.116014,1.70957,0.032468,0.0518869,0.092678
1.75656e+09,0.003431,0.869722,-0.115931,1.70988,0.0313158,0.0495978,0.0905475
1.75656e+09,0.00320456,0.869565,-0.115881,1.71012,0.0222094,0.0465611,0.076699
1.75656e+09,0.00365242,0.869385,-0.115825,1.7104,0.0222094,0.0465611,0.0756338
1.75656e+09,0.00313481,0.869231,-0.115777,1.71062,0.0220226,0.0465348,0.0692422
1.75656e+09,0.00329527,0.869065,-0.115733,1.71084,0.0202075,0.0479788,0.0681769
1.75656e+09,0.0033237,0.868899,-0.115696,1.71103,0.0180096,0.0479788,0.056459
1.75656e+09,0.00341701,0.868658,-0.11566,1.71122,0.0202075,0.0683057,0.056459
1.75656e+09,0.00318892,0.868433,-0.115621,1.7114,0.0220226,0.0683057,0.056459
1.75656e+09,0.00338813,0.868195,-0.11559,1.71159,0.018843,0.0683057,0.056459
1.75656e+09,0.00327573,0.868002,-0.115555,1.71177,0.018843,0.0566292,0.0532632
1.75656e+09,0.00325321,0.867849,-0.115515,1.71193,0.018843,0.0449151,0.0490022
1.75656e+09,0.00375448,0.8677,-0.115505,1.7121,0.00804877,0.0389618,0.0447411
1.75656e+09,0.00317295,0.867676,-0.115504,1.71222,0.00138725,0.0074713,0.04048
1.75656e+09,0.00322112,0.867671,-0.115504,1.71235,0.000243201,0.00129962,0.0394148
1.75656e+09,0.00329414,0.867671,-0.115504,1.71247,9.56199e-06,3.8516e-05,0.036219
1.75656e+09,0.00356226,0.867671,-0.115504,1.7126,2.58916e-06,3.2009e-07,0.036219
1.75656e+09,0.00307099,0.867671,-0.115504,1.7127,2.45854e-06,-6.8014e-07,0.0340885
1.75656e+09,0.00333423,0.867671,-0.115504,1.71282,2.45854e-06,-8.36984e-07,0.0340885
1.75656e+09,0.00331031,0.867671,-0.115504,1.71293,2.45854e-06,-8.81389e-07,0.0330232
1.75656e+09,0.00327461,0.867671,-0.115504,1.71302,2.46269e-06,-8.87303e-07,0.0298274
1.75656e+09,0.00355467,0.867671,-0.115504,1.7131,2.46269e-06,-8.87303e-07,0.0223706
1.75656e+09,0.0032016,0.867671,-0.115504,1.71317,2.46269e-06,-8.93939e-07,0.0191748
1.75656e+09,0.0033044,0.867671,-0.115504,1.71322,2.45216e-06,-9.26181e-07,0.015979
1.75656e+09,0.00336806,0.867671,-0.115504,1.71327,2.42187e-06,-9.28336e-07,0.015979
1.75656e+09,0.0035743,0.867671,-0.115504,1.71333,2.41774e-06,-9.34804e-07,0.015979
1.75656e+09,0.00296383,0.867671,-0.115504,1.71337,2.41767e-06,-9.48374e-07,0.0138484
1.75656e+09,0.00367935,0.867671,-0.115504,1.71342,2.37705e-06,-9.51983e-07,0.0138484
1.75656e+09,0.00318849,0.867671,-0.115504,1.71346,2.32412e-06,-9.82564e-07,0.0138484
1.75656e+09,0.00322233,0.867671,-0.115504,1.71351,2.29814e-06,-1.0158e-06,0.0138484
1.75656e+09,0.0034669,0.867671,-0.115504,1.71356,2.23164e-06,-1.0158e-06,0.0138484
1.75656e+09,0.00327487,0.867671,-0.115504,1.71361,2.20238e-06,-1.0068e-06,0.0149137
1.75656e+09,0.00324222,0.867671,-0.115504,1.71367,2.13833e-06,-1.0068e-06,0.0181095
1.75656e+09,0.00332405,0.867671,-0.115504,1.71373,2.08453e-06,-1.0048e-06,0.02024
1.75656e+09,0.00335954,0.867671,-0.115504,1.71381,2.00334e-06,-1.0048e-06,0.0234358
1.75656e+09,0.00337789,0.867671,-0.115504,1.71391,1.95909e-06,-1.0048e-06,0.0287621
1.75656e+09,0.0032553,0.867671,-0.115504,1.71401,1.86377e-06,-9.86479e-07,0.0298274
1.75656e+09,0.00353356,0.867671,-0.115504,1.71411,1.79965e-06,-9.81778e-07,0.0298274
1.75656e+09,0.00309508,0.867671,-0.115504,1.71422,1.76779e-06,-9.41455e-07,0.0340885
1.75656e+09,0.00338802,0.867671,-0.115504,1.71435,1.65675e-06,-9.32655e-07,0.0383495
1.75656e+09,0.00338106,0.867671,-0.115504,1.71448,1.554e-06,-9.04604e-07,0.0383495
1.75656e+09,0.00327727,0.867671,-0.115504,1.7146,1.49467e-06,-8.99656e-07,0.0372843
1.75656e+09,0.0032858,0.867671,-0.115504,1.71472,1.38789e-06,-8.84419e-07,0.0372843
1.75656e+09,0.00347237,0.867671,-0.115504,1.71484,1.32414e-06,-8.3452e-07,0.0330232
1.75656e+09,0.00329357,0.867671,-0.115504,1.71494,1.2884e-06,-8.30355e-07,0.0319579
1.75656e+09,0.00336851,0.867671,-0.115504,1.71504,1.18999e-06,-7.84307e-07,0.0308927
1.75656e+09,0.00332887,0.867671,-0.115504,1.71512,1.08333e-06,-7.55065e-07,0.0223706
1.75656e+09,0.00317689,0.867671,-0.115504,1.71519,1.05278e-06,-7.36999e-07,0.0213053
1.75656e+09,0.00345829,0.867671,-0.115504,1.71525,9.78402e-07,-7.18883e-07,0.0181095
1.75656e+09,0.00345051,0.867671,-0.115504,1.71528,9.29615e-07,-6.79772e-07,0.00958738
1.75656e+09,0.00313876,0.867671,-0.115504,1.7153,9.23077e-07,-6.7283e-07,0.00532632
1.75656e+09,0.00346648,0.867671,-0.115504,1.71528,8.73513e-07,-6.45571e-07,-0.00532632
1.75656e+09,0.00325515,0.867671,-0.115504,1.71526,8.0402e-07,-6.17912e-07,-0.00532632
1.75656e+09,0.00344619,0.867671,-0.115504,1.71524,7.86684e-07,-6.09807e-07,-0.00639159
1.75656e+09,0.004508,0.867671,-0.115504,1.7152,7.5941e-07,-5.95773e-07,-0.00958738
1.75656e+09,0.00209963,0.867671,-0.115504,1.71517,7.19702e-07,-5.85684e-07,-0.0117179
1.75656e+09,0.00324633,0.867671,-0.115504,1.71513,7.05747e-07,-5.7827e-07,-0.0138484
1.75656e+09,0.00336783,0.867671,-0.115504,1.71507,6.90755e-07,-5.56701e-07,-0.015979
1.75656e+09,0.0032553,0.867671,-0.115504,1.71503,6.58094e-07,-5.36968e-07,-0.0138484
1.75656e+09,0.00340374,0.867671,-0.115504,1.71497,6.20206e-07,-5.34181e-07,-0.0181095
1.75656e+09,0.00360312,0.867671,-0.115504,1.7149,6.00787e-07,-5.18896e-07,-0.0191748
1.75656e+09,0.00312185,0.867671,-0.115504,1.71484,5.80862e-07,-5.0774e-07,-0.0181095
1.75656e+09,0.00319234,0.867671,-0.115504,1.71479,5.55561e-07,-4.94784e-07,-0.0170442
1.75656e+09,0.00356576,0.867671,-0.115504,1.71473,5.55479e-07,-4.82445e-07,-0.0170442
1.75656e+09,0.00318976,0.867671,-0.115504,1.71467,5.44554e-07,-4.66658e-07,-0.0170442
1.75656e+09,0.00324976,0.867671,-0.115504,1.71465,5.15886e-07,-4.54128e-07,-0.00745685
1.75656e+09,0.00337573,0.867671,-0.115504,1.71462,4.72151e-07,-4.4447e-07,-0.00745685
1.75656e+09,0.00322871,0.867671,-0.115504,1.7146,4.67229e-07,-4.22569e-07,-0.00852211
1.75656e+09,0.00354302,0.867671,-0.115504,1.71457,4.4874e-07,-4.22342e-07,-0.00852211
1.75656e+09,0.00341762,0.867671,-0.115504,1.71454,4.48413e-07,-4.02678e-07,-0.00852211
1.75656e+09,0.00329709,0.867671,-0.115504,1.7145,4.06548e-07,-3.82764e-07,-0.0117179
1.75656e+09,0.00340082,0.867671,-0.115504,1.71446,4.01349e-07,-3.7876e-07,-0.0117179
1.75656e+09,0.0031023,0.867671,-0.115504,1.71444,3.73802e-07,-3.52891e-07,-0.00639159
1.75656e+09,0.00332935,0.867671,-0.115504,1.71442,3.56235e-07,-3.44123e-07,-0.00426106
1.75656e+09,0.00344737,0.867671,-0.115504,1.71441,3.4475e-07,-3.38319e-07,-0.00426106
1.75656e+09,0.00323176,0.867671,-0.115504,1.7144,3.43847e-07,-3.16091e-07,-0.00426106
1.75656e+09,0.00338898,0.867671,-0.115504,1.71436,3.15531e-07,-2.99514e-07,-0.00958738
1.75656e+09,0.00332816,0.867671,-0.115504,1.71433,3.12702e-07,-2.9487e-07,-0.00958738
1.75656e+09,0.00329992,0.867671,-0.115504,1.71428,3.01829e-07,-2.78077e-07,-0.0149137
1.75656e+09,0.0034304,0.867671,-0.115504,1.71423,2.85066e-07,-2.67127e-07,-0.0149137
1.75656e+09,0.00324181,0.867671,-0.115504,1.71418,2.78238e-07,-2.58388e-07,-0.0149137
1.75656e+09,0.0035592,0.867671,-0.115504,1.71413,2.66069e-07,-2.42682e-07,-0.0149137
1.75656e+09,0.00318492,0.867671,-0.115504,1.71407,2.47569e-07,-2.29521e-07,-0.0181095
1.75656e+09,0.00334153,0.867671,-0.115504,1.71401,2.36522e-07,-2.16046e-07,-0.0181095
1.75656e+09,0.00321276,0.867671,-0.115504,1.71396,2.05167e-07,-2.14381e-07,-0.015979
1.75656e+09,0.00323568,0.867671,-0.115504,1.71393,2.01565e-07,-1.90015e-07,-0.0106526
1.75656e+09,0.00360195,0.867671,-0.115504,1.71389,1.9365e-07,-1.89628e-07,-0.0106526
1.75656e+09,0.00329002,0.867671,-0.115504,1.71386,1.9002e-07,-1.75909e-07,-0.00852211
1.75656e+09,0.00337063,0.867671,-0.115504,1.71384,1.64777e-07,-1.6025e-07,-0.00426106
1.75656e+09,0.00323813,0.867671,-0.115504,1.71385,1.63632e-07,-1.60082e-07,0.00213053
1.75656e+09,0.00328567,0.867671,-0.115504,1.71386,1.59497e-07,-1.47141e-07,0.00213053
1.75656e+09,0.00330724,0.867671,-0.115504,1.71387,1.26742e-07,-1.30759e-07,0.00426106
1.75656e+09,0.00348276,0.867671,-0.115504,1.71391,1.24975e-07,-1.24124e-07,0.0106526
1.75656e+09,0.00314994,0.867671,-0.115504,1.71394,1.21208e-07,-1.13412e-07,0.0106526
1.75656e+09,0.00345389,0.867671,-0.115504,1.71398,1.05675e-07,-9.83134e-08,0.0106526
1.75656e+09,0.00328621,0.867671,-0.115504,1.71402,7.9038e-08,-8.45438e-08,0.0106526
1.75656e+09,0.00413923,0.867671,-0.115504,1.71405,7.47958e-08,-6.98545e-08,0.00852211
1.75656e+09,0.00256161,0.867671,-0.115504,1.71406,6.46908e-08,-5.46507e-08,0.00213053
1.75656e+09,0.00326368,0.867671,-0.115504,1.71406,2.91846e-08,-3.86694e-08,0.00213053
1.75656e+09,0.00331285,0.867671,-0.115504,1.71407,1.33413e-08,-6.91693e-09,0.00106526
1.75656e+09,0.0034572,0.867671,-0.115504,1.71407,-5.44871e-09,4.75534e-09,0
1.75656e+09,0.0032438,0.867671,-0.115504,1.71406,-1.31849e-08,4.91724e-09,-0.00106526
1.75656e+09,0.00380351,0.867671,-0.115504,1.71405,-4.6754e-08,2.29662e-08,-0.00213053
1.75656e+09,0.00291609,0.867671,-0.115504,1.71405,-5.48532e-08,4.63108e-08,-0.00213053
1.75656e+09,0.00328823,0.867671,-0.115504,1.71403,-8.226e-08,5.40142e-08,-0.00532632
1.75656e+09,0.00323407,0.867671,-0.115504,1.71401,-9.05724e-08,5.70619e-08,-0.00532632
1.75656e+09,0.00346206,0.867671,-0.115504,1.714,-1.1321e-07,8.28488e-08,-0.00532632
1.75656e+09,0.00329372,0.867671,-0.115504,1.71397,-1.33828e-07,9.08449e-08,-0.00639159
1.75656e+09,0.0084582,0.867671,-0.115504,1.71392,-1.51389e-07,1.1275e-07,-0.00639159
1.75656e+09,0.00162083,0.867671,-0.115504,1.71391,-1.57017e-07,1.27111e-07,-0.00639159
1.75656e+09,0.00343374,0.867671,-0.115504,1.7139,-1.91022e-07,1.55934e-07,-0.00426106
1.75656e+09,0.00316425,0.867671,-0.115504,1.71388,-2.09914e-07,1.56078e-07,-0.00426106
1.75656e+09,0.00327685,0.867671,-0.115504,1.71387,-2.22207e-07,1.58955e-07,-0.00426106
1.75656e+09,0.00327595,0.867671,-0.115504,1.71387,-2.27333e-07,1.69895e-07,0
1.75656e+09,0.00352452,0.867671,-0.115504,1.71388,-2.28974e-07,1.73529e-07,0.00319579
1.75656e+09,0.00594252,0.867671,-0.115504,1.71391,-2.38305e-07,1.80464e-07,0.00532632
1.75656e+09,0.000552421,0.867671,-0.115504,1.71391,-2.48987e-07,1.8888e-07,0.00532632
1.75656e+09,0.00332167,0.867671,-0.115504,1.71393,-2.5003e-07,1.91565e-07,0.00532632
1.75656e+09,0.00322976,0.867671,-0.115504,1.71395,-2.5003e-07,1.91565e-07,0.00532632
1.75656e+09,0.00343351,0.867671,-0.115504,1.714,-2.58568e-07,1.97111e-07,0.0149137
1.75656e+09,0.00349287,0.867671,-0.115504,1.71406,-2.60348e-07,2.01325e-07,0.0181095
1.75656e+09,0.00334182,0.867671,-0.115504,1.71415,-2.66309e-07,2.01377e-07,0.0255663
1.75656e+09,0.00324629,0.867671,-0.115504,1.71423,-2.67525e-07,2.08839e-07,0.0255663
1.75656e+09,0.0034076,0.867671,-0.115504,1.71432,-2.67525e-07,2.09843e-07,0.0266316
1.75656e+09,0.00331186,0.867671,-0.115504,1.71441,-2.66309e-07,2.12874e-07,0.0266316
1.75656e+09,0.00332465,0.867671,-0.115504,1.7145,-2.66309e-07,2.15527e-07,0.0266316
1.75656e+09,0.00330745,0.867671,-0.115504,1.71459,-2.81599e-07,2.15882e-07,0.0266316
1.75656e+09,0.00322831,0.867671,-0.115504,1.71467,-2.81599e-07,2.26257e-07,0.0266316
1.75656e+09,0.00368809,0.867671,-0.115504,1.71475,-3.0895e-07,2.28964e-07,0.02024
1.75656e+09,0.00316502,0.867671,-0.115504,1.71481,-3.0895e-07,2.35203e-07,0.0181095
1.75656e+09,0.00325789,0.867671,-0.115504,1.71486,-3.0895e-07,2.35203e-07,0.0181095
1.75656e+09,0.00331659,0.867671,-0.115504,1.71492,-3.0895e-07,2.35203e-07,0.0181095
1.75656e+09,0.00333492,0.867671,-0.115504,1.71498,-3.0895e-07,2.35203e-07,0.0181095
1.75656e+09,0.0033748,0.867671,-0.115504,1.71505,-3.0895e-07,2.35203e-07,0.0181095
1.75656e+09,0.0033379,0.867671,-0.115504,1.71504,-3.05194e-07,2.35203e-07,-0.00106526
1.75656e+09,0.00326486,0.867671,-0.115504,1.71503,-3.05194e-07,2.33807e-07,-0.00426106
1.75656e+09,0.00333701,0.867671,-0.115504,1.715,-2.95371e-07,2.31211e-07,-0.00852211
1.75656e+09,0.00335092,0.867671,-0.115504,1.71496,-2.95371e-07,2.31211e-07,-0.0106526
1.75656e+09,0.00342382,0.867671,-0.115504,1.71493,-2.89781e-07,2.24452e-07,-0.0106526
1.75656e+09,0.00340913,0.867671,-0.115504,1.71489,-2.81042e-07,2.21688e-07,-0.0117179
1.75656e+09,0.00306966,0.867671,-0.115504,1.71485,-2.76102e-07,2.18975e-07,-0.0106526
1.75656e+09,0.00344512,0.867671,-0.115504,1.71482,-2.75352e-07,2.00666e-07,-0.0106526
1.75656e+09,0.00316903,0.867671,-0.115504,1.71479,-2.62189e-07,1.99398e-07,-0.00852211
1.75656e+09,0.00370257,0.867671,-0.115504,1.71476,-2.50363e-07,1.85133e-07,-0.00745685
1.75656e+09,0.00319958,0.867671,-0.115504,1.71474,-2.30095e-07,1.80377e-07,-0.00639159
1.75656e+09,0.00318127,0.867671,-0.115504,1.71473,-2.20308e-07,1.77754e-07,-0.00426106
1.75656e+09,0.00340639,0.867671,-0.115504,1.71472,-2.19945e-07,1.6733e-07,-0.00426106
1.75656e+09,0.00340412,0.867671,-0.115504,1.7147,-2.17535e-07,1.55182e-07,-0.00319579
1.75656e+09,0.00555032,0.867671,-0.115504,1.71469,-2.09057e-07,1.48342e-07,-0.00319579
1.75656e+09,0.0010558,0.867671,-0.115504,1.71468,-1.9654e-07,1.427e-07,-0.00319579
1.75656e+09,0.00326097,0.867671,-0.115504,1.71468,-1.96187e-07,1.40538e-07,-0.00106526
1.75656e+09,0.00335505,0.867671,-0.115504,1.71468,-1.65065e-07,1.38026e-07,0.00106526
1.75656e+09,0.0033984,0.867671,-0.115504,1.71469,-1.64628e-07,1.29998e-07,0.00319579
1.75656e+09,0.00344083,0.867671,-0.115504,1.7147,-1.6022e-07,1.23265e-07,0.00106526
1.75656e+09,0.0032147,0.867671,-0.115504,1.7147,-1.5998e-07,1.20983e-07,0.00106526
1.75656e+09,0.00348781,0.867671,-0.115504,1.7147,-1.57605e-07,1.19646e-07,-0.00106526
1.75656e+09,0.00323856,0.867671,-0.115504,1.71467,-1.54928e-07,1.15618e-07,-0.00958738
1.75656e+09,0.00330154,0.867671,-0.115504,1.71463,-1.54432e-07,1.10924e-07,-0.00958738
1.75656e+09,0.0032725,0.867671,-0.115504,1.7146,-1.44758e-07,1.09721e-07,-0.0106526
1.75656e+09,0.00335828,0.867671,-0.115504,1.71455,-1.38053e-07,1.09332e-07,-0.0149137
1.75656e+09,0.00320354,0.867671,-0.115504,1.71448,-1.35664e-07,9.90519e-08,-0.0223706
1.75656e+09,0.00339091,0.867671,-0.115504,1.7144,-1.32802e-07,9.80647e-08,-0.0223706
1.75656e+09,0.00344049,0.867671,-0.115504,1.71433,-1.28404e-07,9.57612e-08,-0.0223706
1.75656e+09,0.00325174,0.867671,-0.115504,1.71425,-1.26228e-07,9.41659e-08,-0.0223706
1.75656e+09,0.00341403,0.867671,-0.115504,1.71418,-1.24479e-07,8.33752e-08,-0.0223706
1.75656e+09,0.00318254,0.867671,-0.115504,1.71411,-1.21808e-07,8.25811e-08,-0.0213053
1.75656e+09,0.00346574,0.867671,-0.115504,1.71403,-1.09556e-07,7.23728e-08,-0.0213053
1.75656e+09,0.00376821,0.867671,-0.115504,1.71397,-1.09556e-07,7.05039e-08,-0.0181095
1.75656e+09,0.00476246,0.867671,-0.115504,1.71389,-9.34992e-08,6.43212e-08,-0.015979
1.75656e+09,0.00163104,0.867671,-0.115504,1.71386,-9.34992e-08,6.14731e-08,-0.015979
1.75656e+09,0.00319567,0.867671,-0.115504,1.71381,-9.09493e-08,6.14731e-08,-0.015979
1.75656e+09,0.00321183,0.867671,-0.115504,1.71378,-6.67019e-08,5.28332e-08,-0.00958738
1.75656e+09,0.00346293,0.867671,-0.115504,1.71375,-6.67019e-08,5.02762e-08,-0.00958738
1.75656e+09,0.00312088,0.867671,-0.115504,1.71372,-6.67019e-08,4.77894e-08,-0.00958738
1.75656e+09,0.00342079,0.867671,-0.115504,1.71373,-6.51283e-08,4.3895e-08,0.00319579
1.75656e+09,0.00327381,0.867671,-0.115504,1.71376,-6.51283e-08,4.03802e-08,0.00958738
1.75656e+09,0.00356028,0.867671,-0.115504,1.71381,-6.51283e-08,3.93476e-08,0.0127832
1.75656e+09,0.0032917,0.867671,-0.115504,1.71385,-5.84871e-08,3.84509e-08,0.0127832
1.75656e+09,0.00333838,0.867671,-0.115504,1.71389,-5.76928e-08,3.63337e-08,0.0117179
1.75656e+09,0.00364936,0.867671,-0.115504,1.71393,-5.28168e-08,3.19385e-08,0.0117179
1.75656e+09,0.00299582,0.867671,-0.115504,1.71397,-5.22081e-08,2.70779e-08,0.0117179
1.75656e+09,0.00327865,0.867671,-0.115504,1.714,-5.19588e-08,2.65832e-08,0.0106526
1.75656e+09,0.00336498,0.867671,-0.115504,1.71403,-4.71881e-08,2.65832e-08,0.00958738
1.75656e+09,0.00335894,0.867671,-0.115504,1.71405,-5.19588e-08,2.70779e-08,0.00532632
1.75656e+09,0.00331396,0.867671,-0.115504,1.71404,-5.19588e-08,2.94217e-08,-0.00319579
1.75656e+09,0.00342722,0.867671,-0.115504,1.71401,-5.47774e-08,4.01796e-08,-0.00745685
1.75656e+09,0.00321744,0.867671,-0.115504,1.71397,-5.92586e-08,4.05531e-08,-0.0127832
1.75656e+09,0.00334243,0.867671,-0.115504,1.71393,-5.92766e-08,4.10243e-08,-0.0127832
1.75656e+09,0.00343379,0.867671,-0.115504,1.71387,-6.44954e-08,4.05531e-08,-0.0170442
1.75656e+09,0.00320241,0.867671,-0.115504,1.71382,-6.51214e-08,4.21631e-08,-0.0149137
1.75656e+09,0.00325137,0.867671,-0.115504,1.71378,-6.51214e-08,4.21631e-08,-0.0149137
1.75656e+09,0.00340428,0.867671,-0.115504,1.71373,-6.51214e-08,4.07969e-08,-0.0149137
1.75656e+09,0.00342853,0.867671,-0.115504,1.71367,-6.67059e-08,3.52473e-08,-0.0170442
1.75656e+09,0.00327103,0.867671,-0.115504,1.71362,-6.67059e-08,3.73659e-08,-0.0149137
1.75656e+09,0.00339449,0.867671,-0.115504,1.71357,-6.59331e-08,3.43686e-08,-0.0149137
1.75656e+09,0.00338988,0.867671,-0.115504,1.71351,-6.59331e-08,3.43686e-08,-0.0181095
1.75656e+09,0.00316128,0.867671,-0.115504,1.71347,-6.03347e-08,3.25861e-08,-0.0117179
1.75656e+09,0.00341901,0.867671,-0.115504,1.71344,-6.01735e-08,2.97527e-08,-0.00958738
1.75656e+09,0.00450259,0.867671,-0.115504,1.71341,-5.628e-08,2.93684e-08,-0.00639159
1.75656e+09,0.00195743,0.867671,-0.115504,1.7134,-5.15725e-08,2.49224e-08,-0.00213053
1.75656e+09,0.00359837,0.867671,-0.115504,1.71342,-5.15725e-08,2.40666e-08,0.00532632
1.75656e+09,0.00320499,0.867671,-0.115504,1.71344,-5.15725e-08,2.40666e-08,0.00639159
1.75656e+09,0.00332376,0.867671,-0.115504,1.71347,-4.81139e-08,2.36033e-08,0.00745685
1.75656e+09,0.00327636,0.867671,-0.115504,1.7135,-4.81139e-08,2.40666e-08,0.0106526
1.75656e+09,0.00349564,0.867671,-0.115504,1.71354,-4.81139e-08,2.40666e-08,0.0106526
1.75656e+09,0.00327676,0.867671,-0.115504,1.71358,-3.87375e-08,2.20369e-08,0.0106526
1.75656e+09,0.00328194,0.867671,-0.115504,1.71361,-3.87375e-08,2.13658e-08,0.0106526
1.75656e+09,0.00585137,0.867671,-0.115504,1.71367,-3.87375e-08,2.20369e-08,0.00958738
1.75656e+09,0.00188456,0.867671,-0.115504,1.71368,-3.87375e-08,2.20369e-08,0.00639159
1.75656e+09,0.00232352,0.867671,-0.115504,1.71369,-3.87375e-08,2.13658e-08,0.00639159
1.75656e+09,0.00900928,0.867671,-0.115504,1.71375,-4.90518e-08,2.05664e-08,0.00639159
1.75656e+09,0.0010502,0.867671,-0.115504,1.71375,-5.25894e-08,2.25219e-08,-0.00319579
1.75656e+09,0.00306054,0.867671,-0.115504,1.71372,-5.25894e-08,2.25219e-08,-0.00958738
1.75656e+09,0.00346237,0.867671,-0.115504,1.71367,-5.25894e-08,2.25219e-08,-0.0138484
1.75656e+09,0.00333146,0.867671,-0.115504,1.71361,-4.59575e-08,2.47502e-08,-0.0191748
1.75656e+09,0.00327404,0.867671,-0.115504,1.71354,-4.59575e-08,2.75286e-08,-0.0191748
1.75656e+09,0.00342235,0.867671,-0.115504,1.71348,-4.59575e-08,2.79876e-08,-0.0170442
1.75656e+09,0.00331893,0.867671,-0.115504,1.71343,-4.75045e-08,2.79876e-08,-0.0170442
1.75656e+09,0.00338064,0.867671,-0.115504,1.71337,-4.75045e-08,2.79876e-08,-0.0170442
1.75656e+09,0.00344815,0.867671,-0.115504,1.71332,-4.75045e-08,2.54934e-08,-0.015979
1.75656e+09,0.00346119,0.867671,-0.115504,1.71327,-3.8662e-08,1.73472e-08,-0.0138484
1.75656e+09,0.00309662,0.867671,-0.115504,1.71323,-3.75295e-08,1.63822e-08,-0.0127832
1.75656e+09,0.00331404,0.867671,-0.115504,1.7132,-3.40858e-08,1.21587e-08,-0.00745685
1.75656e+09,0.00335761,0.867671,-0.115504,1.71319,-3.40858e-08,9.96265e-09,-0.00426106
1.75656e+09,0.00332614,0.867671,-0.115504,1.71317,-3.29614e-08,9.96265e-09,-0.00426106
1.75656e+09,0.00333217,0.867671,-0.115504,1.71316,-2.65633e-08,8.67288e-09,-0.00426106
1.75656e+09,0.003654,0.867671,-0.115504,1.71316,-1.92869e-08,6.76291e-09,-0.00106526
1.75656e+09,0.00692795,0.867671,-0.115504,1.71319,-1.71099e-08,4.69884e-09,0.00532632
1.75656e+09,0.00270662,0.867671,-0.115504,1.71322,-1.71099e-08,2.26641e-09,0.00852211
1.75656e+09,0.00333273,0.867671,-0.115504,1.71325,-1.68552e-08,1.68434e-09,0.00852211
1.75656e+09,0.00325375,0.867671,-0.115504,1.71327,-1.32365e-08,1.68434e-09,0.00852211
1.75656e+09,0.00343491,0.867671,-0.115504,1.71331,-1.32365e-08,4.69884e-09,0.0117179
1.75656e+09,0.00337852,0.867671,-0.115504,1.71335,-1.27477e-08,4.4215e-09,0.0117179
1.75656e+09,0.00330137,0.867671,-0.115504,1.71339,-1.27477e-08,7.80635e-09,0.0106526
1.75656e+09,0.00329285,0.867671,-0.115504,1.7134,-2.00059e-08,7.95793e-09,0.00319579
1.75656e+09,0.00331734,0.867671,-0.115504,1.71341,-2.51524e-08,7.95793e-09,0.00319579
1.75656e+09,0.00344873,0.867671,-0.115504,1.71341,-2.51524e-08,8.49828e-09,0.00106526
1.75656e+09,0.00331581,0.867671,-0.115504,1.7134,-2.51524e-08,8.49828e-09,-0.00532632
1.75656e+09,0.00332233,0.867671,-0.115504,1.71337,-2.14536e-08,9.54144e-09,-0.00639159
1.75656e+09,0.00326121,0.867671,-0.115504,1.71334,-2.12672e-08,9.26754e-09,-0.0117179
1.75656e+09,0.00356987,0.867671,-0.115504,1.71329,-2.03642e-08,9.46346e-09,-0.0117179
1.75656e+09,0.00330099,0.867671,-0.115504,1.71324,-2.03642e-08,9.26754e-09,-0.0149137
1.75656e+09,0.00319128,0.867671,-0.115504,1.71319,-2.03642e-08,9.26754e-09,-0.0170442
1.75656e+09,0.00334131,0.867671,-0.115504,1.71313,-1.6436e-08,4.08918e-09,-0.0170442
1.75656e+09,0.00330761,0.867671,-0.115504,1.71308,-1.6436e-08,2.96066e-09,-0.0170442
1.75656e+09,0.00330893,0.867671,-0.115504,1.71301,-1.43403e-08,2.8596e-09,-0.02024
1.75656e+09,0.00343184,0.867671,-0.115504,1.71295,-1.43403e-08,-1.20982e-09,-0.0170442
1.75656e+09,0.00353926,0.867671,-0.115504,1.71291,-1.38808e-08,-5.17568e-09,-0.0117179
1.75656e+09,0.00311852,0.867671,-0.115504,1.7129,-1.38808e-08,-5.40481e-09,-0.00319579
1.75656e+09,0.00324271,0.867671,-0.115504,1.71289,-2.90768e-09,-6.90941e-09,-0.00213053
1.75656e+09,0.00339429,0.867671,-0.115504,1.71289,-1.64609e-09,-8.91292e-09,-0.00106526
1.75656e+09,0.00321868,0.867671,-0.115504,1.7129,1.25443e-09,-1.29327e-08,0.00213053
1.75656e+09,0.00330181,0.867671,-0.115504,1.71291,1.25443e-09,-1.29327e-08,0.00426106
1.75656e+09,0.00338776,0.867671,-0.115504,1.71292,7.69385e-09,-1.44131e-08,0.00426106
1.75656e+09,0.00336486,0.867671,-0.115504,1.71295,1.06392e-08,-1.65992e-08,0.00639159
1.75656e+09,0.00321439,0.867671,-0.115504,1.71297,1.08477e-08,-1.78229e-08,0.00639159
1.75656e+09,0.00352398,0.867671,-0.115504,1.713,1.24126e-08,-1.81565e-08,0.00958738
1.75656e+09,0.00339516,0.867671,-0.115504,1.71303,1.24728e-08,-1.81565e-08,0.00958738
1.75656e+09,0.00317869,0.867671,-0.115504,1.71306,1.26694e-08,-1.82666e-08,0.00745685
1.75656e+09,0.00326418,0.867671,-0.115504,1.71307,1.46994e-08,-1.81565e-08,0.00426106
1.75656e+09,0.0034804,0.867671,-0.115504,1.71309,1.46994e-08,-1.82666e-08,0.00426106
1.75656e+09,0.00326547,0.867671,-0.115504,1.7131,1.46994e-08,-1.46265e-08,0.00319579
1.75656e+09,0.00328504,0.867671,-0.115504,1.7131,1.44326e-08,-1.46265e-08,0
1.75656e+09,0.00338193,0.867671,-0.115504,1.71309,9.14041e-09,-1.25515e-08,-0.00213053
1.75656e+09,0.00351398,0.867671,-0.115504,1.71308,8.26327e-09,-9.75859e-09,-0.00319579
1.75656e+09,0.00326022,0.867671,-0.115504,1.71304,8.12652e-09,-9.75859e-09,-0.0117179
1.75656e+09,0.0032766,0.867671,-0.115504,1.71299,8.12619e-09,-9.75859e-09,-0.015979
1.75656e+09,0.00367897,0.867671,-0.115504,1.71293,8.12619e-09,-1.34117e-08,-0.015979
1.75656e+09,0.00315462,0.867671,-0.115504,1.71286,4.01837e-09,-1.44693e-08,-0.02024
1.75656e+09,0.0031364,0.867671,-0.115504,1.7128,4.01837e-09,-1.44693e-08,-0.02024
1.75656e+09,0.00326018,0.867671,-0.115504,1.71275,1.23608e-09,-1.34117e-08,-0.015979
1.75656e+09,0.00342859,0.867671,-0.115504,1.71268,8.34689e-09,-1.23576e-08,-0.02024
1.75656e+09,0.00330306,0.867671,-0.115504,1.71261,6.52923e-09,-1.23576e-08,-0.02024
1.75656e+09,0.00346271,0.867671,-0.115504,1.71256,8.34689e-09,-1.23576e-08,-0.0149137
1.75656e+09,0.0033089,0.867671,-0.115504,1.71253,1.19913e-08,-2.21673e-08,-0.00852211
1.75656e+09,0.00328218,0.867671,-0.115504,1.71251,1.24008e-08,-2.21673e-08,-0.00745685
1.75656e+09,0.00324517,0.867671,-0.115504,1.71249,1.49051e-08,-2.21673e-08,-0.00639159
1.75656e+09,0.00336145,0.867671,-0.115504,1.71248,1.68201e-08,-2.21673e-08,-0.00106526
1.75656e+09,0.00324369,0.867671,-0.115504,1.71249,1.68201e-08,-2.37849e-08,0.00106526
1.75656e+09,0.00344671,0.867671,-0.115504,1.7125,1.89774e-08,-2.37849e-08,0.00319579
1.75656e+09,0.00346192,0.867671,-0.115504,1.71251,1.94415e-08,-2.37849e-08,0.00319579
1.75656e+09,0.00327453,0.867671,-0.115504,1.71253,1.94415e-08,-2.37849e-08,0.00532632
1.75656e+09,0.00334586,0.867671,-0.115504,1.71254,1.94415e-08,-2.48259e-08,0.00532632
1.75656e+09,0.00322404,0.867671,-0.115504,1.71257,2.12746e-08,-2.28546e-08,0.00639159
1.75656e+09,0.00339559,0.867671,-0.115504,1.71259,2.12746e-08,-1.98813e-08,0.00639159
1.75656e+09,0.00334278,0.867671,-0.115504,1.71261,1.77272e-08,-2.27515e-08,0.00639159
1.75656e+09,0.0034069,0.867671,-0.115504,1.71263,2.02537e-08,-2.27515e-08,0.00639159
1.75656e+09,0.00331904,0.867671,-0.115504,1.71265,1.90763e-08,-2.1714e-08,0.00639159
1.75656e+09,0.00333141,0.867671,-0.115504,1.71266,1.77272e-08,-1.73369e-08,0.00213053
1.75656e+09,0.00334341,0.867671,-0.115504,1.71265,1.90763e-08,-1.58148e-08,-0.00106526
1.75656e+09,0.0031051,0.867671,-0.115504,1.71264,1.90763e-08,-1.33825e-08,-0.00532632
1.75656e+09,0.00349702,0.867671,-0.115504,1.7126,1.68138e-08,-1.33825e-08,-0.00958738
1.75656e+09,0.00320003,0.867671,-0.115504,1.71257,1.13981e-08,-1.48337e-08,-0.0117179
1.75656e+09,0.00343821,0.867671,-0.115504,1.71252,8.78645e-09,-1.47148e-08,-0.0127832
1.75656e+09,0.00322131,0.867671,-0.115504,1.71247,7.21698e-09,-1.47148e-08,-0.0181095
1.75656e+09,0.00345237,0.867671,-0.115504,1.7124,5.99519e-09,-1.47148e-08,-0.0181095
1.75656e+09,0.00333959,0.867671,-0.115504,1.71234,5.99519e-09,-1.47148e-08,-0.0191748
1.75656e+09,0.00318635,0.867671,-0.115504,1.71227,5.96298e-09,-1.24568e-08,-0.02024
1.75656e+09,0.00341973,0.867671,-0.115504,1.7122,5.99519e-09,-1.24568e-08,-0.02024
1.75656e+09,0.00325884,0.867671,-0.115504,1.71214,6.15437e-09,-1.24568e-08,-0.0191748
1.75656e+09,0.00340155,0.867671,-0.115504,1.7121,6.19176e-09,-1.48167e-08,-0.0138484
1.75656e+09,0.00349847,0.867671,-0.115504,1.71205,6.15437e-09,-1.39312e-08,-0.0138484
1.75656e+09,0.00318611,0.867671,-0.115504,1.712,6.19176e-09,-1.64219e-08,-0.0138484
1.75656e+09,0.00341278,0.867671,-0.115504,1.71197,1.25571e-08,-1.6773e-08,-0.00958738
1.75656e+09,0.00314788,0.867671,-0.115504,1.71196,1.35693e-08,-1.71418e-08,-0.00426106
1.75656e+09,0.00350469,0.867671,-0.115504,1.71195,1.50173e-08,-1.71418e-08,-0.00319579
1.75656e+09,0.00339347,0.867671,-0.115504,1.71194,1.71808e-08,-1.96551e-08,-0.00213053
1.75656e+09,0.00331355,0.867671,-0.115504,1.71196,1.71808e-08,-1.96551e-08,0.00639159
1.75656e+09,0.00336256,0.867671,-0.115504,1.71198,1.968e-08,-1.9831e-08,0.00639159
1.75656e+09,0.00317021,0.867671,-0.115504,1.712,1.968e-08,-1.9831e-08,0.00639159
1.75656e+09,0.00340524,0.867671,-0.115504,1.71203,1.968e-08,-1.84587e-08,0.00852211
1.75656e+09,0.00332118,0.867671,-0.115504,1.71207,1.968e-08,-1.84587e-08,0.0106526
1.75656e+09,0.00326857,0.867671,-0.115504,1.7121,1.968e-08,-1.84504e-08,0.0106526
1.75656e+09,0.00348782,0.867671,-0.115504,1.71214,1.72032e-08,-1.77102e-08,0.0106526
1.75656e+09,0.00331931,0.867671,-0.115504,1.71217,1.72032e-08,-1.55721e-08,0.0106526
1.75656e+09,0.00315094,0.867671,-0.115504,1.71221,1.17515e-08,-1.51815e-08,0.0106526
1.75656e+09,0.00339902,0.867671,-0.115504,1.71221,1.17515e-08,-1.50437e-08,0.00106526
1.75656e+09,0.00343602,0.867671,-0.115504,1.71221,1.10502e-08,-1.51815e-08,0.00106526
1.75656e+09,0.00321762,0.867671,-0.115504,1.71222,9.1569e-09,-1.50437e-08,0.00106526
1.75656e+09,0.00329919,0.867671,-0.115504,1.71221,9.1569e-09,-1.24692e-08,-0.00106526
1.75656e+09,0.00340128,0.867671,-0.115504,1.7122,9.1569e-09,-1.26542e-08,-0.00532632
1.75656e+09,0.00330398,0.867671,-0.115504,1.71218,7.47641e-09,-1.15321e-08,-0.00532632
1.75656e+09,0.00331819,0.867671,-0.115504,1.71215,7.47641e-09,-1.15321e-08,-0.00852211
1.75656e+09,0.00341284,0.867671,-0.115504,1.71209,7.47641e-09,-1.15321e-08,-0.015979
1.75656e+09,0.00344789,0.867671,-0.115504,1.71204,1.0933e-09,-1.15321e-08,-0.015979
1.75656e+09,0.00319229,0.867671,-0.115504,1.71199,7.89415e-09,-1.15321e-08,-0.0170442
1.75656e+09,0.00331907,0.867671,-0.115504,1.71193,7.89415e-09,-1.29726e-08,-0.0170442
1.75656e+09,0.00365518,0.867671,-0.115504,1.71187,9.50087e-09,-1.40824e-08,-0.015979
1.75656e+09,0.00298237,0.867671,-0.115504,1.71185,4.30191e-09,-1.80623e-08,-0.00745685
1.75656e+09,0.00337536,0.867671,-0.115504,1.71184,9.50087e-09,-1.80623e-08,-0.00319579
1.75656e+09,0.00347904,0.867671,-0.115504,1.71184,1.19479e-08,-1.98591e-08,0
1.75656e+09,0.0031709,0.867671,-0.115504,1.71184,1.45316e-08,-1.80623e-08,0.00213053
1.75656e+09,0.00342058,0.867671,-0.115504,1.71186,1.53326e-08,-1.80623e-08,0.00319579
1.75656e+09,0.00328125,0.867671,-0.115504,1.71187,1.75136e-08,-1.98849e-08,0.00426106
1.75656e+09,0.00330197,0.867671,-0.115504,1.71189,1.88858e-08,-2.30198e-08,0.00639159
1.75656e+09,0.00325901,0.867671,-0.115504,1.71191,2.06409e-08,-2.30198e-08,0.00639159
1.75656e+09,0.00332919,0.867671,-0.115504,1.71193,2.06409e-08,-2.30198e-08,0.00639159
1.75656e+09,0.00342766,0.867671,-0.115504,1.71195,2.06409e-08,-2.15391e-08,0.00639159
1.75656e+09,0.00320564,0.867671,-0.115504,1.71197,1.98692e-08,-1.98258e-08,0.00639159
1.75656e+09,0.00341166,0.867671,-0.115504,1.71199,1.98692e-08,-1.98258e-08,0.00532632
1.75656e+09,0.00337382,0.867671,-0.115504,1.71201,1.95215e-08,-1.88498e-08,0.00532632
1.75656e+09,0.00320491,0.867671,-0.115504,1.71201,1.86306e-08,-1.88498e-08,0
1.75656e+09,0.00338468,0.867671,-0.115504,1.712,1.86306e-08,-1.88498e-08,-0.00426106
1.75656e+09,0.00347107,0.867671,-0.115504,1.71196,1.73773e-08,-1.88498e-08,-0.00958738
1.75656e+09,0.00326694,0.867671,-0.115504,1.71193,1.59339e-08,-1.54444e-08,-0.0106526
1.75656e+09,0.0034928,0.867671,-0.115504,1.71189,1.23409e-08,-1.54444e-08,-0.0106526
1.75656e+09,0.00328635,0.867671,-0.115504,1.71185,8.90252e-09,-1.75491e-08,-0.0138484
1.75656e+09,0.00330224,0.867671,-0.115504,1.71179,8.90252e-09,-1.75491e-08,-0.015979
1.75656e+09,0.00361838,0.867671,-0.115504,1.71174,1.23409e-08,-1.7763e-08,-0.015979
1.75656e+09,0.00297153,0.867671,-0.115504,1.71168,1.23409e-08,-1.7763e-08,-0.0170442
1.75656e+09,0.00332982,0.867671,-0.115504,1.71163,1.43367e-08,-1.7763e-08,-0.0170442
1.75656e+09,0.00319348,0.867671,-0.115504,1.71158,1.62107e-08,-2.06349e-08,-0.0149137
1.75656e+09,0.00337837,0.867671,-0.115504,1.71153,1.67802e-08,-2.14631e-08,-0.0149137
1.75656e+09,0.00344119,0.867671,-0.115504,1.71148,2.08394e-08,-2.18761e-08,-0.0149137
1.75656e+09,0.00619405,0.867671,-0.115504,1.71141,2.14972e-08,-2.606e-08,-0.0117179
1.75656e+09,0.00032476,0.867671,-0.115504,1.7114,2.76296e-08,-2.75984e-08,-0.00639159
1.75656e+09,0.0033793,0.867671,-0.115504,1.71138,2.76296e-08,-2.79425e-08,-0.00639159
1.75656e+09,0.00332541,0.867671,-0.115504,1.71136,2.76296e-08,-2.79425e-08,-0.00639159
1.75656e+09,0.00336987,0.867671,-0.115504,1.71134,2.74581e-08,-2.79425e-08,-0.00639159
1.75656e+09,0.00327912,0.867671,-0.115504,1.71134,2.74581e-08,-2.79425e-08,0.00106526
1.75656e+09,0.00334896,0.867671,-0.115504,1.71138,2.74581e-08,-3.00611e-08,0.0106526
1.75656e+09,0.0034542,0.867671,-0.115504,1.71144,3.1032e-08,-2.55889e-08,0.0191748
1.75656e+09,0.0033344,0.867671,-0.115504,1.71151,3.1032e-08,-2.55889e-08,0.0191748
1.75656e+09,0.00336444,0.867671,-0.115504,1.71157,3.1032e-08,-2.35736e-08,0.0181095
1.75656e+09,0.00333651,0.867671,-0.115504,1.71163,3.09697e-08,-2.15757e-08,0.0181095
1.75656e+09,0.0032128,0.867671,-0.115504,1.71167,2.90473e-08,-2.15757e-08,0.0138484
1.75656e+09,0.00340521,0.867671,-0.115504,1.71171,2.69362e-08,-2.06326e-08,0.00958738
1.75656e+09,0.00346928,0.867671,-0.115504,1.71173,2.69362e-08,-2.15757e-08,0.00532632
1.75656e+09,0.00323658,0.867671,-0.115504,1.71173,2.26963e-08,-1.85003e-08,0.00213053
1.75656e+09,0.00325076,0.867671,-0.115504,1.71173,2.05737e-08,-2.02637e-08,-0.00213053
1.75656e+09,0.003248,0.867671,-0.115504,1.71172,1.98774e-08,-2.02637e-08,-0.00319579
1.75656e+09,0.00339709,0.867671,-0.115504,1.71169,1.98774e-08,-2.02637e-08,-0.00745685
1.75656e+09,0.00326513,0.867671,-0.115504,1.71165,1.71683e-08,-1.89312e-08,-0.0117179
1.75656e+09,0.00349112,0.867671,-0.115504,1.71161,1.40466e-08,-1.89312e-08,-0.0117179
1.75656e+09,0.00353024,0.867671,-0.115504,1.71157,1.62268e-08,-1.89312e-08,-0.0117179
1.75656e+09,0.00320637,0.867671,-0.115504,1.71151,1.2906e-08,-1.65303e-08,-0.0181095
1.75656e+09,0.00364373,0.867671,-0.115504,1.71142,1.28545e-08,-1.60321e-08,-0.0245011
1.75656e+09,0.00292732,0.867671,-0.115504,1.71135,1.28545e-08,-1.60321e-08,-0.0245011
1.75656e+09,0.00315707,0.867671,-0.115504,1.71127,1.62268e-08,-2.00933e-08,-0.0245011
1.75656e+09,0.00347283,0.867671,-0.115504,1.7112,1.34562e-08,-2.00933e-08,-0.02024
1.75656e+09,0.00327305,0.867671,-0.115504,1.71116,1.88905e-08,-2.03039e-08,-0.0117179
1.75656e+09,0.00336627,0.867671,-0.115504,1.71112,2.04198e-08,-2.68791e-08,-0.0117179
1.75656e+09,0.00322338,0.867671,-0.115504,1.7111,2.04198e-08,-2.68791e-08,-0.00639159
1.75656e+09,0.00339361,0.867671,-0.115504,1.71109,2.31516e-08,-2.68791e-08,-0.00319579
1.75656e+09,0.00344077,0.867671,-0.115504,1.71109,2.47998e-08,-2.31596e-08,-0.00106526
1.75656e+09,0.00321123,0.867671,-0.115504,1.71109,2.47998e-08,-2.31596e-08,0.00106526
1.75656e+09,0.00339171,0.867671,-0.115504,1.71112,2.47998e-08,-2.31596e-08,0.00745685
1.75656e+09,0.00352694,0.867671,-0.115504,1.71114,2.47998e-08,-2.23626e-08,0.00745685
1.75656e+09,0.00344141,0.867671,-0.115504,1.71118,2.6853e-08,-2.53969e-08,0.00958738
1.75656e+09,0.00293361,0.867671,-0.115504,1.71121,2.41019e-08,-2.53969e-08,0.0106526
1.75656e+09,0.00329971,0.867671,-0.115504,1.71125,2.41019e-08,-2.23626e-08,0.0127832
1.75656e+09,0.0034568,0.867671,-0.115504,1.7113,2.41019e-08,-2.04721e-08,0.0138484
1.75656e+09,0.00340421,0.867671,-0.115504,1.71135,2.41019e-08,-1.99401e-08,0.0138484
1.75656e+09,0.00338865,0.867671,-0.115504,1.71139,2.41019e-08,-1.99401e-08,0.0127832
1.75656e+09,0.00340449,0.867671,-0.115504,1.71142,2.29319e-08,-1.90503e-08,0.00852211
1.75656e+09,0.00327341,0.867671,-0.115504,1.71145,1.59515e-08,-1.90503e-08,0.00852211
1.75656e+09,0.00314647,0.867671,-0.115504,1.71145,1.36985e-08,-1.49925e-08,0.00106526
1.75656e+09,0.00347333,0.867671,-0.115504,1.71145,1.25168e-08,-1.49925e-08,0
1.75656e+09,0.00329054,0.867671,-0.115504,1.71143,1.24586e-08,-1.49925e-08,-0.00532632
1.75656e+09,0.00328287,0.867671,-0.115504,1.7114,1.00502e-08,-1.0529e-08,-0.00958738
1.75656e+09,0.00341057,0.867671,-0.115504,1.71137,1.00502e-08,-1.51853e-08,-0.00958738
1.75656e+09,0.00335766,0.867671,-0.115504,1.71132,1.00502e-08,-1.51853e-08,-0.0138484
1.75656e+09,0.0032492,0.867671,-0.115504,1.71126,1.00502e-08,-1.06899e-08,-0.0181095
1.75656e+09,0.00322198,0.867671,-0.115504,1.71122,1.00502e-08,-9.96759e-09,-0.0138484
1.75656e+09,0.00359758,0.867671,-0.115504,1.71117,1.06171e-08,-1.06899e-08,-0.0138484
1.75656e+09,0.00350645,0.867671,-0.115504,1.71112,9.29084e-09,-1.06899e-08,-0.0127832
1.75656e+09,0.00388848,0.867671,-0.115504,1.71107,9.29084e-09,-1.36697e-08,-0.0127832
1.75656e+09,0.0025042,0.867671,-0.115504,1.71105,1.06171e-08,-1.94174e-08,-0.0106526
1.75656e+09,0.00347783,0.867671,-0.115504,1.71101,1.2891e-08,-2.02407e-08,-0.0106526
1.75656e+09,0.00309429,0.867671,-0.115504,1.711,1.2891e-08,-2.02407e-08,-0.00426106
1.75656e+09,0.0034538,0.867671,-0.115504,1.71099,1.76098e-08,-2.02407e-08,-0.00106526
1.75656e+09,0.00326735,0.867671,-0.115504,1.711,1.76098e-08,-2.15458e-08,0.00106526
1.75656e+09,0.00329619,0.867671,-0.115504,1.711,2.44141e-08,-2.15458e-08,0.00213053
1.75656e+09,0.00338269,0.867671,-0.115504,1.71102,2.77513e-08,-2.16329e-08,0.00532632
1.75656e+09,0.00356528,0.867671,-0.115504,1.71106,2.77513e-08,-2.16329e-08,0.0117179
1.75656e+09,0.00319708,0.867671,-0.115504,1.7111,2.77513e-08,-2.15458e-08,0.0117179
1.75656e+09,0.00332861,0.867671,-0.115504,1.71114,2.70929e-08,-2.05486e-08,0.0117179
1.75656e+09,0.00313431,0.867671,-0.115504,1.71118,2.62682e-08,-1.59423e-08,0.0117179
1.75656e+09,0.00349284,0.867671,-0.115504,1.71122,2.59872e-08,-1.37222e-08,0.0117179
1.75656e+09,0.00571722,0.867671,-0.115504,1.71127,2.59872e-08,-1.37222e-08,0.00958738
1.75656e+09,0.000970248,0.867671,-0.115504,1.71128,2.46639e-08,-1.37222e-08,0.00958738
1.75656e+09,0.00336822,0.867671,-0.115504,1.71131,2.03303e-08,-1.10229e-08,0.00958738
1.75656e+09,0.00314359,0.867671,-0.115504,1.71133,1.72234e-08,-1.10229e-08,0.00426106
1.75656e+09,0.00342377,0.867671,-0.115504,1.71134,1.34223e-08,-1.10229e-08,0.00426106
1.75656e+09,0.0031822,0.867671,-0.115504,1.71134,1.34223e-08,-1.10229e-08,-0.00106526
1.75656e+09,0.00385549,0.867671,-0.115504,1.71131,1.34223e-08,-1.10229e-08,-0.00639159
1.75656e+09,0.00301956,0.867671,-0.115504,1.71129,1.34223e-08,-9.04839e-09,-0.00745685
1.75656e+09,0.00325897,0.867671,-0.115504,1.71125,1.0759e-08,-9.52928e-09,-0.0127832
1.75656e+09,0.00345852,0.867671,-0.115504,1.71119,9.96771e-09,-1.1352e-08,-0.015979
1.75656e+09,0.00317069,0.867671,-0.115504,1.71114,9.96771e-09,-9.52928e-09,-0.015979
1.75656e+09,0.0034616,0.867671,-0.115504,1.71109,9.76791e-09,-9.52928e-09,-0.015979
1.75656e+09,0.0032485,0.867671,-0.115504,1.71104,9.76791e-09,-1.02402e-08,-0.0138484
1.75656e+09,0.0033408,0.867671,-0.115504,1.711,9.76791e-09,-1.1346e-08,-0.0138484
1.75656e+09,0.00323488,0.867671,-0.115504,1.71096,9.2505e-09,-1.02402e-08,-0.0117179
1.75656e+09,0.00360023,0.867671,-0.115504,1.71091,9.76791e-09,-1.1346e-08,-0.0138484
1.75656e+09,0.00316692,0.867671,-0.115504,1.71088,1.05275e-08,-1.1346e-08,-0.0106526
1.75656e+09,0.0033496,0.867671,-0.115504,1.71087,1.05275e-08,-9.58075e-09,-0.00319579
1.75656e+09,0.00338283,0.867671,-0.115504,1.71086,1.35407e-08,-9.58075e-09,-0.00213053
1.75656e+09,0.00325605,0.867671,-0.115504,1.71086,1.36022e-08,-1.01541e-08,0
1.75656e+09,0.00317237,0.867671,-0.115504,1.71086,1.36022e-08,-9.17067e-09,0
1.75656e+09,0.00361936,0.867671,-0.115504,1.71088,1.35407e-08,-1.01541e-08,0.00532632
1.75656e+09,0.0031348,0.867671,-0.115504,1.7109,1.20056e-08,-1.01541e-08,0.00745685
1.75656e+09,0.00345307,0.867671,-0.115504,1.71094,1.20056e-08,-1.01008e-08,0.0106526
1.75656e+09,0.00332567,0.867671,-0.115504,1.71098,1.10854e-08,-7.7952e-09,0.0127832
1.75656e+09,0.00320713,0.867671,-0.115504,1.71102,1.10854e-08,-1.01008e-08,0.0127832
1.75656e+09,0.00339735,0.867671,-0.115504,1.71106,1.01579e-08,-7.55856e-09,0.0127832
1.75656e+09,0.00333846,0.867671,-0.115504,1.71111,1.02138e-08,-7.55856e-09,0.0127832
1.75656e+09,0.0033941,0.867671,-0.115504,1.71115,1.01579e-08,-7.55856e-09,0.0117179
1.75656e+09,0.00324744,0.867671,-0.115504,1.71117,9.12658e-09,-7.55856e-09,0.00639159
1.75656e+09,0.00329059,0.867671,-0.115504,1.71118,7.26694e-09,-5.5772e-09,0.00426106
1.75656e+09,0.00332947,0.867671,-0.115504,1.71117,5.73743e-09,-5.5772e-09,-0.00213053
1.75656e+09,0.00356797,0.867671,-0.115504,1.71115,5.73743e-09,-4.15901e-09,-0.00639159
1.75656e+09,0.00325672,0.867671,-0.115504,1.71112,4.76423e-09,-4.07804e-09,-0.00852211
1.75656e+09,0.00332749,0.867671,-0.115504,1.71109,4.76423e-09,-4.15901e-09,-0.0106526
1.75656e+09,0.00331534,0.867671,-0.115504,1.71105,4.28268e-09,-4.3292e-09,-0.0106526
1.75656e+09,0.00320916,0.867671,-0.115504,1.71101,-1.85317e-09,-4.15901e-09,-0.0127832
1.75656e+09,0.00337997,0.867671,-0.115504,1.71097,-2.68946e-09,-4.3292e-09,-0.0138484
1.75656e+09,0.00335325,0.867671,-0.115504,1.71092,-2.68946e-09,-4.55674e-09,-0.0138484
1.75656e+09,0.00340338,0.867671,-0.115504,1.71087,-2.68946e-09,-5.07585e-09,-0.0149137
1.75656e+09,0.00320246,0.867671,-0.115504,1.71082,2.55103e-08,-4.55674e-09,-0.0149137
1.75656e+09,0.00329383,0.867671,-0.115504,1.71077,2.55103e-08,-4.55674e-09,-0.0149137
1.75656e+09,0.00342974,0.867671,-0.115504,1.71072,2.55103e-08,1.11202e-09,-0.0149137
1.75656e+09,0.00324083,0.867671,-0.115504,1.71068,-1.39438e-08,1.28883e-08,-0.0117179
1.75656e+09,0.00346301,0.867671,-0.115504,1.71066,-1.54584e-08,1.55818e-08,-0.00532632
1.75656e+09,0.0033643,0.867671,-0.115504,1.71065,-2.80827e-08,2.62232e-08,-0.00319579
1.75656e+09,0.00324003,0.867671,-0.115504,1.71068,-5.82708e-08,2.62232e-08,0.00852211
1.75656e+09,0.00342956,0.867671,-0.115504,1.71072,-5.82708e-08,2.62232e-08,0.0127832
1.75656e+09,0.00390814,0.867671,-0.115504,1.71077,-5.82708e-08,1.94957e-08,0.0127832
1.75656e+09,0.00265459,0.867671,-0.115504,1.71082,-3.86816e-08,1.82799e-08,0.015979
1.75656e+09,0.00327888,0.867671,-0.115504,1.71087,-3.70999e-08,1.82799e-08,0.015979
1.75656e+09,0.00338707,0.867671,-0.115504,1.71092,-3.45742e-08,1.94957e-08,0.015979
1.75656e+09,0.00329777,0.867671,-0.115504,1.71098,-3.45742e-08,2.32867e-08,0.015979
1.75656e+09,0.00352892,0.867671,-0.115504,1.71102,-3.39577e-08,2.32867e-08,0.0117179
1.75656e+09,0.00337192,0.867671,-0.115504,1.71105,-2.91086e-08,2.32867e-08,0.0106526
1.75656e+09,0.00314305,0.867671,-0.115504,1.71109,-2.62697e-08,1.8677e-08,0.0106526
1.75656e+09,0.00342157,0.867671,-0.115504,1.71112,-2.58267e-08,1.8677e-08,0.0106526
1.75656e+09,0.00330168,0.867671,-0.115504,1.71115,-9.45466e-09,1.53842e-08,0.00852211
1.75656e+09,0.00319986,0.867671,-0.115504,1.71116,1.88281e-07,1.53842e-08,0.00213053
1.75656e+09,0.00329402,0.867671,-0.115504,1.71113,3.28503e-07,2.34298e-08,-0.00852211
1.75656e+09,0.00343174,0.867671,-0.115504,1.7111,4.51378e-07,2.34298e-08,-0.00958738
1.75656e+09,0.00350786,0.867668,-0.115483,1.71106,0.00606609,5.47555e-09,-0.00958738
1.75656e+09,0.00326811,0.867675,-0.115454,1.71104,0.00858825,-0.00308615,-0.00852211
1.75656e+09,0.00609965,0.867682,-0.115371,1.71098,0.0131961,-0.00308615,-0.00958738
1.75656e+09,0.000507462,0.867681,-0.115351,1.71097,0.0395567,-0.00308615,-0.00958738
1.75656e+09,0.00336807,0.867653,-0.115221,1.71095,0.0395567,0.00260643,-0.00745685
1.75656e+09,0.00322111,0.867627,-0.115093,1.71092,0.0403672,0.00260643,-0.00745685
1.75656e+09,0.00338494,0.86756,-0.114943,1.71096,0.0466398,0.0133032,0.00958738
1.75656e+09,0.00337118,0.867517,-0.11479,1.71105,0.0466398,0.00643997,0.0287621
1.75656e+09,0.00315235,0.867476,-0.114648,1.71115,0.0466398,0.00643997,0.0308927
1.75656e+09,0.00374086,0.867418,-0.114426,1.71131,0.0607997,0.0070288,0.0426106
1.75656e+09,0.0032063,0.867369,-0.114236,1.71147,0.0607997,0.0070288,0.0511327
1.75656e+09,0.00372015,0.867313,-0.114016,1.71167,0.0607997,0.00643997,0.0532632
1.75656e+09,0.00286355,0.867284,-0.113862,1.71182,0.0546754,0.0026316,0.0511327
1.75656e+09,0.00334401,0.867274,-0.113678,1.712,0.0546754,-0.00487406,0.0543285
1.75656e+09,0.00335764,0.86728,-0.113492,1.71219,0.0546754,-0.00940392,0.056459
1.75656e+09,0.00425268,0.867292,-0.113077,1.71243,0.0963284,-0.0166998,0.0575243
1.75656e+09,0.00228777,0.867299,-0.112853,1.71257,0.0963284,-0.0166998,0.0575243
1.75656e+09,0.00353756,0.867309,-0.112507,1.71277,0.0963284,-0.0166998,0.0575243
1.75656e+09,0.00309324,0.867314,-0.11224,1.71294,0.0852981,-0.0138145,0.0543285
1.75656e+09,0.00334084,0.867314,-0.111952,1.71311,0.0852981,-0.0120101,0.0532632
1.75656e+09,0.00325645,0.867313,-0.111672,1.71329,0.0852981,-0.0120101,0.0532632
1.75656e+09,0.00354065,0.867307,-0.111283,1.71342,0.108943,-0.0138145,0.0383495
1.75656e+09,0.00332274,0.867311,-0.110917,1.71352,0.108943,-0.0168964,0.0287621
1.75656e+09,0.00341923,0.867315,-0.11054,1.7136,0.108943,-0.0168964,0.0245011
1.75656e+09,0.00319789,0.867316,-0.110165,1.71367,0.11589,-0.0168964,0.02024
1.75656e+09,0.00334864,0.867307,-0.109774,1.71373,0.11589,-0.0140105,0.0181095
1.75656e+09,0.00315244,0.867298,-0.109403,1.71376,0.116986,-0.0140105,0.0106526
1.75656e+09,0.00353526,0.867284,-0.10896,1.71377,0.124747,-0.0140105,0.00213053
1.75656e+09,0.00324604,0.867289,-0.10855,1.71377,0.124747,-0.0193405,0.00106526
1.75656e+09,0.00350916,0.867293,-0.108107,1.71378,0.124747,-0.0193405,0.00106526
1.75656e+09,0.0031618,0.867298,-0.107708,1.71377,0.124747,-0.0193405,-0.00213053
1.75656e+09,0.00344381,0.867295,-0.107265,1.71376,0.127428,-0.017563,-0.00213053
1.75656e+09,0.00321078,0.867293,-0.106852,1.71377,0.127428,-0.017563,0.00106526
1.75656e+09,0.00343191,0.867284,-0.106372,1.71377,0.138811,-0.017563,0.00213053
1.75656e+09,0.00314799,0.867297,-0.105914,1.7138,0.143444,-0.0246541,0.00958738
1.75656e+09,0.00394806,0.867313,-0.105339,1.71387,0.143444,-0.0248449,0.015979
1.75656e+09,0.00292661,0.867323,-0.104898,1.71391,0.148707,-0.0248449,0.015979
1.75656e+09,0.0032617,0.867338,-0.104406,1.71399,0.148707,-0.0260154,0.0223706
1.75656e+09,0.00322537,0.867356,-0.103914,1.71406,0.150176,-0.0271652,0.0234358
1.75656e+09,0.00352845,0.867372,-0.10334,1.71414,0.160386,-0.0277868,0.0234358
1.75656e+09,0.00334159,0.867378,-0.102732,1.71427,0.179848,-0.0277868,0.036219
1.75656e+09,0.00334302,0.867384,-0.102123,1.71442,0.179848,-0.0277868,0.0447411
1.75656e+09,0.00322278,0.867387,-0.101537,1.71456,0.179848,-0.0269864,0.0458064
1.75656e+09,0.00333477,0.86739,-0.100932,1.71473,0.179586,-0.0269864,0.0490022
1.75656e+09,0.00319082,0.86739,-0.100353,1.71488,0.179586,-0.0259981,0.0490022
1.75656e+09,0.00353412,0.867396,-0.0997535,1.71506,0.167552,-0.0259981,0.0511327
1.75656e+09,0.00335797,0.867418,-0.0991446,1.71524,0.178494,-0.0325505,0.0511327
1.75656e+09,0.00326207,0.867441,-0.0985528,1.71539,0.178494,-0.0331092,0.0468716
1.75656e+09,0.00330668,0.867464,-0.097953,1.71554,0.178494,-0.0331092,0.0468716
1.75656e+09,0.00320269,0.867494,-0.097371,1.71568,0.178494,-0.0352526,0.0436758
1.75656e+09,0.00338668,0.867523,-0.0967485,1.71583,0.18061,-0.0352526,0.0426106
1.75656e+09,0.00331909,0.867544,-0.096045,1.71594,0.208831,-0.0368669,0.0340885
1.75656e+09,0.00348916,0.867581,-0.0952677,1.71606,0.218917,-0.0426887,0.0340885
1.75656e+09,0.00335761,0.867627,-0.0945181,1.71616,0.218917,-0.0457539,0.0308927
1.75656e+09,0.00328104,0.86768,-0.0937845,1.71626,0.218917,-0.0483054,0.0287621
1.75656e+09,0.00341696,0.867741,-0.0930195,1.71634,0.218917,-0.0501844,0.0234358
1.75656e+09,0.00318874,0.867798,-0.0923056,1.71641,0.218917,-0.0501844,0.0234358
1.75656e+09,0.00325551,0.867865,-0.0915521,1.71649,0.22604,-0.0538721,0.0223706
1.75656e+09,0.00342584,0.867935,-0.0907591,1.71656,0.22604,-0.0538721,0.0223706
1.75656e+09,0.00338794,0.868004,-0.0899749,1.71664,0.22604,-0.0538721,0.0223706
1.75656e+09,0.0032652,0.868067,-0.0892653,1.71671,0.212212,-0.0505927,0.0234358
1.75656e+09,0.00343841,0.868126,-0.0885192,1.71681,0.212212,-0.0484537,0.0276969
1.75656e+09,0.0033127,0.868182,-0.0878003,1.71692,0.212212,-0.0484537,0.0319579
1.75656e+09,0.00339223,0.868236,-0.0870358,1.71702,0.220654,-0.0484537,0.0319579
1.75656e+09,0.00307957,0.868327,-0.0863115,1.71713,0.228405,-0.0635417,0.0351537
1.75656e+09,0.00344703,0.868429,-0.0855006,1.71727,0.228405,-0.0635417,0.04048
1.75656e+09,0.00332674,0.868527,-0.0847181,1.71741,0.228405,-0.0635417,0.04048
1.75656e+09,0.00324887,0.86863,-0.0839528,1.71754,0.228405,-0.0656571,0.04048
1.75656e+09,0.00336296,0.868728,-0.0831618,1.71768,0.228405,-0.063382,0.0426106
1.75656e+09,0.00331032,0.868808,-0.0823825,1.71782,0.229348,-0.058209,0.0415453
1.75656e+09,0.00352926,0.86891,-0.0815491,1.71797,0.229348,-0.063382,0.0415453
1.75656e+09,0.00334812,0.868991,-0.0807609,1.7181,0.229348,-0.058209,0.0415453
1.75656e+09,0.00318545,0.869067,-0.0800127,1.71825,0.228808,-0.058209,0.0447411
1.75656e+09,0.00354561,0.86917,-0.0791773,1.71839,0.228808,-0.0633258,0.0415453
1.75656e+09,0.00328975,0.869271,-0.0784012,1.71853,0.228808,-0.0651944,0.0415453
1.75656e+09,0.00506175,0.869413,-0.0771139,1.71872,0.247408,-0.0651944,0.0372843
1.75656e+09,0.00138727,0.869483,-0.0767314,1.71877,0.265337,-0.0902926,0.0372843
1.75656e+09,0.00329033,0.869651,-0.0758237,1.71889,0.265337,-0.0911869,0.0372843
1.75656e+09,0.00348082,0.869829,-0.0748634,1.71905,0.265337,-0.0911869,0.0436758
1.75656e+09,0.00331496,0.87001,-0.0740269,1.71919,0.241516,-0.0911869,0.0436758
1.75656e+09,0.00335596,0.870176,-0.0731824,1.71934,0.241516,-0.0863318,0.0436758
1.75656e+09,0.0033353,0.87028,-0.0723525,1.71945,0.241516,-0.0674713,0.0340885
1.75656e+09,0.00319468,0.870367,-0.0714787,1.71954,0.266456,-0.0674713,0.0287621
1.75656e+09,0.00347285,0.870461,-0.0705288,1.71964,0.266456,-0.0674713,0.0276969
1.75656e+09,0.0032823,0.870622,-0.0696203,1.71971,0.266456,-0.0895092,0.0223706
1.75656e+09,0.00342856,0.870796,-0.0687133,1.71977,0.254092,-0.0895092,0.0170442
1.75656e+09,0.00319961,0.870962,-0.0678907,1.71981,0.246537,-0.0895092,0.0117179
1.75656e+09,0.003239,0.871017,-0.067098,1.71985,0.2395,-0.0530834,0.0117179
1.75656e+09,0.00338379,0.871071,-0.0662464,1.71988,0.246537,-0.0530834,0.00852211
1.75656e+09,0.0033919,0.871129,-0.0654178,1.7199,0.239045,-0.0530834,0.00852211
1.75656e+09,0.00337028,0.871278,-0.0645648,1.71989,0.243704,-0.0813035,-0.00319579
1.75656e+09,0.00339437,0.871486,-0.0637229,1.71986,0.236187,-0.097398,-0.00958738
1.75656e+09,0.00333682,0.871686,-0.0628705,1.71983,0.243704,-0.097398,-0.00958738
1.75656e+09,0.00325122,0.871882,-0.0620399,1.71978,0.243704,-0.097398,-0.0138484
1.75656e+09,0.00328083,0.872065,-0.0611605,1.71974,0.256769,-0.0950312,-0.0127832
1.75656e+09,0.00341657,0.872253,-0.0602452,1.7197,0.256769,-0.0942715,-0.0127832
1.75656e+09,0.00458264,0.872506,-0.0590175,1.71969,0.256769,-0.0942715,-0.00106526
1.75656e+09,0.00200519,0.87262,-0.0584925,1.71969,0.250489,-0.0950312,-0.00106526
1.75656e+09,0.00344771,0.872843,-0.057601,1.71969,0.246091,-0.102478,-0.00106526
1.75656e+09,0.0032033,0.873119,-0.0567735,1.71968,0.2427,-0.123381,-0.00106526
1.75656e+09,0.00341978,0.873418,-0.0558894,1.71972,0.2427,-0.124753,0.00958738
1.75656e+09,0.00341649,0.873716,-0.0550062,1.71975,0.2427,-0.124753,0.00958738
1.75656e+09,0.0031439,0.873996,-0.0541645,1.71978,0.251534,-0.127747,0.00852211
1.75656e+09,0.00342302,0.874307,-0.0531454,1.71981,0.280956,-0.134049,0.00852211
1.75656e+09,0.00336026,0.874614,-0.0520716,1.71983,0.302434,-0.137833,0.00852211
1.75656e+09,0.0032111,0.874905,-0.0510275,1.71983,0.308103,-0.137833,-0.00106526
1.75656e+09,0.00348239,0.875222,-0.049895,1.71983,0.308103,-0.138284,-0.00106526
1.75656e+09,0.00337592,0.875529,-0.0487958,1.71979,0.308486,-0.138284,-0.0106526
1.75656e+09,0.00323028,0.875815,-0.0476916,1.71975,0.324898,-0.138284,-0.0117179
1.75656e+09,0.00335189,0.876142,-0.0465413,1.71971,0.324898,-0.147442,-0.0117179
1.75656e+09,0.00332271,0.876476,-0.0453995,1.71968,0.324898,-0.150389,-0.0106526
1.75656e+09,0.00329743,0.876807,-0.0442287,1.71965,0.336263,-0.151915,-0.00745685
1.75656e+09,0.00335404,0.8772,-0.0428456,1.71963,0.390436,-0.176906,-0.00745685
1.75656e+09,0.00412504,0.877682,-0.0411447,1.7196,0.390436,-0.176906,-0.00745685
1.75656e+09,0.00259063,0.877986,-0.0400764,1.71959,0.390436,-0.176906,-0.00213053
1.75656e+09,0.00331401,0.878288,-0.0387643,1.71963,0.378007,-0.149056,0.0117179
1.75656e+09,0.00333511,0.878594,-0.037452,1.71967,0.375527,-0.149056,0.0117179
1.75656e+09,0.00339102,0.878905,-0.0361177,1.71971,0.375527,-0.149056,0.0117179
1.75656e+09,0.00339105,0.879336,-0.0347569,1.71975,0.378007,-0.185193,0.0106526
1.75656e+09,0.0032456,0.879741,-0.0334033,1.71978,0.393921,-0.185193,0.0106526
1.75656e+09,0.00330652,0.880149,-0.0319951,1.71982,0.402872,-0.185193,0.0106526
1.75656e+09,0.00334607,0.880556,-0.0305322,1.71988,0.414295,-0.185193,0.02024
1.75656e+09,0.00334492,0.880972,-0.0290573,1.71996,0.417568,-0.18846,0.0213053
1.75656e+09,0.00330791,0.881377,-0.0275631,1.72005,0.42845,-0.18846,0.0276969
1.75656e+09,0.00332251,0.881876,-0.0260388,1.72014,0.431388,-0.216493,0.0276969
1.75656e+09,0.00353311,0.882405,-0.0244178,1.72026,0.431388,-0.216493,0.0351537
1.75656e+09,0.00317459,0.882881,-0.0229593,1.72037,0.432026,-0.216493,0.0351537
1.75656e+09,0.00331777,0.883239,-0.0214557,1.72049,0.432026,-0.174322,0.036219
1.75656e+09,0.00318887,0.883583,-0.0200106,1.72061,0.432026,-0.174322,0.0351537
1.75656e+09,0.00337983,0.883938,-0.0184148,1.7207,0.45118,-0.174322,0.0276969
1.75656e+09,0.00345997,0.884503,-0.0167454,1.72078,0.452715,-0.233443,0.0234358
1.75656e+09,0.00340616,0.885059,-0.0151018,1.72085,0.452715,-0.233443,0.0213053
1.75656e+09,0.0032428,0.885588,-0.013542,1.72092,0.45118,-0.233443,0.0191748
1.75656e+09,0.00321438,0.886074,-0.0120019,1.72095,0.45118,-0.220893,0.00958738
1.75656e+09,0.00344892,0.886597,-0.0103689,1.72098,0.445438,-0.220893,0.00852211
1.75656e+09,0.00337345,0.887093,-0.00878377,1.721,0.442588,-0.215792,0.00639159
1.75656e+09,0.00340147,0.887577,-0.00717815,1.72102,0.445438,-0.211268,0.00639159
1.75656e+09,0.00388367,0.888132,-0.00524458,1.72104,0.470879,-0.215792,0.00639159
1.75656e+09,0.00258561,0.888521,-0.0039543,1.72109,0.470879,-0.223467,0.0191748
1.75656e+09,0.00342795,0.888995,-0.00214424,1.72116,0.501371,-0.215792,0.0191748
1.75656e+09,0.00312756,0.889398,-0.000497192,1.72122,0.501371,-0.206352,0.0191748
1.75656e+09,0.00339739,0.889776,0.00128287,1.72129,0.501371,-0.188452,0.0213053
1.75656e+09,0.0035156,0.890096,0.0029767,1.72137,0.462724,-0.162141,0.0234358
1.75656e+09,0.00320207,0.890276,0.00443531,1.72162,0.441909,-0.124068,0.076699
1.75656e+09,0.00334189,0.890455,0.00595623,1.72188,0.441909,-0.121236,0.076699
1.75656e+09,0.00329219,0.89063,0.00745924,1.72222,0.443342,-0.121236,0.104396
1.75656e+09,0.00347129,0.890814,0.00904408,1.72263,0.443342,-0.121236,0.117179
1.75656e+09,0.00329461,0.891132,0.0105884,1.72306,0.448751,-0.16624,0.132093
1.75656e+09,0.00332661,0.891428,0.0123044,1.72384,0.49637,-0.16624,0.233293
1.75656e+09,0.00333393,0.891833,0.0140413,1.72462,0.49637,-0.199522,0.233293
1.75656e+09,0.00345352,0.892259,0.015842,1.72542,0.49637,-0.20167,0.233293
1.75656e+09,0.00330684,0.892665,0.0175665,1.72606,0.49637,-0.20167,0.192813
1.75656e+09,0.00328331,0.893067,0.0192791,1.72669,0.49637,-0.20167,0.192813
1.75656e+09,0.00319061,0.893488,0.0210451,1.72731,0.526288,-0.216336,0.192813
1.75656e+09,0.00350366,0.893889,0.0237143,1.72798,0.734692,-0.231768,0.192813
1.75656e+09,0.00381607,0.894324,0.0266218,1.72872,0.734692,-0.231768,0.192813
1.75656e+09,0.00275009,0.894635,0.0287174,1.72913,0.734692,-0.231768,0.148072
1.75656e+09,0.00330094,0.895066,0.0305949,1.72942,0.541087,-0.2186,0.0884169
1.75656e+09,0.0034444,0.895525,0.0324937,1.72972,0.523311,-0.2186,0.0884169
1.75656e+09,0.00316352,0.895947,0.0342329,1.72992,0.521751,-0.2186,0.0628506
1.75656e+09,0.00329901,0.896386,0.0360467,1.73011,0.521751,-0.2186,0.056459
1.75656e+09,0.00369447,0.896831,0.0380763,1.73021,0.523311,-0.206063,0.0276969
1.75656e+09,0.0030932,0.897192,0.0398433,1.73022,0.545453,-0.206063,0.00426106
1.75656e+09,0.00335331,0.897538,0.0417514,1.73016,0.545453,-0.191974,-0.02024
1.75656e+09,0.00351917,0.8979,0.0437538,1.73001,0.545453,-0.191974,-0.0415453
1.75656e+09,0.00317761,0.898238,0.0454958,1.72967,0.524389,-0.191974,-0.106526
1.75656e+09,0.003327,0.898636,0.0470477,1.72917,0.441667,-0.191974,-0.149137
1.75656e+09,0.00368125,0.899044,0.0486898,1.72863,0.423014,-0.179708,-0.149137
1.75656e+09,0.00301921,0.899137,0.0489599,1.72818,0.0835187,-0.0445291,-0.149137
1.75656e+09,0.00335124,0.899184,0.0485655,1.7277,-0.118448,0.00457406,-0.140615
1.75656e+09,0.00323756,0.89923,0.0481844,1.7273,-0.118448,0.00457406,-0.123571
1.75656e+09,0.00336135,0.899276,0.0477887,1.727,-0.118448,0.00457406,-0.0916127
1.75656e+09,0.00317602,0.899489,0.0494242,1.72678,0.498294,-0.146097,-0.0692422
1.75656e+09,0.00340492,0.899708,0.0512287,1.72657,0.51349,-0.146097,-0.0596548
1.75656e+09,0.0164061,0.90094,0.0602208,1.72593,0.529808,-0.159212,-0.0394148
1.75656e+09,0.00024424,0.900962,0.0603552,1.72592,0.529971,-0.173518,-0.0287621
1.75656e+09,0.00343939,0.901244,0.0623402,1.72608,0.557564,-0.170011,0.0468716
1.75656e+09,0.0031647,0.901555,0.064193,1.72626,0.563193,-0.187764,0.0553937
1.75656e+09,0.00334076,0.901883,0.066163,1.72647,0.567383,-0.188258,0.0628506
1.75656e+09,0.0049656,0.902331,0.069387,1.72689,0.627405,-0.189875,0.0852211
1.75656e+09,0.00181324,0.902492,0.0707075,1.72708,0.705651,-0.20072,0.107592
1.75656e+09,0.00333184,0.902786,0.0731341,1.72744,0.705651,-0.20072,0.107592
1.75656e+09,0.00345799,0.903084,0.0756514,1.72781,0.705651,-0.198483,0.107592
1.75656e+09,0.00331985,0.903392,0.0777341,1.72794,0.605116,-0.189875,0.0372843
1.75656e+09,0.00327462,0.903741,0.0796857,1.728,0.571944,-0.198483,0.0181095
1.75656e+09,0.00330527,0.904093,0.0816555,1.72806,0.571944,-0.198483,0.0181095
1.75656e+09,0.00348779,0.904504,0.0837404,1.72812,0.571944,-0.210028,0.0181095
1.75656e+09,0.00335273,0.904892,0.085861,1.7283,0.606547,-0.213317,0.0543285
1.75656e+09,0.00322053,0.905258,0.0879366,1.72848,0.61869,-0.213317,0.0553937
1.75656e+09,0.00318116,0.905609,0.0899852,1.72866,0.61869,-0.210028,0.0553937
1.75656e+09,0.00346088,0.90598,0.0921699,1.72885,0.606547,-0.205166,0.0553937
1.75656e+09,0.00339747,0.906287,0.0942217,1.72896,0.582155,-0.184309,0.0330232
1.75656e+09,0.00383866,0.906634,0.0965399,1.72909,0.582155,-0.184309,0.0330232
1.75656e+09,0.0027468,0.906881,0.0981988,1.72918,0.582155,-0.184309,0.0330232
1.75656e+09,0.00324823,0.90724,0.100171,1.72927,0.582155,-0.204882,0.0276969
1.75656e+09,0.00340703,0.907642,0.102252,1.72936,0.584641,-0.212702,0.0255663
1.75656e+09,0.00316801,0.908014,0.104189,1.72943,0.584943,-0.212702,0.0234358
1.75656e+09,0.00332984,0.908497,0.106237,1.72939,0.584641,-0.240197,-0.0117179
1.75656e+09,0.00339506,0.909006,0.108278,1.72935,0.569822,-0.243028,-0.0117179
1.75656e+09,0.00349214,0.909538,0.110325,1.72931,0.554727,-0.243028,-0.0117179
1.75656e+09,0.00338689,0.910048,0.112125,1.72927,0.501125,-0.232699,-0.0106526
1.75656e+09,0.00322684,0.910535,0.11384,1.72924,0.501125,-0.232699,-0.0106526
1.75656e+09,0.0032765,0.91101,0.115579,1.72921,0.501125,-0.226859,-0.0106526
1.75656e+09,0.0033575,0.91143,0.117582,1.7292,0.56928,-0.21768,-0.00106526
1.75656e+09,0.00332781,0.911787,0.119795,1.7292,0.639807,-0.210766,-0.00106526
1.75656e+09,0.00340258,0.912069,0.122294,1.72919,0.712172,-0.197718,-0.00106526
1.75656e+09,0.00340596,0.912381,0.1248,1.72927,0.712172,-0.206642,0.0213053
1.75656e+09,0.00318806,0.912673,0.127146,1.72933,0.712172,-0.206642,0.0213053
1.75656e+09,0.00331043,0.912991,0.129494,1.72941,0.685214,-0.206642,0.0213053
1.75656e+09,0.00336985,0.913346,0.131889,1.72948,0.685214,-0.216318,0.0213053
1.75656e+09,0.00337196,0.91376,0.134296,1.72955,0.685214,-0.234034,0.0213053
1.75656e+09,0.00388394,0.914242,0.137117,1.72968,0.697598,-0.237387,0.0330232
1.75656e+09,0.00284372,0.914562,0.139328,1.72977,0.750095,-0.234034,0.0340885
1.75656e+09,0.00350157,0.914934,0.142097,1.7299,0.764002,-0.230302,0.0351537
1.75656e+09,0.00312575,0.915267,0.144569,1.73002,0.764002,-0.230302,0.0394148
1.75656e+09,0.00315251,0.915599,0.147062,1.73014,0.764002,-0.229569,0.0394148
1.75656e+09,0.0033796,0.915956,0.149734,1.73028,0.763914,-0.229521,0.0394148
1.75656e+09,0.00322417,0.916295,0.152283,1.7304,0.763911,-0.229521,0.0394148
1.75656e+09,0.00336705,0.916649,0.154946,1.73054,0.763911,-0.229521,0.0394148
1.75656e+09,0.0035374,0.917301,0.157637,1.73081,0.721708,-0.302861,0.0756338
1.75656e+09,0.00325375,0.9179,0.160112,1.73107,0.721708,-0.302861,0.0809601
1.75656e+09,0.00320118,0.918678,0.162576,1.73133,0.720978,-0.362907,0.0809601
1.75656e+09,0.00362238,0.919863,0.165259,1.73162,0.678952,-0.441316,0.0809601
1.75656e+09,0.00332694,0.921336,0.167786,1.73173,0.678952,-0.558625,0.0319579
1.75656e+09,0.00337089,0.922922,0.169766,1.73181,0.504333,-0.558625,0.0245011
1.75656e+09,0.00326226,0.924457,0.171682,1.73136,0.504333,-0.558625,-0.138484
1.75656e+09,0.00363001,0.926043,0.173794,1.73073,0.504333,-0.524311,-0.172573
1.75656e+09,0.00285388,0.926318,0.175656,1.72997,0.62877,-0.199047,-0.265251
1.75656e+09,0.00340762,0.926413,0.177902,1.72894,0.646523,-0.131887,-0.304666
1.75656e+09,0.00324677,0.926324,0.180403,1.72785,0.764847,-0.0941916,-0.335558
1.75656e+09,0.00401518,0.926171,0.183784,1.72654,0.837686,-0.0941916,-0.324906
1.75656e+09,0.00323605,0.926173,0.186528,1.72556,0.837686,-0.131887,-0.304666
1.75656e+09,0.00283898,0.926452,0.188769,1.72466,0.764847,-0.218979,-0.316384
1.75656e+09,0.00343545,0.926793,0.191481,1.72357,0.764847,-0.218979,-0.316384
1.75656e+09,0.00319299,0.927092,0.194134,1.72261,0.807002,-0.218979,-0.302535
1.75656e+09,0.00340892,0.927394,0.196963,1.72177,0.807002,-0.213192,-0.245011
1.75656e+09,0.00327885,0.927687,0.199685,1.72109,0.807002,-0.213192,-0.206661
1.75656e+09,0.00334109,0.927988,0.202457,1.72072,0.807002,-0.213192,-0.110787
1.75656e+09,0.00346373,0.928552,0.20537,1.72044,0.807356,-0.286622,-0.0820253
1.75656e+09,0.00335677,0.929099,0.208195,1.72021,0.807622,-0.286622,-0.0671116
1.75656e+09,0.00326966,0.929645,0.210863,1.72002,0.782231,-0.286622,-0.0596548
1.75656e+09,0.00326343,0.93017,0.213524,1.71986,0.782231,-0.280469,-0.0490022
1.75656e+09,0.0034691,0.930737,0.216293,1.71994,0.765059,-0.280146,0.0245011
1.75656e+09,0.00332481,0.931241,0.218941,1.7201,0.765059,-0.268208,0.0479369
1.75656e+09,0.00325351,0.931734,0.221532,1.72027,0.765059,-0.268208,0.0511327
1.75656e+09,0.00323815,0.932204,0.224108,1.72044,0.765059,-0.261963,0.052198
1.75656e+09,0.00323983,0.932674,0.226685,1.72075,0.765059,-0.261963,0.096939
1.75656e+09,0.00351756,0.933634,0.226498,1.72112,-0.0935519,-0.261963,0.105461
1.75656e+09,0.00341287,0.93452,0.225994,1.72148,-0.184751,-0.23459,0.105461
1.75656e+09,0.00326218,0.935307,0.225504,1.72183,-0.184751,-0.215935,0.105461
1.75656e+09,0.00322229,0.936084,0.22502,1.72215,-0.184751,-0.215935,0.100135
1.75656e+09,0.00336844,0.936575,0.226627,1.72244,0.449699,-0.215935,0.0852211
1.75656e+09,0.00341186,0.937029,0.229066,1.72273,0.686516,-0.239535,0.0852211
1.75656e+09,0.00333325,0.937547,0.231461,1.72301,0.686516,-0.262339,0.0852211
1.75656e+09,0.0032042,0.9381,0.2338,1.72328,0.695647,-0.281358,0.0852211
1.75656e+09,0.00335508,0.93874,0.23626,1.72357,0.695647,-0.299843,0.0862864
1.75656e+09,0.00324685,0.939357,0.238693,1.72385,0.7116,-0.301902,0.0862864
1.75656e+09,0.0033116,0.939975,0.241247,1.72414,0.733835,-0.301902,0.0852211
1.75656e+09,0.00340265,0.940599,0.24389,1.72441,0.739626,-0.299843,0.0809601
1.75656e+09,0.00342744,0.941226,0.246552,1.72469,0.739626,-0.299843,0.0809601
1.75656e+09,0.00349645,0.941876,0.24925,1.72497,0.733835,-0.301902,0.0809601
1.75656e+09,0.00314341,0.94251,0.25167,1.72523,0.729917,-0.317575,0.0809601
1.75656e+09,0.00332316,0.943181,0.254224,1.7255,0.728166,-0.317575,0.0809601
1.75656e+09,0.00325717,0.943845,0.256678,1.72573,0.713212,-0.317575,0.0713727
1.75656e+09,0.00346123,0.944436,0.259221,1.7259,0.699461,-0.281984,0.0500674
1.75656e+09,0.00325829,0.944991,0.261615,1.72604,0.699461,-0.281984,0.0415453
1.75656e+09,0.00325564,0.945546,0.264006,1.72615,0.699461,-0.281984,0.0340885
1.75656e+09,0.00352561,0.946153,0.266628,1.72626,0.708048,-0.285153,0.0330232
1.75656e+09,0.00332297,0.946708,0.269283,1.7263,0.763441,-0.288587,0.00958738
1.75656e+09,0.00342837,0.94728,0.272022,1.72632,0.763441,-0.288587,0.00745685
1.75656e+09,0.00325865,0.947823,0.274625,1.72634,0.763441,-0.288587,0.00639159
1.75656e+09,0.00326742,0.948369,0.277236,1.7263,0.763441,-0.288587,-0.0117179
1.75656e+09,0.00388445,0.94901,0.280379,1.72626,0.773957,-0.288587,-0.0117179
1.75656e+09,0.00389455,0.949678,0.283799,1.72621,0.840888,-0.305377,-0.0127832
1.75656e+09,0.00214339,0.950046,0.285681,1.72618,0.840888,-0.305377,-0.0127832
1.75656e+09,0.00330395,0.950613,0.288582,1.72613,0.840888,-0.305377,-0.015979
1.75656e+09,0.00326172,0.951182,0.291253,1.72609,0.782049,-0.299197,-0.0127832
1.75656e+09,0.00357865,0.951807,0.294184,1.72604,0.782049,-0.299197,-0.0127832
1.75656e+09,0.00333545,0.95239,0.296915,1.72601,0.782049,-0.299197,-0.00852211
1.75656e+09,0.00368734,0.953143,0.30021,1.72599,0.851281,-0.339799,-0.00745685
1.75656e+09,0.00297853,0.953751,0.302871,1.72597,0.851281,-0.339799,-0.00639159
1.75656e+09,0.00321917,0.954408,0.305748,1.72595,0.851281,-0.339799,-0.00532632
1.75656e+09,0.00339806,0.955054,0.308732,1.72595,0.838157,-0.3235,0.00106526
1.75656e+09,0.00338532,0.955704,0.311663,1.72604,0.825743,-0.3235,0.0245011
1.75656e+09,0.00413562,0.956514,0.315136,1.72615,0.799363,-0.3235,0.0266316
1.75656e+09,0.00241599,0.957011,0.317168,1.72621,0.799363,-0.333431,0.0266316
1.75656e+09,0.00331217,0.957688,0.32001,1.7263,0.815955,-0.334673,0.0266316
1.75656e+09,0.00328107,0.958353,0.322857,1.7264,0.825743,-0.334673,0.0298274
1.75656e+09,0.00343622,0.959055,0.325805,1.7265,0.815955,-0.334673,0.0298274
1.75656e+09,0.00333988,0.959737,0.32867,1.72662,0.815955,-0.334673,0.036219
1.75656e+09,0.00341474,0.960503,0.331589,1.72677,0.809555,-0.354265,0.0436758
1.75656e+09,0.00368695,0.961329,0.334741,1.72693,0.809555,-0.354265,0.0447411
1.75656e+09,0.00292139,0.961984,0.337238,1.72706,0.809555,-0.354265,0.0447411
1.75656e+09,0.00327058,0.962534,0.340255,1.72721,0.885251,-0.309585,0.0447411
1.75656e+09,0.00345788,0.963114,0.343446,1.72729,0.885251,-0.309585,0.0234358
1.75656e+09,0.00323658,0.963596,0.346423,1.72737,0.885251,-0.290533,0.0234358
1.75656e+09,0.00327138,0.964071,0.349376,1.72744,0.869056,-0.284018,0.0213053
1.75656e+09,0.00332101,0.964001,0.352287,1.72751,0.869056,-0.116062,0.0213053
1.75656e+09,0.00335633,0.963931,0.355229,1.72749,0.869056,-0.116062,-0.00639159
1.75656e+09,0.00344175,0.963845,0.358333,1.72739,0.894971,-0.116062,-0.0287621
1.75656e+09,0.00330594,0.963445,0.361266,1.72716,0.894971,-0.0190131,-0.0681769
1.75656e+09,0.00336697,0.963039,0.364252,1.72683,0.894971,-0.0190131,-0.0980043
1.75656e+09,0.00344013,0.963037,0.364691,1.7265,0.126144,-0.0190131,-0.0980043
1.75656e+09,0.00339141,0.963026,0.364705,1.72616,0.00457744,0.00234422,-0.0980043
1.75656e+09,0.00313906,0.963016,0.364708,1.72633,0.00150992,0.00304973,0.052198
1.75656e+09,0.00338391,0.963005,0.36471,1.72671,0.000935566,0.00308704,0.113983
1.75656e+09,0.00320809,0.962995,0.364711,1.72721,0.000935566,0.00308704,0.154463
1.75656e+09,0.00326254,0.962985,0.364713,1.72771,0.000935566,0.00308704,0.154463
1.75656e+09,0.0046738,0.963152,0.364772,1.72843,0.00683006,-0.0374454,0.154463
1.75656e+09,0.00268307,0.963247,0.364819,1.7288,0.0117358,-0.0374454,0.135289
1.75656e+09,0.00276096,0.963531,0.366257,1.72916,0.498287,-0.183761,0.131028
1.75656e+09,0.00318052,0.963859,0.367914,1.72952,0.498287,-0.183761,0.113983
1.75656e+09,0.00369318,0.964238,0.369839,1.7297,0.498287,-0.183761,0.0490022
1.75656e+09,0.00331055,0.964945,0.372866,1.72986,0.869271,-0.3555,0.0490022
1.75656e+09,0.0031225,0.965757,0.376083,1.73002,0.976068,-0.420176,0.0490022
1.75656e+09,0.00333804,0.966625,0.379523,1.73016,0.976068,-0.420176,0.0415453
1.75656e+09,0.00333074,0.967491,0.382955,1.73029,0.976068,-0.420176,0.0415453
1.75656e+09,0.0033028,0.967842,0.38573,1.73043,0.81269,-0.238352,0.0415453
1.75656e+09,0.00336816,0.968206,0.388352,1.73042,0.751377,-0.230292,-0.00213053
1.75656e+09,0.00328611,0.96856,0.39091,1.73042,0.751377,-0.230292,-0.00213053
1.75656e+09,0.00341604,0.968939,0.39357,1.73041,0.751377,-0.23308,-0.00213053
1.75656e+09,0.00338873,0.969325,0.396255,1.73042,0.763969,-0.238352,0.00426106
1.75656e+09,0.00324815,0.96996,0.39887,1.73058,0.763969,-0.321286,0.0479369
1.75656e+09,0.00321087,0.970576,0.401536,1.73075,0.789138,-0.321286,0.0532632
1.75656e+09,0.00346171,0.971236,0.404426,1.73094,0.793901,-0.321286,0.0532632
1.75656e+09,0.00340672,0.971872,0.407303,1.73112,0.803673,-0.319033,0.0532632
1.75656e+09,0.00338034,0.972502,0.410156,1.7313,0.803673,-0.318588,0.0532632
1.75656e+09,0.00323283,0.97306,0.412965,1.73147,0.830141,-0.309255,0.0532632
1.75656e+09,0.00339392,0.973676,0.415919,1.73165,0.830141,-0.318588,0.0543285
1.75656e+09,0.0032105,0.974206,0.418705,1.73183,0.830141,-0.301814,0.0543285
1.75656e+09,0.00340961,0.974774,0.421495,1.73201,0.780954,-0.295589,0.0543285
1.75656e+09,0.00342689,0.975292,0.424286,1.73204,0.779448,-0.279934,0.00852211
1.75656e+09,0.00322721,0.975741,0.426783,1.732,0.741308,-0.261468,-0.0127832
1.75656e+09,0.00333869,0.976208,0.42933,1.73195,0.730576,-0.260651,-0.015979
1.75656e+09,0.00350966,0.976706,0.431947,1.73189,0.713377,-0.259724,-0.015979
1.75656e+09,0.0030703,0.977142,0.434237,1.73182,0.713377,-0.259724,-0.0223706
1.75656e+09,0.00357989,0.977638,0.436905,1.73161,0.713377,-0.256287,-0.0596548
1.75656e+09,0.00320942,0.978078,0.439333,1.73134,0.724972,-0.256287,-0.0852211
1.75656e+09,0.00325498,0.978464,0.442165,1.73105,0.839788,-0.256287,-0.0884169
1.75656e+09,0.00348597,0.978798,0.445185,1.73074,0.839788,-0.232685,-0.0884169
1.75656e+09,0.00321175,0.979211,0.447983,1.73046,0.839788,-0.265807,-0.0884169
1.75656e+09,0.00631993,0.979999,0.453679,1.72992,0.869997,-0.266364,-0.0852211
1.75656e+09,0.000240538,0.98003,0.453896,1.72991,0.869997,-0.269666,-0.0532632
1.75656e+09,0.00351714,0.980614,0.457089,1.72975,0.869997,-0.308015,-0.0436758
1.75656e+09,0.00343222,0.981186,0.460205,1.7296,0.869997,-0.308015,-0.0436758
1.75656e+09,0.0033466,0.981737,0.463281,1.72947,0.881617,-0.308015,-0.04048
1.75656e+09,0.00326384,0.982234,0.466275,1.72938,0.881617,-0.295261,-0.0266316
1.75656e+09,0.00316769,0.982637,0.469167,1.72933,0.881617,-0.269934,-0.0149137
1.75656e+09,0.00339163,0.983094,0.472108,1.72929,0.835022,-0.269934,-0.0117179
1.75656e+09,0.00336387,0.983555,0.474979,1.72928,0.821109,-0.269934,-0.00319579
1.75656e+09,0.00344231,0.984002,0.477792,1.72929,0.786324,-0.257361,0.00106526
1.75656e+09,0.00322746,0.984357,0.480408,1.72927,0.783015,-0.236302,-0.00319579
1.75656e+09,0.00347573,0.984732,0.483224,1.72923,0.783015,-0.234576,-0.0117179
1.75656e+09,0.00319404,0.985078,0.485812,1.72921,0.783015,-0.234576,-0.00639159
1.75656e+09,0.00335019,0.98544,0.488526,1.72919,0.783015,-0.234576,-0.00639159
1.75656e+09,0.00312821,0.985799,0.491064,1.72917,0.783015,-0.241346,-0.00639159
1.75656e+09,0.0033969,0.986413,0.493661,1.72915,0.726524,-0.299005,-0.00532632
1.75656e+09,0.00333825,0.987071,0.496222,1.72914,0.726524,-0.315653,-0.00532632
1.75656e+09,0.00333204,0.987728,0.498779,1.72912,0.726524,-0.315653,-0.00532632
1.75656e+09,0.00572283,0.988793,0.503563,1.72897,0.796194,-0.315653,-0.0266316
1.75656e+09,0.00105433,0.98898,0.504496,1.72894,0.845539,-0.314099,-0.0266316
1.75656e+09,0.00315717,0.989539,0.507288,1.72884,0.845539,-0.314099,-0.0308927
1.75656e+09,0.00346962,0.990153,0.510357,1.72873,0.845539,-0.314099,-0.0308927
1.75656e+09,0.00335838,0.990928,0.512917,1.72864,0.716556,-0.347721,-0.0266316
1.75656e+09,0.00328368,0.991686,0.51542,1.72856,0.716556,-0.347721,-0.0266316
1.75656e+09,0.00346084,0.992571,0.518072,1.72913,0.716556,-0.373133,0.165116
1.75656e+09,0.00331123,0.993365,0.520404,1.72967,0.657814,-0.347721,0.165116
1.75656e+09,0.00327587,0.994139,0.5227,1.73022,0.654593,-0.344342,0.165116
1.75656e+09,0.00324637,0.994287,0.523049,1.73068,0.0989987,-0.0618556,0.14168
1.75656e+09,0.00345298,0.99428,0.523056,1.73116,0.0021203,0.0015753,0.14168
1.75656e+09,0.00332765,0.994272,0.523062,1.73128,0.0021203,0.00214813,0.0340885
1.75656e+09,0.00327884,0.994264,0.523067,1.73132,0.0021203,0.00214813,0.0117179
1.75656e+09,0.00336801,0.994052,0.524331,1.73108,0.380577,0.00214813,-0.0703074
1.75656e+09,0.00319896,0.993818,0.526593,1.73064,0.70971,-0.0406177,-0.137419
1.75656e+09,0.00359397,0.993502,0.530063,1.73015,0.967033,-0.0668948,-0.137419
1.75656e+09,0.00317728,0.99388,0.533236,1.72971,0.967033,-0.275983,-0.137419
1.75656e+09,0.00354919,0.99487,0.53687,1.72937,0.967033,-0.437526,-0.0948085
1.75656e+09,0.00529685,0.996371,0.542161,1.72887,0.941524,-0.437526,-0.0948085
1.75656e+09,0.00112901,0.996722,0.543099,1.72876,0.7718,-0.437526,-0.0948085
1.75656e+09,0.00328961,0.996791,0.545681,1.7284,0.7718,-0.144307,-0.111853
1.75656e+09,0.00368563,0.99687,0.548574,1.72798,0.7718,-0.144307,-0.111853
1.75656e+09,0.00291006,0.99689,0.550851,1.72766,0.7718,-0.129385,-0.111853
1.75656e+09,0.00332203,0.996914,0.553451,1.72729,0.7718,-0.129385,-0.111853
1.75656e+09,0.00362032,0.996945,0.556261,1.7269,0.765569,-0.129385,-0.107592
1.75656e+09,0.00327984,0.99725,0.558525,1.72677,0.667392,-0.19915,-0.0372843
1.75656e+09,0.0032488,0.997566,0.560749,1.72679,0.661182,-0.202563,0.00319579
1.75656e+09,0.00342811,0.998726,0.563226,1.72682,0.661182,-0.446426,0.0106526
1.75656e+09,0.00330074,0.999843,0.565611,1.72696,0.661182,-0.446426,0.0415453
1.75656e+09,0.00326823,1.00095,0.567986,1.72709,0.665213,-0.446426,0.0415453
1.75656e+09,0.00326993,1.00187,0.570334,1.72728,0.665213,-0.391185,0.0575243
1.75656e+09,0.00345197,1.00274,0.572796,1.72748,0.665213,-0.360621,0.0575243
1.75656e+09,0.0031712,1.00355,0.575007,1.72769,0.648974,-0.360621,0.0649811
1.75656e+09,0.00340636,1.00442,0.577359,1.7281,0.641858,-0.360621,0.120375
1.75656e+09,0.00333916,1.00528,0.579664,1.72866,0.641858,-0.360621,0.168312
1.75656e+09,0.00345132,1.00616,0.582047,1.72929,0.641858,-0.360621,0.183225
1.75656e+09,0.00308289,1.00692,0.584174,1.7299,0.642068,-0.353882,0.198139
1.75656e+09,0.00346191,1.00766,0.58658,1.73066,0.652629,-0.320023,0.217314
1.75656e+09,0.00328868,1.00835,0.588898,1.73139,0.662326,-0.320023,0.223706
1.75656e+09,0.00346094,1.00907,0.591354,1.73221,0.666815,-0.320023,0.237554
1.75656e+09,0.00316847,1.0098,0.593651,1.73311,0.678556,-0.343577,0.28336
1.75656e+09,0.00342295,1.01059,0.596133,1.73408,0.678556,-0.343577,0.28336
1.75656e+09,0.00320078,1.01132,0.598455,1.73508,0.678556,-0.343577,0.311057
1.75656e+09,0.00344071,1.01208,0.600924,1.73618,0.671984,-0.335522,0.32171
1.75656e+09,0.0033439,1.01271,0.603231,1.73726,0.649608,-0.297716,0.322775
1.75656e+09,0.00327587,1.01329,0.605433,1.73832,0.633148,-0.288688,0.322775
1.75656e+09,0.00342425,1.01388,0.607379,1.73943,0.531553,-0.264483,0.322775
1.75656e+09,0.00321425,1.01444,0.609206,1.74046,0.531553,-0.264483,0.322775
1.75656e+09,0.00345537,1.01503,0.61117,1.74159,0.531553,-0.264483,0.324906
1.75656e+09,0.00334687,1.01562,0.613135,1.74264,0.548127,-0.275894,0.315318
1.75656e+09,0.00318562,1.01618,0.6151,1.74364,0.578237,-0.275894,0.314253
1.75656e+09,0.00336152,1.01671,0.617414,1.7447,0.650406,-0.275894,0.315318
1.75656e+09,0.00348165,1.01708,0.620056,1.74581,0.729466,-0.234662,0.319579
1.75656e+09,0.00330381,1.01742,0.622565,1.74687,0.729466,-0.234662,0.319579
1.75656e+09,0.00321556,1.01775,0.625006,1.74793,0.729466,-0.234662,0.328101
1.75656e+09,0.00339864,1.01817,0.627599,1.74904,0.729466,-0.254183,0.329167
1.75656e+09,0.00342034,1.01867,0.630224,1.75018,0.729466,-0.280219,0.332362
1.75656e+09,0.00346415,1.01918,0.632892,1.75139,0.731172,-0.283854,0.349407
1.75656e+09,0.00310796,1.01969,0.635333,1.75252,0.743569,-0.300535,0.363255
1.75656e+09,0.00336191,1.02025,0.637978,1.75374,0.743569,-0.305944,0.363255
1.75656e+09,0.00329305,1.02079,0.640569,1.75495,0.743569,-0.305962,0.367516
1.75656e+09,0.00369591,1.02141,0.643424,1.75632,0.728754,-0.305962,0.369647
1.75656e+09,0.00292912,1.02191,0.645689,1.75742,0.728754,-0.309119,0.376038
1.75656e+09,0.00662633,1.02307,0.65066,1.75993,0.704483,-0.312223,0.379234
1.75656e+09,0.000267098,1.02313,0.650861,1.76004,0.704483,-0.329801,0.386691
1.75656e+09,0.00326816,1.02375,0.653325,1.7613,0.704483,-0.329801,0.386691
1.75656e+09,0.00325851,1.02437,0.655782,1.76256,0.704483,-0.329801,0.386691
1.75656e+09,0.00334012,1.02491,0.658285,1.76378,0.704483,-0.301991,0.365386
1.75656e+09,0.00313948,1.02538,0.660629,1.76493,0.704483,-0.288047,0.365386
1.75656e+09,0.00361178,1.02588,0.663293,1.76624,0.696832,-0.280249,0.363255
1.75656e+09,0.00340407,1.02593,0.665721,1.76747,0.696832,-0.151912,0.361125
1.75656e+09,0.00330633,1.02567,0.667878,1.76851,0.655311,-0.0501949,0.315318
1.75656e+09,0.00336604,1.0254,0.670068,1.76957,0.653385,-0.0501949,0.315318
1.75656e+09,0.00322471,1.02519,0.671935,1.77059,0.580615,-0.0501949,0.315318
1.75656e+09,0.00327636,1.02504,0.673828,1.77174,0.575535,-0.068817,0.350472
1.75656e+09,0.00357684,1.02507,0.675934,1.77324,0.575535,-0.12496,0.419714
1.75656e+09,0.00311524,1.02516,0.677799,1.7746,0.580615,-0.148639,0.437824
1.75656e+09,0.00553946,1.0254,0.68115,1.77736,0.58347,-0.165704,0.498544
1.75656e+09,0.00123836,1.02545,0.682012,1.77798,0.672104,-0.184221,0.498544
1.75656e+09,0.00305282,1.02558,0.684135,1.77952,0.672104,-0.184221,0.50387
1.75656e+09,0.00331568,1.02587,0.686658,1.7812,0.726263,-0.24214,0.508131
1.75656e+09,0.00348918,1.02623,0.689326,1.78302,0.726263,-0.261622,0.519849
1.75656e+09,0.00337043,1.02658,0.692038,1.7849,0.76509,-0.26893,0.557133
1.75656e+09,0.00337971,1.02709,0.694796,1.78683,0.76509,-0.321138,0.572047
1.75656e+09,0.00314607,1.02756,0.697363,1.78867,0.76509,-0.321138,0.585895
1.75656e+09,0.0034503,1.02811,0.699971,1.79072,0.702984,-0.321138,0.592287
1.75656e+09,0.00329329,1.02868,0.702323,1.79273,0.659247,-0.324692,0.610396
1.75656e+09,0.00338775,1.0293,0.704588,1.79481,0.612206,-0.324692,0.615723
1.75656e+09,0.00318934,1.0298,0.706694,1.79683,0.608801,-0.299807,0.633832
1.75656e+09,0.00343105,1.03037,0.70882,1.79901,0.566803,-0.299807,0.633832
1.75656e+09,0.00356073,1.03096,0.711003,1.80128,0.560004,-0.299807,0.639159
1.75656e+09,0.00299142,1.03128,0.712543,1.8032,0.476422,-0.222541,0.641289
1.75656e+09,0.00347687,1.03165,0.714333,1.80548,0.476422,-0.222541,0.654072
1.75656e+09,0.00336357,1.03201,0.716066,1.80793,0.476422,-0.222541,0.730771
1.75656e+09,0.0032562,1.0323,0.717925,1.81031,0.533811,-0.222541,0.730771
1.75656e+09,0.00335659,1.0326,0.719843,1.81277,0.533811,-0.222541,0.730771
1.75656e+09,0.00333512,1.03284,0.721736,1.81512,0.533811,-0.204939,0.70627
1.75656e+09,0.00331767,1.03301,0.723579,1.81723,0.526681,-0.183968,0.634898
1.75656e+09,0.00339212,1.0331,0.725443,1.81933,0.526681,-0.159583,0.618919
1.75656e+09,0.00373694,1.03318,0.727495,1.82154,0.526681,-0.156753,0.591222
1.75656e+09,0.00300795,1.033,0.729149,1.82327,0.547861,-0.0770286,0.577373
1.75656e+09,0.00341577,1.03279,0.731027,1.82525,0.547861,-0.0770286,0.577373
1.75656e+09,0.00310929,1.03259,0.732736,1.82704,0.547861,-0.0770286,0.577373
1.75656e+09,0.00347442,1.03251,0.734513,1.82933,0.500125,-0.109046,0.658333
1.75656e+09,0.00315199,1.0325,0.736139,1.8315,0.500125,-0.127093,0.687095
1.75656e+09,0.00351734,1.03248,0.737954,1.83394,0.500125,-0.127093,0.695618
1.75656e+09,0.00325374,1.03233,0.74008,1.83623,0.642588,-0.127093,0.70414
1.75656e+09,0.00315591,1.03215,0.742132,1.83854,0.642588,-0.114727,0.730771
1.75656e+09,0.00349985,1.03174,0.74435,1.84113,0.642588,-0.0534241,0.741424
1.75656e+09,0.00316504,1.0314,0.745954,1.84352,0.516919,-0.0322012,0.754207
1.75656e+09,0.00345295,1.03102,0.747703,1.84613,0.516919,-0.0322012,0.754207
1.75656e+09,0.00316333,1.03068,0.749305,1.84851,0.516919,-0.0322012,0.754207
1.75656e+09,0.00348849,1.03029,0.751069,1.85114,0.516919,-0.0322012,0.754207
1.75656e+09,0.00326036,1.03004,0.752751,1.85366,0.516919,-0.0684365,0.771251
1.75656e+09,0.00322097,1.02979,0.754411,1.85614,0.516919,-0.0684365,0.771251
1.75656e+09,0.00359328,1.02952,0.756189,1.85891,0.495555,-0.0684365,0.771251
1.75656e+09,0.00326113,1.02927,0.757802,1.86135,0.495555,-0.0684365,0.747816
1.75656e+09,0.00356917,1.029,0.759566,1.86402,0.495555,-0.0684365,0.747816
1.75656e+09,0.00317839,1.02875,0.76135,1.8664,0.559995,-0.0864476,0.747816
1.75656e+09,0.00345131,1.02848,0.763287,1.86899,0.559995,-0.0874523,0.749946
1.75656e+09,0.00315559,1.02824,0.765062,1.87135,0.559995,-0.0929025,0.749946
1.75656e+09,0.00335974,1.028,0.766892,1.87387,0.54151,-0.0929025,0.749946
1.75656e+09,0.00326463,1.02774,0.768664,1.87628,0.54151,-0.0864476,0.737163
1.75656e+09,0.00313849,1.02746,0.770358,1.87859,0.54151,-0.0778516,0.737163
1.75656e+09,0.00363262,1.02709,0.772411,1.88127,0.569739,-0.0734128,0.737163
1.75656e+09,0.00331969,1.02673,0.774281,1.8838,0.569739,-0.0680837,0.761664
1.75656e+09,0.00324515,1.02638,0.776119,1.88638,0.571405,-0.0734128,0.796818
1.75656e+09,0.00334791,1.02601,0.778003,1.88907,0.569739,-0.0680837,0.803209
1.75656e+09,0.00325225,1.02564,0.779832,1.89169,0.569739,-0.0680837,0.803209
1.75656e+09,0.00332023,1.02529,0.781718,1.89439,0.571405,-0.0816737,0.815992
1.75656e+09,0.00334267,1.02494,0.783635,1.89718,0.577742,-0.0816737,0.834102
1.75656e+09,0.00340513,1.02454,0.785592,1.90006,0.581811,-0.0732716,0.84582
1.75656e+09,0.00329506,1.02416,0.787496,1.90285,0.584142,-0.0777064,0.84582
1.75656e+09,0.0034649,1.02372,0.789539,1.90578,0.598542,-0.0732716,0.84582
1.75656e+09,0.00332475,1.0233,0.79151,1.90863,0.602149,-0.0732716,0.856472
1.75656e+09,0.00320666,1.02289,0.793415,1.91137,0.602149,-0.0777064,0.856472
1.75656e+09,0.00350612,1.02244,0.795496,1.91445,0.602149,-0.0777064,0.877778
1.75656e+09,0.0031449,1.02198,0.79734,1.91724,0.601559,-0.0594199,0.8863
1.75656e+09,0.00337332,1.02147,0.799287,1.92023,0.594635,-0.0527404,0.8863
1.75656e+09,0.0033034,1.02096,0.801192,1.92316,0.594635,-0.0527404,0.8863
1.75656e+09,0.00351867,1.02041,0.80322,1.92629,0.594635,-0.0527404,0.890561
1.75656e+09,0.00342617,1.01986,0.805257,1.92934,0.613346,-0.0560407,0.890561
1.75656e+09,0.00308762,1.01958,0.807212,1.93246,0.625026,-0.136539,1.01094
1.75656e+09,0.00356807,1.01931,0.809494,1.93607,0.625026,-0.155264,1.01094
1.75656e+09,0.00325766,1.01907,0.811584,1.93936,0.625026,-0.161753,1.01094
1.75656e+09,0.00333748,1.01889,0.813549,1.94263,0.568841,-0.161753,0.980043
1.75656e+09,0.00306082,1.0187,0.815344,1.9456,0.568841,-0.155264,0.968325
1.75656e+09,0.00340996,1.01838,0.817301,1.94877,0.568841,-0.121966,0.931041
1.75656e+09,0.00339355,1.01758,0.819348,1.95192,0.647243,-0.00410352,0.927845
1.75656e+09,0.00355808,1.01674,0.821491,1.95521,0.647243,-0.00410352,0.924649
1.75656e+09,0.00325055,1.01596,0.823446,1.95786,0.647243,-0.00410352,0.815992
1.75656e+09,0.00325509,1.01543,0.825448,1.96029,0.631206,-0.080865,0.745685
1.75656e+09,0.00325922,1.01504,0.827489,1.96261,0.624362,-0.127918,0.710531
1.75656e+09,0.00372108,1.01473,0.829721,1.96508,0.585911,-0.152506,0.66579
1.75656e+09,0.00305539,1.01465,0.831146,1.96689,0.441867,-0.152506,0.590156
1.75656e+09,0.00349749,1.01454,0.832778,1.96888,0.441867,-0.152506,0.569916
1.75656e+09,0.00291534,1.01424,0.834047,1.97052,0.441867,-0.0722003,0.561394
1.75656e+09,0.00355085,1.01375,0.835858,1.97229,0.52327,-0.0722003,0.498544
1.75656e+09,0.00327748,1.01327,0.837517,1.97384,0.52327,-0.0626438,0.472977
1.75656e+09,0.00346558,1.01276,0.839271,1.97516,0.52327,-0.0626438,0.380299
1.75656e+09,0.00324107,1.0124,0.840698,1.97639,0.4482,-0.0722003,0.380299
1.75656e+09,0.0034513,1.01212,0.842145,1.97759,0.417514,-0.0899553,0.347276
1.75656e+09,0.00335324,1.01176,0.843494,1.97871,0.411463,-0.0617721,0.333428
1.75656e+09,0.00320171,1.01142,0.844781,1.97913,0.411463,-0.0617721,0.134223
1.75656e+09,0.00326972,1.01106,0.846115,1.97939,0.417514,-0.0617721,0.0788296
1.75656e+09,0.00338419,1.0106,0.847527,1.97884,0.437164,-0.0407859,-0.164051
1.75656e+09,0.00338776,1.00987,0.848826,1.97822,0.437164,0.0453046,-0.181095
1.75656e+09,0.00355466,1.00911,0.850189,1.97757,0.437164,0.0453046,-0.184291
1.75656e+09,0.00299087,1.00891,0.850316,1.97696,0.0660233,0.0453046,-0.2024
1.75656e+09,0.00342221,1.00875,0.850493,1.97627,0.0660233,0.0228314,-0.2024
1.75656e+09,0.00317313,1.0086,0.850657,1.97551,0.0660233,0.0228314,-0.239684
1.75656e+09,0.00330374,1.0081,0.851807,1.9744,0.378559,-0.000114884,-0.336624
1.75656e+09,0.00349331,1.00722,0.853723,1.97322,0.603758,0.0171307,-0.336624
1.75656e+09,0.00368236,1.00635,0.855769,1.97198,0.603758,-0.000114884,-0.336624
1.75656e+09,0.0030026,1.00564,0.857438,1.97127,0.603758,-0.000114884,-0.238619
1.75656e+09,0.00338741,1.00536,0.858952,1.97057,0.444065,-0.0980469,-0.204531
1.75656e+09,0.00326817,1.00519,0.860322,1.97011,0.406852,-0.113962,-0.140615
1.75656e+09,0.00323126,1.00506,0.861614,1.96968,0.384067,-0.118231,-0.134223
1.75656e+09,0.00382413,1.00492,0.863113,1.96917,0.375381,-0.118231,-0.133158
1.75656e+09,0.0028055,1.00481,0.864212,1.96884,0.375381,-0.118231,-0.118244
1.75656e+09,0.0034711,1.0046,0.865537,1.96851,0.375381,-0.0920748,-0.0937433
1.75656e+09,0.00359087,1.00425,0.866979,1.96825,0.407941,-0.0657978,-0.0745685
1.75656e+09,0.00292055,1.00397,0.868152,1.96803,0.407941,-0.0657978,-0.072438
1.75656e+09,0.0036467,1.00362,0.869616,1.96779,0.407941,-0.0657978,-0.0681769
1.75656e+09,0.00328833,1.00342,0.870783,1.96756,0.34984,-0.0827461,-0.0681769
1.75656e+09,0.00308258,1.00325,0.871879,1.96739,0.34984,-0.0855332,-0.056459
1.75656e+09,0.00339203,1.00307,0.873092,1.9672,0.34984,-0.0900211,-0.056459
1.75656e+09,0.00338154,1.00285,0.874431,1.96701,0.39051,-0.0925173,-0.056459
1.75656e+09,0.00331275,1.00266,0.875752,1.96681,0.39051,-0.100133,-0.0596548
1.75656e+09,0.00346827,1.0025,0.877156,1.9666,0.39051,-0.115081,-0.0596548
1.75656e+09,0.0032836,1.00239,0.878367,1.9664,0.35319,-0.111807,-0.0596548
1.75656e+09,0.00326855,1.00229,0.879573,1.96627,0.35319,-0.111807,-0.04048
1.75656e+09,0.00345207,1.00217,0.880847,1.96615,0.35319,-0.111807,-0.0340885
1.75656e+09,0.00327288,1.00205,0.882059,1.96608,0.356467,-0.107121,-0.0234358
1.75656e+09,0.00327076,1.00186,0.883319,1.96604,0.377877,-0.0948351,-0.0117179
1.75656e+09,0.00330971,1.00165,0.884644,1.96605,0.394422,-0.0948351,0.00213053
1.75656e+09,0.00354986,1.0014,0.886103,1.9661,0.405515,-0.0948351,0.015979
1.75656e+09,0.00314433,1.00118,0.887391,1.9662,0.405515,-0.0923897,0.0308927
1.75656e+09,0.00389437,1.0009,0.888987,1.96644,0.405515,-0.0923897,0.0617853
1.75656e+09,0.00279989,1.00075,0.890153,1.96666,0.405515,-0.109469,0.0777643
1.75656e+09,0.00347987,1.00051,0.891567,1.96694,0.40129,-0.0938067,0.0820253
1.75656e+09,0.00343347,1.00028,0.892963,1.96732,0.40129,-0.0938067,0.109722
1.75656e+09,0.0031327,1.00009,0.894249,1.96766,0.40129,-0.104919,0.109722
1.75656e+09,0.00323001,0.999927,0.895585,1.96802,0.40129,-0.112387,0.109722
1.75656e+09,0.00344481,0.999738,0.896971,1.96836,0.392366,-0.104919,0.100135
1.75656e+09,0.00336447,0.99956,0.898306,1.96865,0.386307,-0.104919,0.0862864
1.75656e+09,0.00316449,0.999397,0.899562,1.96892,0.385809,-0.106172,0.0852211
1.75656e+09,0.00335612,0.999217,0.900891,1.96916,0.385809,-0.10406,0.0703074
1.75656e+09,0.0034603,0.999029,0.902261,1.96932,0.385809,-0.103706,0.0458064
1.75656e+09,0.00330675,0.998784,0.90357,1.96947,0.39368,-0.0853529,0.0458064
1.75656e+09,0.00321819,0.998543,0.904843,1.96956,0.39368,-0.0843079,0.0287621
1.75656e+09,0.00339432,0.998287,0.906185,1.96962,0.39368,-0.0840987,0.0170442
1.75656e+09,0.00326168,0.998039,0.907425,1.96964,0.379855,-0.0774972,0.00532632
1.75656e+09,0.00323247,0.997783,0.908627,1.96964,0.37345,-0.0714791,0.00213053
1.75656e+09,0.00336603,0.997518,0.909874,1.96964,0.371873,-0.0714791,-0.00106526
1.75656e+09,0.00348349,0.997269,0.911161,1.96962,0.368332,-0.0774972,-0.00639159
1.75656e+09,0.00322035,0.99701,0.912316,1.96958,0.361534,-0.0652598,-0.0117179
1.75656e+09,0.00335415,0.99678,0.913427,1.96952,0.331908,-0.0652598,-0.0181095
1.75656e+09,0.00326085,0.996556,0.914507,1.96942,0.331908,-0.0652598,-0.0308927
1.75656e+09,0.00367502,0.996293,0.915699,1.9693,0.326886,-0.0600019,-0.0330232
1.75656e+09,0.00344969,0.995951,0.916775,1.96917,0.325936,-0.0296072,-0.0383495
1.75656e+09,0.0031145,0.995629,0.91773,1.96905,0.322635,-0.0238533,-0.0383495
1.75656e+09,0.00327846,0.995345,0.918607,1.96892,0.280109,-0.0238533,-0.0383495
1.75656e+09,0.00389712,0.995052,0.919601,1.9689,0.264283,-0.0296072,-0.00532632
1.75656e+09,0.00266199,0.99487,0.920288,1.96893,0.264283,-0.0370452,0.00958738
1.75656e+09,0.00333929,0.99472,0.921182,1.96896,0.264283,-0.0621498,0.0106526
1.75656e+09,0.00350438,0.994561,0.92212,1.96903,0.264283,-0.0621498,0.0191748
1.75656e+09,0.0031726,0.994418,0.922969,1.96911,0.264283,-0.0621498,0.0255663
1.75656e+09,0.00333039,0.994269,0.923821,1.96919,0.25319,-0.0580447,0.0255663
1.75656e+09,0.00323981,0.994048,0.924596,1.96929,0.246904,-0.0297971,0.0298274
1.75656e+09,0.00359728,0.993802,0.925456,1.96941,0.246904,-0.0297971,0.0340885
1.75656e+09,0.00316762,0.993585,0.926214,1.96957,0.246904,-0.0297971,0.0500674
1.75656e+09,0.00339733,0.993334,0.927148,1.96978,0.282121,-0.0385698,0.0607201
1.75656e+09,0.00318599,0.993127,0.928036,1.96998,0.282121,-0.0486219,0.0628506
1.75656e+09,0.00335198,0.992937,0.928983,1.97024,0.282121,-0.0575138,0.076699
1.75656e+09,0.00345932,0.992788,0.929848,1.97054,0.247228,-0.0575138,0.0873517
1.75656e+09,0.00325266,0.99265,0.930663,1.97083,0.247228,-0.058422,0.0884169
1.75656e+09,0.00319789,0.992516,0.931464,1.97112,0.247228,-0.0591283,0.092678
1.75656e+09,0.00340464,0.992415,0.932244,1.97144,0.222385,-0.0616531,0.0937433
1.75656e+09,0.00348807,0.992311,0.933042,1.97177,0.222385,-0.0619362,0.0937433
1.75656e+09,0.00325901,0.992218,0.933779,1.97206,0.219371,-0.0619362,0.0884169
1.75656e+09,0.00349305,0.992118,0.934569,1.97235,0.219371,-0.0619362,0.0852211
1.75656e+09,0.00319605,0.991991,0.935277,1.97262,0.219371,-0.0501495,0.0820253
1.75656e+09,0.00338857,0.991837,0.936064,1.97288,0.231658,-0.0489922,0.076699
1.75656e+09,0.00333512,0.991613,0.936851,1.97313,0.243346,-0.0304226,0.076699
1.75656e+09,0.00327677,0.991381,0.937619,1.97338,0.243346,-0.0265447,0.076699
1.75656e+09,0.00316691,0.99114,0.938354,1.97363,0.243346,-0.0209582,0.076699
1.75656e+09,0.00333864,0.990931,0.939021,1.97384,0.208472,-0.0209582,0.0649811
1.75656e+09,0.0036029,0.990706,0.939742,1.97407,0.208472,-0.0209582,0.0617853
1.75656e+09,0.00336967,0.990488,0.940413,1.97427,0.208472,-0.0187274,0.0617853
1.75656e+09,0.00325518,0.990254,0.941043,1.97448,0.206191,-0.00974724,0.0617853
1.75656e+09,0.00339637,0.990035,0.94164,1.97469,0.186985,-0.00974724,0.0617853
1.75656e+09,0.00310886,0.989864,0.942117,1.97487,0.162693,-0.00974724,0.0607201
1.75656e+09,0.00349291,0.989713,0.94267,1.97508,0.162693,-0.0225785,0.0585895
1.75656e+09,0.00324022,0.989582,0.943188,1.97525,0.162693,-0.0257048,0.0543285
1.75656e+09,0.00344405,0.989433,0.943762,1.97544,0.170408,-0.0257048,0.0543285
1.75656e+09,0.00327743,0.98929,0.944309,1.97562,0.170408,-0.0257048,0.0543285
1.75656e+09,0.00316751,0.989115,0.944821,1.97578,0.170408,-0.0128837,0.0511327
1.75656e+09,0.00329123,0.988945,0.945322,1.97595,0.160326,-0.0125411,0.0511327
1.75656e+09,0.00349734,0.988776,0.945786,1.97609,0.140886,-0.0078269,0.0394148
1.75656e+09,0.00324032,0.988627,0.946188,1.9762,0.132378,-0.00656683,0.0340885
1.75656e+09,0.00346749,0.988469,0.946613,1.97631,0.130608,-0.00656683,0.0330232
1.75656e+09,0.00334572,0.988268,0.947003,1.97637,0.130608,0.00925793,0.015979
1.75656e+09,0.00325353,0.988071,0.947387,1.9764,0.132378,0.00925793,0.0106526
1.75656e+09,0.00325254,0.987873,0.94777,1.97643,0.132378,0.00925793,0.00958738
1.75656e+09,0.00346627,0.987665,0.948174,1.97646,0.130608,0.00925793,0.00852211
1.75656e+09,0.00328182,0.987478,0.948538,1.97648,0.12463,0.00852327,0.00532632
1.75656e+09,0.00334833,0.987253,0.94899,1.97646,0.150297,0.00840285,-0.00532632
1.75656e+09,0.00343071,0.987016,0.94947,1.97644,0.156064,0.00840285,-0.00532632
1.75656e+09,0.00329912,0.986845,0.94987,1.97641,0.131849,-0.000312341,-0.00958738
1.75656e+09,0.00328077,0.986676,0.950269,1.97638,0.131849,-0.000596187,-0.00958738
1.75656e+09,0.003284,0.986507,0.950667,1.97638,0.131849,-0.000596187,-0.00106526
1.75656e+09,0.00348625,0.986327,0.95109,1.97637,0.131849,-0.000312341,-0.00106526
1.75656e+09,0.00349439,0.986135,0.951509,1.97638,0.131849,0.00298845,0.00106526
1.75656e+09,0.0031844,0.985916,0.951891,1.97644,0.137178,0.0160353,0.0213053
1.75656e+09,0.00327169,0.985678,0.952277,1.97652,0.137178,0.0203706,0.0223706
1.75656e+09,0.00318609,0.985442,0.952651,1.9766,0.137178,0.0215491,0.0245011
1.75656e+09,0.00335695,0.985218,0.953,1.97668,0.121869,0.0203706,0.0266316
1.75656e+09,0.00348054,0.985008,0.953309,1.97679,0.105284,0.0203706,0.0308927
1.75656e+09,0.00330611,0.984798,0.953597,1.97692,0.105284,0.0237798,0.0383495
1.75656e+09,0.00339689,0.984568,0.953888,1.97707,0.105284,0.0285661,0.0447411
1.75656e+09,0.00330559,0.984343,0.95417,1.97722,0.105284,0.0285661,0.0447411
1.75656e+09,0.00324234,0.984123,0.954447,1.97736,0.105284,0.0285661,0.0447411
1.75656e+09,0.00343157,0.983946,0.954616,1.9775,0.0656843,0.0280919,0.0394148
1.75656e+09,0.00354357,0.983762,0.95479,1.97764,0.0656843,0.0280919,0.0394148
1.75656e+09,0.0031075,0.983601,0.954943,1.97774,0.0656843,0.0280919,0.0308927
1.75656e+09,0.00328487,0.983374,0.955236,1.97781,0.109347,0.0280919,0.0234358
1.75656e+09,0.00314636,0.983146,0.955514,1.97788,0.109856,0.0317259,0.0223706
1.75656e+09,0.00349121,0.982885,0.95582,1.97793,0.109856,0.0340338,0.0149137
1.75656e+09,0.00336528,0.982633,0.956114,1.97798,0.109856,0.0340338,0.0127832
1.75656e+09,0.00327223,0.982383,0.956352,1.97797,0.0973129,0.0414449,-0.00319579
1.75656e+09,0.00370092,0.982099,0.956622,1.97795,0.0973129,0.0414449,-0.00532632
1.75656e+09,0.00299066,0.98187,0.95684,1.97793,0.0973129,0.0414449,-0.00532632
1.75656e+09,0.00329972,0.981629,0.957086,1.97791,0.0973129,0.0375761,-0.00532632
1.75656e+09,0.00339311,0.981425,0.957358,1.97792,0.0973129,0.0235217,0.00319579
1.75656e+09,0.00342722,0.981311,0.957567,1.97805,0.0691461,0.00650105,0.0351537
1.75656e+09,0.00324153,0.981238,0.957779,1.97816,0.0691461,-0.00538655,0.0351537
1.75656e+09,0.00317089,0.981168,0.957988,1.97831,0.0691461,-0.0056213,0.0468716
1.75656e+09,0.00356824,0.981082,0.958246,1.97852,0.0760192,-0.00668443,0.0607201
1.75656e+09,0.0032759,0.981001,0.958489,1.97874,0.0779504,-0.00668443,0.0660464
1.75656e+09,0.00321404,0.980921,0.958728,1.97897,0.0779504,-0.00668443,0.072438
1.75656e+09,0.00951296,0.980589,0.959392,1.97987,0.0779504,0.00435115,0.0937433
1.75656e+09,0.00132857,0.980534,0.959481,1.97999,0.0779504,0.010885,0.0948085
1.75656e+09,0.00263851,0.980391,0.959693,1.98028,0.0954375,0.0180421,0.108657
1.75656e+09,0.00315651,0.9802,0.959939,1.98069,0.0954375,0.0242908,0.129962
1.75656e+09,0.00326802,0.97998,0.960184,1.98114,0.0954375,0.0320052,0.137419
1.75656e+09,0.00352029,0.979729,0.960405,1.98162,0.0861634,0.0401888,0.137419
1.75656e+09,0.00326421,0.979497,0.960611,1.98205,0.0861634,0.0401888,0.129962
1.75656e+09,0.0033252,0.97926,0.96082,1.98247,0.0861634,0.0401888,0.126766
1.75656e+09,0.00334022,0.979069,0.961038,1.98288,0.0827093,0.0263043,0.123571
1.75656e+09,0.00343402,0.97889,0.96127,1.9833,0.0827093,0.0206754,0.123571
1.75656e+09,0.00313811,0.978762,0.961497,1.98368,0.0827093,0.00826048,0.120375
1.75656e+09,0.00358212,0.97865,0.961715,1.98405,0.0682968,0.00411732,0.103331
1.75656e+09,0.00309383,0.978565,0.961909,1.98433,0.0682968,0.000176879,0.0905475
1.75656e+09,0.00375488,0.978461,0.962143,1.98466,0.0682968,0.000176879,0.0884169
1.75656e+09,0.00312702,0.978359,0.962361,1.98494,0.077069,0.00190637,0.0873517
1.75656e+09,0.00314611,0.978257,0.962582,1.98518,0.077069,0.00146192,0.0756338
1.75656e+09,0.00336874,0.978147,0.962817,1.98541,0.077069,0.00190637,0.0692422
1.75656e+09,0.00341154,0.978039,0.963039,1.98561,0.0724493,0.00260236,0.0596548
1.75656e+09,0.00335047,0.977933,0.963258,1.98581,0.0724493,0.00260236,0.0585895
1.75656e+09,0.00335745,0.977827,0.963477,1.98597,0.0724493,0.00260236,0.0479369
1.75656e+09,0.00353569,0.977689,0.963768,1.98613,0.0910435,0.00260236,0.0468716
1.75656e+09,0.00311757,0.977564,0.964023,1.98628,0.0910435,0.0036645,0.0458064
1.75656e+09,0.00332079,0.977427,0.964293,1.98642,0.0910435,0.00505139,0.0415453
1.75656e+09,0.00338793,0.977311,0.964523,1.98656,0.0759386,0.00361749,0.0415453
1.75656e+09,0.00315941,0.977204,0.964738,1.98669,0.0759386,0.00361749,0.0415453
1.75656e+09,0.00351337,0.977085,0.964977,1.98683,0.0759386,0.00361749,0.0415453
1.75656e+09,0.0033447,0.977006,0.965231,1.98702,0.0790167,-0.00922734,0.0553937
1.75656e+09,0.00335776,0.976927,0.965486,1.98721,0.0790167,-0.00922734,0.0575243
1.75656e+09,0.0032064,0.976852,0.96573,1.98741,0.0790167,-0.00922734,0.0607201
1.75656e+09,0.00344871,0.976804,0.965998,1.98764,0.0765964,-0.0186938,0.0681769
1.75656e+09,0.0031922,0.976759,0.966245,1.98789,0.0765964,-0.0186938,0.076699
1.75656e+09,0.00341432,0.976693,0.966502,1.98818,0.0765964,-0.0127889,0.0873517
1.75656e+09,0.00333528,0.976624,0.966819,1.98852,0.0953629,-0.0194402,0.100135
1.75656e+09,0.00331206,0.976554,0.967134,1.98886,0.0953629,-0.0194402,0.104396
1.75656e+09,0.00336709,0.976484,0.967454,1.98922,0.0953629,-0.0194402,0.104396
1.75656e+09,0.00333684,0.97641,0.967726,1.98956,0.0836054,-0.0127889,0.104396
1.75656e+09,0.00318627,0.976342,0.967988,1.98991,0.0836054,-0.0140973,0.109722
1.75656e+09,0.00382168,0.976261,0.968302,1.99032,0.0836054,-0.0140973,0.105461
1.75656e+09,0.00301045,0.9762,0.968573,1.99063,0.0907578,-0.0180716,0.105461
1.75656e+09,0.00348201,0.976128,0.968888,1.991,0.0907578,-0.0180716,0.105461
1.75656e+09,0.0118796,0.975885,0.96996,1.99225,0.0907578,-0.0180716,0.105461
1.75656e+09,0.00100188,0.975865,0.970048,1.99235,0.0881204,-0.0180716,0.096939
1.75656e+09,0.00362524,0.975789,0.970363,1.99266,0.0881204,-0.0163866,0.0841559
1.75656e+09,0.00308195,0.975734,0.970608,1.99292,0.0797168,-0.0163866,0.0841559
1.75656e+09,0.00333985,0.975667,0.97087,1.99312,0.0797168,-0.0137911,0.0617853
1.75656e+09,0.00339801,0.975607,0.97114,1.99333,0.0797168,-0.0163866,0.0596548
1.75656e+09,0.00342134,0.975539,0.971426,1.99352,0.0844273,-0.0163897,0.0575243
1.75656e+09,0.00340591,0.975489,0.971701,1.99372,0.0797168,-0.0195274,0.0575243
1.75656e+09,0.0034577,0.975434,0.971987,1.99388,0.0819726,-0.0195274,0.0468716
1.75656e+09,0.00325604,0.975382,0.972257,1.99403,0.0819726,-0.0195274,0.0458064
1.75656e+09,0.00316374,0.97532,0.972534,1.99417,0.0881085,-0.0180865,0.0458064
1.75656e+09,0.00341799,0.975244,0.972816,1.99433,0.0842478,-0.0134183,0.0447411
1.75656e+09,0.00318726,0.975172,0.973078,1.99447,0.0842478,-0.0134183,0.0447411
1.75656e+09,0.00346422,0.975094,0.973363,1.99462,0.0842478,-0.0132826,0.0436758
1.75656e+09,0.00345086,0.975019,0.973641,1.99478,0.0823933,-0.0132826,0.0447411
1.75656e+09,0.00325752,0.974948,0.973904,1.99492,0.0823933,-0.0132826,0.0447411
1.75656e+09,0.00315893,0.974878,0.974158,1.99505,0.0823933,-0.0130558,0.0415453
1.75656e+09,0.00800927,0.974732,0.974736,1.99542,0.0732609,-0.0130558,0.0458064
1.75656e+09,0.00264413,0.974684,0.974917,1.99554,0.0700166,-0.0117688,0.0458064
1.75656e+09,0.00289985,0.974628,0.975125,1.99566,0.0733563,-0.0117688,0.0426106
1.75656e+09,0.00322908,0.974561,0.975355,1.9958,0.0733563,-0.0105147,0.0415453
1.75656e+09,0.00324382,0.974494,0.975586,1.99594,0.0733563,-0.0105147,0.0426106
1.75656e+09,0.00336659,0.974383,0.975891,1.99607,0.0961132,-0.00724685,0.0383495
1.75656e+09,0.00337637,0.974261,0.976192,1.99619,0.0961132,-0.00403213,0.0383495
1.75656e+09,0.00362729,0.974131,0.976515,1.99628,0.0961132,-0.00403213,0.0245011
1.75656e+09,0.00334016,0.974044,0.976739,1.99636,0.0718445,-0.00403213,0.0223706
1.75656e+09,0.00310036,0.973974,0.976952,1.99639,0.0718445,-0.0078994,0.0117179
1.75656e+09,0.00346377,0.973896,0.97719,1.99643,0.0718445,-0.0078994,0.00958738
1.75656e+09,0.00403099,0.97377,0.977545,1.99646,0.0931167,-0.0078994,0.00745685
1.75656e+09,0.00282162,0.973658,0.977783,1.99646,0.0931167,0.00141102,0.00106526
1.75656e+09,0.00308468,0.973536,0.978043,1.99643,0.0931167,0.00141102,-0.00852211
1.75656e+09,0.00319075,0.973461,0.978197,1.99639,0.0537414,0.00141102,-0.0138484
1.75656e+09,0.00330928,0.973383,0.978357,1.99629,0.0537414,0.00141102,-0.0298274
1.75656e+09,0.00345545,0.973297,0.978522,1.99619,0.0537414,0.00288805,-0.0298274
1.75656e+09,0.00351469,0.973202,0.978793,1.99607,0.0813791,-0.00716808,-0.0340885
1.75656e+09,0.00310362,0.973065,0.979008,1.99596,0.0813791,0.0117369,-0.036219
1.75656e+09,0.00364985,0.972899,0.979259,1.99576,0.0813791,0.0129356,-0.0532632
1.75656e+09,0.00318417,0.972795,0.9794,1.99559,0.0538837,0.0117369,-0.0532632
1.75656e+09,0.00325237,0.972712,0.979541,1.99542,0.0500153,0.00533519,-0.0543285
1.75656e+09,0.00321867,0.97263,0.979681,1.99524,0.0500153,0.00533519,-0.0532632
1.75656e+09,0.00346137,0.972567,0.979857,1.99506,0.0538837,-0.00446221,-0.0532632
1.75656e+09,0.00311919,0.972496,0.980048,1.99489,0.0652398,-0.00446221,-0.0543285
1.75656e+09,0.00349797,0.972416,0.980263,1.99469,0.0652398,-0.00446221,-0.0585895
1.75656e+09,0.00399156,0.972316,0.980503,1.99444,0.0652398,-0.00186808,-0.0617853
1.75656e+09,0.00279625,0.972261,0.980631,1.99427,0.0498554,-0.000750912,-0.0617853
1.75656e+09,0.00308144,0.972188,0.980756,1.99408,0.0467101,0.00495806,-0.0596548
1.75656e+09,0.00358217,0.972121,0.98091,1.99387,0.0467101,-0.000750912,-0.0585895
1.75656e+09,0.00319278,0.972066,0.981048,1.9937,0.0467101,-0.00186808,-0.0543285
1.75656e+09,0.00316728,0.97208,0.981238,1.99354,0.0527674,-0.0287844,-0.0511327
1.75656e+09,0.00354474,0.972088,0.981469,1.99336,0.0585428,-0.0287844,-0.0511327
1.75656e+09,0.0032362,0.972095,0.98168,1.9932,0.0585428,-0.0287844,-0.0490022
1.75656e+09,0.00334321,0.972104,0.981895,1.99305,0.0574704,-0.0287844,-0.0447411
1.75656e+09,0.00326109,0.972117,0.982096,1.99293,0.054651,-0.0287844,-0.0372843
1.75656e+09,0.00330732,0.972124,0.982308,1.99288,0.0574704,-0.0283349,-0.0138484
1.75656e+09,0.00385234,0.972101,0.982528,1.99287,0.054651,-0.0179605,-0.00213053
1.75656e+09,0.00303376,0.972083,0.982702,1.99293,0.054651,-0.0179605,0.0191748
1.75656e+09,0.00330939,0.972022,0.982872,1.99302,0.054651,-0.00427011,0.0276969
1.75656e+09,0.00307742,0.971942,0.983065,1.99313,0.0676526,-0.0019875,0.036219
1.75656e+09,0.00377781,0.971805,0.983284,1.99327,0.0676526,0.00930708,0.036219
1.75656e+09,0.00329916,0.971666,0.983519,1.99339,0.0824874,0.00930708,0.036219
1.75656e+09,0.00460647,0.971471,0.983848,1.99355,0.0824874,0.00930708,0.0351537
1.75656e+09,0.00193965,0.971386,0.983986,1.99362,0.0824874,0.01071,0.0340885
1.75656e+09,0.00315481,0.971247,0.984208,1.99372,0.082362,0.0112432,0.0319579
1.75656e+09,0.00327273,0.971089,0.984406,1.99376,0.0749606,0.0193406,0.0138484
1.75656e+09,0.00352627,0.970918,0.984619,1.99381,0.0749606,0.0193406,0.0138484
1.75656e+09,0.0032799,0.970759,0.984817,1.99384,0.0749606,0.0193406,0.00958738
1.75656e+09,0.00329145,0.970603,0.985018,1.99387,0.0752262,0.018169,0.00852211
1.75656e+09,0.00325406,0.970465,0.98523,1.99389,0.0767543,0.0121043,0.00532632
1.75656e+09,0.0034728,0.970336,0.985464,1.99389,0.0767543,0.00599185,0.00106526
1.75656e+09,0.0031163,0.970221,0.985675,1.99387,0.0767543,0.00599185,-0.00639159
1.75656e+09,0.00350332,0.970098,0.985897,1.99385,0.0721875,0.00599185,-0.00745685
1.75656e+09,0.00344027,0.969896,0.986078,1.99379,0.0721875,0.0319602,-0.0181095
1.75656e+09,0.00329416,0.969702,0.986252,1.99372,0.0721875,0.0319602,-0.0191748
1.75656e+09,0.00326967,0.969476,0.9865,1.99366,0.0977771,0.0319602,-0.0191748
1.75656e+09,0.0034233,0.96931,0.986792,1.99359,0.0977771,0.00918021,-0.0191748
1.75656e+09,0.0032694,0.969164,0.987077,1.99354,0.0977771,0.00501184,-0.015979
1.75656e+09,0.00401947,0.968991,0.987412,1.99348,0.0936099,0.00501184,-0.015979
1.75656e+09,0.00267262,0.968876,0.987635,1.99343,0.0936099,0.00501184,-0.015979
1.75656e+09,0.00328506,0.968706,0.987895,1.99338,0.0936099,0.014831,-0.015979
1.75656e+09,0.00325158,0.968523,0.988184,1.99333,0.104062,0.014831,-0.015979
1.75656e+09,0.00344583,0.968329,0.98849,1.99329,0.104062,0.014831,-0.0127832
1.75656e+09,0.00340375,0.96816,0.988802,1.99324,0.104062,0.0077434,-0.0127832
1.75656e+09,0.00345,0.967992,0.989121,1.9932,0.104062,0.00646667,-0.0127832
1.75656e+09,0.00304618,0.967844,0.989402,1.99317,0.104062,0.00646667,-0.00958738
1.75656e+09,0.00388518,0.967628,0.989809,1.99312,0.118472,0.0077434,-0.0127832
1.75656e+09,0.00285627,0.967459,0.990131,1.99307,0.127114,0.0077434,-0.015979
1.75656e+09,0.00334933,0.967246,0.990502,1.99303,0.127114,0.0126595,-0.0127832
1.75656e+09,0.00316928,0.967047,0.990835,1.99298,0.12163,0.0143254,-0.015979
1.75656e+09,0.00367896,0.966821,0.991225,1.99292,0.12163,0.0126595,-0.015979
1.75656e+09,0.00313141,0.966615,0.991585,1.99288,0.131954,0.0126595,-0.0117179
1.75656e+09,0.0037005,0.966364,0.992031,1.99285,0.137664,0.0126595,-0.00852211
1.75656e+09,0.00308369,0.966156,0.992403,1.99285,0.137664,0.0119738,-0.00106526
1.75656e+09,0.00319069,0.965942,0.992788,1.99285,0.137664,0.011926,-0.00106526
1.75656e+09,0.00324438,0.965739,0.993145,1.99286,0.125991,0.0119738,0.00426106
1.75656e+09,0.00348848,0.965521,0.993529,1.99288,0.125991,0.011926,0.00426106
1.75656e+09,0.00314217,0.965325,0.993875,1.9929,0.125991,0.011926,0.00852211
1.75656e+09,0.00356554,0.965091,0.99429,1.99293,0.133087,0.011926,0.00852211
1.75656e+09,0.00336383,0.964834,0.994733,1.99296,0.151596,0.0158802,0.00852211
1.75656e+09,0.00325479,0.964583,0.995162,1.99302,0.151596,0.0162452,0.0181095
1.75656e+09,0.00328825,0.964322,0.995591,1.99308,0.151596,0.0190163,0.0181095
1.75656e+09,0.00354497,0.96404,0.996055,1.99315,0.151967,0.0190163,0.0191748
1.75656e+09,0.00329293,0.963771,0.99648,1.99321,0.15132,0.0213453,0.0181095
1.75656e+09,0.00398798,0.963419,0.996984,1.99328,0.15132,0.0287399,0.0181095
1.75656e+09,0.00276834,0.963173,0.997332,1.99333,0.15132,0.0296015,0.0181095
1.75656e+09,0.00310297,0.962899,0.997724,1.99339,0.15132,0.0287399,0.0181095
1.75656e+09,0.00315285,0.962634,0.998092,1.99344,0.140871,0.0287399,0.0181095
1.75656e+09,0.0034968,0.962439,0.99852,1.99351,0.134588,0.000538125,0.0181095
1.75656e+09,0.00319577,0.962261,0.998912,1.99356,0.134588,0.000538125,0.0181095
1.75656e+09,0.00346897,0.962082,0.999307,1.9936,0.1251,0.000538125,0.0117179
1.75656e+09,0.00332856,0.96191,0.999685,1.99364,0.124692,0.000538125,0.0117179
1.75656e+09,0.00336517,0.961744,1.00007,1.99368,0.124692,-0.00201659,0.0106526
1.75656e+09,0.00336977,0.961577,1.00046,1.99371,0.124692,-0.00201659,0.00958738
1.75656e+09,0.00342009,0.961409,1.00085,1.99365,0.124692,-0.00201659,-0.0181095
1.75656e+09,0.00309514,0.961256,1.0012,1.99359,0.124971,-0.00201659,-0.0181095
1.75656e+09,0.00424493,0.960985,1.00174,1.9935,0.141368,0.00636693,-0.0213053
1.75656e+09,0.00262373,0.960817,1.00207,1.99343,0.141368,0.00636693,-0.0298274
1.75656e+09,0.00320357,0.960567,1.00245,1.99333,0.141368,0.0219908,-0.0298274
1.75656e+09,0.00331016,0.960321,1.00283,1.99322,0.133636,0.0215701,-0.0340885
1.75656e+09,0.00326478,0.960079,1.00319,1.9931,0.132394,0.0215701,-0.036219
1.75656e+09,0.00360369,0.959808,1.00356,1.99296,0.124695,0.0266273,-0.0394148
1.75656e+09,0.00361403,0.959536,1.00393,1.9928,0.124238,0.0266273,-0.0426106
1.75656e+09,0.00303528,0.959308,1.00425,1.99267,0.124238,0.0266055,-0.0426106
1.75656e+09,0.00311128,0.959074,1.00456,1.99254,0.124238,0.0266055,-0.0426106
1.75656e+09,0.00335166,0.958862,1.00493,1.99246,0.124238,0.0135677,-0.0234358
1.75656e+09,0.00319441,0.958646,1.0053,1.99241,0.13536,0.0135677,-0.015979
1.75656e+09,0.00353808,0.958415,1.00575,1.99235,0.142309,0.00770035,-0.015979
1.75656e+09,0.00430593,0.958111,1.00629,1.99229,0.142309,0.0135677,-0.0138484
1.75656e+09,0.00243548,0.957952,1.00659,1.99227,0.142309,0.00770035,-0.00852211
1.75656e+09,0.00313631,0.957759,1.00697,1.99225,0.133425,0.00770035,-0.00852211
1.75656e+09,0.00321641,0.957571,1.00735,1.99222,0.133425,0.00398382,-0.00852211
1.75656e+09,0.00349753,0.957368,1.00777,1.99219,0.133425,0.00398382,-0.00958738
1.75656e+09,0.00322234,0.957174,1.00817,1.99211,0.137834,0.00398382,-0.0245011
1.75656e+09,0.00328989,0.956962,1.00858,1.99199,0.137834,0.00893068,-0.0351537
1.75656e+09,0.00392877,0.956651,1.00903,1.99175,0.137834,0.0248684,-0.0607201
1.75656e+09,0.00277878,0.956423,1.0093,1.99158,0.123688,0.0346308,-0.0628506
1.75656e+09,0.00328704,0.956148,1.00962,1.99136,0.122145,0.0371528,-0.0671116
1.75656e+09,0.0036265,0.955844,1.00997,1.99106,0.122145,0.0371528,-0.0820253
1.75656e+09,0.00306826,0.955587,1.01026,1.99075,0.121841,0.0371528,-0.100135
1.75656e+09,0.00327151,0.955304,1.01056,1.99043,0.118327,0.0418676,-0.100135
1.75656e+09,0.00352687,0.955009,1.01086,1.99007,0.110337,0.0424423,-0.100135
1.75656e+09,0.00343766,0.954739,1.0111,1.98972,0.0978592,0.0424423,-0.102265
1.75656e+09,0.00321382,0.954486,1.01134,1.9894,0.0978592,0.0424423,-0.100135
1.75656e+09,0.00358953,0.954208,1.01159,1.98904,0.0957625,0.0423143,-0.100135
1.75656e+09,0.0030666,0.954027,1.01182,1.98874,0.0920394,0.0237613,-0.0980043
1.75656e+09,0.00356335,0.953813,1.01209,1.98842,0.0942365,0.0237613,-0.0894822
1.75656e+09,0.00327834,0.953616,1.01233,1.98818,0.0921553,0.0249937,-0.0735032
1.75656e+09,0.00317797,0.953424,1.01257,1.98795,0.0921553,0.0249937,-0.0735032
1.75656e+09,0.00326078,0.953225,1.01282,1.98772,0.0942365,0.0249937,-0.0681769
1.75656e+09,0.00342953,0.952968,1.01317,1.98751,0.12478,0.0267632,-0.0617853
1.75656e+09,0.00330368,0.95272,1.01351,1.98737,0.12478,0.0267632,-0.0426106
1.75656e+09,0.00331649,0.952488,1.01386,1.98728,0.12478,0.0212668,-0.0287621
1.75656e+09,0.00357412,0.952244,1.01422,1.98719,0.120737,0.0212668,-0.0234358
1.75656e+09,0.002985,0.95205,1.01451,1.98719,0.112998,0.0212668,0
1.75656e+09,0.0033112,0.951846,1.01483,1.98722,0.112998,0.0174616,0.00745685
1.75656e+09,0.00338621,0.951637,1.01515,1.98725,0.112998,0.0174616,0.00852211
1.75656e+09,0.00352168,0.951399,1.01552,1.98729,0.121959,0.0197526,0.0138484
1.75656e+09,0.00331681,0.951139,1.01593,1.98737,0.146359,0.0211814,0.0223706
1.75656e+09,0.00336835,0.950874,1.01635,1.98745,0.146359,0.0211814,0.0234358
1.75656e+09,0.003168,0.950625,1.01675,1.98753,0.146359,0.0211814,0.0266316
1.75656e+09,0.00327682,0.950403,1.01708,1.98762,0.119626,0.0212616,0.0266316
1.75656e+09,0.00342505,0.950163,1.01742,1.98771,0.119626,0.0235683,0.0266316
1.75656e+09,0.003398,0.949914,1.01776,1.9878,0.119626,0.0272486,0.0266316
1.75656e+09,0.003438,0.949538,1.01828,1.98788,0.182514,0.038614,0.0245011
1.75656e+09,0.00353224,0.949152,1.01881,1.98797,0.182514,0.038614,0.0245011
1.75656e+09,0.00307483,0.948816,1.01928,1.98802,0.182514,0.038614,0.0149137
1.75656e+09,0.00318241,0.948552,1.01968,1.98803,0.149749,0.024347,0.00532632
1.75656e+09,0.00343927,0.948267,1.02012,1.98805,0.149749,0.024347,0.00532632
1.75656e+09,0.003332,0.947991,1.02054,1.98807,0.149749,0.024347,0.00532632
1.75656e+09,0.0032836,0.947699,1.02096,1.98809,0.152934,0.0293954,0.00532632
1.75656e+09,0.00355469,0.947383,1.02142,1.9881,0.152934,0.0293954,0.00426106
1.75656e+09,0.00319998,0.947099,1.02183,1.98812,0.152934,0.0293954,0.00426106
1.75656e+09,0.00320937,0.946814,1.02224,1.98814,0.152934,0.0293954,0.00639159
1.75656e+09,0.00346261,0.946506,1.02268,1.9882,0.152934,0.0293954,0.0170442
1.75656e+09,0.0033335,0.946224,1.02307,1.98827,0.142727,0.0293844,0.0213053
1.75656e+09,0.0032453,0.945953,1.02346,1.98834,0.142727,0.0280093,0.0234358
1.75656e+09,0.00346886,0.945676,1.02384,1.98849,0.133411,0.0280093,0.0415453
1.75656e+09,0.00313254,0.945446,1.0242,1.98866,0.133411,0.0212028,0.0553937
1.75656e+09,0.00329968,0.945214,1.02458,1.98884,0.133411,0.0177746,0.0553937
1.75656e+09,0.00354323,0.94497,1.02497,1.98904,0.129812,0.0174618,0.0553937
1.75656e+09,0.00318021,0.944783,1.02534,1.98922,0.129812,0.00665199,0.056459
1.75656e+09,0.00331878,0.944602,1.02573,1.98941,0.129812,0.00195199,0.056459
1.75656e+09,0.00359143,0.944415,1.02614,1.98962,0.124305,0.00195199,0.0585895
1.75656e+09,0.00309625,0.944253,1.02649,1.9898,0.123982,0.00195199,0.0585895
1.75656e+09,0.00331366,0.94408,1.02685,1.98999,0.122314,0.00254624,0.0585895
1.75656e+09,0.0035393,0.943871,1.02723,1.9902,0.122314,0.0101134,0.0585895
1.75656e+09,0.00310125,0.943685,1.02757,1.99038,0.122314,0.0112258,0.056459
1.75656e+09,0.00334241,0.943484,1.02792,1.99056,0.122314,0.0112258,0.056459
1.75656e+09,0.00337034,0.943278,1.02829,1.99077,0.124323,0.0114452,0.0607201
1.75656e+09,0.0033699,0.943067,1.02867,1.99099,0.128121,0.0114452,0.0649811
1.75656e+09,0.00322033,0.942874,1.02905,1.99121,0.132044,0.00654838,0.0681769
1.75656e+09,0.00345723,0.94268,1.02945,1.99144,0.128121,0.00436675,0.0681769
1.75656e+09,0.00335954,0.942496,1.02982,1.99167,0.124323,0.00436675,0.0671116
1.75656e+09,0.00320293,0.942329,1.03017,1.99188,0.120589,0.0030671,0.0671116
1.75656e+09,0.00330369,0.942166,1.03052,1.99209,0.116402,0.0021108,0.0617853
1.75656e+09,0.00356974,0.941997,1.03088,1.99231,0.110736,0.0021108,0.0617853
1.75656e+09,0.00311625,0.94187,1.0312,1.9925,0.110736,-0.00493486,0.0617853
1.75656e+09,0.0034347,0.941722,1.03157,1.99271,0.116402,-0.00493486,0.0617853
1.75656e+09,0.00326883,0.941607,1.03191,1.99291,0.109855,-0.0110081,0.0617853
1.75656e+09,0.0032924,0.9415,1.03226,1.99312,0.109855,-0.0134126,0.0617853
1.75656e+09,0.00360614,0.941371,1.03266,1.99334,0.117089,-0.0134126,0.0607201
1.75656e+09,0.00303493,0.941277,1.03301,1.99351,0.117089,-0.0188944,0.0585895
1.75656e+09,0.00340997,0.941182,1.03338,1.99372,0.109855,-0.0188944,0.0607201
1.75656e+09,0.00357027,0.941073,1.03379,1.99394,0.117089,-0.0191141,0.0607201
1.75656e+09,0.00317337,0.940974,1.03417,1.99413,0.121828,-0.0207357,0.0607201
1.75656e+09,0.00325397,0.940873,1.03456,1.99433,0.121828,-0.0207357,0.0617853
1.75656e+09,0.00337853,0.940781,1.03495,1.99456,0.115913,-0.0225913,0.0660464
1.75656e+09,0.003189,0.940699,1.03533,1.99479,0.119898,-0.0257866,0.0745685
1.75656e+09,0.00332199,0.940638,1.03572,1.99504,0.1161,-0.0321474,0.0745685
1.75656e+09,0.00340279,0.940575,1.03613,1.99531,0.115913,-0.0321474,0.0798948
1.75656e+09,0.00347113,0.940491,1.03653,1.99559,0.115913,-0.0257866,0.0798948
1.75656e+09,0.00335938,0.940389,1.03691,1.99589,0.115436,-0.0187676,0.0905475
1.75656e+09,0.00359148,0.940279,1.03732,1.99622,0.115436,-0.0187676,0.0905475
1.75656e+09,0.00302231,0.940187,1.03766,1.99651,0.115436,-0.0187676,0.0948085
1.75656e+09,0.00316009,0.940102,1.03803,1.99681,0.119,-0.0246092,0.0948085
1.75656e+09,0.00332132,0.940013,1.03843,1.99712,0.119,-0.0246092,0.0948085
1.75656e+09,0.00355495,0.939921,1.03886,1.99746,0.120544,-0.0263159,0.0948085
1.75656e+09,0.00348743,0.939845,1.03928,1.99779,0.119,-0.030087,0.0948085
1.75656e+09,0.00315937,0.939774,1.03966,1.99806,0.120544,-0.030087,0.0862864
1.75656e+09,0.0033442,0.939679,1.04006,1.99832,0.120449,-0.0238006,0.0788296
1.75656e+09,0.0031856,0.939604,1.04046,1.99857,0.123126,-0.030087,0.0756338
1.75656e+09,0.00331262,0.939507,1.04086,1.99882,0.123126,-0.0238006,0.0756338
1.75656e+09,0.00351656,0.939395,1.04131,1.99908,0.128664,-0.0238006,0.0756338
1.75656e+09,0.00331678,0.939286,1.04175,1.99929,0.133903,-0.0250846,0.0628506
1.75656e+09,0.00334506,0.939185,1.04221,1.99944,0.139465,-0.0303374,0.0447411
1.75656e+09,0.00340787,0.939081,1.04269,1.99959,0.139465,-0.0303374,0.0436758
1.75656e+09,0.00349875,0.938983,1.04318,1.99973,0.139465,-0.032988,0.04048
1.75656e+09,0.00320979,0.938893,1.04363,1.99986,0.139465,-0.032988,0.0394148
1.75656e+09,0.00303809,0.93881,1.04406,1.99994,0.139465,-0.0335838,0.0276969
1.75656e+09,0.00335129,0.938752,1.04456,2.00002,0.141508,-0.0458677,0.0223706
1.75656e+09,0.00347839,0.938693,1.04507,2.00009,0.141508,-0.0458677,0.0213053
1.75656e+09,0.00322507,0.938628,1.04554,2.00015,0.141508,-0.042674,0.0181095
1.75656e+09,0.00332166,0.938593,1.04598,2.00017,0.125366,-0.0458677,0.00639159
1.75656e+09,0.00333961,0.938552,1.04642,2.00019,0.122569,-0.042674,0.00639159
1.75656e+09,0.0033129,0.938501,1.04684,2.0002,0.122548,-0.0391965,0.00319579
1.75656e+09,0.00334305,0.938425,1.04725,2.00018,0.122569,-0.0309674,-0.00639159
1.75656e+09,0.00353753,0.938331,1.04769,2.00015,0.122569,-0.0271535,-0.00958738
1.75656e+09,0.00324998,0.938246,1.04809,2.0001,0.122569,-0.0271535,-0.0138484
1.75656e+09,0.00321148,0.938161,1.04848,2.00006,0.122548,-0.0270205,-0.0138484
1.75656e+09,0.00359072,0.938037,1.04893,1.99998,0.128387,-0.0208983,-0.0223706
1.75656e+09,0.00309165,0.937942,1.04929,1.99991,0.119469,-0.0208221,-0.0223706
1.75656e+09,0.00371741,0.937828,1.04973,1.99981,0.119469,-0.0208221,-0.0255663
1.75656e+09,0.0033612,0.937736,1.05007,1.99971,0.103564,-0.0173363,-0.0319579
1.75656e+09,0.00296777,0.937635,1.05041,1.99961,0.119469,-0.0173363,-0.0319579
1.75656e+09,0.00339755,0.937531,1.05081,1.9995,0.119469,-0.0208221,-0.0319579
1.75656e+09,0.00315078,0.937422,1.05118,1.9994,0.121219,-0.0173363,-0.0319579
1.75656e+09,0.00350898,0.937316,1.05162,1.99929,0.124919,-0.0238787,-0.0319579
1.75656e+09,0.00367063,0.937202,1.05208,1.99914,0.127035,-0.0238787,-0.0394148
1.75656e+09,0.00307539,0.937092,1.05247,1.99902,0.130416,-0.020294,-0.0394148
1.75656e+09,0.00334297,0.936947,1.05288,1.99889,0.130416,-0.0117602,-0.0394148
1.75656e+09,0.00309719,0.936806,1.05325,1.99881,0.12828,-0.00845072,-0.0266316
1.75656e+09,0.00343404,0.936646,1.05367,1.99872,0.130416,-0.00845072,-0.0266316
1.75656e+09,0.0033156,0.936482,1.0541,1.99863,0.137853,-0.00845072,-0.0266316
1.75656e+09,0.00332655,0.936318,1.05455,1.99855,0.143058,-0.0111278,-0.0234358
1.75656e+09,0.00324376,0.936158,1.05499,1.99846,0.143058,-0.0111278,-0.0287621
1.75656e+09,0.00345549,0.935986,1.05546,1.99836,0.144442,-0.0111278,-0.0287621
1.75656e+09,0.00324007,0.935825,1.0559,1.99826,0.144442,-0.0110671,-0.0298274
1.75656e+09,0.00349707,0.935629,1.05636,1.99817,0.144442,-0.00420956,-0.0266316
1.75656e+09,0.00314815,0.935451,1.05678,1.99807,0.144442,-0.0035518,-0.0298274
1.75656e+09,0.00333474,0.935254,1.05722,1.99798,0.144442,-0.00098951,-0.0276969
1.75656e+09,0.00335272,0.935026,1.05768,1.99789,0.151419,0.00569333,-0.0276969
1.75656e+09,0.00345772,0.934802,1.05812,1.99781,0.144217,0.00569333,-0.0223706
1.75656e+09,0.00324937,0.934592,1.05854,1.99775,0.143142,0.00569333,-0.0181095
1.75656e+09,0.00331074,0.934374,1.05896,1.99773,0.143142,0.00735067,-0.00852211
1.75656e+09,0.00342146,0.934137,1.05942,1.9977,0.151419,0.00735067,-0.00852211
1.75656e+09,0.00341823,0.933921,1.05987,1.99767,0.145728,0.00318168,-0.00852211
1.75656e+09,0.0033966,0.933693,1.06031,1.99764,0.145728,0.00735067,-0.00852211
1.75656e+09,0.00327654,0.933465,1.06073,1.9976,0.145728,0.0100155,-0.0127832
1.75656e+09,0.0030982,0.933267,1.06109,1.99754,0.132949,0.0100155,-0.0191748
1.75656e+09,0.00337434,0.933072,1.06144,1.99747,0.11869,0.00932971,-0.0191748
1.75656e+09,0.00327582,0.932874,1.06178,1.99741,0.118195,0.0126118,-0.0191748
1.75656e+09,0.00339446,0.932674,1.06212,1.99734,0.115106,0.0126118,-0.0191748
1.75656e+09,0.00374987,0.932403,1.06247,1.99727,0.115106,0.0269095,-0.0191748
1.75656e+09,0.00291966,0.932193,1.06274,1.99722,0.115106,0.0269095,-0.0191748
1.75656e+09,0.00336903,0.931925,1.06311,1.99718,0.132735,0.0269538,-0.0106526
1.75656e+09,0.00332646,0.931661,1.06348,1.99715,0.132735,0.0269538,-0.00958738
1.75656e+09,0.00336676,0.931393,1.06384,1.99713,0.132735,0.0269095,-0.00639159
1.75656e+09,0.0034192,0.931135,1.0642,1.99712,0.125542,0.0261025,-0.00213053
1.75656e+09,0.00354968,0.930916,1.06457,1.99716,0.11961,0.0134424,0.0117179
1.75656e+09,0.00309239,0.930725,1.06489,1.9972,0.11961,0.0134424,0.0127832
1.75656e+09,0.00328746,0.930522,1.06522,1.99726,0.11961,0.0134424,0.0181095
1.75656e+09,0.00329277,0.930296,1.06557,1.99735,0.122487,0.0197584,0.0266316
1.75656e+09,0.00355341,0.930039,1.06596,1.99745,0.130948,0.0197584,0.0276969
1.75656e+09,0.00318287,0.929804,1.06633,1.99754,0.135029,0.0197584,0.0298274
1.75656e+09,0.00363725,0.929544,1.06675,1.99767,0.135029,0.0173033,0.036219
1.75656e+09,0.00286234,0.929339,1.06708,1.9978,0.135029,0.0173033,0.0447411
1.75656e+09,0.00334673,0.929112,1.06744,1.99795,0.126646,0.0167268,0.0447411
1.75656e+09,0.00368547,0.92888,1.0678,1.99808,0.115219,0.0167268,0.036219
1.75656e+09,0.00308587,0.928687,1.0681,1.9982,0.115219,0.0161533,0.0372843
1.75656e+09,0.00346991,0.928523,1.06847,1.99832,0.115219,-0.000533629,0.0340885
1.75656e+09,0.00352385,0.928341,1.06887,1.99843,0.125854,-0.000533629,0.0330232
1.75656e+09,0.00310252,0.92817,1.06925,1.99854,0.134442,-0.000533629,0.0330232
1.75656e+09,0.0031178,0.927969,1.06966,1.99863,0.146025,0.00412065,0.0287621
1.75656e+09,0.00349291,0.927722,1.07013,1.99869,0.151917,0.00849872,0.0191748
1.75656e+09,0.00332758,0.927476,1.07059,1.99875,0.15566,0.0103159,0.015979
1.75656e+09,0.00438738,0.927145,1.07121,1.99879,0.159288,0.0103159,0.0106526
1.75656e+09,0.00231921,0.926947,1.07157,1.99879,0.178319,0.0122395,-0.00213053
1.75656e+09,0.00320559,0.926661,1.0721,1.99878,0.188656,0.0122395,-0.00319579
1.75656e+09,0.00331757,0.92635,1.07265,1.99876,0.188656,0.0168258,-0.00532632
1.75656e+09,0.00331282,0.926032,1.07319,1.99872,0.188656,0.0194765,-0.0106526
1.75656e+09,0.00328906,0.92575,1.07368,1.99869,0.169445,0.0168258,-0.0117179
1.75656e+09,0.00384263,0.92544,1.07421,1.99864,0.158682,0.0165126,-0.0127832
1.75656e+09,0.004163,0.92511,1.07476,1.99857,0.154321,0.0165126,-0.015979
1.75656e+09,0.00210991,0.924952,1.07503,1.99853,0.145278,0.0165126,-0.02024
1.75656e+09,0.00330126,0.924706,1.07544,1.99845,0.145278,0.0154456,-0.0223706
1.75656e+09,0.00353281,0.924445,1.07589,1.99837,0.145278,0.0151378,-0.0223706
1.75656e+09,0.00307849,0.924221,1.07628,1.99831,0.146737,0.0129434,-0.02024
1.75656e+09,0.00354159,0.923955,1.07677,1.99828,0.156467,0.0112518,-0.00852211
1.75656e+09,0.00390774,0.923663,1.07732,1.99826,0.158993,0.00974308,-0.00639159
1.75656e+09,0.00274129,0.923463,1.07771,1.99825,0.158993,0.00767665,-0.00426106
1.75656e+09,0.00357299,0.923204,1.07821,1.99823,0.158993,0.00711638,-0.00426106
1.75656e+09,0.00291909,0.923005,1.07862,1.99822,0.154414,0.00467062,-0.00426106
1.75656e+09,0.00340431,0.922773,1.07909,1.99823,0.154414,0.00467062,0.00319579
1.75656e+09,0.00324257,0.922577,1.07955,1.99824,0.153702,-0.00374464,0.00426106
1.75656e+09,0.00341728,0.922384,1.08003,1.99828,0.152061,-0.00722122,0.0106526
1.75656e+09,0.0034392,0.92219,1.08052,1.99834,0.152061,-0.00722122,0.0181095
1.75656e+09,0.0033291,0.921991,1.08098,1.99841,0.152061,-0.00374464,0.02024
1.75656e+09,0.00346624,0.921805,1.08147,1.99848,0.151456,-0.00980163,0.02024
1.75656e+09,0.00305296,0.921643,1.0819,1.99854,0.148965,-0.00980163,0.02024
1.75656e+09,0.00347833,0.921472,1.08238,1.99862,0.146958,-0.0128776,0.0234358
1.75656e+09,0.00344097,0.921309,1.08287,1.99871,0.146958,-0.0150408,0.0255663
1.75656e+09,0.00311501,0.921162,1.0833,1.99881,0.146958,-0.0150408,0.0330232
1.75656e+09,0.00337425,0.920996,1.08377,1.99892,0.146408,-0.0128776,0.0330232
1.75656e+09,0.00329296,0.92084,1.08419,1.99901,0.134774,-0.00927999,0.0255663
1.75656e+09,0.00324983,0.920688,1.08459,1.99909,0.132918,-0.00927999,0.0255663
1.75656e+09,0.00344627,0.920536,1.085,1.99919,0.126837,-0.00927999,0.0276969
1.75656e+09,0.00337026,0.920427,1.08542,1.99927,0.125229,-0.0218646,0.0255663
1.75656e+09,0.00321189,0.920326,1.08581,1.99936,0.12357,-0.0218646,0.0255663
1.75656e+09,0.00335377,0.920244,1.08616,1.99943,0.106635,-0.0218646,0.0223706
1.75656e+09,0.00354577,0.920104,1.08651,1.99951,0.106635,-0.00517603,0.0223706
1.75656e+09,0.00324436,0.919963,1.08683,1.99957,0.106635,-0.00097801,0.0191748
1.75656e+09,0.0042876,0.91971,1.08733,1.99965,0.131123,0.00501469,0.0170442
1.75656e+09,0.00273955,0.919542,1.08766,1.99969,0.132789,0.00641876,0.0170442
1.75656e+09,0.00283289,0.919369,1.08799,1.99974,0.132789,0.00641876,0.0170442
1.75656e+09,0.0032917,0.919175,1.08838,1.9998,0.131123,0.00501469,0.0170442
1.75656e+09,0.00348756,0.918972,1.08878,1.99982,0.128665,0.00501469,0.00745685
1.75656e+09,0.00313308,0.918802,1.08914,1.99988,0.128665,0.00105057,0.0191748
1.75656e+09,0.00369745,0.918603,1.08957,1.99995,0.128665,0.000194235,0.0191748
1.75656e+09,0.0034809,0.918396,1.09003,2.00002,0.14357,-0.000370175,0.0191748
1.75656e+09,0.00311005,0.918212,1.09044,2.00008,0.14357,-0.000370175,0.02024
1.75656e+09,0.00315078,0.918024,1.09085,2.00015,0.14357,-0.000370175,0.0213053
1.75656e+09,0.00351813,0.917858,1.09127,2.00023,0.128837,-0.00688398,0.0223706
1.75656e+09,0.0033756,0.917701,1.09168,2.0003,0.128837,-0.00799716,0.0223706
1.75656e+09,0.00312408,0.917556,1.09205,2.00037,0.128718,-0.00799716,0.0223706
1.75656e+09,0.00327897,0.917405,1.09245,2.00046,0.128837,-0.00813434,0.0255663
1.75656e+09,0.00358619,0.917248,1.09288,2.00054,0.128837,-0.0108937,0.0223706
1.75656e+09,0.00319033,0.917108,1.09327,2.00062,0.128718,-0.0108937,0.0255663
1.75656e+09,0.00346677,0.916963,1.09368,2.00068,0.124256,-0.0108937,0.0181095
1.75656e+09,0.00311349,0.916833,1.09404,2.00074,0.124256,-0.0108937,0.0181095
1.75656e+09,0.00341249,0.916659,1.09443,2.00078,0.124256,-0.000920621,0.0127832
1.75656e+09,0.00335497,0.916455,1.0948,2.00082,0.124959,0.00950445,0.0117179
1.75656e+09,0.00321469,0.916258,1.09515,2.00085,0.124959,0.0102747,0.00958738
1.75656e+09,0.00373602,0.916026,1.09556,2.00089,0.126086,0.0102747,0.00958738
1.75656e+09,0.0031415,0.915835,1.09591,2.00092,0.124959,0.00950445,0.0106526
1.75656e+09,0.00305724,0.915655,1.09624,2.00095,0.124959,0.00775683,0.0106526
1.75656e+09,0.00337514,0.915466,1.09661,2.00099,0.120675,0.00611384,0.0106526
1.75656e+09,0.00345748,0.915273,1.09698,2.00103,0.120675,0.00611384,0.0106526
1.75656e+09,0.00340994,0.915082,1.09734,2.00109,0.120675,0.00611384,0.0170442
1.75656e+09,0.00316681,0.914905,1.09768,2.00115,0.120675,0.00611384,0.02024
1.75656e+09,0.00335908,0.914717,1.09804,2.00122,0.120675,0.00611384,0.0213053
1.75656e+09,0.0034408,0.914528,1.09842,2.00132,0.121996,0.00441308,0.0298274
1.75656e+09,0.00336631,0.914344,1.09878,2.00144,0.121996,0.00441308,0.0330232
1.75656e+09,0.00360794,0.914154,1.09916,2.00158,0.116359,0.00441308,0.0415453
1.75656e+09,0.00305495,0.913994,1.09948,2.00172,0.116359,0.00419153,0.0436758
1.75656e+09,0.00325665,0.91383,1.09979,2.0019,0.10803,0.00559788,0.0543285
1.75656e+09,0.0034606,0.913644,1.10011,2.00213,0.10803,0.00943728,0.0681769
1.75656e+09,0.00314403,0.913485,1.10041,2.00237,0.10803,0.00621447,0.076699
1.75656e+09,0.00341002,0.913312,1.10074,2.00265,0.108716,0.00559788,0.0820253
1.75656e+09,0.00329728,0.913144,1.10106,2.00297,0.108716,0.00621447,0.0958738
1.75656e+09,0.00328521,0.912975,1.10138,2.00329,0.108716,0.00621447,0.096939
1.75656e+09,0.00333021,0.912819,1.10168,2.00362,0.10201,0.00451129,0.0990696
1.75656e+09,0.00349481,0.912665,1.10199,2.004,0.100661,0.00215208,0.110787
1.75656e+09,0.003583,0.912529,1.10233,2.00441,0.100661,-0.00471443,0.113983
1.75656e+09,0.0031191,0.91241,1.10262,2.00478,0.100661,-0.00471443,0.118244
1.75656e+09,0.00341355,0.912289,1.10292,2.00519,0.0948805,-0.00471443,0.120375
1.75656e+09,0.00307028,0.912184,1.10318,2.00556,0.0909859,-0.00471443,0.120375
1.75656e+09,0.00333163,0.912068,1.10346,2.00597,0.0897533,-0.00323961,0.12144
1.75656e+09,0.003506,0.911943,1.10374,2.00639,0.0897533,-0.00235147,0.12144
1.75656e+09,0.00302374,0.911835,1.10399,2.00676,0.0897533,-0.00235147,0.12144
1.75656e+09,0.00347205,0.911673,1.1043,2.00719,0.100671,0.00468792,0.124636
1.75656e+09,0.00357891,0.911503,1.10462,2.00764,0.101056,0.00524465,0.124636
1.75656e+09,0.00310396,0.911355,1.1049,2.00804,0.101056,0.00524465,0.129962
1.75656e+09,0.00344076,0.911192,1.10521,2.0085,0.101056,0.00524465,0.133158
1.75656e+09,0.00319227,0.911099,1.10546,2.00893,0.0845496,-0.00748651,0.135289
1.75656e+09,0.0032726,0.911006,1.10572,2.00938,0.0845496,-0.00839408,0.136354
1.75656e+09,0.00349932,0.910907,1.106,2.00991,0.0845496,-0.00839408,0.152333
1.75656e+09,0.00325702,0.910815,1.10627,2.01041,0.0845496,-0.00839408,0.154463
1.75656e+09,0.00336794,0.910715,1.10653,2.01097,0.0845496,-0.00679734,0.166181
1.75656e+09,0.00320159,0.910638,1.10675,2.01152,0.0704594,-0.00679734,0.170442
1.75656e+09,0.00344848,0.91056,1.10697,2.01212,0.067632,-0.00679734,0.174703
1.75656e+09,0.00624845,0.910437,1.10738,2.01322,0.067632,-0.0101996,0.175769
1.75656e+09,0.000272255,0.910432,1.10739,2.01327,0.067632,-0.0112405,0.187487
1.75656e+09,0.00382931,0.910363,1.10765,2.01403,0.067632,-0.0121131,0.198139
1.75656e+09,0.0029008,0.910309,1.10784,2.0146,0.0687113,-0.0121131,0.198139
1.75656e+09,0.00332728,0.910256,1.10807,2.01533,0.0687113,-0.01504,0.218379
1.75656e+09,0.00345565,0.910218,1.10832,2.01609,0.0687113,-0.0204535,0.219444
1.75656e+09,0.00311828,0.910191,1.10852,2.01677,0.0626148,-0.0204535,0.219444
1.75656e+09,0.0034616,0.910169,1.10873,2.01754,0.0580205,-0.0204535,0.22264
1.75656e+09,0.00320219,0.910144,1.10893,2.01826,0.0580205,-0.0192181,0.22264
1.75656e+09,0.00328368,0.910091,1.10911,2.01899,0.0580205,-0.00995998,0.22264
1.75656e+09,0.00334016,0.910024,1.1093,2.01974,0.0595612,-0.00655063,0.223706
1.75656e+09,0.00344305,0.909966,1.1095,2.02052,0.0597147,-0.00995998,0.226901
1.75656e+09,0.00326423,0.909911,1.10969,2.02126,0.0597147,-0.00995998,0.226901
1.75656e+09,0.00332538,0.909855,1.10988,2.02202,0.0597147,-0.0104683,0.227967
1.75656e+09,0.00341032,0.909804,1.11009,2.0228,0.0597147,-0.0122143,0.231162
1.75656e+09,0.00322036,0.909775,1.11029,2.02358,0.0597147,-0.0189337,0.241815
1.75656e+09,0.0033549,0.909745,1.11051,2.0244,0.0635992,-0.0210044,0.245011
1.75656e+09,0.00329268,0.909716,1.11073,2.02521,0.0635992,-0.0211023,0.246076
1.75656e+09,0.00347099,0.909684,1.11096,2.02607,0.0635992,-0.0210044,0.246076
1.75656e+09,0.00320058,0.909675,1.11113,2.02688,0.0500106,-0.0211086,0.252468
1.75656e+09,0.00346228,0.909664,1.11132,2.02777,0.0500106,-0.0211384,0.256729
1.75656e+09,0.00321907,0.909654,1.11149,2.02861,0.0500106,-0.0211384,0.262055
1.75656e+09,0.00340442,0.909667,1.11172,2.02955,0.0583639,-0.0329929,0.275903
1.75656e+09,0.00347251,0.90968,1.11195,2.03053,0.0583639,-0.0329929,0.282295
1.75656e+09,0.00349674,0.909693,1.11219,2.03153,0.0583639,-0.0329929,0.285491
1.75656e+09,0.00310183,0.909714,1.11236,2.03243,0.0468269,-0.0307652,0.291882
1.75656e+09,0.00327673,0.909736,1.11254,2.03342,0.0468269,-0.0307652,0.30147
1.75656e+09,0.00323407,0.909757,1.11272,2.03443,0.0468269,-0.0307652,0.313188
1.75656e+09,0.00336384,0.909807,1.11294,2.03551,0.0518829,-0.0425469,0.319579
1.75656e+09,0.00335045,0.909856,1.11318,2.03662,0.0561107,-0.0444144,0.331297
1.75656e+09,0.00334522,0.909904,1.11341,2.03775,0.0561107,-0.0444144,0.338754
1.75656e+09,0.00347943,0.90995,1.11365,2.03899,0.0561107,-0.0430882,0.356864
1.75656e+09,0.00350023,0.910014,1.11386,2.04025,0.0450868,-0.0430882,0.360059
1.75656e+09,0.00300195,0.910071,1.11404,2.04133,0.0450868,-0.0444144,0.360059
1.75656e+09,0.00342569,0.910145,1.11424,2.04259,0.0420458,-0.0454312,0.365386
1.75656e+09,0.00340754,0.910234,1.11445,2.04384,0.04322,-0.0514503,0.368581
1.75656e+09,0.00314603,0.910316,1.11465,2.045,0.04322,-0.0514503,0.368581
1.75656e+09,0.00331161,0.910409,1.11484,2.04622,0.0390481,-0.0514503,0.368581
1.75656e+09,0.00346634,0.91049,1.11503,2.04747,0.0390481,-0.0466793,0.361125
1.75656e+09,0.00318774,0.910553,1.11522,2.04863,0.04322,-0.0445609,0.361125
1.75656e+09,0.00344006,0.910591,1.11546,2.04987,0.0571939,-0.042036,0.361125
1.75656e+09,0.00335031,0.910621,1.11569,2.05108,0.0571939,-0.0396378,0.361125
1.75656e+09,0.00336831,0.910656,1.11593,2.05227,0.0571939,-0.041663,0.354733
1.75656e+09,0.00322086,0.910718,1.11609,2.05339,0.0343184,-0.0396378,0.347276
1.75656e+09,0.00363158,0.910791,1.11627,2.05465,0.0343184,-0.0404352,0.347276
1.75656e+09,0.00311981,0.91085,1.11642,2.05574,0.0343184,-0.0396378,0.347276
1.75656e+09,0.00344679,0.910883,1.1166,2.05693,0.0417924,-0.0327321,0.347276
1.75656e+09,0.00342912,0.910796,1.117,2.05809,0.114957,-0.0321255,0.337689
1.75656e+09,0.00316119,0.910713,1.11737,2.05915,0.114957,-0.0311482,0.334493
1.75656e+09,0.00332598,0.910625,1.11775,2.06026,0.114957,-0.0311482,0.333428
1.75656e+09,0.00330206,0.910567,1.11807,2.06136,0.0946638,-0.0303302,0.334493
1.75656e+09,0.00337866,0.910503,1.1184,2.06249,0.0946638,-0.0291072,0.334493
1.75656e+09,0.00328059,0.91044,1.11872,2.06363,0.0946638,-0.0289642,0.346211
1.75656e+09,0.00332352,0.91033,1.11912,2.06478,0.120555,-0.0271022,0.346211
1.75656e+09,0.00355576,0.910205,1.11954,2.06604,0.120555,-0.024999,0.353668
1.75656e+09,0.00314947,0.910083,1.1199,2.06716,0.120555,-0.0211536,0.357929
1.75656e+09,0.00335395,0.909971,1.12021,2.06837,0.0975114,-0.0148081,0.358994
1.75656e+09,0.00330747,0.909865,1.12051,2.06959,0.0942657,-0.0147328,0.369647
1.75656e+09,0.00327494,0.909759,1.12081,2.07085,0.0942657,-0.0146103,0.383495
1.75656e+09,0.00330889,0.909653,1.12106,2.07211,0.0817363,-0.0080876,0.383495
1.75656e+09,0.00369493,0.909542,1.12131,2.07356,0.0753488,-0.00724328,0.390952
1.75656e+09,0.00304989,0.909451,1.12152,2.07475,0.0753488,-0.00724328,0.390952
1.75656e+09,0.00329035,0.909364,1.12173,2.07605,0.067834,-0.00724328,0.395213
1.75656e+09,0.00340834,0.909274,1.12195,2.0774,0.067834,-0.00724328,0.395213
1.75656e+09,0.00325448,0.909203,1.12216,2.07869,0.067834,-0.0127821,0.398409
1.75656e+09,0.00338774,0.909093,1.12245,2.08004,0.0898534,-0.0127821,0.398409
1.75656e+09,0.00400062,0.908941,1.12277,2.08166,0.0898534,-0.00674299,0.403735
1.75656e+09,0.00255923,0.908846,1.12298,2.0827,0.0898534,-0.00753254,0.4048
1.75656e+09,0.0034691,0.908748,1.1232,2.0841,0.0689418,-0.00636029,0.405866
1.75656e+09,0.0031641,0.908651,1.1234,2.0854,0.0689418,-0.00378562,0.409061
1.75656e+09,0.00346317,0.908536,1.12361,2.08684,0.0689418,-0.000723662,0.415453
1.75656e+09,0.00330689,0.908368,1.12391,2.08822,0.103971,-0.000723662,0.418649
1.75656e+09,0.00371531,0.908177,1.12424,2.08978,0.103971,-0.000136171,0.419714
1.75656e+09,0.00289739,0.908027,1.1245,2.09102,0.103971,0.000508047,0.428236
1.75656e+09,0.0033883,0.907879,1.12476,2.09248,0.0868433,0.000508047,0.429302
1.75656e+09,0.00330328,0.907753,1.12502,2.09392,0.0868433,-0.00602754,0.436758
1.75656e+09,0.0033899,0.907613,1.12528,2.09541,0.0868433,-0.00226978,0.439954
1.75656e+09,0.00333529,0.907454,1.12559,2.09688,0.105402,-0.00602754,0.442085
1.75656e+09,0.00338854,0.907293,1.12591,2.09841,0.105402,-0.00602754,0.450607
1.75656e+09,0.00329274,0.907141,1.12622,2.09995,0.105402,-0.00826673,0.467651
1.75656e+09,0.0033863,0.907026,1.12646,2.10156,0.0762794,-0.00507859,0.474043
1.75656e+09,0.00320904,0.906916,1.12667,2.10309,0.0762794,-0.00507859,0.478304
1.75656e+09,0.00337418,0.9068,1.1269,2.10471,0.0762794,-0.00507859,0.480434
1.75656e+09,0.00329876,0.906605,1.12723,2.10631,0.115718,0.00013581,0.484695
1.75656e+09,0.00328638,0.906393,1.12755,2.10795,0.115718,0.00645532,0.498544
1.75656e+09,0.00350142,0.906166,1.12789,2.1097,0.115718,0.00645532,0.500674
1.75656e+09,0.00331241,0.905982,1.12813,2.11138,0.092466,0.00952812,0.506001
1.75656e+09,0.0033216,0.905797,1.12838,2.11307,0.092466,0.00952812,0.510262
1.75656e+09,0.00320357,0.905618,1.12862,2.11473,0.092466,0.00952812,0.516653
1.75656e+09,0.00338084,0.9054,1.12897,2.11647,0.123347,0.000785685,0.513457
1.75656e+09,0.00335004,0.905183,1.12933,2.11819,0.123347,0.000785685,0.513457
1.75656e+09,0.00343367,0.90496,1.12969,2.11995,0.123347,0.000785685,0.513457
1.75656e+09,0.00324289,0.904748,1.12993,2.12159,0.0991743,0.0162289,0.507066
1.75656e+09,0.00327386,0.904538,1.13017,2.12325,0.0960971,0.0162289,0.507066
1.75656e+09,0.00335169,0.904322,1.13042,2.12495,0.0960971,0.0162289,0.507066
1.75656e+09,0.00340138,0.904121,1.13068,2.12668,0.0960971,0.00997547,0.507066
1.75656e+09,0.00321607,0.903939,1.13093,2.12831,0.0961766,0.00692917,0.507066
1.75656e+09,0.00349659,0.903722,1.13129,2.13004,0.120658,-0.00184057,0.495348
1.75656e+09,0.00326775,0.903486,1.13162,2.13166,0.124633,0.00692917,0.495348
1.75656e+09,0.00336098,0.903235,1.13198,2.13332,0.129447,0.00692917,0.495348
1.75656e+09,0.00317662,0.902971,1.13232,2.13503,0.133688,0.0138933,0.535828
1.75656e+09,0.00344786,0.902684,1.13268,2.13694,0.133662,0.0140565,0.555003
1.75656e+09,0.00348789,0.902365,1.13303,2.13888,0.133662,0.0232895,0.556068
1.75656e+09,0.00308234,0.902083,1.13334,2.14061,0.133662,0.0232895,0.561394
1.75656e+09,0.0033243,0.901785,1.13367,2.14255,0.133662,0.0209286,0.583765
1.75656e+09,0.00337948,0.901469,1.13401,2.14462,0.133662,0.0250241,0.613592
1.75656e+09,0.00331131,0.901146,1.13434,2.14678,0.136515,0.0281306,0.651942
1.75656e+09,0.00355694,0.900636,1.13494,2.14914,0.219699,0.0281306,0.66366
1.75656e+09,0.00321799,0.900072,1.13558,2.1513,0.263591,0.0371547,0.670051
1.75656e+09,0.00324832,0.8995,1.13623,2.15349,0.263591,0.0377958,0.674312
1.75656e+09,0.00343697,0.898893,1.13692,2.15593,0.263591,0.0377958,0.711597
1.75656e+09,0.00317896,0.898431,1.1374,2.1582,0.207283,0.0371547,0.711597
1.75656e+09,0.00353203,0.897942,1.13786,2.16071,0.185735,0.0426694,0.711597
1.75656e+09,0.0031991,0.897537,1.13831,2.16296,0.185735,0.0278514,0.702009
1.75656e+09,0.00336977,0.897138,1.13879,2.16532,0.185735,0.01767,0.700944
1.75656e+09,0.00347111,0.896673,1.13937,2.16775,0.213359,0.01767,0.699879
1.75656e+09,0.00328041,0.896234,1.13992,2.16998,0.213359,0.016631,0.679639
1.75656e+09,0.00334518,0.895787,1.14048,2.17214,0.213359,0.0160408,0.647681
1.75656e+09,0.00658147,0.895065,1.14163,2.1764,0.205832,-0.00813781,0.646615
1.75656e+09,0.000110165,0.895056,1.14164,2.17647,0.170487,-0.020311,0.646615
1.75656e+09,0.00325367,0.894767,1.14212,2.17857,0.170487,-0.0098011,0.646615
1.75656e+09,0.00330871,0.894471,1.1426,2.18069,0.170487,-0.0098011,0.640224
1.75656e+09,0.00335571,0.894136,1.14314,2.18283,0.188409,-0.0098011,0.638093
1.75656e+09,0.00323266,0.893805,1.14365,2.18489,0.188409,-0.00707539,0.635963
1.75656e+09,0.00325246,0.893471,1.14416,2.18694,0.188409,-0.00707539,0.630636
1.75656e+09,0.00340652,0.893187,1.14461,2.18909,0.154117,-0.00707539,0.630636
1.75656e+09,0.00338196,0.892904,1.14504,2.19122,0.154117,-0.00707539,0.630636
1.75656e+09,0.00507469,0.892479,1.1457,2.1945,0.154117,-0.00707539,0.646615
1.75656e+09,0.00160552,0.892281,1.14594,2.19556,0.194761,0.011721,0.655138
1.75656e+09,0.00374093,0.891604,1.14665,2.19805,0.258489,0.0365961,0.66579
1.75656e+09,0.00317592,0.890994,1.14727,2.20016,0.271017,0.0406987,0.66579
1.75656e+09,0.00322173,0.890328,1.14796,2.20234,0.295211,0.040805,0.675378
1.75656e+09,0.00315708,0.889671,1.14864,2.20451,0.296882,0.040805,0.689226
1.75656e+09,0.003362,0.888922,1.14943,2.20688,0.320506,0.040805,0.70414
1.75656e+09,0.00336092,0.888242,1.15027,2.20928,0.322444,0.013382,0.713727
1.75656e+09,0.00335249,0.887569,1.15112,2.21175,0.322444,0.0109174,0.737163
1.75656e+09,0.00337472,0.886889,1.15199,2.21432,0.326487,0.0075793,0.760599
1.75656e+09,0.00339892,0.886203,1.15286,2.21691,0.326487,0.0075793,0.761664
1.75656e+09,0.00324171,0.885554,1.1537,2.21939,0.327575,0.00386767,0.768056
1.75656e+09,0.00338177,0.884778,1.1547,2.22212,0.374354,0.00386767,0.806405
1.75656e+09,0.00334184,0.884008,1.15571,2.2249,0.380976,-0.00061405,0.829841
1.75656e+09,0.00331636,0.88326,1.15673,2.22765,0.380976,-0.00775049,0.829841
1.75656e+09,0.00334584,0.882532,1.15778,2.23043,0.380976,-0.018947,0.830906
1.75656e+09,0.0033287,0.88187,1.15876,2.23319,0.353778,-0.0228052,0.830906
1.75656e+09,0.00335583,0.881431,1.15983,2.23611,0.331595,-0.0926541,0.86819
1.75656e+09,0.00339243,0.881059,1.16097,2.23905,0.331595,-0.121078,0.86819
1.75656e+09,0.00322065,0.880704,1.16205,2.24185,0.331595,-0.121078,0.86819
1.75656e+09,0.00342992,0.880352,1.16322,2.24474,0.331595,-0.132126,0.843689
1.75656e+09,0.00318918,0.880041,1.16432,2.24734,0.331595,-0.140355,0.814927
1.75656e+09,0.00358841,0.879817,1.16541,2.25022,0.274744,-0.140355,0.803209
1.75656e+09,0.00318945,0.879523,1.1663,2.25277,0.274744,-0.103628,0.798948
1.75656e+09,0.00333186,0.879123,1.16715,2.25543,0.274744,-0.0684457,0.798948
1.75656e+09,0.00327027,0.87843,1.16797,2.25755,0.3284,0.005621,0.647681
1.75656e+09,0.00323236,0.877663,1.16876,2.2595,0.339948,0.0282781,0.604005
1.75656e+09,0.00343409,0.876794,1.16956,2.26111,0.339948,0.047702,0.468716
1.75656e+09,0.0033111,0.875953,1.17033,2.26267,0.339948,0.048598,0.468716
1.75656e+09,0.00336914,0.875081,1.17112,2.26424,0.347229,0.048598,0.468716
1.75656e+09,0.00348149,0.874178,1.17194,2.26603,0.347229,0.048598,0.512392
1.75656e+09,0.00328922,0.87374,1.17312,2.26771,0.360983,-0.127537,0.512392
1.75656e+09,0.00335055,0.873287,1.17433,2.26943,0.362958,-0.127537,0.512392
1.75656e+09,0.00324666,0.872841,1.17551,2.27101,0.365323,-0.127537,0.487891
1.75656e+09,0.00329553,0.872143,1.17683,2.27262,0.443318,-0.0967629,0.487891
1.75656e+09,0.0032938,0.871437,1.17816,2.27423,0.446794,-0.0967629,0.487891
1.75656e+09,0.00345216,0.870694,1.17955,2.27637,0.446794,-0.0967629,0.619984
1.75656e+09,0.00338429,0.870007,1.18096,2.27863,0.448219,-0.115415,0.667921
1.75656e+09,0.00316072,0.869378,1.18228,2.2808,0.446794,-0.120171,0.684965
1.75656e+09,0.00340389,0.868749,1.18371,2.28314,0.440247,-0.134853,0.690291
1.75656e+09,0.00344851,0.868156,1.18521,2.2856,0.440247,-0.152803,0.710531
1.75656e+09,0.00322085,0.867611,1.18662,2.28794,0.442554,-0.160285,0.72651
1.75656e+09,0.00341132,0.867031,1.18812,2.29066,0.442554,-0.160285,0.800013
1.75656e+09,0.00321856,0.866399,1.18959,2.2933,0.472246,-0.152803,0.818123
1.75656e+09,0.003357,0.865723,1.1911,2.29604,0.472246,-0.147959,0.818123
1.75656e+09,0.00333725,0.865047,1.19261,2.29877,0.472246,-0.147959,0.818123
1.75656e+09,0.00330315,0.864411,1.19399,2.30148,0.440493,-0.134604,0.818123
1.75656e+09,0.00330113,0.863754,1.19534,2.30421,0.437348,-0.124723,0.826645
1.75656e+09,0.0035991,0.863034,1.19681,2.30719,0.437348,-0.124723,0.828776
1.75656e+09,0.00334718,0.862353,1.19819,2.31008,0.440493,-0.124723,0.862864
1.75656e+09,0.00331864,0.861683,1.19954,2.31301,0.436598,-0.124723,0.883104
1.75656e+09,0.00306852,0.861106,1.20082,2.31579,0.436598,-0.145664,0.905475
1.75656e+09,0.00340332,0.860463,1.20227,2.31889,0.441258,-0.149669,0.910801
1.75656e+09,0.00323113,0.859858,1.20364,2.32187,0.436598,-0.149669,0.922519
1.75656e+09,0.00345445,0.859227,1.20507,2.32505,0.42776,-0.149669,0.922519
1.75656e+09,0.00341178,0.858717,1.20568,2.32824,0.232207,-0.01321,0.933172
1.75656e+09,0.00313786,0.858247,1.20624,2.33116,0.232207,-0.01321,0.933172
1.75656e+09,0.00345686,0.857727,1.20685,2.33439,0.232207,-0.01321,0.933172
1.75656e+09,0.00322081,0.857093,1.20793,2.3374,0.377711,-0.0892851,0.933172
1.75656e+09,0.00334836,0.856467,1.20912,2.34053,0.386913,-0.112789,0.936367
1.75656e+09,0.00337544,0.855816,1.21037,2.34369,0.399312,-0.118717,0.936367
1.75656e+09,0.00329491,0.855113,1.21165,2.34678,0.427478,-0.118717,0.936367
1.75656e+09,0.0034222,0.854406,1.21301,2.35005,0.427478,-0.130279,0.957673
1.75656e+09,0.00331311,0.853718,1.21432,2.35323,0.427478,-0.130279,0.957673
1.75656e+09,0.00342872,0.852985,1.21571,2.35658,0.439544,-0.135465,0.976847
1.75656e+09,0.00341328,0.852301,1.21715,2.35994,0.439544,-0.156233,0.986435
1.75656e+09,0.0112925,0.849855,1.22219,2.37119,0.4681,-0.164212,0.996022
1.75656e+09,0.0018925,0.849436,1.22303,2.37308,0.4681,-0.164212,0.996022
1.75656e+09,0.00335971,0.848689,1.22452,2.37642,0.4681,-0.164212,0.996022
1.75656e+09,0.00325562,0.84796,1.22596,2.37967,0.4681,-0.164212,0.996022
1.75656e+09,0.00974856,0.845764,1.23027,2.38938,0.4681,-0.164212,0.996022
1.75656e+09,0.000116794,0.845738,1.23031,2.38949,0.418447,-0.127207,0.992826
1.75656e+09,0.00344291,0.844371,1.23054,2.39281,0.335205,0.222969,0.962999
1.75656e+09,0.00331658,0.843053,1.23076,2.396,0.335205,0.222969,0.962999
1.75656e+09,0.00334947,0.841721,1.23097,2.39922,0.335205,0.222969,0.961934
1.75656e+09,0.00344218,0.840249,1.23165,2.40237,0.449055,0.143412,0.915062
1.75656e+09,0.00337338,0.838611,1.23249,2.40496,0.526979,0.142566,0.768056
1.75656e+09,0.00334817,0.837101,1.23346,2.4073,0.526979,0.0903247,0.697748
1.75656e+09,0.00324318,0.835854,1.23463,2.4095,0.526979,-0.01015,0.678573
1.75656e+09,0.0033177,0.834739,1.236,2.41159,0.526979,-0.0834674,0.628506
1.75656e+09,0.00331957,0.833764,1.23746,2.41356,0.51307,-0.132721,0.593352
1.75656e+09,0.00954133,0.831351,1.24209,2.41829,0.511511,-0.193834,0.496413
1.75656e+09,0.000389347,0.831252,1.24228,2.41846,0.511605,-0.193834,0.435693
1.75656e+09,0.00343369,0.830371,1.24395,2.41991,0.51307,-0.193834,0.420779
1.75656e+09,0.00335888,0.829508,1.24557,2.42132,0.51307,-0.193764,0.420779
1.75656e+09,0.00313882,0.828679,1.24711,2.42231,0.521378,-0.193764,0.314253
1.75656e+09,0.00331502,0.827738,1.24878,2.42319,0.545713,-0.192434,0.266316
1.75656e+09,0.00335744,0.826774,1.25046,2.42382,0.545713,-0.188078,0.187487
1.75656e+09,0.00334449,0.825813,1.25214,2.42441,0.545713,-0.188078,0.177899
1.75656e+09,0.00344794,0.824862,1.2538,2.42502,0.525097,-0.182552,0.174703
1.75656e+09,0.00328318,0.823956,1.25538,2.42557,0.525097,-0.182552,0.168312
1.75656e+09,0.0033184,0.823039,1.25699,2.42599,0.525097,-0.182552,0.125701
1.75656e+09,0.00330786,0.822602,1.25938,2.42624,0.573735,-0.458646,0.0777643
1.75656e+09,0.00352191,0.822136,1.26192,2.42648,0.573735,-0.458646,0.0681769
1.75656e+09,0.0031858,0.821714,1.26422,2.42662,0.573735,-0.458646,0.0426106
1.75656e+09,0.00348063,0.821004,1.26645,2.42674,0.573735,-0.349373,0.036219
1.75656e+09,0.00322683,0.820102,1.2682,2.42685,0.567372,-0.227237,0.0319579
1.75656e+09,0.00331869,0.819188,1.26984,2.42684,0.530747,-0.191601,-0.00319579
1.75656e+09,0.00337669,0.818213,1.27154,2.42679,0.548664,-0.191601,-0.0149137
1.75656e+09,0.00331455,0.817307,1.27316,2.42667,0.527371,-0.190444,-0.0340885
1.75656e+09,0.0034134,0.816373,1.27483,2.42646,0.527371,-0.190444,-0.0617853
1.75656e+09,0.00322122,0.815081,1.27604,2.42606,0.548664,-0.0199385,-0.123571
1.75656e+09,0.00329356,0.813548,1.27703,2.42566,0.548664,0.0781905,-0.123571
1.75656e+09,0.00328633,0.811982,1.27805,2.42525,0.563718,0.0781905,-0.123571
1.75656e+09,0.00328623,0.810376,1.27911,2.42485,0.58008,0.0781905,-0.123571
1.75656e+09,0.00409523,0.808582,1.2808,2.42441,0.600117,-0.0220892,-0.106526
1.75656e+09,0.00259738,0.807525,1.28195,2.42417,0.600117,-0.0687292,-0.0916127
1.75656e+09,0.00326538,0.806375,1.28362,2.42388,0.600117,-0.152218,-0.0894822
1.75656e+09,0.00334921,0.805233,1.28529,2.42389,0.585519,-0.152218,0.00426106
1.75656e+09,0.00341514,0.804162,1.28692,2.42394,0.54931,-0.152218,0.0127832
1.75656e+09,0.00350012,0.802902,1.28823,2.42405,0.518277,-0.0465966,0.0319579
1.75656e+09,0.00335376,0.801413,1.28917,2.42416,0.518277,0.0813276,0.0319579
1.75656e+09,0.003228,0.800009,1.29005,2.42426,0.506308,0.0813276,0.0330232
1.75656e+09,0.00344859,0.798509,1.29098,2.42444,0.506308,0.0813276,0.0500674
1.75656e+09,0.00315983,0.797384,1.29213,2.42459,0.506308,-0.039096,0.0500674
1.75656e+09,0.00343524,0.796156,1.29353,2.42471,0.536971,-0.0717337,0.0330232
1.75656e+09,0.00332941,0.794899,1.29494,2.42482,0.563181,-0.0717337,0.0330232
1.75656e+09,0.00344753,0.793628,1.29643,2.42499,0.563181,-0.0847552,0.0500674
1.75656e+09,0.00314196,0.792551,1.29791,2.42516,0.56645,-0.128674,0.0543285
1.75656e+09,0.00356301,0.791314,1.29956,2.42583,0.56645,-0.121834,0.188552
1.75656e+09,0.00339959,0.790144,1.30105,2.42647,0.547331,-0.104874,0.188552
1.75656e+09,0.00364048,0.788955,1.30259,2.42716,0.523774,-0.104874,0.188552
1.75656e+09,0.0027583,0.788053,1.30375,2.42764,0.523774,-0.104874,0.173638
1.75656e+09,0.00358442,0.786895,1.30523,2.42814,0.514494,-0.100478,0.140615
1.75656e+09,0.00309357,0.785594,1.30616,2.42834,0.514494,0.0478489,0.0628506
1.75656e+09,0.00337136,0.784026,1.307,2.42854,0.514494,0.116406,0.0607201
1.75656e+09,0.003354,0.782515,1.30779,2.4287,0.494866,0.116406,0.0468716
1.75656e+09,0.00323057,0.78106,1.30855,2.42873,0.494866,0.116406,0.00958738
1.75656e+09,0.00341732,0.779669,1.30953,2.42856,0.494866,0.0501106,-0.0490022
1.75656e+09,0.00348936,0.778463,1.31091,2.42837,0.519391,-0.072477,-0.0543285
1.75656e+09,0.00305138,0.777409,1.31211,2.42816,0.519391,-0.072477,-0.0692422
1.75656e+09,0.00354013,0.776187,1.31351,2.42791,0.519391,-0.072477,-0.0713727
1.75656e+09,0.0031622,0.775187,1.31479,2.42754,0.504404,-0.0993068,-0.116114
1.75656e+09,0.00348764,0.774127,1.31612,2.42713,0.480183,-0.0899849,-0.117179
1.75656e+09,0.00322835,0.773152,1.31726,2.42675,0.459311,-0.0688294,-0.118244
1.75656e+09,0.00369525,0.772074,1.31854,2.42631,0.446212,-0.0688294,-0.118244
1.75656e+09,0.00286583,0.77122,1.3195,2.42598,0.446212,-0.0593382,-0.118244
1.75656e+09,0.00342022,0.77009,1.3206,2.42561,0.459311,-0.0250303,-0.105461
1.75656e+09,0.00343569,0.76893,1.3217,2.42551,0.46498,-0.0198833,-0.0308927
1.75656e+09,0.00387786,0.76753,1.32295,2.42541,0.483809,-0.00601952,-0.0245011
1.75656e+09,0.00279464,0.766482,1.3238,2.42548,0.483809,0.0154331,0.0245011
1.75656e+09,0.00354538,0.765157,1.32488,2.42558,0.48203,0.0154331,0.0276969
1.75656e+09,0.00314993,0.763979,1.32584,2.4257,0.48203,0.0154331,0.0394148
1.75656e+09,0.00328825,0.762886,1.32674,2.42592,0.430547,0.0113782,0.0671116
1.75656e+09,0.00332966,0.761789,1.32766,2.42615,0.428666,0.0090388,0.0671116
1.75656e+09,0.00327831,0.760709,1.32856,2.42637,0.428666,0.0090388,0.0671116
1.75656e+09,0.00311956,0.759681,1.32941,2.42658,0.428666,0.0090388,0.0671116
1.75656e+09,0.00344666,0.75844,1.33036,2.42693,0.452106,0.0287899,0.1012
1.75656e+09,0.00334918,0.757194,1.33131,2.42727,0.467457,0.0288639,0.1012
1.75656e+09,0.00322449,0.755938,1.33221,2.42761,0.476665,0.0445422,0.107592
1.75656e+09,0.0035376,0.754351,1.33338,2.42799,0.556327,0.0431083,0.107592
1.75656e+09,0.00318803,0.752917,1.33444,2.42836,0.556327,0.0445422,0.115049
1.75656e+09,0.00354955,0.751321,1.33561,2.42877,0.556327,0.0445422,0.115049
1.75656e+09,0.00321107,0.750045,1.33652,2.42914,0.486481,0.0445422,0.115049
1.75656e+09,0.00340465,0.748681,1.33748,2.42939,0.486481,0.0499086,0.0735032
1.75656e+09,0.00331271,0.747353,1.33841,2.42955,0.486481,0.0499086,0.0500674
1.75656e+09,0.00329651,0.74589,1.33943,2.42972,0.539883,0.0536895,0.0500674
1.75656e+09,0.00327957,0.744434,1.34046,2.42988,0.539883,0.0536895,0.0500674
1.75656e+09,0.0032777,0.742995,1.3415,2.43005,0.539883,0.0466074,0.0500674
1.75656e+09,0.00498733,0.740808,1.34309,2.4303,0.539883,0.0451993,0.0500674
1.75656e+09,0.00181922,0.74001,1.34366,2.43039,0.539883,0.0451993,0.0500674
1.75656e+09,0.00332735,0.738528,1.34474,2.43042,0.54897,0.0451993,0.00958738
1.75656e+09,0.00324675,0.73708,1.34579,2.43045,0.54897,0.0465289,0.00958738
1.75656e+09,0.00330164,0.73561,1.34686,2.43048,0.54897,0.0448419,0.00958738
1.75656e+09,0.00330071,0.734247,1.34784,2.43051,0.506482,0.0448419,0.00958738
1.75656e+09,0.0034361,0.732827,1.34886,2.43055,0.506482,0.0448419,0.00958738
1.75656e+09,0.00335009,0.731463,1.34988,2.43056,0.506482,0.0359927,0.00426106
1.75656e+09,0.00327061,0.730098,1.35092,2.43058,0.524159,0.0309429,0.00426106
1.75656e+09,0.00360704,0.728473,1.35217,2.43059,0.567842,0.0309429,0.00426106
1.75656e+09,0.00318302,0.72704,1.35328,2.43063,0.567842,0.0309429,0.0117179
1.75656e+09,0.00342522,0.725483,1.35445,2.43073,0.567842,0.036869,0.0287621
1.75656e+09,0.00312376,0.724116,1.35547,2.43083,0.545676,0.036869,0.0319579
1.75656e+09,0.00327868,0.722682,1.35655,2.43096,0.545676,0.036869,0.0394148
1.75656e+09,0.00352942,0.721169,1.35774,2.43109,0.545676,0.0229975,0.0394148
1.75656e+09,0.00330717,0.71971,1.3589,2.43127,0.562324,0.0229975,0.052198
1.75656e+09,0.00324668,0.718211,1.36009,2.43154,0.589115,0.0229975,0.0852211
1.75656e+09,0.00360197,0.716595,1.36147,2.43189,0.589115,0.0028457,0.0948085
1.75656e+09,0.00310389,0.715265,1.3626,2.43224,0.562324,0.0028457,0.115049
1.75656e+09,0.00319837,0.714189,1.36393,2.4328,0.526424,-0.0964692,0.174703
1.75656e+09,0.00354227,0.713077,1.36535,2.43342,0.498928,-0.0997931,0.174703
1.75656e+09,0.00327425,0.712164,1.36677,2.43399,0.495594,-0.149939,0.174703
1.75656e+09,0.00386177,0.711076,1.36847,2.43454,0.498928,-0.149939,0.14168
1.75656e+09,0.00285383,0.710272,1.36972,2.43494,0.498928,-0.149939,0.14168
1.75656e+09,0.00321772,0.709263,1.37117,2.43534,0.532032,-0.140247,0.123571
1.75656e+09,0.00323335,0.708241,1.37264,2.43567,0.534759,-0.140247,0.1012
1.75656e+09,0.00358544,0.707062,1.3743,2.43605,0.551759,-0.140247,0.106526
1.75656e+09,0.00337238,0.706111,1.37612,2.43641,0.564123,-0.227135,0.106526
1.75656e+09,0.00312193,0.705229,1.3778,2.43673,0.564123,-0.227135,0.1012
1.75656e+09,0.00331111,0.704294,1.37959,2.43702,0.564123,-0.227135,0.0894822
1.75656e+09,0.00331246,0.703188,1.38115,2.43732,0.559234,-0.142515,0.0894822
1.75656e+09,0.00328367,0.702049,1.38264,2.43749,0.559234,-0.122497,0.0532632
1.75656e+09,0.00358869,0.700719,1.38404,2.43765,0.535208,-0.0578153,0.0436758
1.75656e+09,0.00316008,0.699548,1.38528,2.43779,0.535208,-0.0578153,0.0436758
1.75656e+09,0.00356148,0.698228,1.38667,2.43794,0.535208,-0.0578153,0.0436758
1.75656e+09,0.00312381,0.697166,1.38792,2.43815,0.51941,-0.086241,0.0649811
1.75656e+09,0.00341448,0.696015,1.38929,2.43837,0.515319,-0.0863841,0.0649811
1.75656e+09,0.00322605,0.694957,1.39061,2.43858,0.515319,-0.100948,0.0649811
1.75656e+09,0.00340787,0.693949,1.39202,2.43878,0.492984,-0.123963,0.0585895
1.75656e+09,0.00333214,0.693027,1.3934,2.43897,0.47869,-0.137183,0.0585895
1.75656e+09,0.00331909,0.691988,1.39482,2.43917,0.515319,-0.123963,0.0585895
1.75656e+09,0.00342642,0.690875,1.39624,2.43937,0.515487,-0.106267,0.0585895
1.75656e+09,0.00317822,0.689755,1.39762,2.43954,0.551164,-0.106267,0.0553937
1.75656e+09,0.00349825,0.688456,1.39916,2.43906,0.566964,-0.0951889,-0.138484
1.75656e+09,0.00356835,0.687091,1.40074,2.43854,0.579016,-0.0917384,-0.144876
1.75656e+09,0.00301014,0.685774,1.40189,2.43811,0.579016,-0.00640017,-0.144876
1.75656e+09,0.00334754,0.684309,1.40316,2.43764,0.579016,-0.00640017,-0.138484
1.75656e+09,0.00328523,0.682873,1.4044,2.43727,0.579016,-0.00640017,-0.112918
1.75656e+09,0.00329128,0.681721,1.40596,2.4369,0.573405,-0.134384,-0.112918
1.75656e+09,0.00350296,0.680496,1.40762,2.4365,0.573405,-0.134384,-0.112918
1.75656e+09,0.00319014,0.67933,1.40918,2.43594,0.594216,-0.134384,-0.175769
1.75656e+09,0.00350588,0.677991,1.4109,2.43533,0.608745,-0.125472,-0.175769
1.75656e+09,0.00331442,0.676714,1.41251,2.43475,0.608745,-0.120123,-0.175769
1.75656e+09,0.00325584,0.675444,1.41407,2.43423,0.608745,-0.111971,-0.158724
1.75656e+09,0.00326298,0.674172,1.41564,2.43373,0.608745,-0.111971,-0.152333
1.75656e+09,0.0033841,0.672871,1.41729,2.43327,0.608745,-0.120123,-0.136354
1.75656e+09,0.0034053,0.671567,1.41898,2.43285,0.612684,-0.126679,-0.124636
1.75656e+09,0.00323433,0.670414,1.42074,2.43248,0.625697,-0.181963,-0.113983
1.75656e+09,0.0033034,0.669242,1.42255,2.43213,0.625697,-0.184459,-0.105461
1.75656e+09,0.00327194,0.668082,1.42434,2.4318,0.625697,-0.184459,-0.100135
1.75656e+09,0.00342422,0.666863,1.42621,2.43157,0.625697,-0.181963,-0.0681769
1.75656e+09,0.003363,0.665696,1.42801,2.43136,0.612928,-0.181009,-0.0607201
1.75656e+09,0.00327341,0.664561,1.42977,2.43123,0.612928,-0.181009,-0.0394148
1.75656e+09,0.00359113,0.663294,1.43172,2.43113,0.621227,-0.181009,-0.0287621
1.75656e+09,0.00316342,0.662163,1.4335,2.43114,0.637529,-0.192787,0.00319579
1.75656e+09,0.003852,0.66076,1.43571,2.4312,0.651323,-0.198601,0.0149137
1.75656e+09,0.00299906,0.659667,1.43744,2.43126,0.651323,-0.198601,0.0213053
1.75656e+09,0.00314928,0.658527,1.43926,2.43142,0.651323,-0.202059,0.0511327
1.75656e+09,0.0032364,0.657381,1.44112,2.43174,0.64276,-0.204526,0.0980043
1.75656e+09,0.0033784,0.656305,1.44292,2.43213,0.590576,-0.198601,0.113983
1.75656e+09,0.00341948,0.655194,1.44473,2.43252,0.590576,-0.188804,0.113983
1.75656e+09,0.00368475,0.653995,1.44667,2.43294,0.590576,-0.188804,0.113983
1.75656e+09,0.00287465,0.652993,1.44813,2.43318,0.594881,-0.158052,0.0862864
1.75656e+09,0.00325544,0.651857,1.44978,2.43345,0.594881,-0.158052,0.0820253
1.75656e+09,0.00335627,0.650685,1.45149,2.43366,0.594881,-0.158052,0.0628506
1.75656e+09,0.00336556,0.649608,1.45334,2.43375,0.6019,-0.210926,0.0255663
1.75656e+09,0.00340633,0.648532,1.45524,2.43377,0.6019,-0.217388,0.00745685
1.75656e+09,0.00331273,0.647507,1.45706,2.43374,0.593013,-0.217388,-0.00958738
1.75656e+09,0.00337919,0.646448,1.45891,2.43369,0.593013,-0.210926,-0.015979
1.75656e+09,0.00322225,0.645405,1.46067,2.43362,0.6019,-0.205527,-0.02024
1.75656e+09,0.00360582,0.644205,1.46267,2.43355,0.613948,-0.205527,-0.02024
1.75656e+09,0.00315664,0.643155,1.46443,2.43336,0.613948,-0.205527,-0.0585895
1.75656e+09,0.00326756,0.642057,1.46625,2.43317,0.618647,-0.205527,-0.0585895
1.75656e+09,0.00324671,0.640942,1.46808,2.43297,0.628158,-0.205527,-0.0628506
1.75656e+09,0.00350962,0.639696,1.47002,2.43273,0.628353,-0.187514,-0.0681769
1.75656e+09,0.00334814,0.638469,1.47189,2.4325,0.642657,-0.186351,-0.0681769
1.75656e+09,0.00380062,0.637072,1.47402,2.43225,0.642657,-0.184648,-0.0660464
1.75656e+09,0.0033212,0.635837,1.47589,2.43202,0.648708,-0.184648,-0.0681769
1.75656e+09,0.00283805,0.634799,1.47748,2.43183,0.642657,-0.186985,-0.0681769
1.75656e+09,0.00326336,0.633549,1.47934,2.4316,0.662441,-0.183633,-0.0713727
1.75656e+09,0.00336684,0.632268,1.48127,2.43136,0.662441,-0.186985,-0.0713727
1.75656e+09,0.00327184,0.631024,1.48315,2.43112,0.662441,-0.186985,-0.0713727
1.75656e+09,0.00340187,0.629723,1.48509,2.43089,0.662441,-0.183633,-0.0681769
1.75656e+09,0.00329267,0.62835,1.48707,2.4307,0.708297,-0.183633,-0.0596548
1.75656e+09,0.00328088,0.627006,1.48907,2.43051,0.708297,-0.194609,-0.056459
1.75656e+09,0.00337227,0.625621,1.49113,2.43034,0.709528,-0.194609,-0.0490022
1.75656e+09,0.00331859,0.624259,1.49316,2.43022,0.709528,-0.194609,-0.036219
1.75656e+09,0.00352317,0.622826,1.49531,2.4301,0.707767,-0.198224,-0.036219
1.75656e+09,0.00318505,0.621538,1.49727,2.42998,0.707767,-0.201541,-0.036219
1.75656e+09,0.00334907,0.620211,1.49937,2.42989,0.709528,-0.216139,-0.0287621
1.75656e+09,0.0032943,0.618888,1.50146,2.42979,0.717502,-0.216997,-0.0287621
1.75656e+09,0.00371985,0.617384,1.50382,2.42968,0.721274,-0.216997,-0.0287621
1.75656e+09,0.00296888,0.61611,1.50577,2.42964,0.753765,-0.216997,-0.015979
1.75656e+09,0.00338208,0.614763,1.50795,2.42958,0.722995,-0.228205,-0.015979
1.75656e+09,0.0031859,0.613495,1.51001,2.42953,0.722995,-0.228205,-0.015979
1.75656e+09,0.00345275,0.612116,1.51224,2.42942,0.724458,-0.228205,-0.0308927
1.75656e+09,0.00384917,0.610575,1.51478,2.42931,0.734774,-0.238384,-0.0308927
1.75656e+09,0.00320613,0.609298,1.51691,2.42921,0.734774,-0.241679,-0.0308927
1.75656e+09,0.00299878,0.608104,1.51891,2.42919,0.738154,-0.245772,-0.00532632
1.75656e+09,0.00336484,0.606771,1.52118,2.42917,0.741001,-0.25181,-0.00532632
1.75656e+09,0.00326359,0.605481,1.52339,2.42916,0.741001,-0.25283,-0.00532632
1.75656e+09,0.00329999,0.604224,1.52567,2.42914,0.741001,-0.275482,-0.00532632
1.75656e+09,0.00327122,0.602995,1.52795,2.42912,0.739794,-0.28156,-0.00532632
1.75656e+09,0.00335309,0.601774,1.53026,2.42912,0.724368,-0.28156,-0.00106526
1.75656e+09,0.00338427,0.600542,1.53258,2.42911,0.724368,-0.28156,-0.00106526
1.75656e+09,0.00335719,0.59932,1.53488,2.42911,0.724368,-0.28156,-0.00106526
1.75656e+09,0.00356273,0.597958,1.53739,2.42909,0.74829,-0.28156,-0.00426106
1.75656e+09,0.00305841,0.596783,1.53953,2.42908,0.74829,-0.278567,-0.00426106
1.75656e+09,0.00335864,0.595462,1.54189,2.42907,0.756929,-0.274376,-0.00426106
1.75656e+09,0.00348605,0.59409,1.54434,2.42905,0.756929,-0.274376,-0.00426106
1.75656e+09,0.00348482,0.59264,1.54669,2.42904,0.756929,-0.23944,-0.00426106
1.75656e+09,0.00294168,0.59135,1.54872,2.42902,0.783393,-0.236322,-0.00639159
1.75656e+09,0.00365112,0.589732,1.55123,2.42897,0.783393,-0.228697,-0.0138484
1.75656e+09,0.00311196,0.58832,1.55332,2.42892,0.783393,-0.212466,-0.0138484
1.75656e+09,0.00325388,0.586697,1.55533,2.42884,0.781759,-0.141898,-0.0255663
1.75656e+09,0.00348549,0.584697,1.55719,2.42876,0.781759,-0.0271861,-0.0245011
1.75656e+09,0.00374052,0.582552,1.55918,2.42866,0.781759,-0.0271861,-0.0245011
1.75656e+09,0.00277846,0.580854,1.56074,2.4286,0.830765,-0.0266972,-0.0245011
1.75656e+09,0.00331505,0.578829,1.56261,2.42852,0.830765,-0.0266972,-0.0245011
1.75656e+09,0.00341238,0.576744,1.56453,2.42891,0.830765,-0.0266972,0.116114
1.75656e+09,0.00324437,0.576466,1.56478,2.42929,0.11481,-0.00184781,0.116114
1.75656e+09,0.00355946,0.576448,1.56479,2.4297,0.00508102,0.00194445,0.116114
1.75656e+09,0.0032021,0.57644,1.56479,2.43007,0.00180416,0.00194445,0.116114
1.75656e+09,0.00339946,0.576431,1.56479,2.43068,0.00180416,0.00194445,0.178964
1.75656e+09,0.00324319,0.576423,1.56479,2.43126,0.00180416,0.00166103,0.178964
1.75656e+09,0.00336295,0.574675,1.56715,2.43186,0.853581,-0.195278,0.178964
1.75656e+09,0.00325943,0.572979,1.56945,2.43245,0.853581,-0.195278,0.178964
1.75656e+09,0.00339348,0.571292,1.57193,2.43299,0.853581,-0.231175,0.158724
1.75656e+09,0.00337899,0.569729,1.5743,2.43344,0.807141,-0.231175,0.134223
1.75656e+09,0.00342105,0.568146,1.5767,2.4336,0.807141,-0.231175,0.0479369
1.75656e+09,0.00340418,0.566617,1.57914,2.43357,0.807141,-0.252142,-0.00852211
1.75656e+09,0.00313979,0.565356,1.58156,2.4335,0.807141,-0.325144,-0.0234358
1.75656e+09,0.00346907,0.563963,1.58424,2.43342,0.807141,-0.325144,-0.0234358
1.75656e+09,0.00334324,0.562775,1.58669,2.43339,0.746268,-0.325144,-0.00852211
1.75656e+09,0.00340227,0.5616,1.58834,2.43338,0.578359,-0.144419,-0.00213053
1.75656e+09,0.00317853,0.560502,1.58988,2.43352,0.578359,-0.144419,0.0415453
1.75656e+09,0.0033807,0.559334,1.59153,2.43366,0.578359,-0.144419,0.0415453
1.75656e+09,0.00318403,0.558178,1.59353,2.43379,0.685242,-0.241901,0.0415453
1.75656e+09,0.00336983,0.556785,1.59583,2.43398,0.756969,-0.249157,0.0575243
1.75656e+09,0.00345579,0.555381,1.59821,2.43424,0.756969,-0.259601,0.0745685
1.75656e+09,0.00316379,0.554167,1.60047,2.43457,0.756969,-0.295097,0.105461
1.75656e+09,0.00328826,0.552868,1.60286,2.43492,0.771816,-0.295097,0.105461
1.75656e+09,0.00345814,0.5515,1.60537,2.43529,0.771816,-0.295097,0.105461
1.75656e+09,0.00331429,0.550086,1.60777,2.43563,0.794323,-0.27331,0.103331
1.75656e+09,0.00332288,0.548638,1.61014,2.43591,0.795537,-0.261803,0.0852211
1.75656e+09,0.00330532,0.547198,1.61251,2.43616,0.795537,-0.261803,0.0745685
1.75656e+09,0.00368037,0.545562,1.6151,2.43642,0.794323,-0.247005,0.0713727
1.75656e+09,0.0029135,0.544289,1.61708,2.43663,0.773169,-0.2344,0.0713727
1.75656e+09,0.00333229,0.542839,1.61933,2.43662,0.769296,-0.232885,-0.00213053
1.75656e+09,0.00327629,0.541389,1.62151,2.43661,0.769296,-0.221096,-0.00213053
1.75656e+09,0.00358865,0.539801,1.62391,2.43656,0.769296,-0.221096,-0.015979
1.75656e+09,0.004104,0.537984,1.62664,2.43648,0.769296,-0.221096,-0.0181095
1.75656e+09,0.00256048,0.536878,1.62833,2.43632,0.755325,-0.221096,-0.0639159
1.75656e+09,0.00328277,0.53551,1.63045,2.43602,0.736727,-0.222095,-0.0916127
1.75656e+09,0.00339647,0.534094,1.63265,2.43558,0.736727,-0.222095,-0.129962
1.75656e+09,0.00317864,0.532781,1.6347,2.43516,0.732796,-0.22281,-0.129962
1.75656e+09,0.00336462,0.531397,1.63684,2.43473,0.726642,-0.217834,-0.129962
1.75656e+09,0.0044348,0.529588,1.63969,2.43431,0.726642,-0.22281,-0.0937433
1.75656e+09,0.00210077,0.528722,1.64104,2.43411,0.732796,-0.22281,-0.0937433
1.75656e+09,0.00336703,0.527353,1.64324,2.43385,0.732796,-0.231385,-0.0777643
1.75656e+09,0.00330705,0.525974,1.64546,2.43359,0.753543,-0.239085,-0.0777643
1.75656e+09,0.0033829,0.52438,1.6479,2.43333,0.826957,-0.241664,-0.0777643
1.75656e+09,0.00425317,0.522329,1.65101,2.43306,0.841886,-0.241664,-0.0639159
1.75656e+09,0.00242394,0.521161,1.65278,2.43296,0.841886,-0.241664,-0.0415453
1.75656e+09,0.00358952,0.519399,1.65537,2.43285,0.841886,-0.227864,-0.0298274
1.75656e+09,0.00304129,0.518005,1.65747,2.43276,0.797201,-0.225466,-0.0287621
1.75656e+09,0.00339946,0.516446,1.65982,2.43267,0.797201,-0.225466,-0.0287621
1.75656e+09,0.00329162,0.514943,1.66209,2.43257,0.797201,-0.227864,-0.0287621
1.75656e+09,0.00339075,0.513321,1.66467,2.43256,0.857503,-0.265004,-0.00319579
1.75656e+09,0.0033755,0.511702,1.66724,2.43261,0.85918,-0.265004,0.0149137
1.75656e+09,0.00346384,0.510041,1.66987,2.43266,0.85918,-0.265004,0.0149137
1.75656e+09,0.00315754,0.508517,1.67226,2.43271,0.85918,-0.260475,0.0149137
1.75656e+09,0.00336066,0.506876,1.67478,2.43276,0.85918,-0.251653,0.0149137
1.75656e+09,0.00331552,0.505285,1.67723,2.43281,0.844387,-0.247755,0.0149137
1.75656e+09,0.00329996,0.503702,1.67966,2.43288,0.844387,-0.247755,0.0213053
1.75656e+09,0.00339291,0.502022,1.68221,2.43303,0.864713,-0.247755,0.0447411
1.75656e+09,0.00358148,0.500325,1.68499,2.43319,0.864713,-0.280827,0.0447411
1.75656e+09,0.00326167,0.49883,1.68748,2.43334,0.844387,-0.280975,0.0447411
1.75656e+09,0.00301094,0.497478,1.6898,2.43344,0.842653,-0.293845,0.0351537
1.75656e+09,0.00325626,0.496027,1.6923,2.43356,0.838301,-0.293845,0.0351537
1.75656e+09,0.00350506,0.494565,1.69491,2.43368,0.800776,-0.293845,0.0351537
1.75656e+09,0.00334356,0.493408,1.6974,2.43386,0.746551,-0.34037,0.0532632
1.75656e+09,0.0128159,0.489851,1.70621,2.43473,0.658156,-0.342304,0.0681769
1.75656e+09,0.000515283,0.489708,1.70657,2.43477,0.658156,-0.342496,0.0681769
1.75656e+09,0.00328084,0.488796,1.70882,2.43499,0.658156,-0.342496,0.0681769
1.75656e+09,0.00327489,0.487885,1.71108,2.43522,0.658156,-0.342496,0.0681769
1.75656e+09,0.00334187,0.486509,1.71376,2.43507,0.833527,-0.342496,-0.0426106
1.75656e+09,0.00323352,0.485177,1.71635,2.43493,0.833527,-0.342496,-0.0426106
1.75656e+09,0.0034477,0.483822,1.71919,2.43412,0.835233,-0.372689,-0.235423
1.75656e+09,0.00335849,0.482503,1.72197,2.43318,0.835233,-0.372689,-0.28123
1.75656e+09,0.00338515,0.481218,1.72482,2.43214,0.835233,-0.391404,-0.307861
1.75656e+09,0.00344045,0.482262,1.72756,2.43091,0.290152,-0.803599,-0.357929
1.75656e+09,0.00383331,0.48536,1.72896,2.42953,-0.374563,-0.803599,-0.357929
1.75656e+09,0.00274837,0.487582,1.72996,2.42855,-0.374563,-0.803599,-0.357929
1.75656e+09,0.00322332,0.489593,1.73044,2.42743,-0.374563,-0.520867,-0.348341
1.75656e+09,0.00341721,0.489511,1.73218,2.42658,0.352138,-0.369598,-0.248207
1.75656e+09,0.00318436,0.489327,1.73368,2.42593,0.352138,-0.317041,-0.2024
1.75656e+09,0.00347792,0.489126,1.73532,2.4253,0.352138,-0.317041,-0.18216
1.75656e+09,0.00337516,0.489594,1.73641,2.42485,0.107837,-0.3351,-0.132093
1.75656e+09,0.00324509,0.490044,1.73746,2.42452,0.107837,-0.3351,-0.104396
1.75656e+09,0.00346001,0.49033,1.73835,2.4242,0.107837,-0.24906,-0.0916127
1.75656e+09,0.00329902,0.489539,1.74013,2.42392,0.535188,-0.24906,-0.0852211
1.75656e+09,0.00326185,0.488507,1.74211,2.42368,0.637531,-0.24906,-0.0713727
1.75656e+09,0.00342698,0.487353,1.74425,2.42344,0.664423,-0.24906,-0.0713727
1.75656e+09,0.00331662,0.486122,1.74648,2.42325,0.721436,-0.261336,-0.0585895
1.75656e+09,0.00335197,0.484928,1.74879,2.42305,0.721436,-0.284286,-0.0585895
1.75656e+09,0.00358171,0.483549,1.75136,2.42286,0.762615,-0.286788,-0.052198
1.75656e+09,0.00308039,0.482459,1.75368,2.4227,0.762615,-0.334599,-0.052198
1.75656e+09,0.00317704,0.481357,1.7561,2.42255,0.762615,-0.344904,-0.0468716
1.75656e+09,0.00338153,0.480608,1.75831,2.4224,0.596621,-0.344904,-0.0447411
1.75656e+09,0.00344101,0.479845,1.76055,2.42225,0.596621,-0.344904,-0.0447411
1.75656e+09,0.00335758,0.479068,1.76271,2.42211,0.596621,-0.329834,-0.0415453
1.75656e+09,0.00338134,0.478037,1.76494,2.42199,0.663701,-0.29483,-0.036219
1.75656e+09,0.00386637,0.476858,1.76748,2.42185,0.663701,-0.29483,-0.036219
1.75656e+09,0.0189282,0.470544,1.78043,2.42116,0.701653,-0.29436,-0.036219
1.75656e+09,0.000269946,0.470454,1.78061,2.42117,0.703854,-0.29436,0.0276969
1.75656e+09,0.0033251,0.469139,1.78307,2.42137,0.784614,-0.29436,0.0617853
1.75656e+09,0.00330424,0.467807,1.78552,2.42158,0.79094,-0.29016,0.0617853
1.75656e+09,0.00344425,0.466389,1.78803,2.42181,0.79094,-0.277599,0.0681769
1.75656e+09,0.00335285,0.465018,1.79053,2.42204,0.797968,-0.29016,0.0681769
1.75656e+09,0.00328794,0.463607,1.79309,2.42226,0.836811,-0.303389,0.0681769
1.75656e+09,0.0034643,0.462042,1.79586,2.42245,0.866261,-0.303389,0.0532632
1.75656e+09,0.003346,0.460513,1.79855,2.42262,0.873002,-0.303389,0.0500674
1.75656e+09,0.00363327,0.45887,1.80145,2.42279,0.866261,-0.303389,0.0468716
1.75656e+09,0.00310775,0.457442,1.80376,2.42276,0.836811,-0.258364,-0.00852211
1.75656e+09,0.00316476,0.456073,1.80605,2.42268,0.800838,-0.258364,-0.0255663
1.75656e+09,0.00332225,0.45467,1.80842,2.4225,0.787082,-0.258364,-0.0543285
1.75656e+09,0.00340378,0.453245,1.81086,2.42222,0.787082,-0.263453,-0.0830906
1.75656e+09,0.00335108,0.451847,1.81326,2.42187,0.787082,-0.265106,-0.104396
1.75656e+09,0.00339189,0.450377,1.816,2.42138,0.85781,-0.32106,-0.144876
1.75656e+09,0.00695481,0.447365,1.82161,2.42021,0.85781,-0.32106,-0.167246
1.75656e+09,0.00303319,0.446054,1.82406,2.41969,0.85781,-0.32106,-0.171508
1.75656e+09,0.00330406,0.444376,1.82601,2.41913,0.771057,-0.10719,-0.171508
1.75656e+09,0.00321743,0.442929,1.82756,2.41859,0.655115,-0.0632068,-0.167246
1.75656e+09,0.00331038,0.441363,1.82894,2.41821,0.631284,-0.00044789,-0.115049
1.75656e+09,0.0038634,0.441285,1.82901,2.41784,0.0260541,0.00106147,-0.0937433
1.75656e+09,0.00274195,0.441233,1.82905,2.41765,0.0260541,-0.00044789,-0.072438
1.75656e+09,0.00357454,0.441164,1.82912,2.41777,0.0260541,-0.00044789,0.0340885
1.75656e+09,0.00317801,0.440516,1.83009,2.41804,0.355786,-0.0947721,0.0852211
1.75656e+09,0.00341232,0.439376,1.83153,2.41856,0.529378,-0.0947721,0.152333
1.75656e+09,0.00326525,0.438072,1.83332,2.41908,0.661867,-0.146158,0.160855
1.75656e+09,0.00382527,0.436542,1.83541,2.41975,0.661867,-0.146158,0.173638
1.75656e+09,0.00292276,0.435373,1.83701,2.4203,0.661867,-0.146158,0.189617
1.75656e+09,0.00321445,0.434305,1.83902,2.42091,0.661547,-0.249168,0.190682
1.75656e+09,0.00341783,0.433252,1.84124,2.42157,0.661547,-0.286537,0.192813
1.75656e+09,0.00330855,0.43231,1.84338,2.42223,0.639581,-0.297387,0.199204
1.75656e+09,0.00344862,0.431403,1.84569,2.4229,0.639581,-0.331038,0.192813
1.75656e+09,0.00331392,0.43053,1.84791,2.42353,0.639581,-0.331038,0.190682
1.75656e+09,0.00330118,0.429694,1.85009,2.42412,0.625282,-0.331038,0.18003
1.75656e+09,0.00348825,0.428639,1.85207,2.42466,0.600283,-0.227785,0.153398
1.75656e+09,0.0033219,0.427569,1.85388,2.4251,0.600283,-0.198599,0.132093
1.75656e+09,0.0031641,0.426531,1.85557,2.42538,0.600283,-0.189396,0.0884169
1.75656e+09,0.0032525,0.425284,1.85733,2.4256,0.643076,-0.155131,0.0692422
1.75656e+09,0.00340278,0.423886,1.85906,2.42584,0.643076,-0.113362,0.0692422
1.75656e+09,0.00326541,0.422468,1.86062,2.42585,0.643076,-0.0774993,0.00426106
1.75656e+09,0.00325186,0.421138,1.86195,2.42571,0.575474,-0.0385803,-0.0447411
1.75656e+09,0.00345988,0.419777,1.86331,2.42553,0.554827,-0.0385803,-0.0511327
1.75656e+09,0.00317379,0.418537,1.86451,2.42537,0.54332,-0.0292007,-0.0511327
1.75656e+09,0.00342423,0.417207,1.8658,2.42512,0.540639,-0.0292007,-0.072438
1.75656e+09,0.00358748,0.415879,1.86685,2.42473,0.470574,0.0230381,-0.108657
1.75656e+09,0.00328594,0.414664,1.86781,2.42434,0.470574,0.0230381,-0.11931
1.75656e+09,0.00328721,0.413448,1.86877,2.42391,0.470574,0.0230381,-0.129962
1.75656e+09,0.00332342,0.41223,1.86975,2.42346,0.470574,0.0181803,-0.134223
1.75656e+09,0.00335753,0.411015,1.87076,2.42298,0.470574,0.0116816,-0.144876
1.75656e+09,0.00329145,0.409932,1.87166,2.42248,0.427365,0.0110009,-0.151268
1.75656e+09,0.00334512,0.408841,1.87258,2.42192,0.427365,0.00696733,-0.167246
1.75656e+09,0.00321796,0.407784,1.87346,2.42137,0.427365,0.0110009,-0.170442
1.75656e+09,0.00332556,0.406686,1.87438,2.42081,0.429268,0.0110009,-0.170442
1.75656e+09,0.00329358,0.405556,1.87534,2.42024,0.450733,0.00696733,-0.170442
1.75656e+09,0.00358606,0.404365,1.87643,2.41993,0.450733,-0.00942419,-0.0873517
1.75656e+09,0.00320108,0.403415,1.87752,2.42011,0.447224,-0.0589524,0.0553937
1.75656e+09,0.00332457,0.402429,1.87865,2.4203,0.447224,-0.0595059,0.0575243
1.75656e+09,0.00331526,0.401457,1.87977,2.42056,0.442853,-0.0595059,0.0777643
1.75656e+09,0.00330028,0.400507,1.88086,2.42081,0.435548,-0.0595059,0.0777643
1.75656e+09,0.0036727,0.399461,1.88207,2.42114,0.429993,-0.0581742,0.0894822
1.75656e+09,0.00300525,0.398622,1.88304,2.42143,0.422775,-0.0581742,0.0948085
1.75656e+09,0.00356981,0.397674,1.8841,2.42194,0.396481,-0.0496072,0.143811
1.75656e+09,0.00305802,0.396872,1.88501,2.42249,0.392635,-0.0496072,0.178964
1.75656e+09,0.00340531,0.396055,1.88595,2.4231,0.361949,-0.0496072,0.178964
1.75656e+09,0.00350764,0.395117,1.88677,2.42372,0.355701,-0.000185198,0.178964
1.75656e+09,0.0031629,0.3943,1.88748,2.42424,0.342051,0.000942356,0.162985
1.75656e+09,0.0032276,0.393418,1.88813,2.4247,0.338137,0.0280581,0.14168
1.75656e+09,0.00351916,0.392476,1.88882,2.42504,0.330657,0.0280581,0.096939
1.75656e+09,0.00327782,0.391376,1.88917,2.42535,0.323067,0.139857,0.0937433
1.75656e+09,0.00332788,0.39026,1.88952,2.42563,0.323067,0.139857,0.0862864
1.75656e+09,0.00339118,0.389102,1.8899,2.42587,0.330657,0.139857,0.0692422
1.75656e+09,0.00336744,0.388034,1.89033,2.42597,0.323067,0.111946,0.0308927
1.75656e+09,0.00407157,0.386739,1.89085,2.42604,0.324111,0.111946,0.0170442
1.75656e+09,0.0024289,0.385967,1.89116,2.42607,0.324111,0.111946,0.0117179
1.75656e+09,0.00380647,0.384765,1.89164,2.42611,0.32077,0.111946,0.0117179
1.75656e+09,0.00358678,0.383686,1.89205,2.42618,0.301247,0.111946,0.0170442
1.75656e+09,0.00264272,0.383246,1.89254,2.42659,0.24791,-0.0310218,0.155529
1.75656e+09,0.0033907,0.382818,1.89329,2.42711,0.240074,-0.0839214,0.155529
1.75656e+09,0.00326272,0.382506,1.89402,2.42762,0.218735,-0.106342,0.155529
1.75656e+09,0.00354901,0.382166,1.89481,2.42806,0.218735,-0.106342,0.123571
1.75656e+09,0.00317769,0.382067,1.89534,2.42841,0.133547,-0.106342,0.108657
1.75656e+09,0.00320316,0.381941,1.89585,2.42874,0.133547,-0.0943355,0.105461
1.75656e+09,0.0033857,0.381197,1.89568,2.42903,0.133547,0.181594,0.0852211
1.75656e+09,0.00345477,0.380169,1.89574,2.4293,0.236254,0.181594,0.076699
1.75656e+09,0.00330333,0.379186,1.8958,2.42958,0.236254,0.181594,0.0852211
1.75656e+09,0.00385223,0.378232,1.89608,2.42991,0.236254,0.105455,0.0852211
1.75656e+09,0.00272588,0.378037,1.89667,2.43012,0.193644,-0.115259,0.076699
1.75656e+09,0.0034219,0.377803,1.89739,2.43037,0.189603,-0.115259,0.0756338
1.75656e+09,0.00330698,0.377599,1.89807,2.43062,0.181051,-0.115259,0.0756338
1.75656e+09,0.00329518,0.377165,1.89844,2.43083,0.17406,-0.000507654,0.0628506
1.75656e+09,0.00341964,0.376666,1.89872,2.43101,0.163909,0.0331458,0.0532632
1.75656e+09,0.00331622,0.376171,1.89889,2.43118,0.145302,0.0602833,0.0511327
1.75656e+09,0.0033322,0.375675,1.89905,2.43133,0.144536,0.0602833,0.0447411
1.75656e+09,0.0034133,0.375199,1.89919,2.43148,0.13188,0.0602833,0.0436758
1.75656e+09,0.00335081,0.374846,1.89932,2.43161,0.105318,0.0390147,0.0394148
1.75656e+09,0.00323399,0.374574,1.89952,2.4317,0.105318,0.00669425,0.0276969
1.75656e+09,0.00325983,0.374299,1.89973,2.43179,0.105318,0.00669425,0.0266316
1.75656e+09,0.0032926,0.373989,1.89997,2.43183,0.118296,0.00669425,0.0127832
1.75656e+09,0.00338481,0.373617,1.90015,2.43186,0.118296,0.0313337,0.00745685
1.75656e+09,0.00332355,0.373251,1.90033,2.43186,0.118296,0.0313337,0.00106526
1.75656e+09,0.00330357,0.373025,1.90037,2.43186,0.0600812,0.0347791,-0.00106526
1.75656e+09,0.00344576,0.372792,1.90041,2.43185,0.0600812,0.0340754,-0.00319579
1.75656e+09,0.00333871,0.372571,1.90046,2.43184,0.0600812,0.0313337,-0.00319579
1.75656e+09,0.00324336,0.37234,1.90054,2.43183,0.0690201,0.0292585,-0.00319579
1.75656e+09,0.00340394,0.372096,1.90062,2.43183,0.0690201,0.0292585,0
1.75656e+09,0.00338638,0.37187,1.90071,2.43183,0.0690201,0.0224656,0.00213053
1.75656e+09,0.00322106,0.371742,1.90075,2.43184,0.0381305,0.0164381,0.00213053
1.75656e+09,0.00333433,0.371605,1.90079,2.43185,0.0381305,0.0185611,0.00213053
1.75656e+09,0.00349517,0.371464,1.90083,2.43185,0.0381305,0.0175509,0.00213053
1.75656e+09,0.00350163,0.371307,1.9009,2.43187,0.0468314,0.0145654,0.00319579
1.75656e+09,0.003134,0.371173,1.90096,2.4319,0.0468314,0.0110963,0.00958738
1.75656e+09,0.00324923,0.371039,1.90104,2.43194,0.0468314,0.00854398,0.0127832
1.75656e+09,0.003261,0.371025,1.90102,2.43198,-0.00170565,0.00854398,0.0127832
1.75656e+09,0.0032199,0.371011,1.90099,2.43202,-0.00170565,0.00854398,0.0127832
1.75656e+09,0.0037098,0.370994,1.90096,2.43206,-0.00170565,0.00921185,0.00958738
1.75656e+09,0.00297631,0.370939,1.90096,2.43208,0.0143846,0.011772,0.00958738
1.75656e+09,0.00344707,0.370774,1.90104,2.43212,0.0509582,0.0140372,0.00958738
1.75656e+09,0.00339067,0.370596,1.90113,2.43216,0.0572299,0.0140372,0.0117179
1.75656e+09,0.00337871,0.370418,1.90122,2.4322,0.0572299,0.0140372,0.0117179
1.75656e+09,0.00316665,0.370259,1.90132,2.43223,0.0572299,0.0105443,0.0117179
1.75656e+09,0.0034357,0.370094,1.90141,2.43227,0.0539684,0.0105443,0.0117179
1.75656e+09,0.00333553,0.36995,1.90149,2.43232,0.0480743,0.0105443,0.0138484
1.75656e+09,0.0032749,0.369813,1.90156,2.43235,0.0459969,0.0105443,0.00852211
1.75656e+09,0.00338031,0.369692,1.90162,2.43237,0.0381874,0.0105443,0.00639159
1.75656e+09,0.0035879,0.36966,1.90163,2.43238,0.00893696,0.00319125,0.00426106
1.75656e+09,0.00305332,0.369682,1.9016,2.43239,-0.0122879,0.00319125,0.00106526
1.75656e+09,0.00336301,0.369716,1.90155,2.43239,-0.0160616,0.00319125,0.00106526
1.75656e+09,0.0032392,0.369769,1.90148,2.43241,-0.02692,0.00635105,0.00639159
1.75656e+09,0.00373493,0.369841,1.90139,2.43247,-0.0308435,0.00635105,0.0149137
1.75656e+09,0.00305273,0.369902,1.90131,2.43253,-0.0318476,0.00635105,0.02024
1.75656e+09,0.00317277,0.369991,1.90121,2.43262,-0.0415911,0.00525203,0.0287621
1.75656e+09,0.00338848,0.3701,1.90112,2.43274,-0.0415911,-0.000580674,0.0340885
1.75656e+09,0.00334426,0.370211,1.90104,2.43288,-0.0415911,-0.00266616,0.0415453
1.75656e+09,0.00334577,0.370341,1.90096,2.43302,-0.0439374,-0.00865476,0.0436758
1.75656e+09,0.00337449,0.370473,1.90089,2.4332,-0.0439374,-0.00865476,0.0532632
1.75656e+09,0.003344,0.370603,1.90081,2.43339,-0.0439374,-0.00865476,0.056459
1.75656e+09,0.00328761,0.370751,1.90073,2.4336,-0.0499656,-0.0107755,0.0628506
1.75656e+09,0.0033138,0.370904,1.90066,2.43384,-0.0499656,-0.0123443,0.0745685
1.75656e+09,0.00331793,0.371056,1.90058,2.43409,-0.0499656,-0.0123443,0.0745685
1.75656e+09,0.0035165,0.371186,1.90052,2.43435,-0.0392822,-0.0107755,0.0745685
1.75656e+09,0.00322618,0.371305,1.90046,2.4346,-0.0392822,-0.0107755,0.0756338
1.75656e+09,0.00322123,0.371417,1.9004,2.43484,-0.0392822,-0.00784716,0.0756338
1.75656e+09,0.00339831,0.371564,1.90031,2.43509,-0.0500868,-0.00784716,0.072438
1.75656e+09,0.00443936,0.371779,1.90022,2.4354,-0.0500868,-0.0157155,0.0703074
1.75656e+09,0.00221027,0.371885,1.90017,2.43554,-0.0500868,-0.0157155,0.0660464
1.75656e+09,0.00331549,0.372022,1.90009,2.43575,-0.0472987,-0.00784716,0.0607201
1.75656e+09,0.00333637,0.372148,1.9,2.43595,-0.0472987,-0.00292649,0.0596548
1.75656e+09,0.0034081,0.372235,1.89988,2.43612,-0.0409226,0.00882556,0.0511327
1.75656e+09,0.00329071,0.372318,1.89977,2.43627,-0.0409226,0.00882556,0.0468716
1.75656e+09,0.00334149,0.372434,1.89969,2.43643,-0.0427754,-0.00292649,0.0468716
1.75656e+09,0.00342404,0.372552,1.8996,2.43656,-0.0427754,-0.00292649,0.0383495
1.75656e+09,0.00326538,0.372653,1.89953,2.43669,-0.037259,-0.00407789,0.0383495
1.75656e+09,0.00336039,0.372773,1.89946,2.43679,-0.0420526,-0.00580286,0.0319579
1.75656e+09,0.00332683,0.37288,1.89939,2.43689,-0.037259,-0.00580286,0.0298274
1.75656e+09,0.00337743,0.372998,1.89935,2.43699,-0.0344866,-0.0133013,0.0298274
1.75656e+09,0.0031158,0.373125,1.89932,2.43708,-0.037259,-0.0191777,0.0276969
1.75656e+09,0.00360697,0.373251,1.8993,2.43719,-0.0294235,-0.0191777,0.0298274
1.75656e+09,0.00316082,0.373352,1.89928,2.43728,-0.0294235,-0.0149524,0.0287621
1.75656e+09,0.00336445,0.37346,1.89925,2.43738,-0.0294235,-0.0149524,0.0298274
1.75656e+09,0.00337852,0.373567,1.89922,2.43748,-0.0314392,-0.0119891,0.0287621
1.75656e+09,0.00340968,0.373664,1.89919,2.43757,-0.0271511,-0.0119891,0.0287621
1.75656e+09,0.00329126,0.373758,1.89916,2.43767,-0.0271511,-0.0119891,0.0287621
1.75656e+09,0.00323404,0.373853,1.89914,2.43777,-0.0271511,-0.0135515,0.0319579
1.75656e+09,0.0036441,0.373986,1.89909,2.43787,-0.0351806,-0.0148431,0.0276969
1.75656e+09,0.00301004,0.374076,1.89908,2.43797,-0.026751,-0.0148431,0.0319579
1.75656e+09,0.00334383,0.374177,1.89906,2.43808,-0.026751,-0.0148431,0.0319579
1.75656e+09,0.00320946,0.374273,1.89904,2.43818,-0.026751,-0.0148431,0.0319579
1.75656e+09,0.00351731,0.374371,1.89902,2.43828,-0.0244728,-0.0141945,0.0276969
1.75656e+09,0.00320549,0.37445,1.899,2.43837,-0.0223008,-0.0118698,0.0298274
1.75656e+09,0.00342256,0.374518,1.89899,2.43847,-0.0183699,-0.00925236,0.0287621
1.75656e+09,0.0033775,0.374572,1.89899,2.43857,-0.0114078,-0.0110251,0.0287621
1.75656e+09,0.00319024,0.374613,1.89899,2.43865,-0.00909614,-0.00925236,0.0255663
1.75656e+09,0.00338771,0.374656,1.899,2.43871,-0.0089216,-0.00901659,0.0181095
1.75656e+09,0.00325765,0.374693,1.899,2.43877,-0.0089216,-0.00687598,0.0170442
1.75656e+09,0.00339673,0.374726,1.89899,2.4388,-0.0089216,-0.00486742,0.00852211
1.75656e+09,0.00337168,0.374776,1.89896,2.43881,-0.0162238,-0.00339747,0.00319579
1.75656e+09,0.00337592,0.374828,1.89894,2.43882,-0.0162238,-0.00486742,0.00319579
1.75656e+09,0.00325444,0.374875,1.89891,2.43882,-0.0162238,-0.00339747,0.00213053
1.75656e+09,0.00350109,0.374903,1.89891,2.43882,-0.00624316,-0.00486742,-0.00213053
1.75656e+09,0.00327458,0.374925,1.89893,2.43881,-0.00238574,-0.00758275,-0.00213053
1.75656e+09,0.00328642,0.374948,1.89894,2.4388,-0.00238574,-0.00779076,-0.00213053
1.75656e+09,0.003362,0.374971,1.89896,2.43878,-0.00238574,-0.00779076,-0.00532632
1.75656e+09,0.00328789,0.374993,1.89897,2.43876,-0.00238574,-0.00779076,-0.00745685
1.75656e+09,0.00333003,0.375029,1.89899,2.43874,-0.00492671,-0.0105795,-0.00745685
1.75656e+09,0.00333135,0.37506,1.89899,2.43871,-0.00597112,-0.00779076,-0.00745685
1.75656e+09,0.00341377,0.375085,1.89899,2.43869,-0.00597112,-0.00416742,-0.00532632
1.75656e+09,0.00328613,0.375107,1.89899,2.43867,-0.00597112,-0.00333154,-0.00745685
1.75656e+09,0.00366293,0.375132,1.89898,2.43866,-0.00597112,-0.00333154,-0.00213053
1.75656e+09,0.00296042,0.375149,1.89898,2.43865,-0.00485578,-0.00333154,-0.00213053
1.75656e+09,0.00336918,0.375166,1.89899,2.43867,-0.00172987,-0.00557916,0.00639159
1.75656e+09,0.00314635,0.375177,1.89901,2.43871,0.000371816,-0.00611445,0.0106526
1.75656e+09,0.00352996,0.37519,1.89902,2.43875,0.000371816,-0.00611445,0.0127832
1.75656e+09,0.0032005,0.375176,1.89906,2.43879,0.0104381,-0.00557916,0.0127832
1.75656e+09,0.00337675,0.375159,1.89909,2.43887,0.0104381,-0.00427057,0.0234358
1.75656e+09,0.00347698,0.375126,1.89911,2.43896,0.0104381,0.00235753,0.0234358
1.75656e+09,0.00338716,0.375095,1.89913,2.43902,0.0100271,0.00235753,0.0191748
1.75656e+09,0.00321789,0.375065,1.89914,2.43906,0.0100271,0.00225398,0.0138484
1.75656e+09,0.00317091,0.375037,1.89916,2.43911,0.00989104,0.00225398,0.0138484
1.75656e+09,0.00350046,0.375018,1.89919,2.43916,0.00989104,-0.00356994,0.0138484
1.75656e+09,0.00333169,0.375006,1.89922,2.4392,0.00978165,-0.00557394,0.0138484
1.75656e+09,0.00335686,0.374995,1.89926,2.43924,0.00899386,-0.00557394,0.0106526
1.75656e+09,0.00332103,0.374994,1.89928,2.43924,0.00509825,-0.00557394,0.00106526
1.75656e+09,0.00315167,0.374979,1.8993,2.43926,0.00671971,-0.000938791,0.00532632
1.75656e+09,0.00357073,0.374968,1.89931,2.43928,0.00509825,-0.000938791,0.00532632
1.75656e+09,0.00330643,0.374961,1.89932,2.43928,0.00342906,-0.000938791,0.00106526
1.75656e+09,0.00347723,0.374958,1.89934,2.43928,0.00342906,-0.00256793,-0.00106526
1.75656e+09,0.00317636,0.374947,1.89936,2.43927,0.00671971,-0.00256793,-0.00213053
1.75656e+09,0.00323461,0.374929,1.89939,2.43926,0.0110498,-0.00442631,-0.00319579
1.75656e+09,0.0033229,0.374908,1.89943,2.43924,0.0118417,-0.00442631,-0.00532632
1.75656e+09,0.00348802,0.374875,1.89945,2.43922,0.0118417,0.000693502,-0.00639159
1.75656e+09,0.00325495,0.374841,1.89947,2.4392,0.0118417,0.00225483,-0.00639159
1.75656e+09,0.00330694,0.374824,1.89948,2.43918,0.00624544,0.000693502,-0.00532632
1.75656e+09,0.00345379,0.37482,1.89948,2.43918,0.00060495,0.000693502,-0.00213053
1.75656e+09,0.00332539,0.374818,1.89948,2.43919,0.000530867,0.000693502,0.00532632
1.75656e+09,0.00351,0.374816,1.89947,2.43921,-0.00218189,0.00327999,0.00532632
1.75656e+09,0.00310274,0.374822,1.89946,2.43923,-0.00334503,0.00110025,0.00532632
1.75656e+09,0.0032322,0.374823,1.89944,2.43926,-0.00334503,0.00327999,0.00852211
1.75656e+09,0.00329197,0.374825,1.89943,2.43929,-0.00334503,0.00327999,0.00958738
1.75656e+09,0.00344099,0.374817,1.89943,2.43932,0.00196518,0.00110025,0.0106526
1.75656e+09,0.00350688,0.374809,1.89943,2.43936,0.00196518,0.00110025,0.0106526
1.75656e+09,0.00352657,0.374798,1.89943,2.4394,0.00196518,0.00272909,0.0106526
1.75656e+09,0.0030982,0.374807,1.89942,2.43945,-0.00478645,0.000914266,0.0149137
1.75656e+09,0.00322297,0.374817,1.8994,2.43949,-0.00478645,0.000914266,0.0149137
1.75656e+09,0.00326246,0.374827,1.89939,2.43952,-0.00478645,0.000914266,0.00745685
1.75656e+09,0.00335064,0.374829,1.89941,2.43955,0.0026608,-0.0039619,0.0106526
1.75656e+09,0.0033078,0.374829,1.89942,2.43959,0.00325784,-0.0039619,0.0106526
1.75656e+09,0.00341117,0.374829,1.89944,2.43961,0.00325784,-0.0039619,0.00745685
1.75656e+09,0.00326589,0.37482,1.89945,2.43964,0.00325784,0.00065052,0.00745685
1.75656e+09,0.00346144,0.374818,1.89944,2.43965,-0.000400587,0.0011545,0.00213053
1.75656e+09,0.00331851,0.374817,1.89944,2.43965,-0.000400587,0.0011545,0.00213053
1.75656e+09,0.0033431,0.374819,1.89944,2.43964,-0.0011896,0.00065052,-0.00426106
1.75656e+09,0.00307606,0.37482,1.89943,2.43962,-0.00122252,0.00065052,-0.00745685
1.75656e+09,0.00331389,0.374827,1.89943,2.43958,-0.0011896,-0.0016138,-0.00958738
1.75656e+09,0.0034842,0.374835,1.89944,2.43955,-0.0011896,-0.00232523,-0.00958738
1.75656e+09,0.00330647,0.37485,1.89945,2.43951,-0.00122252,-0.00575792,-0.0127832
1.75656e+09,0.00341963,0.374874,1.89944,2.43946,-0.007031,-0.00232523,-0.0127832
1.75656e+09,0.00340091,0.374907,1.89944,2.43942,-0.007031,-0.00666334,-0.0127832
1.75656e+09,0.00325609,0.374938,1.89944,2.43938,-0.007031,-0.00666334,-0.0127832
1.75656e+09,0.00337528,0.374957,1.89946,2.43934,-0.00168576,-0.00666334,-0.0106526
1.75656e+09,0.00330586,0.374976,1.89947,2.43934,-0.00168576,-0.00692141,0
1.75656e+09,0.00335227,0.374995,1.89948,2.43935,-0.00162209,-0.00692141,0.00319579
1.75656e+09,0.0033611,0.375007,1.89949,2.43939,-0.00168576,-0.00339926,0.0106526
1.75656e+09,0.00340341,0.375038,1.89951,2.43943,-0.00327996,-0.0100208,0.0127832
1.75656e+09,0.00310754,0.375067,1.89952,2.43947,-0.00402745,-0.0100208,0.0127832
1.75656e+09,0.00352466,0.375091,1.89953,2.43953,-0.00344821,-0.00623932,0.0149137
1.75656e+09,0.00326676,0.375114,1.89954,2.43958,-0.00374806,-0.006699,0.0181095
1.75656e+09,0.00333051,0.375138,1.89955,2.43966,-0.00374806,-0.006699,0.0223706
1.75656e+09,0.00318699,0.375168,1.89955,2.43973,-0.00717402,-0.00623932,0.0234358
1.75656e+09,0.00342434,0.375181,1.89955,2.43983,-0.00374806,-0.00122167,0.0266316
1.75656e+09,0.0033969,0.375193,1.89954,2.4399,-0.00374806,-0.00122167,0.0234358
1.75656e+09,0.00319238,0.375209,1.89953,2.43998,-0.00551893,-0.000917716,0.0223706
1.75656e+09,0.00347225,0.375225,1.89952,2.44004,-0.00551893,-0.000917716,0.0170442
1.75656e+09,0.00323815,0.375235,1.89952,2.44008,-0.0031118,-0.000917716,0.0138484
1.75656e+09,0.00337263,0.375252,1.89951,2.44011,-0.00551893,-0.00146473,0.00958738
1.75656e+09,0.0034483,0.37527,1.8995,2.44015,-0.00551893,-0.00146473,0.00958738
1.75656e+09,0.00331492,0.375288,1.89951,2.44018,-0.0031118,-0.00455222,0.00958738
1.75656e+09,0.00330709,0.375305,1.89951,2.44021,-0.0031118,-0.00455222,0.00958738
1.75656e+09,0.00328612,0.375317,1.89952,2.44023,-0.00065416,-0.00455222,0.00745685
1.75656e+09,0.00336935,0.375328,1.89953,2.44026,-0.00065416,-0.00455222,0.00745685
1.75656e+09,0.00331403,0.375338,1.89954,2.44028,-0.00030802,-0.00431385,0.00532632
1.75656e+09,0.00333695,0.375347,1.89955,2.44026,0.000110141,-0.00431385,-0.00532632
1.75656e+09,0.00318419,0.375353,1.89956,2.44023,0.000712651,-0.00347243,-0.00745685
1.75656e+09,0.00332735,0.375357,1.89957,2.44022,0.000161984,-0.00238435,-0.00532632
1.75656e+09,0.00325587,0.375362,1.89957,2.4402,0.000161984,-0.00238435,-0.00532632
1.75656e+09,0.00362593,0.375373,1.89959,2.44018,0.000110141,-0.00465178,-0.00426106
1.75656e+09,0.00364096,0.375396,1.89958,2.44017,-0.00642619,-0.00238435,-0.00426106
1.75656e+09,0.00296666,0.375426,1.89957,2.44016,-0.00915885,-0.00465178,-0.00319579
1.75656e+09,0.00338027,0.375459,1.89956,2.44015,-0.00915885,-0.00465178,-0.00319579
1.75656e+09,0.00335221,0.375487,1.89955,2.44014,-0.00915885,-0.00168076,-0.00213053
1.75656e+09,0.00321713,0.375503,1.89954,2.44014,-0.00539145,-0.00168076,0.00106526
1.75656e+09,0.00333715,0.375524,1.89954,2.44016,-0.0050399,-0.00384321,0.00426106
1.75656e+09,0.00332437,0.375541,1.89953,2.44018,-0.0050399,-0.00168076,0.00639159
1.75656e+09,0.0033148,0.375556,1.89953,2.44023,-0.00444065,-0.00168076,0.015979
1.75656e+09,0.00333558,0.375559,1.89953,2.44029,-0.000663748,-0.000833628,0.015979
1.75656e+09,0.00339677,0.375566,1.89951,2.44035,-0.00444065,0.00226725,0.0181095
1.75656e+09,0.00338375,0.375576,1.8995,2.4404,-0.00591039,0.00226725,0.015979
1.75656e+09,0.00314998,0.375586,1.89948,2.44045,-0.00591039,0.00226725,0.0149137
1.75656e+09,0.00351873,0.375602,1.89946,2.4405,-0.00591039,9.12109e-06,0.0149137
1.75656e+09,0.00326474,0.375616,1.89945,2.44055,-0.00591039,9.12109e-06,0.0149137
1.75656e+09,0.00372805,0.375631,1.89944,2.44059,-0.00417317,-0.00110263,0.00958738
1.75656e+09,0.00287721,0.375634,1.89944,2.44061,-0.00164175,9.12109e-06,0.00852211
1.75656e+09,0.00342303,0.375631,1.89943,2.44061,-0.00164175,0.00367568,0
1.75656e+09,0.00317379,0.375631,1.89941,2.4406,-0.00329803,0.00367568,-0.00213053
1.75656e+09,0.00336361,0.375633,1.8994,2.44058,-0.00235305,0.00167973,-0.00745685
1.75656e+09,0.00350583,0.375636,1.89939,2.44055,-0.00235305,0.00167973,-0.00745685
1.75656e+09,0.00343879,0.375641,1.89938,2.44052,-0.00329803,0.00166593,-0.0106526
1.75656e+09,0.00318572,0.375647,1.89937,2.44048,-0.00329803,0.00117018,-0.0106526
1.75656e+09,0.00334351,0.375662,1.89937,2.44044,-0.00425592,-0.00195116,-0.0127832
1.75656e+09,0.00327754,0.37568,1.89936,2.44039,-0.00557098,-0.00195116,-0.0149137
1.75656e+09,0.00551389,0.375717,1.89933,2.44031,-0.00848241,-0.000327483,-0.0149137
1.75656e+09,0.00115507,0.375727,1.89933,2.44029,-0.00848241,-0.00361471,-0.015979
1.75656e+09,0.00318591,0.375755,1.89932,2.44024,-0.00848241,-0.00361471,-0.015979
1.75656e+09,0.00333251,0.375771,1.89932,2.44019,-0.00375106,-0.00307177,-0.015979
1.75656e+09,0.00346842,0.375788,1.89932,2.44016,-0.00375106,-0.00307177,-0.00852211
1.75656e+09,0.00335281,0.375804,1.89932,2.44015,-0.00375106,-0.00307177,-0.00319579
1.75656e+09,0.00320278,0.37582,1.89932,2.44015,-0.00375106,-0.00307177,0.00213053
1.75656e+09,0.00335366,0.375846,1.89931,2.44017,-0.00804683,-0.0028037,0.00426106
1.75656e+09,0.00341487,0.37587,1.89929,2.44018,-0.00804683,-0.00111127,0.00532632
1.75656e+09,0.00333394,0.375884,1.89929,2.4402,-0.00394408,-0.00200458,0.00532632
1.75656e+09,0.00340703,0.375892,1.89929,2.44026,-0.00210225,-0.000921871,0.0170442
1.75656e+09,0.00341749,0.375904,1.89928,2.44032,-0.00394408,-0.000921871,0.0170442
1.75656e+09,0.00308327,0.375917,1.89928,2.44038,-0.00394408,-0.00200458,0.02024
1.75656e+09,0.00386909,0.375934,1.89928,2.44045,-0.00394408,-0.00214364,0.0170442
1.75656e+09,0.00309975,0.375939,1.89928,2.4405,-0.000233819,-0.00214364,0.0170442
1.75656e+09,0.00329928,0.375953,1.8993,2.44055,-0.000233819,-0.0064107,0.015979
1.75656e+09,0.00317969,0.375965,1.89931,2.4406,0.000626751,-0.0064107,0.0149137
1.75656e+09,0.00330076,0.375978,1.89933,2.44065,0.000626751,-0.00692553,0.0149137
1.75656e+09,0.00321996,0.375992,1.89935,2.44069,0.0010534,-0.00776537,0.0127832
1.75656e+09,0.00340083,0.375991,1.89939,2.44073,0.0066825,-0.00776537,0.0106526
1.75656e+09,0.00342098,0.376004,1.89941,2.44076,0.0010534,-0.00692553,0.0106526
1.75656e+09,0.00332963,0.376026,1.89943,2.44076,-0.000164963,-0.0101084,-0.00213053
1.75656e+09,0.00321704,0.376049,1.89946,2.44071,-0.00128091,-0.00969,-0.0138484
1.75656e+09,0.00336924,0.376074,1.89945,2.44066,-0.006959,-0.00308807,-0.0138484
1.75656e+09,0.00320933,0.376094,1.89944,2.44062,-0.006959,-0.00133656,-0.0138484
1.75656e+09,0.00347527,0.376121,1.89943,2.44057,-0.006959,-0.00400791,-0.0149137
1.75656e+09,0.00338623,0.376137,1.89942,2.44052,-0.00515197,-0.00133656,-0.0138484
1.75656e+09,0.00321321,0.37615,1.89942,2.44048,-0.00412254,-0.00133656,-0.0127832
1.75656e+09,0.003513,0.376161,1.89942,2.44044,-0.00217012,-0.00237684,-0.0127832
1.75656e+09,0.00336725,0.376176,1.89943,2.4404,-0.00217012,-0.00400791,-0.0117179
1.75656e+09,0.00311563,0.376195,1.89943,2.44037,-0.00412254,-0.00465858,-0.00958738
1.75656e+09,0.00342285,0.376216,1.89943,2.44037,-0.00412254,-0.00465858,0.00106526
1.75656e+09,0.00326116,0.376236,1.89943,2.44038,-0.00424064,-0.00465858,0.00319579
1.75656e+09,0.00353965,0.376258,1.89944,2.4404,-0.00424064,-0.00465858,0.00532632
1.75656e+09,0.00323977,0.376273,1.89944,2.44042,-0.00378713,-0.00253041,0.00745685
1.75656e+09,0.00348068,0.376271,1.89945,2.44046,0.00291022,-0.00253041,0.0106526
1.75656e+09,0.00314257,0.376274,1.89948,2.44051,0.00638669,-0.00904052,0.015979
1.75656e+09,0.00314818,0.376277,1.89952,2.44058,0.00638669,-0.00904052,0.0213053
1.75656e+09,0.00363344,0.376269,1.89954,2.44066,0.00638669,-0.00406166,0.0213053
1.75656e+09,0.00319767,0.376256,1.89957,2.44072,0.00872911,-0.00406166,0.0213053
1.75656e+09,0.0033934,0.37626,1.89959,2.4408,0.00170194,-0.00404475,0.0213053
1.75656e+09,0.00338552,0.376269,1.8996,2.44086,6.60412e-05,-0.00404475,0.0181095
1.75656e+09,0.00331458,0.376273,1.89961,2.44091,0.00170194,-0.00404475,0.0149137
1.75656e+09,0.00328682,0.376262,1.89963,2.44096,0.00661271,-0.0025407,0.0149137
1.75656e+09,0.00333713,0.376251,1.89965,2.441,0.00661271,-0.0025407,0.0138484
1.75656e+09,0.00322725,0.376224,1.89965,2.44103,0.00661271,0.00517335,0.00745685
1.75656e+09,0.00335802,0.376195,1.89965,2.44104,0.00661271,0.00517335,0.00319579
1.75656e+09,0.00343626,0.376174,1.89965,2.44104,0.00384993,0.00517335,0.00213053
1.75656e+09,0.00342507,0.376171,1.89965,2.44104,0.000114269,0.0011161,-0.00213053
1.75656e+09,0.00301542,0.376172,1.89964,2.44102,-0.00154514,0.0011161,-0.00532632
1.75656e+09,0.00356383,0.376177,1.89964,2.44097,-0.00154514,7.2604e-05,-0.0127832
1.75656e+09,0.00319141,0.376172,1.89965,2.44092,0.00327967,-0.00176965,-0.0170442
1.75656e+09,0.00341419,0.376182,1.89965,2.44086,-0.00211359,-0.00176965,-0.0170442
1.75656e+09,0.00322814,0.376202,1.89966,2.44082,-0.00211359,-0.00718749,-0.0127832
1.75656e+09,0.00376224,0.376247,1.89967,2.44078,-0.00833795,-0.0089594,-0.0106526
1.75656e+09,0.00300911,0.376287,1.89967,2.44075,-0.00965791,-0.0089594,-0.0106526
1.75656e+09,0.00342029,0.376332,1.89967,2.44071,-0.00965791,-0.0089594,-0.0106526
1.75656e+09,0.00332864,0.376376,1.89967,2.44068,-0.00965791,-0.0089594,-0.0106526
1.75656e+09,0.00349415,0.376408,1.89969,2.44065,-0.00440025,-0.0089594,-0.00745685
1.75656e+09,0.00318196,0.376417,1.89972,2.44063,0.0040045,-0.00934023,-0.00639159
1.75656e+09,0.00339108,0.376416,1.89974,2.44061,0.0040045,-0.00402182,-0.00532632
1.75656e+09,0.00311159,0.376414,1.89976,2.44061,0.00399247,-0.00402182,0
1.75656e+09,0.00346786,0.376413,1.89977,2.44064,0.00399247,-0.00402182,0.00852211
1.75656e+09,0.00322252,0.376416,1.89979,2.44067,0.00232813,-0.00458384,0.00958738
1.75656e+09,0.00332617,0.376422,1.89981,2.44072,0.00160209,-0.00458384,0.0127832
1.75656e+09,0.00339814,0.376434,1.89982,2.44076,-0.000818571,-0.00458384,0.0138484
1.75656e+09,0.00330891,0.37644,1.89983,2.44081,0.00160209,-0.00458384,0.0138484
1.75656e+09,0.00335703,0.376445,1.89985,2.44085,0.00160209,-0.0043238,0.0138484
1.75656e+09,0.00334491,0.376449,1.89986,2.44086,0.00160209,-0.00363683,0.00213053
1.75656e+09,0.00341099,0.376452,1.89986,2.44087,0.000148875,-0.00161959,0.00106526
1.75656e+09,0.00316077,0.376451,1.89987,2.44086,0.00188065,-0.00161959,-0.00106526
1.75656e+09,0.00348726,0.376451,1.89987,2.44086,0.000148875,-0.00012967,-0.00106526
1.75656e+09,0.0031672,0.376462,1.89987,2.44084,-0.00307384,-0.00161959,-0.00532632
1.75656e+09,0.00341599,0.376475,1.89987,2.44081,-0.00307384,-0.00223296,-0.00958738
1.75656e+09,0.00338725,0.376474,1.89988,2.44077,0.00197898,-0.00223296,-0.0127832
1.75656e+09,0.00361882,0.376463,1.8999,2.44071,0.00595459,-0.00213573,-0.015979
1.75656e+09,0.00307089,0.376453,1.89991,2.44065,0.00595459,-0.00223296,-0.0191748
1.75656e+09,0.00332273,0.376448,1.89994,2.4406,0.00595459,-0.00476138,-0.015979
1.75656e+09,0.00344264,0.376449,1.89997,2.44054,0.00528635,-0.00669951,-0.015979
1.75656e+09,0.00305694,0.376468,1.89999,2.44048,0.000702303,-0.0104233,-0.0191748
1.75656e+09,0.00337448,0.376489,1.90002,2.44041,0.000702303,-0.0104233,-0.02024
1.75656e+09,0.00347015,0.376515,1.90005,2.44037,-0.000892845,-0.0104233,-0.0117179
1.75656e+09,0.00315254,0.376534,1.90008,2.44034,0.000702303,-0.0104233,-0.0117179
1.75656e+09,0.00332925,0.376543,1.9001,2.4403,0.00360588,-0.00846351,-0.0117179
1.75656e+09,0.00345534,0.376552,1.90014,2.44026,0.00389311,-0.00846351,-0.0117179
1.75656e+09,0.00342258,0.376561,1.90017,2.44022,0.00360588,-0.00846351,-0.0117179
1.75656e+09,0.00319025,0.376566,1.90019,2.44019,0.00369544,-0.0069169,-0.00958738
1.75656e+09,0.00337592,0.376566,1.90021,2.44015,0.00369544,-0.0041439,-0.00958738
1.75656e+09,0.00333888,0.376585,1.90021,2.44015,-0.00388774,-0.0041439,-0.00106526
1.75656e+09,0.00318036,0.376596,1.90021,2.44018,-0.00388774,-0.00108041,0.00852211
1.75656e+09,0.00370746,0.376618,1.90021,2.44021,-0.00397477,-0.0041439,0.00958738
1.75656e+09,0.00325337,0.376641,1.90021,2.44025,-0.00586828,-0.0041439,0.0117179
1.75656e+09,0.0033043,0.376656,1.90019,2.44029,-0.00586828,-0.00011588,0.0117179
1.75656e+09,0.00311626,0.376661,1.90019,2.44034,-0.00220353,-0.00011588,0.015979
1.75656e+09,0.00335087,0.376686,1.90018,2.44039,-0.00659221,-0.00357943,0.015979
1.75656e+09,0.00327093,0.376707,1.90018,2.44043,-0.00532587,-0.00357943,0.0117179
1.75656e+09,0.00344683,0.376718,1.90019,2.44047,-0.00135765,-0.00357943,0.0106526
1.75656e+09,0.00349251,0.376728,1.9002,2.44049,-0.000664399,-0.00357943,0.00745685
1.75656e+09,0.00340214,0.376722,1.90021,2.44052,0.00383891,-0.00159776,0.00639159
1.75656e+09,0.00336993,0.376715,1.90022,2.44054,0.00383891,-0.00159776,0.00639159
1.75656e+09,0.00311839,0.376709,1.90023,2.44055,0.00383891,-0.00159776,0.00319579
1.75656e+09,0.00328839,0.376707,1.90025,2.44054,0.00383891,-0.00328468,-0.00319579
1.75656e+09,0.00334029,0.376721,1.90026,2.44053,-0.00166859,-0.00467805,-0.00319579
1.75656e+09,0.00333667,0.376741,1.90026,2.4405,-0.0036778,-0.00467805,-0.00745685
1.75656e+09,0.00322004,0.376752,1.90027,2.44048,-0.00166859,-0.00328468,-0.00745685
1.75656e+09,0.00366538,0.376759,1.90027,2.44045,-0.00148132,-0.00123928,-0.00852211
1.75656e+09,0.00320742,0.376765,1.90027,2.44042,-0.00166859,-0.00123928,-0.00852211
1.75656e+09,0.0033356,0.376772,1.90027,2.44039,-0.00148132,-0.00123928,-0.00852211
1.75656e+09,0.00314819,0.376766,1.90027,2.44036,0.00317847,-0.000864097,-0.00852211
1.75656e+09,0.00335973,0.376769,1.9003,2.44033,0.00317847,-0.00540559,-0.00852211
1.75656e+09,0.00347807,0.376783,1.90031,2.4403,-0.000134099,-0.006035,-0.00852211
1.75656e+09,0.0032299,0.376795,1.90033,2.44029,-0.000134099,-0.00570896,-0.00319579
1.75656e+09,0.00342332,0.376822,1.90033,2.44029,-0.00516465,-0.00570896,0
1.75656e+09,0.00332186,0.376851,1.90033,2.4403,-0.00681109,-0.00570896,0.00213053
1.75656e+09,0.00321567,0.37688,1.90033,2.44032,-0.00709217,-0.00570896,0.00639159
1.75656e+09,0.00348668,0.376912,1.90033,2.44036,-0.00709217,-0.00570896,0.00958738
1.75656e+09,0.00329619,0.376945,1.90033,2.4404,-0.00709217,-0.00702802,0.0127832
1.75656e+09,0.0032926,0.376941,1.90035,2.44044,0.00572593,-0.0048325,0.0138484
1.75656e+09,0.00324247,0.376937,1.90039,2.44049,0.00754287,-0.00702802,0.0138484
1.75656e+09,0.00340708,0.376933,1.90042,2.44056,0.00754287,-0.00702802,0.02024
1.75656e+09,0.00340777,0.376928,1.90045,2.44063,0.00651937,-0.00543045,0.02024
1.75656e+09,0.00337623,0.376921,1.90048,2.44069,0.00651937,-0.00469744,0.0181095
1.75656e+09,0.00330127,0.376915,1.9005,2.44075,0.00651937,-0.00469744,0.0181095
1.75656e+09,0.00320461,0.376907,1.90052,2.4408,0.00604928,-0.00348475,0.015979
1.75656e+09,0.00334581,0.376907,1.90054,2.44083,0.00287632,-0.00348475,0.0106526
1.75656e+09,0.00344002,0.376907,1.90055,2.44087,0.00287632,-0.00348475,0.0106526
1.75656e+09,0.00316201,0.376922,1.90057,2.4409,-0.000138999,-0.00731203,0.00852211
1.75656e+09,0.00349819,0.376943,1.90059,2.44091,-0.0015234,-0.00731203,0.00426106
1.75656e+09,0.00317241,0.376958,1.90061,2.44092,-0.000138999,-0.00731203,0.00319579
1.75656e+09,0.00365294,0.376966,1.90061,2.44093,8.29434e-05,-0.0033146,0.00106526
1.75656e+09,0.00320239,0.376973,1.90062,2.44092,8.29434e-05,-0.0033146,-0.00106526
1.75656e+09,0.00373371,0.376964,1.90065,2.44092,0.00572429,-0.0033146,-0.00106526
1.75656e+09,0.00278539,0.376962,1.90067,2.4409,0.00572429,-0.00555872,-0.00639159
1.75656e+09,0.00341386,0.376961,1.90069,2.44085,0.00519344,-0.00555872,-0.0149137
1.75656e+09,0.00338201,0.376959,1.90072,2.44082,0.00572429,-0.00596465,-0.00852211
1.75656e+09,0.00350947,0.37695,1.90076,2.44079,0.00809449,-0.00555872,-0.00852211
1.75656e+09,0.00310811,0.376936,1.90077,2.44077,0.0060798,-0.000122751,-0.00852211
1.75656e+09,0.00320023,0.376921,1.90078,2.44074,0.0060798,-0.000122751,-0.00639159
1.75656e+09,0.00349622,0.376917,1.90081,2.44075,0.0060798,-0.0054884,0.00106526
1.75656e+09,0.00335608,0.376908,1.90082,2.44076,0.00360579,-0.000122751,0.00319579
1.75656e+09,0.00317285,0.376912,1.90084,2.44079,0.00319196,-0.0054884,0.00852211
1.75656e+09,0.00349646,0.376938,1.90086,2.44082,-0.00105323,-0.0105449,0.00958738
1.75656e+09,0.00319456,0.376952,1.90087,2.44085,-0.00105323,-0.0054884,0.00852211
1.75656e+09,0.00321327,0.376966,1.90088,2.44088,-0.00295815,-0.00312917,0.00958738
1.75656e+09,0.0033947,0.377005,1.9009,2.44092,-0.00478355,-0.0120574,0.0117179
1.75656e+09,0.00344454,0.377035,1.90092,2.44097,-0.00295815,-0.010294,0.0138484
1.75656e+09,0.00339715,0.377042,1.90093,2.44101,6.0039e-05,-0.00312917,0.0138484
1.75656e+09,0.00369476,0.377036,1.90091,2.44106,-0.00180461,0.00471515,0.0138484
1.75656e+09,0.00292447,0.377039,1.90093,2.4411,0.00339176,-0.00559328,0.0138484
1.75656e+09,0.00335589,0.377026,1.90093,2.44115,0.00414335,0.00100958,0.0138484
1.75656e+09,0.00324115,0.377007,1.90093,2.4412,0.00414335,0.00429432,0.0138484
1.75656e+09,0.00334753,0.37699,1.90093,2.44124,0.00339176,0.00372982,0.0138484
1.75656e+09,0.00322171,0.376978,1.90093,2.44129,0.00414335,0.00100958,0.0138484
1.75656e+09,0.00343835,0.37696,1.90095,2.44129,0.00604927,0.00100958,0.00213053
1.75656e+09,0.00349013,0.376947,1.90096,2.44129,0.00604927,-0.00155246,-0.00213053
1.75656e+09,0.00329887,0.376935,1.90099,2.44126,0.00823003,-0.00409705,-0.00745685
1.75656e+09,0.00319251,0.376923,1.90102,2.44124,0.00823003,-0.00409705,-0.00745685
1.75656e+09,0.00336291,0.376907,1.90104,2.4412,0.00753558,-0.00155246,-0.0117179
1.75656e+09,0.00336499,0.376897,1.90105,2.44116,0.00526299,-0.00155246,-0.0117179
1.75656e+09,0.00337988,0.376887,1.90108,2.44112,0.00753558,-0.00445896,-0.0117179
1.75656e+09,0.00333055,0.376876,1.9011,2.44108,0.00526299,-0.000778887,-0.0127832
1.75656e+09,0.00332841,0.376874,1.9011,2.44102,0.00132913,-0.000778887,-0.0181095
1.75656e+09,0.00319273,0.376879,1.9011,2.44097,-0.00155309,-0.000778887,-0.0149137
1.75656e+09,0.00347589,0.376885,1.9011,2.44092,-0.00155309,-0.000778887,-0.0149137
1.75656e+09,0.00328203,0.376895,1.90109,2.44087,-0.00327522,-0.000778887,-0.0149137
1.75656e+09,0.00325974,0.3769,1.90109,2.44084,-0.00155309,-0.0007749,-0.00958738
1.75656e+09,0.00337426,0.376898,1.9011,2.44082,0.00244693,-0.00187313,-0.00532632
1.75656e+09,0.00345821,0.376896,1.90111,2.4408,0.00244693,-0.00187313,-0.00532632
1.75656e+09,0.00326725,0.376892,1.90112,2.4408,0.00334117,-0.00187313,0.00106526
1.75656e+09,0.0033711,0.376886,1.90114,2.44081,0.0042565,-0.00258893,0.00213053
1.75656e+09,0.00334022,0.376883,1.90115,2.44082,0.00334117,-0.00258893,0.00213053
1.75656e+09,0.0035188,0.376891,1.90116,2.44083,-0.000730148,-0.00258893,0.00426106
1.75656e+09,0.00312382,0.376898,1.90116,2.44085,-0.000527252,-0.00258893,0.00532632
1.75656e+09,0.003262,0.376892,1.90115,2.44088,-0.000527252,0.00348602,0.00852211
1.75656e+09,0.00336402,0.376885,1.90114,2.44091,-0.000527252,0.00348602,0.0106526
1.75656e+09,0.00329548,0.376862,1.90115,2.44096,0.00621809,0.00348602,0.0127832
1.75656e+09,0.00327137,0.376831,1.90115,2.441,0.00850058,0.00453684,0.0127832
1.75656e+09,0.00332187,0.3768,1.90116,2.44104,0.00850058,0.00453684,0.0127832
1.75656e+09,0.00341133,0.376766,1.90117,2.44104,0.00863507,0.00505268,0.00106526
1.75656e+09,0.00362107,0.376731,1.90117,2.44104,0.00863507,0.00505268,0
1.75656e+09,0.00314316,0.376712,1.90118,2.44104,0.00595007,0.00225797,0
1.75656e+09,0.00328164,0.376698,1.90119,2.44104,0.00491005,0.0005315,0
1.75656e+09,0.00335307,0.376698,1.9012,2.44104,0.00295363,-0.00320059,0
1.75656e+09,0.00325102,0.376712,1.90123,2.44103,0.00295363,-0.0101127,-0.00532632
1.75656e+09,0.00338811,0.376722,1.90126,2.441,0.00295363,-0.00813017,-0.00745685
1.75656e+09,0.00319574,0.376731,1.90129,2.44098,0.00295363,-0.00813017,-0.00745685
1.75656e+09,0.00335977,0.37673,1.90131,2.44094,0.00441081,-0.00442045,-0.00958738
1.75656e+09,0.00386083,0.376722,1.90134,2.44091,0.00617034,-0.00442045,-0.00958738
1.75656e+09,0.00300526,0.37672,1.90135,2.44088,0.00441081,-0.00388091,-0.00958738
1.75656e+09,0.0032587,0.376729,1.90135,2.44085,-0.0022128,-0.00181566,-0.00958738
1.75656e+09,0.00330566,0.376722,1.90137,2.44082,0.00441081,-0.00181566,-0.00958738
1.75656e+09,0.00344686,0.376722,1.90138,2.4408,0.00138321,-0.00181566,-0.00426106
1.75656e+09,0.00303942,0.376736,1.90138,2.44079,-0.00267144,-0.00388091,-0.00426106
1.75656e+09,0.00359002,0.376736,1.90139,2.44078,0.00138321,-0.00181566,-0.00213053
1.75656e+09,0.00337265,0.376742,1.9014,2.44078,0.00164625,-0.00460974,0.00106526
1.75656e+09,0.00345,0.376742,1.90141,2.44079,0.00164625,-0.00204972,0.00106526
1.75656e+09,0.00308197,0.376741,1.90142,2.4408,0.00216122,-0.00204972,0.00532632
1.75656e+09,0.00342679,0.376731,1.90143,2.44083,0.00289221,0.00110565,0.00639159
1.75656e+09,0.00315011,0.376717,1.90142,2.44086,0.00289221,0.00380551,0.00958738
1.75656e+09,0.00349739,0.376698,1.90142,2.44089,0.00289221,0.00491874,0.00958738
1.75656e+09,0.00343758,0.376688,1.9014,2.44094,-0.000568931,0.00491874,0.0149137
1.75656e+09,0.00339689,0.376684,1.90139,2.44099,-0.00201169,0.00440857,0.0149137
1.75656e+09,0.00328412,0.376688,1.90136,2.44104,-0.00540504,0.00440857,0.0149137
1.75656e+09,0.00324048,0.376692,1.90134,2.44109,-0.00540504,0.00440857,0.0149137
1.75656e+09,0.00313467,0.376696,1.90132,2.44114,-0.00540504,0.00440857,0.0149137
1.75656e+09,0.00324873,0.376701,1.9013,2.44118,-0.00540504,0.00440857,0.0149137
1.75656e+09,0.00352049,0.376705,1.90127,2.44124,-0.00540504,0.00440857,0.0149137
1.75656e+09,0.00321868,0.376696,1.90126,2.44128,2.01619e-05,0.00440857,0.0127832
1.75656e+09,0.00327854,0.376683,1.90125,2.44129,7.00523e-05,0.00594716,0.00426106
1.75656e+09,0.00337082,0.376669,1.90123,2.44129,0.000691476,0.00594716,0
1.75656e+09,0.00363763,0.376653,1.90122,2.44128,0.000691476,0.00594716,-0.00213053
1.75656e+09,0.00326448,0.376654,1.90122,2.44127,0.000691476,-0.00165259,-0.00319579
1.75656e+09,0.00321257,0.37665,1.90124,2.44125,0.00348599,-0.00191347,-0.00639159
1.75656e+09,0.00332143,0.376651,1.90126,2.44122,0.00348599,-0.00452947,-0.00958738
1.75656e+09,0.00331809,0.376646,1.90127,2.44119,0.00348599,-0.00191347,-0.00958738
1.75656e+09,0.0033137,0.376641,1.90128,2.44116,0.00348599,-0.00191347,-0.00958738
1.75656e+09,0.00340191,0.376652,1.9013,2.44113,0.000689637,-0.00565769,-0.00958738
1.75656e+09,0.00351514,0.376663,1.90131,2.44109,0.000689637,-0.00565769,-0.00958738
1.75656e+09,0.0032461,0.376675,1.90133,2.44106,0.000137519,-0.00606242,-0.00852211
1.75656e+09,0.00330766,0.376688,1.90134,2.44104,0.000137519,-0.00606242,-0.00639159
1.75656e+09,0.00333192,0.376698,1.90135,2.44103,-0.00107489,-0.00333883,-0.00426106
1.75656e+09,0.00331881,0.376707,1.90136,2.44103,-0.00107489,-0.00333883,0.00106526
1.75656e+09,0.00357901,0.376724,1.90137,2.44105,-0.00107489,-0.00606242,0.00426106
1.75656e+09,0.00302965,0.376728,1.90139,2.44107,0.00295336,-0.00554768,0.00745685
1.75656e+09,0.00330619,0.376738,1.90142,2.44109,0.00295336,-0.00794271,0.00745685
1.75656e+09,0.00334177,0.376747,1.90144,2.44112,0.00295336,-0.00794271,0.00852211
1.75656e+09,0.00336025,0.376771,1.90146,2.44115,-0.00262445,-0.00794271,0.00852211
1.75656e+09,0.00365027,0.376792,1.90147,2.44119,-0.00262445,-0.00554768,0.0106526
1.75656e+09,0.00285441,0.376799,1.90146,2.44123,-0.00262445,-0.000988152,0.0149137
1.75656e+09,0.00343378,0.376792,1.90145,2.44128,-0.00102638,0.00449835,0.0149137
1.75656e+09,0.00344328,0.376779,1.90144,2.44134,0.00113582,0.00449835,0.0149137
1.75656e+09,0.0032049,0.376771,1.90144,2.44138,0.00113582,0.00240925,0.0149137
1.75656e+09,0.0034883,0.376765,1.90144,2.44144,0.00139921,0.00122511,0.0149137
1.75656e+09,0.00319767,0.376756,1.90143,2.44148,0.00139921,0.00240925,0.0149137
1.75656e+09,0.00328886,0.376743,1.90143,2.44153,0.00349624,0.00240925,0.0149137
1.75656e+09,0.00348883,0.376728,1.90144,2.44155,0.00349624,0.00247132,0.00639159
1.75656e+09,0.00334955,0.376713,1.90144,2.44157,0.003808,0.00247132,0.00532632
1.75656e+09,0.00329594,0.376698,1.90144,2.44157,0.003808,0.00247132,-0.00213053
1.75656e+09,0.00337611,0.376687,1.90145,2.44156,0.00420978,-6.32665e-05,-0.00213053
1.75656e+09,0.00338248,0.376686,1.90147,2.44153,0.00420978,-0.00456869,-0.00745685
1.75656e+09,0.00316794,0.376685,1.90149,2.4415,0.00420978,-0.00456869,-0.0117179
1.75656e+09,0.0034505,0.376684,1.90151,2.44146,0.00420978,-0.00456869,-0.0106526
1.75656e+09,0.00317388,0.37668,1.90152,2.44142,0.00260511,-0.00113462,-0.0117179
1.75656e+09,0.003512,0.37668,1.90152,2.44138,0.00104313,-0.00113462,-0.0117179
1.75656e+09,0.00337134,0.376683,1.90153,2.44135,-0.000238547,-0.00113462,-0.0106526
1.75656e+09,0.00323113,0.376688,1.90153,2.44134,-0.000238547,-0.00206891,-0.00213053
1.75656e+09,0.00450138,0.376701,1.90153,2.44134,-0.00206231,-0.00206891,0
1.75656e+09,0.00221523,0.376708,1.90153,2.44134,-0.00206231,-0.00234367,0.00106526
1.75656e+09,0.00318449,0.376719,1.90153,2.44134,-0.00275387,-0.00234367,0.00106526
1.75656e+09,0.00331013,0.37673,1.90152,2.44135,-0.00450533,0.000262479,0.00213053
1.75656e+09,0.00334127,0.376735,1.90152,2.44136,-0.00275387,0.000861371,0.00319579
1.75656e+09,0.00331935,0.376737,1.90151,2.44139,-0.0012836,0.000861371,0.00958738
1.75656e+09,0.00332293,0.376735,1.9015,2.44146,-0.0012836,0.00225211,0.0213053
1.75656e+09,0.00337952,0.376727,1.90149,2.44154,0.000350976,0.00335719,0.0213053
1.75656e+09,0.00353566,0.37672,1.9015,2.4416,0.00195597,0.000861371,0.0181095
1.75656e+09,0.00364627,0.376714,1.90151,2.44168,0.00453325,-0.0027574,0.0213053
1.75656e+09,0.00295399,0.376695,1.90152,2.44173,0.00689146,0.00172183,0.0181095
1.75656e+09,0.00319563,0.376675,1.90153,2.44178,0.00689146,0.00160737,0.015979
1.75656e+09,0.00333891,0.376654,1.90154,2.44184,0.00689146,0.00160737,0.015979
1.75656e+09,0.00331446,0.376649,1.90154,2.44189,0.000194961,0.00172183,0.015979
1.75656e+09,0.0033414,0.376642,1.90153,2.44191,0.000194961,0.00344908,0.00532632
1.75656e+09,0.00354708,0.376628,1.90152,2.44192,0.000194961,0.00554189,0.00426106
1.75656e+09,0.00314862,0.376615,1.9015,2.44193,0.000194961,0.00636551,0.00213053
1.75656e+09,0.00336266,0.376596,1.90149,2.44192,0.00194009,0.00636551,-0.00106526
1.75656e+09,0.00355574,0.376573,1.90148,2.44192,0.00305226,0.00636551,-0.00213053
1.75656e+09,0.00312861,0.376567,1.90149,2.44191,0.00370487,-0.00108052,-0.00213053
1.75656e+09,0.00332942,0.376571,1.90151,2.4419,0.00370487,-0.0065405,-0.00319579
1.75656e+09,0.00318313,0.376576,1.90154,2.44186,0.00370487,-0.0065405,-0.0117179
1.75656e+09,0.00325217,0.376581,1.90156,2.44182,0.00347983,-0.0065405,-0.0117179
1.75656e+09,0.0036558,0.376581,1.90157,2.44177,0.00197063,-0.00251542,-0.0138484
1.75656e+09,0.00347258,0.376579,1.90158,2.44172,0.00197063,-0.00130351,-0.0149137
1.75656e+09,0.00323845,0.376581,1.90158,2.44167,-0.00132053,0.000495349,-0.0149137
1.75656e+09,0.0031614,0.376587,1.90158,2.44163,-0.00132053,-0.00130351,-0.0149137
1.75656e+09,0.0033416,0.376589,1.90157,2.44158,-0.00132053,0.000495349,-0.0149137
1.75656e+09,0.00332633,0.376592,1.90158,2.44155,0.000107719,-0.00130351,-0.00852211
1.75656e+09,0.00342553,0.376588,1.90157,2.44154,0.000107719,0.00143943,-0.00319579
1.75656e+09,0.00319404,0.376585,1.90157,2.44153,0.00020994,0.00143943,-0.00213053
1.75656e+09,0.00332489,0.376581,1.90157,2.44152,0.00020994,0.00143943,-0.00213053
1.75656e+09,0.00351939,0.376578,1.90156,2.44154,0.000107719,0.00143943,0.00319579
1.75656e+09,0.00322464,0.376587,1.90155,2.44156,-0.00511804,0.00143943,0.00852211
1.75656e+09,0.00337052,0.376599,1.90154,2.44159,-0.00511804,0.000436931,0.00958738
1.75656e+09,0.00323747,0.376611,1.90153,2.44163,-0.00511804,0.000436931,0.0117179
1.75656e+09,0.00330927,0.376613,1.90152,2.44168,-0.00158223,0.00123654,0.0138484
1.75656e+09,0.00342871,0.376611,1.90152,2.44172,-0.000436175,0.00123654,0.0127832
1.75656e+09,0.00372622,0.376609,1.90151,2.44177,-0.000436175,0.00123654,0.0127832
1.75656e+09,0.00323065,0.3766,1.90151,2.44181,0.00274763,0.00123654,0.0138484
1.75656e+09,0.0029621,0.376601,1.90151,2.44185,-0.00122469,0.000720931,0.0127832
1.75656e+09,0.00340653,0.376592,1.90151,2.44188,0.00274763,0.000720931,0.00745685
1.75656e+09,0.00347732,0.37658,1.90152,2.4419,0.00475483,-6.2249e-05,0.00745685
1.75656e+09,0.00315641,0.376567,1.90153,2.44191,0.00475483,0.000720931,0.00319579
1.75656e+09,0.00320873,0.376556,1.90153,2.44192,0.00247295,0.00227168,0.00106526
1.75656e+09,0.00340898,0.376538,1.90153,2.4419,0.00408082,0.00363605,-0.00426106
1.75656e+09,0.00354972,0.376509,1.90151,2.44188,0.00277476,0.00912525,-0.00639159
1.75656e+09,0.00318855,0.376484,1.9015,2.44184,0.00277476,0.00912525,-0.0117179
1.75656e+09,0.0032348,0.376458,1.90148,2.4418,0.00277476,0.00912525,-0.0127832
1.75656e+09,0.00338209,0.376454,1.90149,2.44175,0.00305066,-0.00175117,-0.0138484
1.75656e+09,0.00356501,0.37645,1.9015,2.4417,0.00277476,-0.00175117,-0.015979
1.75656e+09,0.00310941,0.376446,1.90151,2.44165,0.00305066,-0.00175117,-0.015979
1.75656e+09,0.00342254,0.376449,1.90152,2.44159,0.000512861,-0.00175117,-0.015979
1.75656e+09,0.00343133,0.376448,1.90152,2.44155,0.000512861,-0.000139614,-0.0127832
1.75656e+09,0.00337843,0.376447,1.90152,2.44151,-0.000569076,0.000987747,-0.0117179
1.75656e+09,0.0030715,0.376447,1.90149,2.44147,-0.00503776,0.00629595,-0.0117179
1.75656e+09,0.00350109,0.376447,1.90146,2.44146,-0.00551037,0.00629595,-0.00319579
1.75656e+09,0.00316566,0.376448,1.90143,2.44145,-0.00551037,0.00629595,-0.00319579
1.75656e+09,0.00341625,0.376453,1.9014,2.44145,-0.00720343,0.00629595,-0.00106526
1.75656e+09,0.00338923,0.376463,1.90138,2.44145,-0.00720343,0.00386324,0.00106526
1.75656e+09,0.00385712,0.376459,1.90137,2.44146,-0.00103494,0.00292589,0.00213053
1.75656e+09,0.00275548,0.376456,1.90136,2.44147,-0.00103494,0.00292589,0.00426106
1.75656e+09,0.00332076,0.376463,1.90133,2.44149,-0.00600928,0.00386324,0.00426106
1.75656e+09,0.00321941,0.376439,1.9013,2.4415,-0.00103494,0.0126476,0.00426106
1.75656e+09,0.00329965,0.376427,1.90126,2.44151,-0.00600928,0.0126476,0.00426106
1.75656e+09,0.00357198,0.376415,1.90121,2.44153,-0.00600928,0.0126476,0.00426106
1.75656e+09,0.00326738,0.376395,1.90119,2.44153,0.00107542,0.00795231,-0.00106526
1.75656e+09,0.00330885,0.376367,1.90118,2.44154,0.00427722,0.00795231,0.00426106
1.75656e+09,0.00341695,0.376337,1.90117,2.44155,0.00495622,0.00772785,0.00426106
1.75656e+09,0.00331089,0.376308,1.90116,2.44155,0.00495622,0.00795231,-0.00106526
1.75656e+09,0.00332342,0.376275,1.90116,2.44154,0.00635093,0.00772785,-0.00319579
1.75656e+09,0.00345389,0.376238,1.90115,2.44151,0.00635093,0.0091496,-0.00745685
1.75656e+09,0.00304985,0.376208,1.90114,2.44149,0.00602829,0.00808357,-0.00745685
1.75656e+09,0.00335564,0.376184,1.90112,2.44147,0.0016567,0.0091496,-0.00745685
1.75656e+09,0.00343629,0.376167,1.9011,2.4414,-0.000260495,0.00808357,-0.0181095
1.75656e+09,0.0035152,0.376149,1.90107,2.44133,-0.000260495,0.00808357,-0.02024
1.75656e+09,0.00321815,0.376144,1.90106,2.44126,-0.00178156,0.00473847,-0.0223706
1.75656e+09,0.00329356,0.376141,1.90104,2.44118,-0.00303773,0.00473847,-0.0234358
1.75656e+09,0.00325159,0.376139,1.90103,2.44111,-0.00178156,0.00317157,-0.0234358
1.75656e+09,0.00333372,0.376139,1.90101,2.44103,-0.00260615,0.00317157,-0.0234358
1.75656e+09,0.00335327,0.376145,1.901,2.44098,-0.00513232,0.00317157,-0.0149137
1.75656e+09,0.00337125,0.376161,1.90099,2.44093,-0.00513232,-0.00100297,-0.0138484
1.75656e+09,0.00353143,0.376171,1.90099,2.44089,-0.00260615,-0.00148037,-0.0127832
1.75656e+09,0.00313818,0.37618,1.90098,2.44086,-0.00260615,-0.00148037,-0.00852211
1.75656e+09,0.00378384,0.376192,1.90099,2.44083,-0.00118334,-0.00335971,-0.00745685
1.75656e+09,0.00286382,0.376198,1.90099,2.44082,-0.00118334,-0.00209957,-0.00426106
1.75656e+09,0.00326535,0.376206,1.901,2.44085,-0.00118334,-0.00209957,0.00745685
1.75656e+09,0.00341584,0.376213,1.901,2.4409,-0.00118334,-0.00170901,0.015979
1.75656e+09,0.00330895,0.376218,1.901,2.44095,-0.000816729,-0.00170901,0.015979
1.75656e+09,0.00343304,0.376223,1.901,2.44101,-0.000124002,-0.00170901,0.015979
1.75656e+09,0.00311097,0.376226,1.90101,2.44106,-0.000124002,-0.00170901,0.015979
1.75656e+09,0.00344117,0.376226,1.90102,2.44111,0.00152678,-0.00170901,0.015979
1.75656e+09,0.00346758,0.376211,1.90101,2.44116,0.00152678,0.00488071,0.0127832
1.75656e+09,0.00311799,0.376199,1.901,2.44119,0.00108931,0.00477214,0.00958738
1.75656e+09,0.00342591,0.376188,1.90099,2.44122,0.000303433,0.00477214,0.00958738
1.75656e+09,0.0034663,0.376174,1.90097,2.44124,0.00108931,0.00488071,0.00639159
1.75656e+09,0.00329622,0.376162,1.90096,2.44125,0.000745164,0.00477214,0.00106526
1.75656e+09,0.00333926,0.376154,1.90096,2.44125,0.000303433,0.00346426,0
1.75656e+09,0.00334657,0.376146,1.90095,2.44123,0.000745164,0.00278279,-0.00319579
1.75656e+09,0.00336499,0.376135,1.90094,2.44121,0.00130493,0.00346426,-0.00639159
1.75656e+09,0.00319044,0.376124,1.90094,2.44119,0.00130493,0.00346426,-0.00852211
1.75656e+09,0.00321045,0.376116,1.90095,2.44116,0.00402732,-0.000527393,-0.00852211
1.75656e+09,0.00347984,0.37609,1.90095,2.44113,0.00559285,0.00476269,-0.00852211
1.75656e+09,0.00333997,0.376065,1.90095,2.44108,0.00599043,0.00476269,-0.0138484
1.75656e+09,0.00346127,0.37605,1.90096,2.44102,0.00599043,-0.000527393,-0.0191748
1.75656e+09,0.00323315,0.376043,1.90098,2.44095,0.00559285,-0.00331123,-0.0191748
1.75656e+09,0.00326886,0.376038,1.90101,2.4409,0.00599043,-0.00483218,-0.0170442
1.75656e+09,0.00335711,0.376033,1.90103,2.44084,0.00599043,-0.00483218,-0.0170442
1.75656e+09,0.00313852,0.376034,1.90105,2.44079,0.00381005,-0.00483218,-0.0149137
1.75656e+09,0.0033634,0.376026,1.90106,2.44076,0.00381005,-0.000808719,-0.0106526
1.75656e+09,0.00333556,0.376014,1.90107,2.44076,0.00381005,0.000960516,-0.00106526
1.75656e+09,0.00345028,0.376,1.90106,2.44075,0.0017747,0.00431021,-0.00106526
1.75656e+09,0.00328269,0.376,1.90106,2.44075,-0.000739192,0.000960516,-0.00106526
1.75656e+09,0.00340399,0.375993,1.90106,2.44073,0.0017747,0.000960516,-0.00426106
1.75656e+09,0.00369445,0.375993,1.90105,2.44072,-0.000739192,0.000960516,-0.00426106
1.75656e+09,0.00301576,0.375975,1.90104,2.4407,0.0017747,0.00676185,-0.00426106
1.75656e+09,0.00329337,0.37599,1.90104,2.44069,-0.00305919,-0.00343762,-0.00319579
1.75656e+09,0.00327633,0.375989,1.90106,2.44068,0.00338246,-0.00343762,-0.00319579
1.75656e+09,0.00325737,0.375968,1.90105,2.4407,0.00297127,0.00676185,0.00532632
1.75656e+09,0.00330431,0.375966,1.90107,2.44069,0.00338246,-0.00343762,-0.00319579
1.75656e+09,0.00331659,0.375965,1.90108,2.44068,0.00338246,-0.00343762,-0.00319579
1.75656e+09,0.00334338,0.375965,1.9011,2.44068,0.00353382,-0.00413291,-0.00106526
1.75656e+09,0.00351584,0.375927,1.90111,2.44067,0.00961256,0.00520574,-0.00106526
1.75656e+09,0.00322564,0.37589,1.90112,2.44065,0.0109005,0.00520574,-0.00745685
1.75656e+09,0.00347271,0.375849,1.90113,2.44065,0.0109005,0.00520574,-0.00106526
1.75656e+09,0.00320834,0.375832,1.90116,2.44061,0.00961256,-0.00300107,-0.00958738
1.75656e+09,0.00330348,0.375801,1.90115,2.44058,0.00632755,0.0070443,-0.00958738
1.75656e+09,0.00356717,0.37579,1.90117,2.44052,0.00632755,-0.00300107,-0.0170442
1.75656e+09,0.003469,0.37578,1.9012,2.44046,0.00632755,-0.00300107,-0.0170442
1.75656e+09,0.00304417,0.375763,1.90121,2.44039,0.00793576,-0.000530611,-0.0223706
1.75656e+09,0.00309855,0.375726,1.90121,2.44032,0.00793576,0.00905456,-0.0245011
1.75656e+09,0.00368682,0.375705,1.90123,2.44021,0.00793576,-0.000530611,-0.0287621
1.75656e+09,0.0030758,0.375674,1.90123,2.44011,0.00710481,0.00700458,-0.0340885
1.75656e+09,0.00350535,0.375673,1.90123,2.43998,0.00111907,-0.000530611,-0.0351537
1.75656e+09,0.00337769,0.375682,1.90125,2.43987,0.00107082,-0.00558317,-0.0351537
1.75656e+09,0.00321677,0.375694,1.90126,2.43975,-0.000291344,-0.00558317,-0.0351537
1.75656e+09,0.00354831,0.375724,1.90127,2.43971,-0.00388014,-0.00814905,-0.0127832
1.75656e+09,0.00307983,0.375749,1.90128,2.43967,-0.00388014,-0.00814905,-0.0117179
1.75656e+09,0.00346992,0.375767,1.9013,2.43963,-0.000291344,-0.00765137,-0.0106526
1.75656e+09,0.00314026,0.375771,1.90132,2.43962,0.00294823,-0.00539349,-0.00426106
1.75656e+09,0.00351337,0.375771,1.90134,2.43961,0.00294823,-0.00346489,-0.00319579
1.75656e+09,0.00332032,0.375755,1.90133,2.43961,0.00294823,0.00381199,-0.00106526
1.75656e+09,0.00882618,0.3758,1.90134,2.43961,-0.00377614,-0.00346489,0
1.75656e+09,0.00131543,0.37581,1.90133,2.43961,-0.00697049,-0.00346489,0
1.75656e+09,0.00321673,0.375834,1.90133,2.43961,-0.00697049,-0.00346489,0
1.75656e+09,0.00305382,0.375859,1.90133,2.43961,-0.00583538,-0.00560259,0.00106526
1.75656e+09,0.00354593,0.375891,1.90134,2.43961,-0.00583538,-0.00697528,0.00106526
1.75656e+09,0.00323556,0.375917,1.90134,2.43962,-0.00583538,-0.00560259,0.00213053
1.75656e+09,0.0033611,0.375928,1.90135,2.43963,-0.000520452,-0.00455155,0.00319579
1.75656e+09,0.00343962,0.375952,1.90135,2.43965,-0.0053607,-0.00455155,0.00426106
1.75656e+09,0.00319046,0.37596,1.90135,2.43966,-0.000520452,-0.00303928,0.00426106
1.75656e+09,0.00343616,0.375967,1.90136,2.43967,-0.000520452,-0.00262544,0.00426106
1.75656e+09,0.00335022,0.375963,1.90138,2.43967,0.00410018,-0.00294801,-0.00106526
1.75656e+09,0.00345002,0.375959,1.90139,2.43966,0.00410018,-0.00294801,-0.00426106
1.75656e+09,0.00337909,0.375949,1.90141,2.43961,0.00616885,-0.00294801,-0.0149137
1.75656e+09,0.00320424,0.375947,1.90144,2.43956,0.00616885,-0.00610463,-0.0149137
1.75656e+09,0.00333682,0.375947,1.90147,2.43951,0.00616885,-0.00721813,-0.0149137
1.75656e+09,0.0034047,0.375964,1.90149,2.43946,-0.000763416,-0.00721813,-0.0149137
1.75656e+09,0.0034039,0.375981,1.90151,2.43941,-0.000763416,-0.00675635,-0.0149137
1.75656e+09,0.00342842,0.375997,1.90152,2.43936,-0.000763416,-0.00610463,-0.0127832
1.75656e+09,0.00312262,0.376006,1.90153,2.43933,0.000658853,-0.00523859,-0.00958738
1.75656e+09,0.00319575,0.376006,1.90155,2.4393,0.00388451,-0.00461537,-0.00958738
1.75656e+09,0.00337812,0.376007,1.90158,2.43927,0.00388451,-0.00523859,-0.00958738
1.75656e+09,0.0168596,0.376046,1.90164,2.43911,0.000764799,-0.00446772,-0.00958738
1.75656e+09,0.00316468,0.376051,1.90165,2.43908,0.000764799,-0.00319974,-0.00958738
1.75656e+09,0.00311004,0.376046,1.90167,2.43907,0.00458814,-0.00325318,-0.00106526
1.75656e+09,0.00344946,0.376052,1.90168,2.4391,0.000764799,-0.00319974,0.00852211
1.75656e+09,0.00337931,0.37605,1.90168,2.43913,0.00117462,-0.000707328,0.00852211
1.75656e+09,0.00351718,0.376044,1.90168,2.43916,0.00117462,0.0012505,0.00852211
1.75656e+09,0.003286,0.376052,1.90167,2.43918,-0.00418761,0.00135004,0.00426106
1.75656e+09,0.00327648,0.376053,1.90164,2.43919,-0.00527002,0.0054628,0.00426106
1.75656e+09,0.00324904,0.376055,1.90162,2.43919,-0.00527002,0.0054628,0.00106526
1.75656e+09,0.00342377,0.376064,1.9016,2.4392,-0.00527002,0.00234422,0.00106526
1.75656e+09,0.00320685,0.376041,1.90158,2.43919,0.000103975,0.0105498,-0.00319579
1.75656e+09,0.0034629,0.376002,1.90156,2.43919,0.0061041,0.0105498,0.00213053
1.75656e+09,0.00315534,0.375976,1.90157,2.43918,0.00867012,0.00234422,-0.00426106
1.75656e+09,0.00339572,0.375948,1.90159,2.43917,0.00867012,0.00234422,-0.00426106
1.75656e+09,0.00329019,0.375931,1.9016,2.43913,0.00643667,0.000552666,-0.0117179
1.75656e+09,0.00347732,0.375913,1.90161,2.43908,0.00643667,0.000552666,-0.0127832
1.75656e+09,0.00356907,0.375912,1.90162,2.43903,0.0010729,-0.00098222,-0.015979
1.75656e+09,0.00327874,0.375932,1.9016,2.43895,-0.00729363,-0.00098222,-0.0223706
1.75656e+09,0.00311094,0.375949,1.90159,2.43888,-0.00729363,0.000552666,-0.0223706
1.75656e+09,0.00344874,0.375965,1.90159,2.43881,-0.00313293,-0.00385216,-0.0223706
1.75656e+09,0.00327486,0.375981,1.90159,2.43876,-0.00313293,-0.00385216,-0.0149137
1.75656e+09,0.0030903,0.375983,1.90158,2.43873,-0.00298182,0.00249457,-0.00958738
1.75656e+09,0.00347968,0.375978,1.90157,2.4387,-0.000689933,0.00308489,-0.00852211
1.75656e+09,0.00328901,0.375971,1.90157,2.43868,0.000358393,0.00308489,-0.00639159
1.75656e+09,0.00334606,0.375963,1.90156,2.43868,0.000358393,0.00308489,0.00213053
1.75656e+09,0.00342423,0.375965,1.90156,2.4387,0.000358393,-0.00134052,0.00319579
1.75656e+09,0.00327705,0.375971,1.90158,2.43871,0.00233135,-0.00563774,0.00532632
1.75656e+09,0.00333686,0.375978,1.9016,2.43874,0.00233135,-0.00563774,0.00852211
1.75656e+09,0.00352781,0.375982,1.90162,2.43877,0.00233135,-0.00463873,0.00852211
1.75656e+09,0.00328458,0.375985,1.90163,2.43882,0.00223325,-0.00394427,0.0138484
1.75656e+09,0.00331909,0.375988,1.90165,2.43886,0.00223325,-0.00394427,0.0138484
1.75656e+09,0.00320061,0.375989,1.90166,2.43892,0.00223325,-0.00314382,0.0170442
1.75656e+09,0.0033059,0.375985,1.90167,2.43896,0.00269237,-0.00127933,0.0138484
1.75656e+09,0.00339205,0.37597,1.90167,2.43901,0.00269237,0.00359819,0.0138484
1.75656e+09,0.00333938,0.37596,1.90168,2.43905,0.00381576,-0.000180352,0.0106526
1.75656e+09,0.00335671,0.375948,1.90169,2.43907,0.00600795,-0.00127933,0.00745685
1.75656e+09,0.00368985,0.375931,1.90171,2.4391,0.00600795,-0.000180352,0.00745685
1.75656e+09,0.0037981,0.375917,1.90172,2.4391,0.00490922,-0.000180352,0
1.75656e+09,0.00236343,0.37591,1.90173,2.4391,0.00490922,-0.00120535,0
1.75656e+09,0.00352568,0.375916,1.90175,2.43909,0.00321998,-0.00638428,-0.00213053
1.75656e+09,0.00315191,0.375928,1.90177,2.43907,0.000645977,-0.00638428,-0.00745685
1.75656e+09,0.00334015,0.375933,1.90179,2.43904,0.00321998,-0.00638428,-0.00852211
1.75656e+09,0.00337989,0.375934,1.9018,2.43899,0.000645977,-0.00120535,-0.0138484
1.75656e+09,0.00323405,0.37595,1.90181,2.43895,-0.000963247,-0.00652518,-0.0138484
1.75656e+09,0.00336623,0.375967,1.90183,2.43889,-0.000963247,-0.00652518,-0.015979
1.75656e+09,0.00339739,0.375961,1.90185,2.43884,0.00661205,-0.00510968,-0.015979
1.75656e+09,0.00344562,0.375961,1.90189,2.43878,0.00585879,-0.00672516,-0.0181095
1.75656e+09,0.00338006,0.375958,1.90192,2.43872,0.00734977,-0.00736598,-0.015979
1.75656e+09,0.0032642,0.375954,1.90196,2.43867,0.00837046,-0.00804097,-0.0170442
1.75656e+09,0.00316412,0.375953,1.90199,2.43862,0.00734977,-0.00804097,-0.015979
1.75656e+09,0.00340119,0.375955,1.90203,2.43856,0.00585879,-0.00804097,-0.015979
1.75656e+09,0.00339984,0.375963,1.90205,2.43854,0.00183168,-0.00581119,-0.00745685
1.75656e+09,0.00342999,0.375971,1.90206,2.43851,0.000249964,-0.00376627,-0.00639159
1.75656e+09,0.00347264,0.375979,1.90207,2.43849,0.000249964,-0.00376627,-0.00639159
1.75656e+09,0.00308072,0.375986,1.90208,2.43847,0.000249964,-0.00376627,-0.00639159
1.75656e+09,0.00342608,0.375985,1.9021,2.43848,0.00506776,-0.00574988,0.00106526
1.75656e+09,0.00348453,0.376005,1.90215,2.43848,0.00506776,-0.0150106,0.00213053
1.75656e+09,0.00332707,0.376025,1.9022,2.43849,0.00506776,-0.0150106,0.00319579
1.75656e+09,0.003126,0.376049,1.90224,2.43851,0.00271017,-0.0150106,0.00426106
1.75656e+09,0.00321582,0.376045,1.90225,2.43852,0.00271017,-0.00128776,0.00426106
1.75656e+09,0.00338117,0.376059,1.90225,2.43854,-0.00452144,-0.00128776,0.00639159
1.75656e+09,0.00339793,0.37607,1.90223,2.43856,-0.00452144,0.000485387,0.00426106
1.75656e+09,0.00354997,0.37608,1.90222,2.43859,-0.00452144,0.000790994,0.00852211
1.75656e+09,0.00310203,0.376079,1.90222,2.43861,1.89439e-05,0.000790994,0.00852211
1.75656e+09,0.00322703,0.376077,1.90222,2.43864,1.89439e-05,0.000790994,0.00852211
1.75656e+09,0.00343822,0.376052,1.90221,2.43865,0.00416791,0.00628268,0.00213053
1.75656e+09,0.00338694,0.37604,1.90222,2.43865,0.00416791,0.000790994,0
1.75656e+09,0.0033129,0.376022,1.90222,2.43864,0.00416791,0.00316569,-0.00319579
1.75656e+09,0.00326465,0.37602,1.90223,2.43863,0.00258449,-0.00176485,-0.00319579
1.75656e+09,0.00342583,0.376015,1.90224,2.4386,0.00258449,-0.00123682,-0.00745685
1.75656e+09,0.00323103,0.376012,1.90225,2.43858,0.00258449,-0.00123682,-0.00852211
1.75656e+09,0.00338547,0.375978,1.90226,2.43854,0.0101878,0.00316569,-0.00958738
1.75656e+09,0.00327629,0.375948,1.90228,2.43851,0.0101878,0.00246906,-0.00958738
1.75656e+09,0.00337573,0.375916,1.90229,2.43848,0.0101878,0.00259956,-0.00958738
1.75656e+09,0.0033418,0.375885,1.90231,2.43842,0.0100023,0.00259956,-0.0170442
1.75656e+09,0.00338457,0.375875,1.9023,2.43836,0.00168143,0.00246906,-0.0170442
1.75656e+09,0.00335525,0.375865,1.9023,2.43832,0.00168143,0.00246906,-0.0127832
1.75656e+09,0.00330588,0.375872,1.90232,2.43828,0.00168143,-0.00531687,-0.0127832
1.75656e+09,0.00334333,0.37588,1.90234,2.43824,0.00168143,-0.00531687,-0.0127832
1.75656e+09,0.00334993,0.375882,1.90235,2.4382,0.00316699,-0.00466396,-0.0117179
1.75656e+09,0.00331781,0.375866,1.90238,2.43817,0.00813885,-0.00208614,-0.00852211
1.75656e+09,0.00339863,0.375862,1.90239,2.43819,0.00316699,-0.00208614,0.00639159
1.75656e+09,0.00313738,0.375855,1.9024,2.43822,0.00479758,-0.00208614,0.00958738
1.75656e+09,0.00338953,0.375845,1.90242,2.43825,0.00479758,-0.00107915,0.00958738
1.75656e+09,0.00332228,0.375845,1.90242,2.43828,0.000836444,-0.00107915,0.00958738
1.75656e+09,0.00423663,0.375869,1.90239,2.43833,-0.00905067,0.00190384,0.00958738
1.75656e+09,0.00253228,0.375871,1.9024,2.43836,0.000836444,-0.00206388,0.0127832
1.75656e+09,0.00321637,0.375875,1.90238,2.4384,-0.00384344,0.00245998,0.0127832
1.75656e+09,0.00329135,0.375887,1.90238,2.43844,-0.00384344,-0.00088595,0.0127832
1.75656e+09,0.00339952,0.375888,1.90238,2.43848,-0.000405755,-0.000316262,0.0127832
1.75656e+09,0.0034677,0.375882,1.90238,2.43853,0.0024686,-0.000316262,0.0127832
1.75656e+09,0.00323683,0.375879,1.90239,2.43854,0.00176288,-0.000316262,0.00426106
1.75656e+09,0.00329493,0.375857,1.90241,2.43856,0.00885782,-0.000316262,0.00426106
1.75656e+09,0.00345167,0.375811,1.90241,2.43857,0.0109911,0.00777717,0.00426106
1.75656e+09,0.00329428,0.375766,1.90242,2.43857,0.0114147,0.00777717,0
1.75656e+09,0.00329917,0.37572,1.90242,2.43854,0.0114147,0.00799189,-0.00852211
1.75656e+09,0.00327327,0.375674,1.90242,2.43852,0.0114147,0.00799189,-0.00852211
1.75656e+09,0.0035746,0.375646,1.90242,2.43848,0.00559594,0.00550769,-0.00852211
1.75656e+09,0.00315835,0.375654,1.90243,2.43844,-0.000939899,-0.00243,-0.0138484
1.75656e+09,0.00385916,0.375662,1.90243,2.43839,-0.000939899,-0.00243,-0.0138484
1.75656e+09,0.00279674,0.37567,1.90244,2.43834,0.000312668,-0.00435366,-0.0181095
1.75656e+09,0.0033509,0.375674,1.90246,2.43827,0.00282232,-0.00540477,-0.0213053
1.75656e+09,0.00332049,0.375683,1.90247,2.43819,0.000312668,-0.00435366,-0.0213053
1.75656e+09,0.00334419,0.375685,1.90248,2.43812,0.0018395,-0.00332098,-0.0213053
1.75656e+09,0.00319525,0.37569,1.9025,2.43806,0.0018395,-0.00435366,-0.0191748
1.75656e+09,0.00343676,0.375705,1.9025,2.43801,-0.00309218,-0.00332098,-0.0149137
1.75656e+09,0.0034058,0.375722,1.9025,2.43798,-0.00389423,-0.00305957,-0.00958738
1.75656e+09,0.00329801,0.375733,1.9025,2.43795,-0.00309218,-0.00131945,-0.00852211
1.75656e+09,0.00324622,0.375739,1.90249,2.43792,-0.00309218,0.000685417,-0.00852211
1.75656e+09,0.00331467,0.375743,1.90248,2.43791,-0.00204188,0.000685417,-0.00426106
1.75656e+09,0.00434608,0.375745,1.90248,2.43794,-0.00137739,0.000819698,0.00639159
1.75656e+09,0.00237949,0.375742,1.90247,2.43796,0.000327226,0.00136084,0.00852211
1.75656e+09,0.00337185,0.375738,1.90246,2.43798,-0.00137739,0.00369883,0.00639159
1.75656e+09,0.00348116,0.375721,1.90245,2.438,0.000793148,0.00636756,0.00639159
1.75656e+09,0.00318617,0.375711,1.90243,2.43802,-0.00137739,0.00636756,0.00532632
1.75656e+09,0.00318332,0.375702,1.90242,2.43803,0.000793148,0.00369883,0.00532632
1.75656e+09,0.00341023,0.375686,1.90242,2.43805,0.00413949,0.00245758,0.00532632
1.75656e+09,0.00326716,0.375671,1.90243,2.43807,0.00421116,0.00184818,0.00532632
1.75656e+09,0.00366397,0.375655,1.90243,2.43809,0.00431865,0.00184818,0.00532632
1.75656e+09,0.00320127,0.37564,1.90244,2.43809,0.00448136,0.00184818,0
1.75656e+09,0.00322786,0.375622,1.90244,2.43809,0.00572138,0.00184818,0
1.75656e+09,0.00333098,0.375603,1.90245,2.43808,0.00594396,0.00184818,-0.00319579
1.75656e+09,0.00337151,0.375584,1.90246,2.43806,0.00594396,0.00179736,-0.00426106
1.75656e+09,0.00333485,0.375565,1.90247,2.43805,0.00594396,0.00179736,-0.00426106
1.75656e+09,0.00317988,0.375551,1.90247,2.43803,0.00433046,0.00179736,-0.00532632
1.75656e+09,0.00344699,0.375554,1.90249,2.43799,0.00185903,-0.00362798,-0.0127832
1.75656e+09,0.00353763,0.375569,1.90249,2.43794,-0.00242831,-0.00379628,-0.0149137
1.75656e+09,0.00328827,0.375576,1.90251,2.43789,0.00185903,-0.00523017,-0.0127832
1.75656e+09,0.00323879,0.375583,1.90253,2.43785,0.00144097,-0.00523017,-0.0127832
1.75656e+09,0.00330017,0.37559,1.90254,2.43781,0.00144097,-0.00523017,-0.0127832
1.75656e+09,0.00335721,0.375604,1.90256,2.43776,0.00144097,-0.00785635,-0.015979
1.75656e+09,0.00327828,0.375603,1.90257,2.43772,0.00144097,-0.00116845,-0.0117179
1.75656e+09,0.00329489,0.375602,1.90258,2.43769,0.00144097,-0.00116845,-0.00745685
1.75656e+09,0.00347225,0.375618,1.90258,2.43767,-0.00231505,-0.00475257,-0.00745685
1.75656e+09,0.00322906,0.375634,1.90259,2.43765,-0.00231505,-0.00475257,-0.00532632
1.75656e+09,0.00327521,0.375619,1.90261,2.43764,0.0065557,-0.000848862,-0.00319579
1.75656e+09,0.00341715,0.375597,1.90261,2.43764,0.0065557,0.00256235,0
1.75656e+09,0.00329656,0.375597,1.9026,2.43765,-0.00231505,0.00256235,0.00426106
1.75656e+09,0.00338938,0.375576,1.90261,2.43768,0.00582741,0.00256235,0.00639159
1.75656e+09,0.0032166,0.375557,1.90261,2.4377,0.00428737,0.00423153,0.00639159
1.75656e+09,0.00332497,0.375537,1.90261,2.43773,0.00428737,0.00423153,0.00852211
1.75656e+09,0.00352731,0.375501,1.9026,2.43777,0.00582741,0.00893073,0.0127832
1.75656e+09,0.0032807,0.375468,1.90259,2.43781,0.00582741,0.00893073,0.0127832
1.75656e+09,0.00325265,0.375438,1.90257,2.43784,0.00428737,0.00893073,0.00745685
1.75656e+09,0.00337709,0.375414,1.90258,2.43786,0.00641001,0.00360153,0.00745685
1.75656e+09,0.00327895,0.375399,1.90257,2.43788,0.00279159,0.00360153,0.00639159
1.75656e+09,0.00338767,0.3754,1.90256,2.43789,-0.00332205,0.00360153,0.00319579
1.75656e+09,0.00323527,0.375385,1.90255,2.4379,0.00279159,0.00360153,0.00213053
1.75656e+09,0.00338186,0.375381,1.90256,2.43791,0.00279159,-0.00114696,0.00213053
1.75656e+09,0.00351634,0.37538,1.90257,2.43788,0.000495923,-0.000212442,-0.00745685
1.75656e+09,0.00324058,0.37538,1.90257,2.43783,0.000265401,-0.000212442,-0.0149137
1.75656e+09,0.00318826,0.375381,1.90257,2.43778,0.000495923,-0.00114696,-0.0170442
1.75656e+09,0.00334434,0.375387,1.90258,2.43771,0.000265401,-0.00338901,-0.02024
1.75656e+09,0.00343643,0.375403,1.90258,2.43765,-0.00255694,-0.00384173,-0.0181095
1.75656e+09,0.00340565,0.375418,1.90259,2.43759,-0.00255694,-0.00384173,-0.0181095
1.75656e+09,0.00344789,0.375423,1.9026,2.43752,0.00110434,-0.00384173,-0.0181095
1.75656e+09,0.00319215,0.37544,1.9026,2.43747,-0.003559,-0.00367198,-0.0181095
1.75656e+09,0.00332447,0.375444,1.90261,2.43741,0.00110434,-0.00344505,-0.015979
1.75656e+09,0.00349876,0.375447,1.90262,2.43737,0.0013969,-0.00298001,-0.0117179
1.75656e+09,0.00317876,0.375446,1.90263,2.43734,0.00110434,-0.000699212,-0.0106526
1.75656e+09,0.00333318,0.375445,1.90263,2.43731,0.000303604,3.28747e-05,-0.00745685
1.75656e+09,0.00318175,0.37544,1.90262,2.4373,0.000303604,0.00215786,-0.00532632
1.75656e+09,0.00349995,0.375439,1.90262,2.43728,-0.00145016,0.00215786,-0.00532632
1.75656e+09,0.00331146,0.375438,1.90261,2.43726,-0.00145016,0.00215786,-0.00426106
1.75656e+09,0.00323449,0.375438,1.9026,2.43725,-0.00173637,0.00220302,-0.00319579
1.75656e+09,0.00332056,0.375438,1.90259,2.43726,-0.00173637,0.00215786,0.00319579
1.75656e+09,0.00339248,0.375425,1.90256,2.43729,-0.00173637,0.00780877,0.00639159
1.75656e+09,0.00339325,0.375408,1.90254,2.43731,-0.000129983,0.00780877,0.00745685
1.75656e+09,0.00331008,0.375395,1.90253,2.43734,-0.000129983,0.00628711,0.00745685
1.75656e+09,0.00326732,0.375385,1.90252,2.43736,0.000729813,0.00399666,0.00852211
1.75656e+09,0.0034148,0.375374,1.90251,2.43739,0.000729813,0.00399666,0.00852211
1.75656e+09,0.0033477,0.375361,1.90251,2.43742,0.00220755,0.00351324,0.00745685
1.75656e+09,0.00324052,0.375352,1.90251,2.43744,0.00220755,0.00133653,0.00532632
1.75656e+09,0.00343591,0.375344,1.90251,2.43745,0.00220755,0.00133653,0.00532632
1.75656e+09,0.00327811,0.375342,1.9025,2.43746,-0.0021197,0.00327483,0.00319579
1.75656e+09,0.00327292,0.37534,1.90248,2.43746,-0.0021197,0.00351324,-0.00106526
1.75656e+09,0.00356499,0.375336,1.90247,2.43745,-0.0021197,0.00405493,-0.00319579
1.75656e+09,0.00329369,0.375331,1.90245,2.43741,-0.00213749,0.0051374,-0.0106526
1.75656e+09,0.0033729,0.375311,1.90244,2.43737,0.00344653,0.0051374,-0.0127832
1.75656e+09,0.00333556,0.375291,1.90244,2.43733,0.00411514,0.00405493,-0.0138484
1.75656e+09,0.00335538,0.375259,1.90245,2.43727,0.0091485,0.00405493,-0.0170442
1.75656e+09,0.00321888,0.375234,1.90247,2.43721,0.0091485,0.00143824,-0.0170442
1.75656e+09,0.00312416,0.375217,1.90249,2.43716,0.0091485,-0.00264936,-0.0170442
1.75656e+09,0.0034234,0.375207,1.90253,2.43709,0.00837344,-0.00518093,-0.0191748
1.75656e+09,0.00322784,0.375197,1.90256,2.43703,0.00837344,-0.00518093,-0.0191748
1.75656e+09,0.00353007,0.375212,1.90257,2.43696,-0.000936534,-0.00518093,-0.0191748
1.75656e+09,0.00364339,0.375227,1.90258,2.43691,-0.00121449,-0.0049659,-0.0149137
1.75656e+09,0.00291345,0.375219,1.90256,2.43689,-0.00121449,0.00552514,-0.00852211
1.75656e+09,0.00333015,0.375207,1.90255,2.43686,-0.000936534,0.00643377,-0.00639159
1.75656e+09,0.00340955,0.375193,1.90252,2.43684,-0.000936534,0.00758489,-0.00639159
1.75656e+09,0.00333931,0.375169,1.90249,2.43684,-0.000140002,0.0113373,-0.00213053
1.75656e+09,0.00371805,0.375133,1.90247,2.43685,0.0031079,0.0113373,0.00319579
1.75656e+09,0.00290148,0.375105,1.90245,2.43686,0.0031079,0.0113373,0.00319579
1.75656e+09,0.0033013,0.375083,1.90243,2.43687,0.00184242,0.00777949,0.00426106
1.75656e+09,0.00335903,0.375067,1.90243,2.43689,0.00184242,0.00533865,0.00639159
1.75656e+09,0.00335298,0.375053,1.90242,2.43693,0.00184242,0.00449777,0.0106526
1.75656e+09,0.00342155,0.37504,1.90241,2.43696,0.00184242,0.00346099,0.0106526
1.75656e+09,0.00323881,0.375029,1.90241,2.437,0.00285006,0.00211301,0.0106526
1.75656e+09,0.00340116,0.375018,1.90242,2.43703,0.00285006,0.00131624,0.0106526
1.75656e+09,0.00326418,0.375,1.90243,2.43707,0.00627684,0.00131624,0.0106526
1.75656e+09,0.00345884,0.374979,1.90243,2.43709,0.00627684,0.00211301,0.00639159
1.75656e+09,0.00340417,0.374978,1.90244,2.4371,0.00205779,-0.0020836,0.00213053
1.75656e+09,0.00316337,0.374977,1.90245,2.4371,0.00205779,-0.0020836,0.00106526
1.75656e+09,0.00330023,0.374945,1.90245,2.4371,0.0074365,0.00647309,-0.00106526
1.75656e+09,0.00336611,0.374914,1.90245,2.43708,0.00637163,0.00647309,-0.00426106
1.75656e+09,0.00334124,0.374893,1.90246,2.43705,0.00637163,0.00235188,-0.00958738
1.75656e+09,0.00326808,0.374872,1.90247,2.43702,0.00637163,0.00235188,-0.00958738
1.75656e+09,0.00329291,0.37486,1.90248,2.43699,0.00637163,-0.00179089,-0.00958738
1.75656e+09,0.00337754,0.374847,1.9025,2.43695,0.00637163,-0.00179089,-0.0127832
1.75656e+09,0.00332237,0.374848,1.90252,2.43688,0.00335504,-0.00417005,-0.0191748
1.75656e+09,0.0033567,0.374838,1.90255,2.43682,0.00758426,-0.00417005,-0.0181095
1.75656e+09,0.00331551,0.374824,1.90258,2.43676,0.00901301,-0.00417005,-0.0181095
1.75656e+09,0.00322831,0.37481,1.90261,2.43672,0.00901301,-0.00406629,-0.0127832
1.75656e+09,0.00340555,0.374815,1.90262,2.43666,0.00156358,-0.00417005,-0.0170442
1.75656e+09,0.00346397,0.37482,1.90264,2.43662,0.00156358,-0.00406629,-0.0127832
1.75656e+09,0.00329362,0.374823,1.90263,2.43658,-0.00107628,-0.000233574,-0.0127832
1.75656e+09,0.00337757,0.374838,1.90264,2.43655,-0.0020765,-0.00406629,-0.00745685
1.75656e+09,0.00335336,0.374855,1.90265,2.43654,-0.0024083,-0.00502199,-0.00213053
1.75656e+09,0.0032056,0.374861,1.90264,2.43654,-0.0024083,-0.000233574,0
1.75656e+09,0.00337662,0.374869,1.90264,2.43656,-0.0024083,-0.000695595,0.00532632
1.75656e+09,0.00340862,0.374895,1.90265,2.43658,-0.00391437,-0.00732358,0.00532632
1.75656e+09,0.00337783,0.374907,1.90264,2.43661,-0.00393733,-0.000695595,0.00745685
1.75656e+09,0.00621962,0.374925,1.90263,2.43665,-0.00393733,7.92674e-05,0.00745685
1.75656e+09,0.000106856,0.374925,1.90263,2.43665,0.00436926,-0.000695595,0.00745685
1.75656e+09,0.00344911,0.374925,1.90263,2.43668,0.000704779,-0.00101819,0.00745685
1.75656e+09,0.00337086,0.374918,1.90264,2.4367,0.00374527,-0.00101819,0.00532632
1.75656e+09,0.00340196,0.374917,1.90266,2.43671,0.00436926,-0.00464465,0.00532632
1.75656e+09,0.00334885,0.374918,1.90269,2.43675,0.00436926,-0.00547688,0.00958738
1.75656e+09,0.00329108,0.374915,1.90271,2.43678,0.00559873,-0.00547688,0.00958738
1.75656e+09,0.00337034,0.374906,1.90274,2.4368,0.00834774,-0.00547688,0.00745685
1.75656e+09,0.00332291,0.374888,1.90278,2.43683,0.0117136,-0.00547688,0.00745685
1.75656e+09,0.00331309,0.374851,1.9028,2.43681,0.0117136,0.00317887,-0.00426106
1.75656e+09,0.00324192,0.374823,1.90281,2.4368,0.00868214,0.00317887,-0.00532632
1.75656e+09,0.00338742,0.374794,1.90282,2.43677,0.00868214,0.00317887,-0.00639159
1.75656e+09,0.00335388,0.374768,1.90283,2.43674,0.00759348,0.00310856,-0.0117179
1.75656e+09,0.00331825,0.374757,1.90283,2.4367,0.00175185,0.00310856,-0.0117179
1.75656e+09,0.00352512,0.374757,1.90284,2.43662,0.00175185,-0.00237693,-0.02024
1.75656e+09,0.00324769,0.374756,1.90284,2.43659,0.00115808,-0.000797,-0.0117179
1.75656e+09,0.00331834,0.374758,1.90285,2.43655,0.00115808,-0.00237693,-0.0117179
1.75656e+09,0.00354897,0.374758,1.90285,2.4365,0.000874252,-0.000797,-0.0127832
1.75656e+09,0.00326728,0.374762,1.90286,2.43648,0.000874252,-0.00315324,-0.00745685
1.75656e+09,0.00299432,0.374766,1.90286,2.43646,-0.000842591,-0.000797,-0.00639159
1.75656e+09,0.00337813,0.374777,1.90287,2.43645,-0.00181283,-0.00315324,-0.00213053
1.75656e+09,0.00340963,0.374802,1.90287,2.43645,-0.00569931,-0.00440963,-0.00106526
1.75656e+09,0.00335069,0.374826,1.90287,2.43644,-0.00569931,-0.00440963,-0.00106526
1.75656e+09,0.00337595,0.37484,1.90285,2.43646,-0.00569931,0.000523348,0.00319579
1.75656e+09,0.00362254,0.374844,1.90287,2.43647,0.00217785,-0.00440963,0.00319579
1.75656e+09,0.00391049,0.374836,1.90287,2.4365,0.00225426,0.000523348,0.00958738
1.75656e+09,0.00218887,0.374827,1.90287,2.43653,0.00316584,0.00226055,0.00958738
1.75656e+09,0.00353137,0.374814,1.90288,2.43657,0.00316584,0.00226055,0.0138484
1.75656e+09,0.00342986,0.374797,1.90288,2.43662,0.0051022,0.00144389,0.0138484
1.75656e+09,0.00319421,0.374786,1.90289,2.43671,0.00316584,0.00144389,0.0266316
1.75656e+09,0.00342392,0.374781,1.90289,2.43675,0.00125045,0.00108042,0.0138484
1.75656e+09,0.0032288,0.374776,1.90289,2.43677,0.00125045,0.00108042,0.00532632
1.75656e+09,0.00340073,0.37477,1.90288,2.43679,0.00105091,0.00144389,0.00532632
1.75656e+09,0.00339407,0.374753,1.90287,2.43681,0.00105091,0.00633051,0.00532632
1.75656e+09,0.00324182,0.374729,1.90286,2.43683,0.00431994,0.00633051,0.00532632
1.75656e+09,0.0032022,0.374703,1.90286,2.43681,0.00535792,0.00633051,-0.00426106
1.75656e+09,0.00349043,0.37468,1.90286,2.43679,0.00431994,0.004804,-0.00745685
1.75656e+09,0.00329703,0.374661,1.90286,2.43676,0.00535792,0.00295812,-0.00745685
1.75656e+09,0.00481956,0.374633,1.90287,2.43672,0.00535792,0.00258832,-0.00745685
1.75656e+09,0.00216833,0.37462,1.90287,2.43669,0.00535792,0.00258832,-0.0138484
1.75656e+09,0.00321649,0.374628,1.90288,2.43664,0.000556209,-0.0044639,-0.0170442
1.75656e+09,0.00315273,0.37463,1.90291,2.43657,0.00455582,-0.00597817,-0.0223706
1.75656e+09,0.00335682,0.374652,1.90291,2.43649,-0.00492321,-0.0044639,-0.0223706
1.75656e+09,0.00319874,0.374676,1.90291,2.43645,-0.00492321,-0.00597817,-0.0138484
1.75656e+09,0.0032681,0.374674,1.90293,2.43639,0.00455582,-0.0044639,-0.0170442
1.75656e+09,0.0035086,0.374672,1.90295,2.43635,0.00455582,-0.00414083,-0.0138484
1.75656e+09,0.00322181,0.374666,1.90297,2.43631,0.00530591,-0.00367047,-0.0106526
1.75656e+09,0.00334689,0.374658,1.90299,2.4363,0.00530591,-0.00239797,-0.00319579
1.75656e+09,0.00367584,0.374658,1.903,2.43629,0.00216407,-0.00239797,-0.00319579
1.75656e+09,0.00321969,0.374661,1.90301,2.43629,0.000557538,-0.00239797,0.00106526
1.75656e+09,0.00325782,0.374665,1.90302,2.4363,0.000471689,-0.00239797,0.00213053
1.75656e+09,0.00339556,0.374674,1.90302,2.43631,-0.00127909,-0.00239797,0.00213053
1.75656e+09,0.00334072,0.374658,1.903,2.43632,0.000471689,0.00696923,0.00319579
1.75656e+09,0.00323211,0.374642,1.90299,2.43633,0.000471689,0.00696923,0.00426106
1.75656e+09,0.00344234,0.374625,1.90297,2.43635,0.000619924,0.00696923,0.00426106
1.75656e+09,0.00386385,0.374601,1.90296,2.43637,0.00198025,0.00696923,0.00639159
1.75656e+09,0.00265374,0.374571,1.90295,2.4364,0.00721493,0.0090487,0.00958738
1.75656e+09,0.00329595,0.374564,1.90295,2.43643,0.00198025,0.00117436,0.0106526
1.75656e+09,0.00334811,0.374556,1.90295,2.43647,0.00198025,0.00117436,0.0106526
1.75656e+09,0.00342167,0.374538,1.90297,2.4365,0.00721493,-0.000319617,0.0106526
1.75656e+09,0.00333165,0.374523,1.90299,2.43654,0.0080914,-0.00238474,0.0106526
1.75656e+09,0.0041322,0.374504,1.90302,2.43656,0.0080914,-0.00238474,0.00532632
1.75656e+09,0.00249357,0.374489,1.90304,2.43657,0.0080914,-0.000395563,0.00319579
1.75656e+09,0.00348518,0.374468,1.90306,2.43657,0.0080914,-0.000319617,0.00106526
1.75656e+09,0.00299748,0.374461,1.90306,2.43656,0.00360952,-0.000395563,-0.00426106
1.75656e+09,0.00347741,0.37445,1.90307,2.43654,0.0035072,0.000699462,-0.00426106
1.75656e+09,0.00342763,0.374441,1.90308,2.43652,0.0035072,-0.000395563,-0.00639159
1.75656e+09,0.00307984,0.374439,1.90308,2.43649,0.000269626,0.000699462,-0.0106526
1.75656e+09,0.00344212,0.374429,1.90308,2.43645,0.0035072,0.000699462,-0.0117179
1.75656e+09,0.00357439,0.374413,1.90308,2.4364,0.0035072,0.00247966,-0.0127832
1.75656e+09,0.00323351,0.374409,1.90308,2.43636,-0.000533041,0.00247966,-0.0127832
1.75656e+09,0.00412021,0.374426,1.90305,2.4363,-0.00729927,0.00247966,-0.015979
1.75656e+09,0.00257609,0.374423,1.90304,2.43627,-0.00190617,0.00368819,-0.0117179
1.75656e+09,0.00310786,0.37442,1.90303,2.43622,-0.00190617,0.00368819,-0.0149137
1.75656e+09,0.00341287,0.374408,1.90301,2.43618,-0.000533041,0.00643071,-0.0127832
1.75656e+09,0.00341314,0.374395,1.90299,2.43613,-0.000761745,0.00643071,-0.0127832
1.75656e+09,0.00348464,0.374383,1.90297,2.43613,-0.000761745,0.00643071,-0.00106526
1.75656e+09,0.00315232,0.374372,1.90296,2.43613,-0.000761745,0.0060489,-0.00106526
1.75656e+09,0.00334082,0.374386,1.90297,2.43613,-0.000761745,-0.00541709,0
1.75656e+09,0.00327101,0.3744,1.90298,2.43614,-0.000761745,-0.00572493,0.00426106
1.75656e+09,0.00333313,0.374409,1.903,2.43619,0.00138486,-0.00572493,0.0138484
1.75656e+09,0.00337776,0.374409,1.90302,2.43623,0.00437615,-0.00541709,0.0138484
1.75656e+09,0.00328727,0.374401,1.90303,2.43626,0.00466413,-0.00141286,0.00745685
1.75656e+09,0.00340017,0.374388,1.90305,2.43628,0.00545822,-0.000626199,0.00745685
1.75656e+09,0.00363529,0.374344,1.90308,2.43631,0.0155966,0.000212591,0.00745685
1.75656e+09,0.00315843,0.374306,1.90312,2.43632,0.0155966,0.000212591,0.00319579
1.75656e+09,0.0032001,0.374281,1.90311,2.43633,0.00545822,0.00601341,0.00319579
1.75656e+09,0.00326629,0.374266,1.90311,2.43634,0.00375821,0.00227968,0.00213053
1.75656e+09,0.00344312,0.374257,1.90312,2.43633,0.00329773,0.000212591,-0.00106526
1.75656e+09,0.00329923,0.374257,1.90314,2.43633,0.00329773,-0.00354525,-0.00106526
1.75656e+09,0.00344826,0.374242,1.90314,2.43632,0.00375821,0.00227968,-0.00213053
1.75656e+09,0.00316857,0.37425,1.90317,2.43629,0.00375821,-0.00855075,-0.0106526
1.75656e+09,0.00322838,0.374258,1.9032,2.43625,0.00393887,-0.00855075,-0.0106526
1.75656e+09,0.003504,0.37426,1.90323,2.43622,0.00556281,-0.00740363,-0.0106526
1.75656e+09,0.00378814,0.374232,1.90323,2.43618,0.00556281,0.00519274,-0.0106526
1.75656e+09,0.00280949,0.374225,1.90323,2.43615,0.00222,0.00112394,-0.0106526
1.75656e+09,0.00344181,0.374199,1.90323,2.43612,0.00556281,0.00519274,-0.00852211
1.75656e+09,0.00337447,0.374168,1.90323,2.43607,0.00753479,0.00519274,-0.0127832
1.75656e+09,0.00327469,0.374147,1.90325,2.43605,0.00759894,0.00112394,-0.00852211
1.75656e+09,0.00328814,0.374125,1.90326,2.436,0.00759894,0.00112394,-0.0127832
1.75656e+09,0.00332255,0.374109,1.90328,2.43598,0.00759894,-0.00125678,-0.00852211
1.75656e+09,0.00337251,0.374111,1.90328,2.43595,0.000183921,-0.00125678,-0.00852211
1.75656e+09,0.00340889,0.374103,1.90327,2.43592,0.000183921,0.003176,-0.00852211
1.75656e+09,0.00319974,0.374095,1.90327,2.43589,0.000183921,0.00397183,-0.00852211
1.75656e+09,0.00334648,0.374086,1.90326,2.43586,0.000183921,0.00397183,-0.00852211
1.75656e+09,0.00333193,0.374077,1.90325,2.43586,0.000183921,0.00397183,-0.00106526
1.75656e+09,0.00313981,0.374083,1.90325,2.43586,-0.000432339,-0.00268223,0
1.75656e+09,0.00351614,0.374098,1.90326,2.43589,-0.00213887,-0.00420059,0.00852211
1.75656e+09,0.00328431,0.374117,1.90326,2.43592,-0.00400888,-0.00420059,0.00852211
1.75656e+09,0.00321824,0.374144,1.90327,2.43595,-0.00400888,-0.00809491,0.00958738
1.75656e+09,0.00349019,0.374173,1.90328,2.43599,-0.00400888,-0.00809491,0.0127832
1.75656e+09,0.00350588,0.374202,1.9033,2.43602,-0.00390463,-0.00809491,0.00852211
1.75656e+09,0.00311482,0.374203,1.9033,2.43605,-0.000377757,-0.000223421,0.00852211
1.75656e+09,0.00342956,0.37419,1.90333,2.43608,0.00864461,-0.00428583,0.00852211
1.75656e+09,0.00335679,0.374166,1.90335,2.4361,0.00984019,-0.000223421,0.00532632
1.75656e+09,0.00322712,0.374142,1.90337,2.43611,0.00984019,-0.000223421,0.00319579
1.75656e+09,0.00332241,0.374104,1.90338,2.43612,0.0109266,0.00469678,0.00319579
1.75656e+09,0.00318752,0.374068,1.90339,2.43612,0.0109266,0.00469678,0
1.75656e+09,0.00359207,0.374027,1.9034,2.4361,0.0109266,0.00469678,-0.00426106
1.75656e+09,0.00337562,0.374008,1.90343,2.43609,0.00979808,-0.00284767,-0.00426106
1.75656e+09,0.00332635,0.373995,1.90346,2.43607,0.00775859,-0.00284767,-0.00532632
1.75656e+09,0.00329449,0.373992,1.90349,2.43604,0.00775859,-0.00777757,-0.00745685
1.75656e+09,0.00309809,0.373989,1.90353,2.43602,0.00782948,-0.00777757,-0.00745685
1.75656e+09,0.00348509,0.373968,1.90355,2.43598,0.00782948,-0.00015221,-0.0127832
1.75656e+09,0.00331784,0.373963,1.90355,2.43593,0.00224331,-0.00015221,-0.0127832
1.75656e+09,0.00315945,0.373953,1.90355,2.43589,0.00224331,0.00209896,-0.0127832
1.75656e+09,0.00337595,0.37395,1.90354,2.43585,-0.000560967,0.00209896,-0.0127832
1.75656e+09,0.00352031,0.373953,1.90353,2.43581,-0.00272804,0.00209896,-0.0127832
1.75656e+09,0.00324484,0.373955,1.90352,2.43576,-0.00272804,0.00209896,-0.0138484
1.75656e+09,0.00352784,0.373958,1.90351,2.43571,-0.00272804,0.00209896,-0.0138484
1.75656e+09,0.00305064,0.373974,1.90352,2.43567,-0.001321,-0.00685457,-0.0138484
1.75656e+09,0.00338282,0.373993,1.90354,2.43565,-0.001321,-0.00685457,-0.00532632
1.75656e+09,0.00355932,0.374004,1.90356,2.43563,0.00160444,-0.00685457,-0.00532632
1.75656e+09,0.00323575,0.37402,1.90358,2.43562,0.000563708,-0.00826121,-0.00319579
1.75656e+09,0.00322856,0.374041,1.9036,2.43563,-0.001321,-0.00826121,0.00106526
1.75656e+09,0.00357541,0.374052,1.90362,2.43565,0.000563708,-0.00566739,0.00639159
1.75656e+09,0.00315937,0.374047,1.90362,2.43567,0.00264113,-0.000725823,0.00639159
1.75656e+09,0.00324431,0.374038,1.90361,2.43569,0.000563708,0.00378358,0.00745685
1.75656e+09,0.00358393,0.374029,1.9036,2.43572,1.69043e-05,0.00378358,0.00639159
1.75656e+09,0.0033166,0.374025,1.9036,2.43574,1.69043e-05,0.00181925,0.00639159
1.75656e+09,0.00316138,0.374022,1.9036,2.43576,-0.00010284,0.00181925,0.00639159
1.75656e+09,0.00346164,0.374018,1.90359,2.43578,-0.00010284,0.00176968,0.00639159
1.75656e+09,0.00313617,0.374024,1.90358,2.4358,-0.00379329,0.00176968,0.00639159
1.75656e+09,0.00365924,0.374056,1.90355,2.43582,-0.0113348,-0.000497449,0.00639159
1.75656e+09,0.00308438,0.374062,1.90354,2.43583,-0.00379329,0.00152192,0.00213053
1.75656e+09,0.00329445,0.374047,1.90355,2.43582,0.00489758,0.00152192,-0.00213053
1.75656e+09,0.00334296,0.374032,1.90356,2.43581,0.00645476,-0.000772044,-0.00319579
1.75656e+09,0.00323654,0.374018,1.90358,2.43579,0.00645476,-0.000772044,-0.00639159
1.75656e+09,0.003344,0.374007,1.9036,2.43575,0.00645476,-0.00253326,-0.0127832
1.75656e+09,0.0033322,0.373997,1.90364,2.4357,0.00987139,-0.00724843,-0.0149137
1.75656e+09,0.00355649,0.373986,1.9037,2.43565,0.0132256,-0.010736,-0.0149137
1.75656e+09,0.00323626,0.373996,1.90374,2.4356,0.00532481,-0.010736,-0.0149137
1.75656e+09,0.00333608,0.374021,1.90376,2.43556,-0.000891189,-0.010736,-0.0117179
1.75656e+09,0.00335278,0.374053,1.90378,2.43552,-0.00441374,-0.00929635,-0.0117179
1.75656e+09,0.00321839,0.374083,1.90379,2.43549,-0.00441374,-0.00929635,-0.00958738
1.75656e+09,0.00339695,0.3741,1.90379,2.43545,-0.00441374,-0.00260138,-0.0117179
1.75656e+09,0.00334798,0.374117,1.90378,2.43542,-0.00441374,-0.00260138,-0.00958738
1.75656e+09,0.00337395,0.374105,1.90381,2.43538,0.00673773,-0.00260138,-0.00958738
1.75656e+09,0.00317071,0.374083,1.90382,2.43536,0.00814801,0.0012286,-0.00745685
1.75656e+09,0.00354008,0.374056,1.90382,2.43535,0.00673773,0.00372371,-0.00319579
1.75656e+09,0.00336534,0.374043,1.90382,2.43538,0.00206275,0.00372371,0.00852211
1.75656e+09,0.00321178,0.374026,1.90381,2.43541,0.00206275,0.00555437,0.00852211
1.75656e+09,0.00347229,0.374008,1.9038,2.43544,0.00206275,0.00555437,0.00958738
1.75656e+09,0.00321016,0.373993,1.90379,2.43547,0.00140226,0.00557958,0.00958738
1.75656e+09,0.0031937,0.373978,1.90378,2.4355,0.00140226,0.00557958,0.00958738
1.75656e+09,0.00344964,0.373968,1.90377,2.43554,0.00140226,0.00287526,0.0106526
1.75656e+09,0.00333553,0.373974,1.9038,2.43557,0.00290428,-0.00604199,0.0106526
1.75656e+09,0.00357875,0.37398,1.90382,2.43559,0.00290428,-0.00604199,0.00426106
1.75656e+09,0.00319728,0.373986,1.90384,2.4356,0.00290428,-0.00604199,0.00426106
1.75656e+09,0.0031204,0.373993,1.90386,2.4356,0.00192329,-0.00604199,0.00106526
1.75656e+09,0.00329818,0.374001,1.90388,2.4356,0.00192329,-0.00604199,0
1.75656e+09,0.00347981,0.373997,1.90388,2.4356,0.00192329,-0.00048943,0
1.75656e+09,0.00326214,0.373999,1.90388,2.4356,-0.00088919,0.000223412,-0.00106526
1.75656e+09,0.00340584,0.374004,1.90386,2.4356,-0.00538326,0.00394242,-0.00106526
1.75656e+09,0.00368363,0.373997,1.90385,2.43557,-0.00088919,0.00394242,-0.00639159
1.75656e+09,0.00293659,0.373994,1.90385,2.43555,0.00204082,-0.00048943,-0.00745685
1.75656e+09,0.00325745,0.373976,1.90387,2.43553,0.00773924,-0.000752112,-0.00745685
1.75656e+09,0.00344193,0.373973,1.90391,2.4355,0.00773924,-0.00775247,-0.00852211
1.75656e+09,0.00350866,0.37397,1.90394,2.43547,0.00773924,-0.00775247,-0.00852211
1.75656e+09,0.003171,0.373968,1.90398,2.43543,0.00773924,-0.00775247,-0.0106526
1.75656e+09,0.00340491,0.373967,1.904,2.4354,0.00389531,-0.00451062,-0.0106526
1.75656e+09,0.00318061,0.373977,1.90401,2.43536,-1.15493e-05,-0.00451062,-0.0106526
1.75656e+09,0.00340987,0.373987,1.90402,2.43533,-1.15493e-05,-0.00451062,-0.0106526
1.75656e+09,0.00337767,0.373993,1.90404,2.4353,0.00148339,-0.00451062,-0.00958738
1.75656e+09,0.00323108,0.373999,1.90405,2.43527,0.00148339,-0.00451062,-0.00958738
1.75656e+09,0.00324694,0.374004,1.90407,2.43523,0.00317861,-0.00610297,-0.00958738
1.75656e+09,0.00393933,0.373996,1.90409,2.4352,0.00369626,-0.00121204,-0.00958738
1.75656e+09,0.00286282,0.373988,1.90409,2.43517,0.00369626,-0.000449839,-0.00852211
1.75656e+09,0.00338818,0.373974,1.90409,2.43517,0.00317861,0.00301868,0
1.75656e+09,0.00336956,0.373959,1.90409,2.43519,0.00317861,0.00301868,0.00532632
1.75656e+09,0.00313147,0.373944,1.90409,2.43522,0.00369626,0.00301868,0.00852211
1.75656e+09,0.00344692,0.373925,1.90408,2.43525,0.00176807,0.00655679,0.00852211
1.75656e+09,0.00327578,0.37392,1.90408,2.43527,0.00176807,-0.000124345,0.00639159
1.75656e+09,0.00344899,0.373916,1.90409,2.43529,0.00176807,-0.000124345,0.00639159
1.75656e+09,0.00317382,0.373907,1.90409,2.43531,0.00176807,0.00257922,0.00532632
1.75656e+09,0.0034768,0.373895,1.90408,2.43532,0.00176807,0.00305226,0.00532632
1.75656e+09,0.00339858,0.373874,1.90409,2.43534,0.00553731,0.00305226,0.00532632
1.75656e+09,0.00326451,0.373854,1.90409,2.43536,0.00553731,0.00305226,0.00532632
1.75656e+09,0.00338702,0.373834,1.9041,2.43536,0.00553731,0.00257922,0.00106526
1.75656e+09,0.00327843,0.373827,1.9041,2.43537,0.00316918,-0.000362506,0.00106526
1.75656e+09,0.00324572,0.373832,1.9041,2.43533,-0.00108383,-0.00131764,-0.0106526
1.75656e+09,0.0034427,0.373838,1.9041,2.4353,-0.00108383,-0.00131764,-0.0106526
1.75656e+09,0.00322801,0.373844,1.90411,2.43526,-0.00108383,-0.00157769,-0.0106526
1.75656e+09,0.0036047,0.37385,1.90411,2.43522,-0.00108383,-0.00157769,-0.0106526
1.75656e+09,0.00319759,0.373856,1.90411,2.43519,-0.00108383,-0.00157769,-0.0117179
1.75656e+09,0.00323599,0.373869,1.90412,2.43514,-0.0016053,-0.0041464,-0.0138484
1.75656e+09,0.00320594,0.373901,1.90413,2.43509,-0.00460144,-0.0100679,-0.0170442
1.75656e+09,0.00355291,0.373937,1.90415,2.43503,-0.00460144,-0.0100679,-0.0170442
1.75656e+09,0.00310145,0.373961,1.90417,2.43498,-0.0016053,-0.0100679,-0.0138484
1.75656e+09,0.00346493,0.373995,1.9042,2.43496,-0.00148886,-0.0136011,-0.00745685
1.75656e+09,0.00337076,0.374004,1.90421,2.43493,-3.3139e-05,-0.00379464,-0.00639159
1.75656e+09,0.00322292,0.374011,1.90422,2.43493,0.000196868,-0.00379464,-0.00213053
1.75656e+09,0.00336187,0.374021,1.90423,2.43493,0.000457661,-0.00494885,0.00106526
1.75656e+09,0.00355617,0.374031,1.90425,2.43494,0.000457661,-0.00494885,0.00106526
1.75656e+09,0.00324161,0.374031,1.90425,2.43495,0.000457661,-0.00060489,0.00319579
1.75656e+09,0.00313517,0.37404,1.90426,2.43497,0.000457661,-0.00494885,0.00852211
1.75656e+09,0.00357851,0.374048,1.90428,2.435,0.000457661,-0.00382944,0.00852211
1.75656e+09,0.00324102,0.37404,1.90428,2.43503,0.0029332,0.000246323,0.00958738
1.75656e+09,0.0033492,0.374032,1.90429,2.43507,0.0029332,0.000246323,0.00958738
1.75656e+09,0.00407379,0.374028,1.9043,2.43511,0.00301914,-0.00208295,0.00958738
1.75656e+09,0.00259533,0.374027,1.90431,2.43513,0.00230214,-0.00208295,0.00958738
1.75656e+09,0.0031992,0.374003,1.90429,2.43516,0.00230214,0.00886524,0.0106526
1.75656e+09,0.00342345,0.37399,1.90429,2.4352,0.00230214,0.00331675,0.0106526
1.75656e+09,0.00331193,0.373994,1.90429,2.43524,0.000156969,-0.00208295,0.0106526
1.75656e+09,0.00337685,0.373992,1.90429,2.43527,-0.00111984,0.0024127,0.0106526
1.75656e+09,0.00328758,0.373987,1.90428,2.4353,-0.00111984,0.00331675,0.00745685
1.75656e+09,0.00343241,0.373982,1.90427,2.4353,0.000156969,0.0024127,0
1.75656e+09,0.00313874,0.373977,1.90426,2.43527,0.000156969,0.00220225,-0.00745685
1.75656e+09,0.00355493,0.373975,1.90426,2.43522,-0.00111984,0.00220225,-0.0138484
1.75656e+09,0.00314344,0.373978,1.90425,2.43518,-0.00142776,0.000182373,-0.0138484
1.75656e+09,0.00347719,0.373978,1.9043,2.43513,0.008217,-0.00982961,-0.0149137
1.75656e+09,0.00324752,0.374003,1.90432,2.43508,-0.00142776,-0.0100297,-0.015979
1.75656e+09,0.00330232,0.374028,1.90434,2.43502,-0.00142776,-0.0100297,-0.015979
1.75656e+09,0.00349639,0.374045,1.90437,2.43497,0.00221987,-0.0100297,-0.0149137
1.75656e+09,0.00339851,0.374057,1.9044,2.43491,0.00221987,-0.00819521,-0.0170442
1.75656e+09,0.00306941,0.37408,1.90441,2.43486,-0.00279197,-0.00819521,-0.0170442
1.75656e+09,0.0034506,0.374092,1.90444,2.4348,0.00221987,-0.00781834,-0.0191748
1.75656e+09,0.00335988,0.374107,1.90446,2.43475,0.0011382,-0.00819521,-0.0138484
1.75656e+09,0.00321915,0.374131,1.90449,2.43471,0.000395482,-0.0122459,-0.0106526
1.75656e+09,0.00362169,0.374159,1.90453,2.43469,0.000395482,-0.0122459,-0.00639159
1.75656e+09,0.00308026,0.374172,1.90455,2.43467,0.0011382,-0.00781834,-0.00745685
1.75656e+09,0.00342159,0.374181,1.90456,2.43465,0.000395482,-0.00475537,-0.00639159
1.75656e+09,0.00327844,0.374184,1.90457,2.43466,0.000395482,-0.00169659,0.00426106
1.75656e+09,0.0034718,0.374185,1.90457,2.43468,0.000544685,-0.0011114,0.00639159
1.75656e+09,0.00330914,0.374182,1.90457,2.43471,0.000544685,0.000910626,0.00745685
1.75656e+09,0.00380818,0.374179,1.90456,2.43474,-0.0016346,0.0030678,0.00745685
1.75656e+09,0.00279024,0.374172,1.90455,2.43477,0.000544685,0.0034062,0.0106526
1.75656e+09,0.00317701,0.374165,1.90454,2.4348,-0.000153667,0.0034062,0.0106526
1.75656e+09,0.00333512,0.374162,1.90453,2.43482,-0.00168785,0.0034062,0.00639159
1.75656e+09,0.00352972,0.374163,1.90453,2.43484,-0.000153667,-0.000417058,0.00639159
1.75656e+09,0.00318846,0.374157,1.90454,2.43486,0.00278162,-0.000417058,0.00639159
1.75656e+09,0.00356823,0.374157,1.90454,2.43489,0.00063254,-0.000417058,0.00639159
1.75656e+09,0.00326639,0.374129,1.90452,2.4349,0.00278162,0.00956082,0.00426106
1.75656e+09,0.00326714,0.374102,1.9045,2.4349,0.00278162,0.00956082,0.00106526
1.75656e+09,0.00315577,0.374075,1.90449,2.4349,0.00318592,0.00956082,-0.00106526
1.75656e+09,0.00344703,0.374072,1.90449,2.43486,0.00063254,0.000373011,-0.0127832
1.75656e+09,0.00332583,0.374064,1.90449,2.43481,0.00318592,0.000373011,-0.0149137
1.75656e+09,0.00336114,0.374062,1.90449,2.43475,0.000756405,6.88212e-05,-0.015979
1.75656e+09,0.0033922,0.374063,1.90452,2.4347,0.00522284,-0.00669502,-0.0149137
1.75656e+09,0.00332941,0.374075,1.90454,2.43465,0.000756405,-0.00669502,-0.0149137
1.75656e+09,0.00323216,0.374075,1.90457,2.4346,0.00522284,-0.00571594,-0.0149137
1.75656e+09,0.0033087,0.374079,1.90459,2.43456,0.0038383,-0.00669502,-0.0138484
1.75656e+09,0.00329381,0.374082,1.90461,2.43451,0.0038383,-0.00571594,-0.0138484
1.75656e+09,0.00359106,0.374114,1.9046,2.43446,-0.00855761,-0.00385502,-0.0138484
1.75656e+09,0.00415023,0.374151,1.9046,2.43441,-0.0067647,-0.00571594,-0.0138484
1.75656e+09,0.00245013,0.374168,1.9046,2.43438,-0.0067647,-0.00261548,-0.00958738
1.75656e+09,0.00324652,0.37419,1.90459,2.43435,-0.0067647,-0.00261548,-0.00958738
1.75656e+09,0.00332305,0.374217,1.9046,2.43436,-0.00456106,-0.00705574,0.00213053
1.75656e+09,0.00340819,0.374236,1.90462,2.43438,-0.000387632,-0.00839057,0.00639159
1.75656e+09,0.00318031,0.374255,1.90464,2.43441,-0.000387632,-0.00839057,0.0106526
1.75656e+09,0.0034675,0.374275,1.90466,2.43445,-0.000387632,-0.00881007,0.0106526
1.75656e+09,0.00328882,0.374292,1.90468,2.43448,0.000664032,-0.00839057,0.00852211
1.75656e+09,0.00340735,0.374297,1.90469,2.43452,0.000865118,-0.00345034,0.0117179
1.75656e+09,0.00336728,0.374312,1.9047,2.43455,-0.00282367,-0.00345034,0.00852211
1.75656e+09,0.00333458,0.374321,1.90471,2.43458,-8.20597e-05,-0.00406538,0.00852211
1.75656e+09,0.00315643,0.374322,1.90471,2.4346,-8.20597e-05,-0.000656713,0.00852211
1.75656e+09,0.00350025,0.374328,1.9047,2.43463,-0.00282367,0.000910499,0.00852211
1.75656e+09,0.0032559,0.374333,1.90469,2.43466,-0.00282367,0.000910499,0.00852211
1.75656e+09,0.00335724,0.374331,1.90469,2.43469,-8.20597e-05,0.000910499,0.00745685
1.75656e+09,0.00323568,0.374305,1.90471,2.43468,0.00977045,0.000910499,-0.00319579
1.75656e+09,0.00343526,0.374283,1.90473,2.43465,0.00977045,-0.00124163,-0.00639159
1.75656e+09,0.00317003,0.374258,1.90476,2.43462,0.0113561,-0.00162489,-0.00958738
1.75656e+09,0.0034066,0.374233,1.9048,2.43459,0.0126086,-0.00334662,-0.00958738
1.75656e+09,0.00331539,0.374213,1.90483,2.43454,0.0113561,-0.00407477,-0.0149137
1.75656e+09,0.00388889,0.374196,1.90487,2.43448,0.00946504,-0.00407477,-0.015979
1.75656e+09,0.00308532,0.374195,1.90488,2.43443,0.00293953,-0.00334662,-0.015979
1.75656e+09,0.00301816,0.374208,1.90488,2.43437,-0.00280507,-0.00334662,-0.0181095
1.75656e+09,0.00328631,0.374244,1.90488,2.43433,-0.00931531,-0.00580515,-0.0149137
1.75656e+09,0.0034759,0.374257,1.90488,2.43428,-0.00280507,-0.00225856,-0.0138484
1.75656e+09,0.00329471,0.374283,1.90488,2.43423,-0.00555988,-0.00580515,-0.0138484
1.75656e+09,0.00321571,0.374308,1.90488,2.43419,-0.00508475,-0.00580515,-0.0138484
1.75656e+09,0.00364618,0.374332,1.90488,2.43414,-0.00508475,-0.0045677,-0.0117179
1.75656e+09,0.00313793,0.374345,1.90489,2.43411,-0.00253467,-0.00314048,-0.0117179
1.75656e+09,0.00334948,0.374358,1.90489,2.43406,-0.00253467,-0.00314048,-0.0138484
1.75656e+09,0.00349604,0.374371,1.90489,2.43403,-0.0021832,-0.00314048,-0.00958738
1.75656e+09,0.00314434,0.374383,1.9049,2.43401,-0.0021832,-0.00314048,-0.00426106
1.75656e+09,0.00339103,0.374375,1.9049,2.43401,0.00176731,0.0013232,-0.00213053
1.75656e+09,0.00339298,0.374378,1.90491,2.43402,0.00176731,-0.00315782,0.00426106
1.75656e+09,0.00311905,0.374386,1.90491,2.43403,-0.000719063,-0.00315782,0.00426106
1.75656e+09,0.00332636,0.374385,1.9049,2.43405,-0.00188698,0.00258065,0.00532632
1.75656e+09,0.00368648,0.374375,1.90489,2.43407,-0.000719063,0.00517551,0.00532632
1.75656e+09,0.0030076,0.374364,1.90487,2.43408,-0.000719063,0.00652135,0.00106526
1.75656e+09,0.00349483,0.374354,1.90485,2.43408,-0.00188698,0.00652135,0.00106526
1.75656e+09,0.00336211,0.37433,1.90486,2.43411,0.00655768,0.00313656,0.00852211
1.75656e+09,0.0033161,0.374294,1.90487,2.43411,0.011526,0.00313656,0.00106526
1.75656e+09,0.00356058,0.374292,1.90491,2.43412,0.00655768,-0.00661842,0.00106526
1.75656e+09,0.00362373,0.374289,1.90494,2.4341,0.00709611,-0.00710101,-0.00426106
1.75656e+09,0.00266597,0.374286,1.90497,2.43407,0.00709611,-0.00661842,-0.0127832
1.75656e+09,0.00358021,0.374287,1.905,2.43401,0.00525863,-0.00661842,-0.015979
1.75656e+09,0.00338258,0.374284,1.90502,2.43395,0.00504091,-0.00446875,-0.0181095
1.75656e+09,0.00297086,0.374287,1.90504,2.43389,0.00271696,-0.00446875,-0.0181095
1.75656e+09,0.00350818,0.374305,1.90504,2.43383,-0.0030753,-0.00446875,-0.0181095
1.75656e+09,0.00339958,0.374342,1.90506,2.43375,-0.00503216,-0.0107183,-0.0223706
1.75656e+09,0.0031811,0.374376,1.90507,2.43368,-0.00503216,-0.0107183,-0.0223706
1.75656e+09,0.00330596,0.374412,1.90509,2.43361,-0.00503216,-0.0107183,-0.0234358
1.75656e+09,0.00353446,0.374449,1.90511,2.43352,-0.00461882,-0.0107183,-0.0234358
1.75656e+09,0.0032586,0.374481,1.90512,2.43345,-0.00461882,-0.00998444,-0.0213053
1.75656e+09,0.00322747,0.374508,1.90513,2.43338,-0.00461882,-0.00749033,-0.0213053
1.75656e+09,0.00335943,0.374527,1.90513,2.43333,-0.00461882,-0.00291451,-0.015979
1.75656e+09,0.00341171,0.374541,1.90512,2.43328,-0.00439278,-0.00131292,-0.0149137
1.75656e+09,0.00334439,0.374555,1.90511,2.43324,-0.00439278,-0.0011624,-0.0117179
1.75656e+09,0.00330393,0.374559,1.90512,2.43321,-0.000852623,-0.0011624,-0.0106526
1.75656e+09,0.00326956,0.374556,1.90511,2.43318,-0.000852623,0.00271699,-0.00745685
1.75656e+09,0.00334601,0.374568,1.9051,2.43319,-0.00413099,-0.000975898,0.00319579
1.75656e+09,0.00337339,0.374581,1.90509,2.4332,-0.00413099,-0.0011624,0.00319579
1.75656e+09,0.00313477,0.374593,1.90509,2.43321,-0.00413099,-0.000975898,0.00319579
1.75656e+09,0.00382927,0.374589,1.90506,2.43322,-0.00413099,0.00636277,0.00319579
1.75656e+09,0.00314366,0.374576,1.90504,2.43323,-6.29247e-05,0.00636277,0.00319579
1.75656e+09,0.00304942,0.374556,1.90504,2.43324,0.00334466,0.00636277,0.00106526
1.75656e+09,0.00341917,0.374533,1.90503,2.43324,0.00334466,0.00636277,0.00106526
1.75656e+09,0.00350772,0.374518,1.90503,2.43324,0.00334466,0.00256586,0
1.75656e+09,0.00329773,0.374515,1.90503,2.43324,0.0009445,0.000660237,0
1.75656e+09,0.00341817,0.374511,1.90503,2.43324,0.0009445,0.000660237,0
1.75656e+09,0.00337439,0.374503,1.90502,2.43324,0.0009445,0.00256586,0
1.75656e+09,0.00303108,0.374495,1.90502,2.43324,0.0009445,0.00256586,0
1.75656e+09,0.00349759,0.374488,1.90502,2.4332,0.002115,0.000660237,-0.0106526
1.75656e+09,0.00335994,0.374482,1.90503,2.43316,0.002115,0.000490838,-0.0127832
1.75656e+09,0.00321209,0.374491,1.90505,2.43312,0.002115,-0.00703919,-0.0127832
1.75656e+09,0.00367319,0.374506,1.90507,2.43307,0.000955214,-0.00703919,-0.0127832
1.75656e+09,0.00310649,0.374512,1.90508,2.433,0.000955214,-0.00445952,-0.0234358
1.75656e+09,0.00330119,0.374519,1.9051,2.43292,0.000955214,-0.00445952,-0.0234358
1.75656e+09,0.00337279,0.374516,1.90512,2.43285,0.00503142,-0.00445952,-0.0213053
1.75656e+09,0.0033825,0.374535,1.90512,2.4328,-0.00412138,-0.00369638,-0.0149137
1.75656e+09,0.00319746,0.374531,1.90514,2.43275,0.00503142,-0.00369638,-0.0149137
1.75656e+09,0.00544926,0.374548,1.9052,2.43267,0.00503142,-0.0108702,-0.0149137
1.75656e+09,0.00135687,0.374556,1.90521,2.43265,0.00225819,-0.0108702,-0.0149137
1.75656e+09,0.00307947,0.374551,1.90522,2.43262,0.00225819,-0.000401753,-0.0117179
1.75656e+09,0.00333035,0.374544,1.90523,2.43258,0.00302932,-0.000401753,-0.0117179
1.75656e+09,0.00359152,0.374537,1.90524,2.43257,0.00302932,-0.000401753,-0.00319579
1.75656e+09,0.00319255,0.374528,1.90524,2.43256,0.00302932,0.000704875,-0.00106526
1.75656e+09,0.00334676,0.374519,1.90525,2.43258,0.00302932,0.000704875,0.00426106
1.75656e+09,0.00335246,0.374516,1.90524,2.4326,0.000424188,0.000704875,0.00639159
1.75656e+09,0.0031729,0.374509,1.90523,2.43263,-0.00105076,0.00483509,0.0117179
1.75656e+09,0.0035024,0.374501,1.90522,2.43268,-0.00105076,0.00483509,0.0117179
1.75656e+09,0.00344651,0.374493,1.90521,2.43272,0.000424188,0.00280776,0.0117179
1.75656e+09,0.00310823,0.374481,1.90521,2.43275,0.00286173,0.00280776,0.0117179
1.75656e+09,0.00331286,0.374446,1.90523,2.43277,0.0112535,0.00280776,0.00639159
1.75656e+09,0.00347349,0.374411,1.90525,2.43279,0.011636,0.00207228,0.00532632
1.75656e+09,0.00325144,0.374382,1.90527,2.43281,0.011636,0.000413156,0.00426106
1.75656e+09,0.00339568,0.374366,1.90531,2.43278,0.0112535,-0.00607667,-0.00639159
1.75656e+09,0.00335517,0.37437,1.90533,2.43276,0.00385725,-0.00621354,-0.00639159
1.75656e+09,0.00312039,0.374374,1.90536,2.43274,0.00385725,-0.00637333,-0.00745685
1.75656e+09,0.00342785,0.374378,1.90538,2.43271,0.00385725,-0.00651021,-0.00958738
1.75656e+09,0.00349141,0.374383,1.90541,2.43268,0.00344563,-0.00637333,-0.00745685
1.75656e+09,0.00327153,0.374379,1.90544,2.43265,0.0071175,-0.00621354,-0.00958738
1.75656e+09,0.00334526,0.374375,1.90547,2.43258,0.0071175,-0.00637333,-0.02024
1.75656e+09,0.00341216,0.37438,1.90549,2.43251,0.00344563,-0.00651021,-0.02024
1.75656e+09,0.00308457,0.374389,1.90552,2.43245,0.00344563,-0.00828908,-0.0213053
1.75656e+09,0.00340911,0.374396,1.90555,2.43235,0.00440564,-0.00828908,-0.0276969
1.75656e+09,0.00434315,0.374423,1.90558,2.43223,-0.00108392,-0.00828908,-0.0276969
1.75656e+09,0.00233914,0.374431,1.90558,2.43217,-0.00108392,-0.00438925,-0.0276969
1.75656e+09,0.00338122,0.37443,1.9056,2.43211,0.00429274,-0.00438925,-0.0181095
1.75656e+09,0.00335574,0.374425,1.90559,2.43205,-0.00192844,0.00466665,-0.0181095
1.75656e+09,0.00309741,0.374434,1.90556,2.43204,-0.00802866,0.00466665,-0.00106526
1.75656e+09,0.00368657,0.37443,1.90554,2.43204,-0.00192844,0.0041651,-0.00106526
1.75656e+09,0.00302062,0.374426,1.90553,2.43203,-0.00192844,0.0041651,-0.00106526
1.75656e+09,0.00390988,0.374436,1.9055,2.43203,-0.00726845,0.00448648,0
1.75656e+09,0.00276298,0.374445,1.90548,2.43205,-0.00802866,0.0041651,0.00426106
1.75656e+09,0.00352353,0.374455,1.90545,2.43208,-0.00726845,0.00447399,0.00852211
1.75656e+09,0.00309076,0.374463,1.90542,2.4321,-0.00726845,0.00447399,0.00852211
1.75656e+09,0.00335028,0.374456,1.90542,2.43212,0.00174901,0.00113697,0.00426106
1.75656e+09,0.00344841,0.374448,1.90542,2.43212,0.00174901,0.00113697,0.00213053
1.75656e+09,0.00346671,0.374451,1.90543,2.43213,0.00174901,-0.00296152,0.00213053
1.75656e+09,0.0033869,0.374455,1.90545,2.43214,0.000925314,-0.00329278,0.00213053
1.75656e+09,0.00347088,0.37446,1.90546,2.43215,0.000925314,-0.00296152,0.00213053
1.75656e+09,0.00313438,0.37446,1.90546,2.43216,0.000925314,-0.00110991,0.00426106
1.75656e+09,0.00329204,0.374449,1.90548,2.43217,0.00687543,-0.00274122,0.00426106
1.75656e+09,0.00328379,0.374434,1.9055,2.43217,0.00687543,-0.00110991,0
1.75656e+09,0.00327756,0.374416,1.90551,2.43216,0.00696477,0.000434153,-0.00319579
1.75656e+09,0.00328043,0.374396,1.90552,2.43213,0.00687543,0.00130808,-0.0106526
1.75656e+09,0.00366233,0.374375,1.90554,2.43208,0.00614255,0.00130808,-0.0138484
1.75656e+09,0.00322882,0.374358,1.90554,2.43203,0.00614255,0.00130808,-0.0138484
1.75656e+09,0.00323584,0.374369,1.90555,2.43199,-0.00178377,-0.00324954,-0.0138484
1.75656e+09,0.00343429,0.374387,1.90556,2.43194,-0.00178377,-0.00598783,-0.0149137
1.75656e+09,0.00309418,0.3744,1.90557,2.43189,-0.000397445,-0.00598783,-0.0149137
1.75656e+09,0.00337822,0.374407,1.90558,2.43184,0.000209348,-0.00324954,-0.0149137
1.75656e+09,0.00338778,0.374412,1.90559,2.43179,0.000209348,-0.00253806,-0.0149137
1.75656e+09,0.0033191,0.374406,1.9056,2.43174,0.00288565,-0.000766772,-0.0149137
1.75656e+09,0.00327871,0.374382,1.9056,2.4317,0.00539844,0.00508656,-0.0138484
1.75656e+09,0.00354167,0.374362,1.90559,2.43166,0.00288565,0.00508656,-0.00958738
1.75656e+09,0.00313486,0.374353,1.90559,2.43164,0.00288565,0.00120521,-0.00639159
1.75656e+09,0.00371229,0.374342,1.9056,2.43162,0.00281611,0.00120521,-0.00639159
1.75656e+09,0.0031007,0.37434,1.9056,2.4316,0.0009295,-0.000238259,-0.00639159
1.75656e+09,0.00329688,0.374354,1.90561,2.43159,-0.00149417,-0.00444166,-0.00319579
1.75656e+09,0.00331032,0.374367,1.90561,2.4316,-0.00149417,-0.00444166,0.00532632
1.75656e+09,0.00351681,0.374387,1.90563,2.43163,-0.00149417,-0.00685693,0.00639159
1.75656e+09,0.00302299,0.374407,1.90564,2.43165,-0.00292853,-0.00685693,0.00639159
1.75656e+09,0.00342519,0.374433,1.90564,2.43167,-0.00512651,-0.00576152,0.00639159
1.75656e+09,0.00338565,0.374441,1.90563,2.43168,-0.00512651,0.00219745,0.00426106
1.75656e+09,0.0034547,0.374443,1.90565,2.4317,0.00443115,-0.00576152,0.00426106
1.75656e+09,0.00326457,0.37443,1.90566,2.43171,0.00482357,0.000259684,0.00426106
1.75656e+09,0.00365594,0.37442,1.90568,2.43173,0.00482357,-0.00123763,0.00639159
1.75656e+09,0.00305502,0.374408,1.90568,2.43175,0.00482357,0.000259684,0.00639159
1.75656e+09,0.00312571,0.374406,1.90569,2.43177,0.000510853,0.000188377,0.00639159
1.75656e+09,0.00328389,0.374407,1.90568,2.43177,-0.000182859,0.000188377,-0.00213053
1.75656e+09,0.00355637,0.37441,1.90569,2.43176,-0.000182859,-0.00123763,-0.00213053
1.75656e+09,0.00316709,0.374413,1.90569,2.43174,-0.000182859,-0.0014749,-0.00745685
1.75656e+09,0.00350909,0.374416,1.9057,2.4317,0.0012091,-0.00265581,-0.0106526
1.75656e+09,0.00334645,0.374414,1.90572,2.43165,0.0038349,-0.00330376,-0.015979
1.75656e+09,0.00352156,0.374411,1.90573,2.4316,0.0038349,-0.00330376,-0.0127832
1.75656e+09,0.00307199,0.374417,1.90575,2.43155,0.0012091,-0.0043405,-0.015979
1.75656e+09,0.00319715,0.374417,1.90577,2.4315,0.0038349,-0.0043405,-0.0149137
1.75656e+09,0.00335055,0.374417,1.90579,2.43145,0.0038349,-0.00471373,-0.0149137
1.75656e+09,0.00332627,0.374421,1.90581,2.4314,0.0034549,-0.00555506,-0.0149137
1.75656e+09,0.00331241,0.374418,1.90583,2.43135,0.00577631,-0.00555506,-0.0149137
1.75656e+09,0.00336776,0.374414,1.90586,2.43132,0.00577631,-0.00471373,-0.0106526
1.75656e+09,0.00343288,0.374399,1.90586,2.43128,0.0034549,0.00239678,-0.0106526
1.75656e+09,0.00327305,0.374392,1.90584,2.43125,-0.00225662,0.00596965,-0.0106526
1.75656e+09,0.00329157,0.374385,1.90582,2.43121,-0.00225662,0.00596965,-0.0106526
1.75656e+09,0.00367967,0.374386,1.90581,2.43117,-0.00225662,0.00239678,-0.0106526
1.75656e+09,0.00316301,0.374382,1.90582,2.43114,0.00288677,-0.00160774,-0.0106526
1.75656e+09,0.00337275,0.374378,1.90583,2.43115,0.00288677,-0.00160774,0.00426106
1.75656e+09,0.00346138,0.374368,1.90585,2.43118,0.00627223,-0.00261343,0.00745685
1.75656e+09,0.00295687,0.374357,1.90587,2.43121,0.00627223,-0.00160774,0.0117179
1.75656e+09,0.00336667,0.374346,1.90588,2.43125,0.0047597,-0.000674455,0.0117179
1.75656e+09,0.00357465,0.374346,1.90588,2.43128,-0.000423401,0.000359434,0.00745685
1.75656e+09,0.00319229,0.374352,1.90587,2.43131,-0.00216499,-3.3031e-05,0.00852211
1.75656e+09,0.00354996,0.374359,1.90586,2.43133,-0.00315227,0.000359434,0.00745685
1.75656e+09,0.0032467,0.374367,1.90586,2.43135,-0.00315227,-3.3031e-05,0.00426106
1.75656e+09,0.00309456,0.374374,1.90585,2.43136,-0.00315227,-3.3031e-05,0.00319579
1.75656e+09,0.00359449,0.374352,1.90587,2.43136,0.00815415,-3.3031e-05,0
1.75656e+09,0.00325434,0.374339,1.90589,2.43136,0.00819322,-0.00316559,0
1.75656e+09,0.0031703,0.374326,1.90592,2.43135,0.00819322,-0.00318427,-0.00106526
1.75656e+09,0.00337442,0.374314,1.90595,2.43134,0.00819322,-0.00399379,-0.00319579
1.75656e+09,0.00361656,0.3743,1.90598,2.43133,0.00819322,-0.00399379,-0.00319579
1.75656e+09,0.00309061,0.374304,1.906,2.43131,0.00426923,-0.006696,-0.00745685
1.75656e+09,0.00389035,0.374301,1.90602,2.43126,0.00426923,-0.00399379,-0.0127832
1.75656e+09,0.00291858,0.374297,1.90604,2.43123,0.00549512,-0.00399379,-0.00852211
1.75656e+09,0.00311529,0.374288,1.90606,2.43119,0.00549512,-0.00197461,-0.0138484
1.75656e+09,0.00329989,0.374284,1.90607,2.43114,0.00221131,-0.00081122,-0.015979
1.75656e+09,0.00334527,0.374281,1.90607,2.43109,0.00204289,-0.00081122,-0.0149137
1.75656e+09,0.00350055,0.374281,1.90608,2.43104,0.00204289,-0.00243224,-0.0149137
1.75656e+09,0.00308215,0.374279,1.90609,2.43099,0.00204289,-0.00164547,-0.0149137
1.75656e+09,0.00357609,0.374279,1.9061,2.43094,0.00214313,-0.00243224,-0.0127832
1.75656e+09,0.00326063,0.374296,1.90613,2.43092,0.00214313,-0.0103461,-0.00745685
1.75656e+09,0.003442,0.374307,1.90617,2.43091,0.00462936,-0.0103461,-0.00426106
1.75656e+09,0.0029728,0.3743,1.90618,2.43089,0.00462936,-0.00164547,-0.00426106
1.75656e+09,0.00355288,0.374302,1.90619,2.43089,0.000646431,-0.00175907,0
1.75656e+09,0.00333454,0.374304,1.90619,2.43091,-0.000177731,-0.00070588,0.00426106
1.75656e+09,0.00336693,0.374296,1.90619,2.43093,0.000646431,0.00294754,0.00745685
1.75656e+09,0.00356001,0.37429,1.90618,2.43097,-0.000177731,0.00294754,0.0106526
1.75656e+09,0.00307956,0.374284,1.90617,2.43101,-0.000177731,0.00294754,0.0117179
1.75656e+09,0.00331705,0.374277,1.90616,2.43105,-0.000177731,0.00342008,0.0117179
1.75656e+09,0.003245,0.374266,1.90616,2.43109,0.0015433,0.00346783,0.0149137
1.75656e+09,0.00340741,0.374266,1.90614,2.43114,-0.00297738,0.00342008,0.0127832
1.75656e+09,0.00319029,0.374255,1.90614,2.43117,0.0015433,0.00342008,0.0117179
1.75656e+09,0.00360148,0.374251,1.90614,2.43122,0.0015433,0.000202258,0.0127832
1.75656e+09,0.00318753,0.374262,1.90614,2.43126,-0.00202458,-0.00309079,0.0127832
1.75656e+09,0.00341176,0.374276,1.90615,2.4313,-0.00202458,-0.00385917,0.0117179
1.75656e+09,0.00319729,0.374277,1.90616,2.43133,0.00203579,-0.00309079,0.00852211
1.75656e+09,0.00338084,0.374272,1.90616,2.43131,0.00203579,0.000202258,-0.00532632
1.75656e+09,0.00330243,0.374264,1.90617,2.43129,0.00254777,0.000517176,-0.00745685
1.75656e+09,0.00333456,0.374249,1.90616,2.43126,0.00254777,0.00386035,-0.00745685
1.75656e+09,0.00366889,0.374234,1.90616,2.43122,0.00203579,0.00386035,-0.0106526
1.75656e+09,0.00329844,0.374222,1.90615,2.43119,0.00194529,0.00336207,-0.0106526
1.75656e+09,0.0196493,0.374153,1.90613,2.43098,0.00194529,0.0031633,-0.0106526
1.75656e+09,0.000174291,0.374152,1.90613,2.43098,0.00194529,0.0031633,-0.00426106
1.75656e+09,0.00313561,0.374141,1.90613,2.43096,0.00194529,0.0031633,-0.00639159
1.75656e+09,0.00342279,0.374129,1.90612,2.43094,0.00194529,0.0031633,-0.00426106
1.75656e+09,0.00328671,0.374134,1.90614,2.43093,0.00281576,-0.0056986,-0.00426106
1.75656e+09,0.00341796,0.374143,1.90616,2.43092,0.0016225,-0.0056986,-0.00319579
1.75656e+09,0.00338763,0.374154,1.90618,2.43091,0.000660065,-0.0056986,-0.00213053
1.75656e+09,0.00349687,0.374161,1.90619,2.43092,0.0016225,-0.00514116,0.00426106
1.75656e+09,0.00317852,0.374151,1.90619,2.43094,0.000660065,0.00422879,0.00426106
1.75656e+09,0.00325542,0.374137,1.90617,2.43097,0.000660065,0.00577574,0.0106526
1.75656e+09,0.00348961,0.374128,1.90615,2.43101,-0.00181214,0.00577574,0.0106526
1.75656e+09,0.0031088,0.374113,1.90614,2.43104,0.00150891,0.00577574,0.0106526
1.75656e+09,0.00352747,0.374097,1.90613,2.43106,0.00118954,0.00552018,0.00532632
1.75656e+09,0.00339413,0.374081,1.90612,2.43108,0.00150891,0.00552018,0.00532632
1.75656e+09,0.00340626,0.37405,1.90612,2.43109,0.00726167,0.00552018,0.00213053
1.75656e+09,0.00326789,0.374011,1.90613,2.43109,0.0110411,0.00552018,0.00213053
1.75656e+09,0.00363178,0.373977,1.90615,2.43109,0.0110411,0.0014587,0
1.75656e+09,0.00312055,0.373948,1.90617,2.43108,0.0110411,0.0014587,-0.00426106
1.75656e+09,0.00310614,0.373912,1.9062,2.43106,0.0145048,0.000890548,-0.00532632
1.75656e+09,0.00342639,0.373895,1.90621,2.43104,0.00584837,0.000684419,-0.00639159
1.75656e+09,0.00315665,0.373888,1.90622,2.43101,0.00259582,0.000684419,-0.0117179
1.75656e+09,0.00327756,0.37388,1.90622,2.43097,0.00259582,0.000890548,-0.0117179
1.75656e+09,0.00346305,0.373872,1.90622,2.43093,0.00150167,0.00166092,-0.0117179
1.75656e+09,0.00350022,0.373878,1.9062,2.43088,-0.00509654,0.00307766,-0.0138484
1.75656e+09,0.00312802,0.373882,1.90618,2.43081,-0.00509654,0.00388684,-0.02024
1.75656e+09,0.0035039,0.373877,1.90616,2.43077,-0.00147192,0.00388684,-0.0138484
1.75656e+09,0.00329599,0.373878,1.90616,2.43071,-0.00147192,0.00166092,-0.0181095
1.75656e+09,0.00316646,0.373886,1.90616,2.43065,-0.00147192,-0.00243895,-0.0181095
1.75656e+09,0.00342795,0.373891,1.90618,2.43061,0.00221251,-0.00468988,-0.0106526
1.75656e+09,0.00327333,0.373895,1.90619,2.43059,0.00256003,-0.00468988,-0.00639159
1.75656e+09,0.00339784,0.373888,1.90621,2.43057,0.00469968,-0.00243895,-0.00639159
1.75656e+09,0.00337113,0.373864,1.90621,2.43055,0.00587545,0.00420137,-0.00532632
1.75656e+09,0.00330835,0.373839,1.90622,2.43054,0.00639097,0.00420137,-0.00319579
1.75656e+09,0.00341661,0.373814,1.90622,2.43054,0.00587545,0.00420137,0
1.75656e+09,0.00329184,0.373792,1.90622,2.43055,0.00469968,0.00456837,0.00106526
1.75656e+09,0.00350574,0.373777,1.90622,2.43055,0.00347921,0.00291147,0.00213053
1.75656e+09,0.0030471,0.373764,1.90622,2.43057,0.0027577,0.00291147,0.00639159
1.75656e+09,0.00346398,0.373739,1.9062,2.4306,0.00259715,0.0082161,0.00745685
1.75656e+09,0.00321933,0.373715,1.90619,2.43062,0.00259715,0.0082161,0.00745685
1.75656e+09,0.00347904,0.373714,1.9062,2.43065,0.0027577,-0.00276265,0.00745685
1.75656e+09,0.00314076,0.373692,1.9062,2.43068,0.00483814,0.00526469,0.00958738
1.75656e+09,0.00353495,0.373667,1.90619,2.43071,0.00483814,0.00526469,0.00958738
1.75656e+09,0.00313849,0.373645,1.90619,2.43074,0.00483814,0.00526469,0.00958738
1.75656e+09,0.0033347,0.373621,1.90619,2.43077,0.00483814,0.00526469,0.00958738
1.75656e+09,0.00330761,0.373598,1.90619,2.43078,0.00478536,0.00526469,0.00213053
1.75656e+09,0.00342916,0.373598,1.90618,2.43078,-0.00132688,0.00126071,0.00106526
1.75656e+09,0.00335562,0.373583,1.90619,2.43075,0.00478536,0.00126071,-0.00958738
1.75656e+09,0.00345813,0.373573,1.90621,2.43072,0.00589967,-0.00245577,-0.00958738
1.75656e+09,0.00316534,0.373588,1.90621,2.43067,-0.00394364,-0.00270105,-0.015979
1.75656e+09,0.00331407,0.373604,1.9062,2.43063,-0.00394364,-0.00270105,-0.0106526
1.75656e+09,0.00347053,0.373606,1.90622,2.4306,0.00348137,-0.00498869,-0.0106526
1.75656e+09,0.00318877,0.373608,1.90624,2.43055,0.00348137,-0.00498869,-0.015979
1.75656e+09,0.00356922,0.373633,1.90625,2.43049,-0.00396316,-0.00599262,-0.015979
1.75656e+09,0.00312575,0.373642,1.90627,2.43045,0.00121509,-0.00599262,-0.0138484
1.75656e+09,0.00334989,0.373653,1.90629,2.4304,0.00121509,-0.00627832,-0.0138484
1.75656e+09,0.0034587,0.373664,1.90631,2.43035,0.00121509,-0.00627832,-0.0138484
1.75656e+09,0.00328336,0.373695,1.90631,2.43033,-0.00691148,-0.00627832,-0.00745685
1.75656e+09,0.00337163,0.373718,1.9063,2.4303,-0.00691148,-0.00263983,-0.00745685
1.75656e+09,0.00334414,0.373729,1.90627,2.43028,-0.00691148,0.00297982,-0.00639159
1.75656e+09,0.00317464,0.37374,1.90625,2.43026,-0.00707156,0.00297982,-0.00532632
1.75656e+09,0.00346787,0.37374,1.90622,2.43027,-0.00707156,0.00799029,0.00213053
1.75656e+09,0.00320037,0.37374,1.90619,2.43031,-0.00520094,0.00599162,0.0127832
1.75656e+09,0.00353736,0.373735,1.90618,2.43036,-0.000551464,0.00297982,0.0138484
1.75656e+09,0.00304962,0.373735,1.90616,2.43041,-0.00520094,0.00599162,0.0149137
1.75656e+09,0.00352936,0.373708,1.90615,2.43045,0.00461554,0.00630014,0.0138484
1.75656e+09,0.00315309,0.373684,1.90615,2.4305,0.00461554,0.00630014,0.0138484
1.75656e+09,0.00340371,0.373661,1.90611,2.43055,-0.00221184,0.0129693,0.0138484
1.75656e+09,0.00346304,0.373638,1.90607,2.43059,-0.00221184,0.0129693,0.0117179
1.75656e+09,0.0041179,0.373603,1.90603,2.43063,-0.000168509,0.0129693,0.0117179
1.75656e+09,0.00238271,0.373596,1.90602,2.43065,-0.000168509,0.00463719,0.00639159
1.75656e+09,0.00361184,0.373601,1.90602,2.43067,-0.000168509,-0.00162897,0.00532632
1.75656e+09,0.00293406,0.373604,1.90603,2.43067,-0.000168509,-0.00162897,0
1.75656e+09,0.00368834,0.373608,1.90603,2.43066,-0.000168509,-0.00128471,-0.00319579
1.75656e+09,0.00322755,0.373597,1.90604,2.43065,0.00566363,-0.00162897,-0.00319579
1.75656e+09,0.00323732,0.373586,1.90606,2.43063,0.00566363,-0.00128471,-0.00426106
1.75656e+09,0.00322901,0.373546,1.90608,2.43061,0.0137578,0.00332013,-0.00745685
1.75656e+09,0.00359461,0.3735,1.9061,2.43056,0.0137578,0.00332013,-0.0127832
1.75656e+09,0.00338891,0.37349,1.90612,2.43052,0.00566363,-0.00198048,-0.0127832
1.75656e+09,0.00314142,0.37348,1.90614,2.43049,0.00593597,-0.00198048,-0.00958738
1.75656e+09,0.00337527,0.373484,1.90616,2.43045,0.00313278,-0.00537395,-0.0127832
1.75656e+09,0.00350611,0.37349,1.90618,2.43039,0.00307435,-0.00627157,-0.0149137
1.75656e+09,0.0030432,0.373499,1.9062,2.43036,0.00224088,-0.00692865,-0.00958738
1.75656e+09,0.00352443,0.373506,1.90623,2.43033,0.00307435,-0.00692865,-0.00852211
1.75656e+09,0.00303484,0.373514,1.90625,2.43032,0.00224088,-0.0065568,-0.00532632
1.75656e+09,0.00352768,0.373521,1.90627,2.43031,0.00307435,-0.00627157,-0.00213053
1.75656e+09,0.00344528,0.373515,1.90629,2.43031,0.00494978,-0.00341889,0.00106526
1.75656e+09,0.00316787,0.373502,1.9063,2.43032,0.00494978,0.000696962,0.00319579
1.75656e+09,0.00316192,0.373489,1.90631,2.43035,0.00494978,0.000696962,0.00639159
1.75656e+09,0.00346514,0.373476,1.90632,2.43037,0.00494978,-0.00027182,0.00852211
1.75656e+09,0.0044168,0.373501,1.90631,2.43044,-0.0056375,-0.00200735,0.0138484
1.75656e+09,0.00244662,0.373512,1.9063,2.43047,-0.0056375,-0.00027182,0.0138484
1.75656e+09,0.00350762,0.373509,1.90631,2.43053,0.00129815,-0.00027182,0.0170442
1.75656e+09,0.00297762,0.373507,1.90631,2.43058,0.00129815,-0.00027182,0.0170442
1.75656e+09,0.00328424,0.373504,1.90632,2.43064,0.00198398,-0.00125119,0.0170442
1.75656e+09,0.00360115,0.37349,1.90631,2.43068,0.00198398,0.0039322,0.0127832
1.75656e+09,0.00313607,0.373477,1.90631,2.43071,0.00198398,0.0039322,0.00958738
1.75656e+09,0.00335279,0.373461,1.90632,2.43074,0.00632974,-7.8556e-05,0.00852211
1.75656e+09,0.00357113,0.373444,1.90634,2.43077,0.00632974,-7.8556e-05,0.00852211
1.75656e+09,0.00305264,0.373418,1.90634,2.43077,0.00783459,0.0039322,0.00106526
1.75656e+09,0.00341444,0.373388,1.90635,2.43077,0.00783459,0.0044615,-0.00106526
1.75656e+09,0.0037015,0.373366,1.90637,2.43076,0.00783459,-7.8556e-05,-0.00213053
1.75656e+09,0.00294143,0.373339,1.90639,2.43075,0.0132134,-0.00127053,-0.00426106
1.75656e+09,0.00340882,0.373311,1.90643,2.43072,0.0121129,-0.00127053,-0.00958738
1.75656e+09,0.00335741,0.373298,1.90647,2.43069,0.0121129,-0.00840431,-0.00958738
1.75656e+09,0.00319051,0.373286,1.90652,2.43062,0.0121129,-0.00840431,-0.0191748
1.75656e+09,0.00333549,0.373303,1.90654,2.43055,0.000539866,-0.00823532,-0.0213053
1.75656e+09,0.00343468,0.37332,1.90656,2.43048,0.000539866,-0.00823532,-0.0213053
1.75656e+09,0.00313014,0.373335,1.90658,2.43043,0.000539866,-0.00810779,-0.015979
1.75656e+09,0.00352961,0.373353,1.90661,2.43037,0.000212971,-0.00810779,-0.015979
1.75656e+09,0.0034301,0.373368,1.90662,2.43034,0.000188267,-0.00672489,-0.0106526
1.75656e+09,0.00327261,0.373382,1.90664,2.4303,-0.00023828,-0.00611703,-0.0106526
1.75656e+09,0.00320144,0.373397,1.90666,2.43026,-0.00023828,-0.00726789,-0.0117179
1.75656e+09,0.00351552,0.373423,1.90667,2.43023,-0.0031527,-0.00726789,-0.0106526
1.75656e+09,0.00319814,0.373448,1.90667,2.43019,-0.00507969,-0.00611703,-0.0106526
1.75656e+09,0.00343252,0.373469,1.90668,2.43019,-0.0031527,-0.00611703,0
1.75656e+09,0.00340655,0.373474,1.90669,2.43021,0.000639221,-0.00265032,0.00532632
1.75656e+09,0.00301583,0.373469,1.90668,2.43023,0.000158372,0.00237521,0.00532632
1.75656e+09,0.00356293,0.373461,1.90668,2.43027,0.000639221,0.00237521,0.0117179
1.75656e+09,0.0033608,0.373462,1.90668,2.4303,0.000639221,-0.00116731,0.00958738
1.75656e+09,0.00319575,0.373454,1.90668,2.43033,0.00153312,0.00237521,0.00958738
1.75656e+09,0.00366447,0.373446,1.90668,2.43037,0.00153312,0.00127389,0.00958738
1.75656e+09,0.00294041,0.373435,1.90669,2.4304,0.00410558,0.000976555,0.00958738
1.75656e+09,0.00337702,0.373413,1.9067,2.43043,0.0078043,0.00127389,0.00958738
1.75656e+09,0.00331282,0.373388,1.90671,2.43046,0.0078043,0.00225568,0.00852211
1.75656e+09,0.00351604,0.373374,1.90672,2.43048,0.00410558,0.00127389,0.00639159
1.75656e+09,0.00342008,0.373349,1.90673,2.43048,0.0078043,0.00225568,0
1.75656e+09,0.00307335,0.37332,1.90673,2.43046,0.0078043,0.00537978,-0.00532632
1.75656e+09,0.00333804,0.37331,1.90672,2.43043,-0.00079727,0.00537978,-0.00958738
1.75656e+09,0.00324546,0.373312,1.90672,2.4304,-0.00079727,9.77206e-05,-0.00958738
1.75656e+09,0.00343788,0.373289,1.90671,2.43037,0.00422785,0.00526638,-0.00958738
1.75656e+09,0.00368032,0.373287,1.9067,2.43032,-0.00081423,0.00201602,-0.0138484
1.75656e+09,0.00308479,0.373288,1.9067,2.43026,-0.00081423,9.77206e-05,-0.0170442
1.75656e+09,0.00319044,0.373281,1.90671,2.43022,0.00422785,-0.00121163,-0.0138484
1.75656e+09,0.00334988,0.373273,1.90673,2.43017,0.00422785,-0.00121163,-0.0149137
1.75656e+09,0.00328441,0.373269,1.90673,2.43012,0.00257657,-0.00138675,-0.0138484
1.75656e+09,0.00342978,0.373268,1.90675,2.43008,0.00257657,-0.00245298,-0.0138484
1.75656e+09,0.00322984,0.37328,1.90675,2.43005,-0.0026486,-0.00245298,-0.00852211
1.75656e+09,0.00341553,0.373292,1.90675,2.43002,-0.0026486,-0.00245298,-0.00852211
1.75656e+09,0.00341929,0.373311,1.90675,2.43001,-0.00378031,-0.00392026,-0.00319579
1.75656e+09,0.00352026,0.37333,1.90675,2.43,-0.00378031,-0.00392026,-0.00213053
1.75656e+09,0.00311027,0.373339,1.90674,2.43,-0.00378031,-0.000269646,0
1.75656e+09,0.00332899,0.373348,1.90674,2.43002,-0.00252817,-0.000958816,0.00639159
1.75656e+09,0.00337203,0.373359,1.90673,2.43007,-0.00378031,-0.000958816,0.0138484
1.75656e+09,0.00323237,0.373368,1.90673,2.43012,-0.00252817,-0.000958816,0.015979
1.75656e+09,0.00339157,0.373372,1.90673,2.43017,-0.00105368,-0.000958816,0.015979
1.75656e+09,0.00344043,0.373368,1.90674,2.43023,0.00285265,-0.00141531,0.015979
1.75656e+09,0.00308542,0.373373,1.90674,2.43028,-0.00105368,-0.00141531,0.015979
1.75656e+09,0.00348393,0.373369,1.90675,2.43033,0.00285265,-0.00141531,0.015979
1.75656e+09,0.00352088,0.373374,1.90676,2.43038,-0.000794674,-0.00141531,0.0117179
1.75656e+09,0.00307838,0.373358,1.90676,2.4304,0.00497878,0.00236526,0.00958738
1.75656e+09,0.00345517,0.373333,1.90676,2.43043,0.00497878,0.00545414,0.00639159
1.75656e+09,0.00333419,0.373307,1.90675,2.43044,0.00538316,0.00545414,0.00532632
1.75656e+09,0.00316471,0.373298,1.90677,2.43044,0.00497878,-0.00149012,-0.00106526
1.75656e+09,0.00359997,0.373288,1.90678,2.43042,0.00497878,-0.00149012,-0.00532632
1.75656e+09,0.00322407,0.373288,1.9068,2.43041,0.00350663,-0.00406524,-0.00532632
1.75656e+09,0.00324465,0.373288,1.90682,2.43038,0.00350663,-0.00406524,-0.00852211
1.75656e+09,0.00346174,0.373291,1.90684,2.43032,0.00246236,-0.00406524,-0.015979
1.75656e+09,0.00321098,0.373291,1.90684,2.43027,0.00124957,-0.00159872,-0.015979
1.75656e+09,0.00314095,0.373292,1.90685,2.43022,0.00124957,-0.00159872,-0.015979
1.75656e+09,0.00368102,0.373282,1.90685,2.43016,0.00201052,0.00155936,-0.0170442
1.75656e+09,0.00348707,0.373294,1.90685,2.4301,-0.00315558,-0.00159872,-0.0170442
1.75656e+09,0.00307224,0.373314,1.90684,2.43005,-0.00621912,-0.00278422,-0.0170442
1.75656e+09,0.00343882,0.373335,1.90685,2.42999,-0.00315558,-0.00568864,-0.0170442
1.75656e+09,0.00381619,0.373355,1.90688,2.42996,0.00201052,-0.0104063,-0.00745685
1.75656e+09,0.00260972,0.373367,1.90691,2.42995,0.00302399,-0.0104063,-0.00532632
1.75656e+09,0.00322058,0.373382,1.90694,2.42993,0.00302399,-0.0104063,-0.00319579
1.75656e+09,0.00359492,0.373384,1.90696,2.42993,0.00302399,-0.0043624,-0.00106526
1.75656e+09,0.00326072,0.373385,1.90698,2.42994,0.00324947,-0.0043624,0.00319579
1.75656e+09,0.00404628,0.373403,1.90698,2.42996,-0.00203475,-0.0043624,0.00426106
1.75656e+09,0.00277465,0.373415,1.90699,2.42997,-0.00203475,-0.0043624,0.00426106
1.75656e+09,0.00306644,0.373425,1.907,2.42999,-0.0013394,-0.00329618,0.00745685
1.75656e+09,0.00338625,0.373422,1.90701,2.43003,0.00392381,-0.00329618,0.00958738
1.75656e+09,0.0034895,0.373432,1.90702,2.43006,-0.000898789,-0.00329618,0.00958738
1.75656e+09,0.00318355,0.373427,1.90703,2.43009,0.00392381,-0.00201276,0.00958738
1.75656e+09,0.00345694,0.373411,1.90705,2.43015,0.00598887,-0.000135292,0.0170442
1.75656e+09,0.00341799,0.373396,1.90706,2.43021,0.00598887,-0.000135292,0.0170442
1.75656e+09,0.00310795,0.373397,1.90707,2.43024,0.00238344,-0.00338941,0.0117179
1.75656e+09,0.0033308,0.373391,1.90708,2.43028,0.00238344,-0.000135292,0.0117179
1.75656e+09,0.00346177,0.373386,1.90708,2.43029,0.00238344,-0.000135292,0.00319579
1.75656e+09,0.00319005,0.373384,1.90709,2.4303,0.0015289,-0.00111974,0.00213053
1.75656e+09,0.00333897,0.373383,1.9071,2.43031,0.0015289,-0.00111974,0.00213053
1.75656e+09,0.00373618,0.373381,1.9071,2.43031,0.000269478,0.000302127,0.00106526
1.75656e+09,0.00318201,0.37338,1.90709,2.43031,-0.00169082,0.00263949,0
1.75656e+09,0.00359989,0.373378,1.90707,2.43028,-0.00169082,0.0026967,-0.00745685
1.75656e+09,0.0028599,0.373377,1.90707,2.43026,-0.00169082,0.0026967,-0.00852211
1.75656e+09,0.00332848,0.373372,1.90706,2.43021,-0.000608944,0.0026967,-0.0149137
1.75656e+09,0.00321473,0.373373,1.90708,2.43017,0.00395864,-0.00491734,-0.0117179
1.75656e+09,0.00366358,0.373374,1.9071,2.43012,0.00395864,-0.00491734,-0.0149137
1.75656e+09,0.00315146,0.373382,1.90712,2.43007,0.00304644,-0.00725574,-0.0149137
1.75656e+09,0.0032107,0.373389,1.90715,2.43003,0.00304644,-0.00725574,-0.0138484
1.75656e+09,0.0038545,0.373399,1.90718,2.42998,0.00304644,-0.00725574,-0.0117179
1.75656e+09,0.00297615,0.373405,1.9072,2.42996,0.00304644,-0.00670264,-0.00745685
1.75656e+09,0.0034557,0.373416,1.90722,2.42993,0.00144955,-0.00670264,-0.00745685
1.75656e+09,0.00312711,0.373424,1.90724,2.42991,0.00144955,-0.00565875,-0.00639159
1.75656e+09,0.0034737,0.373439,1.90725,2.4299,-0.000552432,-0.00565875,-0.00426106
1.75656e+09,0.00323281,0.373454,1.90726,2.42988,-0.000681387,-0.00670264,-0.00426106
1.75656e+09,0.00338712,0.373475,1.90728,2.4299,-0.00113214,-0.00817465,0.00426106
1.75656e+09,0.00323176,0.373495,1.9073,2.42992,-0.00113214,-0.00817465,0.00532632
1.75656e+09,0.00340355,0.373519,1.90732,2.42996,-0.00113214,-0.00945228,0.0117179
1.75656e+09,0.00355317,0.373535,1.90736,2.43,0.00348901,-0.01085,0.0127832
1.75656e+09,0.00323478,0.37355,1.90739,2.43004,0.00348901,-0.01085,0.0127832
1.75656e+09,0.00369158,0.373546,1.90741,2.43009,0.00348901,-0.00238636,0.0138484
1.75656e+09,0.00312197,0.373548,1.90742,2.43014,0.00258149,-0.0040119,0.0138484
1.75656e+09,0.00299684,0.373541,1.90743,2.43016,0.00258149,0.000189248,0.00745685
1.75656e+09,0.00355844,0.373534,1.90743,2.43018,0.00258149,0.00019812,0.00532632
1.75656e+09,0.0034332,0.373514,1.90744,2.4302,0.00550616,0.00257148,0.00532632
1.75656e+09,0.00324285,0.3735,1.90745,2.43021,0.00550616,0.000189248,0.00426106
1.75656e+09,0.00317655,0.373483,1.90746,2.43022,0.00616543,0.00121358,0.00426106
1.75656e+09,0.00343979,0.373466,1.90747,2.43023,0.00550616,0.00121358,0.00106526
1.75656e+09,0.00319603,0.373461,1.90749,2.43023,0.00550616,-0.00408003,0
1.75656e+09,0.00331237,0.373456,1.90752,2.43022,0.00624637,-0.00508186,-0.00319579
1.75656e+09,0.00352878,0.373452,1.90755,2.43018,0.00624637,-0.00533578,-0.0106526
1.75656e+09,0.0031333,0.373466,1.90758,2.43014,0.00320701,-0.0108809,-0.0138484
1.75656e+09,0.00385249,0.37349,1.90761,2.43008,0.00123518,-0.0108809,-0.015979
1.75656e+09,0.00295581,0.373506,1.90764,2.43003,0.00123518,-0.00946505,-0.015979
1.75656e+09,0.00329667,0.373523,1.90766,2.42998,0.00123518,-0.00946505,-0.015979
1.75656e+09,0.00339407,0.373529,1.90769,2.42994,0.00361394,-0.00718544,-0.0117179
1.75656e+09,0.00334539,0.373531,1.90771,2.4299,0.00361394,-0.00494394,-0.0117179
1.75656e+09,0.00317822,0.373533,1.90773,2.42986,0.00361394,-0.00494394,-0.0106526
1.75656e+09,0.00337781,0.373546,1.90774,2.42983,5.49574e-05,-0.00629343,-0.0106526
1.75656e+09,0.00368156,0.373561,1.90776,2.42979,5.49574e-05,-0.00629343,-0.00958738
1.75656e+09,0.00291519,0.373574,1.90778,2.42978,-9.08873e-05,-0.00629343,-0.00426106
1.75656e+09,0.0032582,0.373587,1.90779,2.42978,5.49574e-05,-0.00629343,0
1.75656e+09,0.00349358,0.373594,1.9078,2.42979,0.000108807,-0.00318463,0.00213053
1.75656e+09,0.00327878,0.373598,1.90781,2.42981,0.000664678,-0.00254837,0.00745685
1.75656e+09,0.0034243,0.373603,1.90782,2.42984,0.000108807,-0.00254837,0.00958738
1.75656e+09,0.00337013,0.373605,1.90782,2.42988,0.00153166,-0.00254837,0.00958738
1.75656e+09,0.00317963,0.373608,1.90784,2.42993,0.00153166,-0.00318463,0.015979
1.75656e+09,0.00329941,0.373602,1.90786,2.42996,0.00505577,-0.00335156,0.00958738
1.75656e+09,0.00331148,0.373604,1.90787,2.42998,0.00295378,-0.0044092,0.00532632
1.75656e+09,0.0034031,0.3736,1.90789,2.42999,0.00468867,-0.00335156,0.00426106
1.75656e+09,0.00346679,0.373597,1.90791,2.43001,0.00468867,-0.0044092,0.00532632
1.75656e+09,0.0031956,0.373595,1.90793,2.43002,0.00468867,-0.0044092,0.00426106
1.75656e+09,0.00337983,0.373594,1.90796,2.43003,0.00468867,-0.0047985,0.00213053
1.75656e+09,0.00334557,0.373585,1.90797,2.43003,0.00468867,-0.00151978,0.00106526
1.75656e+09,0.00360091,0.373566,1.90799,2.43,0.00823042,-0.00151978,-0.00852211
1.75656e+09,0.00301721,0.373551,1.90801,2.42997,0.00823042,-0.00151978,-0.00958738
1.75656e+09,0.00347804,0.373551,1.90802,2.42994,0.000785946,-0.00115122,-0.00958738
1.75656e+09,0.00321302,0.373552,1.90802,2.42991,0.000785946,-0.00115122,-0.00958738
1.75656e+09,0.00344438,0.37356,1.90804,2.42984,0.000785946,-0.00445611,-0.02024
1.75656e+09,0.0032409,0.373567,1.90805,2.42977,0.000785946,-0.00445611,-0.0213053
1.75656e+09,0.00342231,0.373566,1.90807,2.4297,0.00496676,-0.0054368,-0.02024
1.75656e+09,0.00311557,0.373574,1.90811,2.42964,0.00496676,-0.00960091,-0.02024
1.75656e+09,0.00342874,0.373579,1.90813,2.42959,0.00294117,-0.0054368,-0.0127832
1.75656e+09,0.00332885,0.37358,1.90815,2.42957,0.00434821,-0.0054368,-0.00639159
1.75656e+09,0.00334764,0.373586,1.90817,2.42956,0.00294117,-0.00632563,-0.00319579
1.75656e+09,0.00338224,0.373599,1.90819,2.42955,0.000567683,-0.00632563,-0.00319579
1.75656e+09,0.00347916,0.373606,1.9082,2.42955,0.000567683,-0.00378574,-0.00106526
1.75656e+09,0.00312871,0.373612,1.90821,2.42956,0.000443689,-0.00378574,0.00426106
1.75656e+09,0.00333279,0.37362,1.90822,2.42959,0.000443689,-0.00378574,0.00745685
1.75656e+09,0.00351151,0.373627,1.90823,2.42962,0.000443689,-0.00378574,0.0106526
1.75656e+09,0.00312036,0.37363,1.90825,2.42965,0.00220156,-0.00378574,0.00745685
1.75656e+09,0.00357891,0.373604,1.90826,2.42969,0.00737948,0.00220348,0.0127832
1.75656e+09,0.00301994,0.373583,1.90827,2.42973,0.00737948,0.00220348,0.0138484
1.75656e+09,0.003383,0.373562,1.90828,2.42978,0.00638116,0.00220348,0.0127832
1.75656e+09,0.00353793,0.373537,1.90829,2.42983,0.00744232,0.00220348,0.0138484
1.75656e+09,0.00332241,0.373522,1.9083,2.42987,0.00638116,-0.000307499,0.0138484
1.75656e+09,0.00332016,0.373515,1.90832,2.4299,0.00468962,-0.00251689,0.00958738
1.75656e+09,0.00342104,0.373509,1.90834,2.42993,0.00468962,-0.00251689,0.00745685
1.75656e+09,0.00307945,0.373503,1.90836,2.42994,0.0054749,-0.00349403,0.00426106
1.75656e+09,0.00329354,0.373509,1.90837,2.42995,0.00228827,-0.00548106,0.00106526
1.75656e+09,0.00340259,0.373509,1.9084,2.42994,0.0054749,-0.00623098,-0.00319579
1.75656e+09,0.00347074,0.373505,1.90843,2.42991,0.00676118,-0.00623098,-0.00745685
1.75656e+09,0.00315756,0.373502,1.90846,2.42989,0.00676118,-0.00623098,-0.00745685
1.75656e+09,0.00359348,0.373498,1.9085,2.42985,0.00676118,-0.00623098,-0.0106526
1.75656e+09,0.0033603,0.373495,1.90853,2.4298,0.00676118,-0.00623098,-0.0138484
1.75656e+09,0.00308019,0.37349,1.90856,2.42976,0.00743801,-0.00619513,-0.0138484
1.75656e+09,0.00341975,0.373482,1.90859,2.42971,0.00817696,-0.00589403,-0.0149137
1.75656e+09,0.00356892,0.373495,1.90861,2.42965,6.09119e-05,-0.00589403,-0.015979
1.75656e+09,0.00300868,0.373503,1.90861,2.4296,6.09119e-05,-0.00412045,-0.015979
1.75656e+09,0.00367812,0.373522,1.90862,2.42954,-0.00335248,-0.00388803,-0.0170442
1.75656e+09,0.00308232,0.373526,1.90861,2.42949,-0.00335248,0.00163744,-0.015979
1.75656e+09,0.0030892,0.373544,1.90861,2.42944,-0.00403552,-0.00388803,-0.015979
1.75656e+09,0.00351364,0.373562,1.90861,2.42941,-0.00335248,-0.00412045,-0.00852211
1.75656e+09,0.00329538,0.373575,1.90862,2.4294,-0.00031633,-0.00549179,-0.00426106
1.75656e+09,0.00333334,0.37358,1.90864,2.42938,0.00254295,-0.00549179,-0.00426106
1.75656e+09,0.00336631,0.373586,1.90866,2.42938,0.00254295,-0.00549179,-0.00106526
1.75656e+09,0.00324733,0.373588,1.90868,2.42937,0.00309051,-0.00482416,-0.00213053
1.75656e+09,0.00337643,0.37359,1.9087,2.42937,0.00343066,-0.00447488,-0.00106526
1.75656e+09,0.00333713,0.373568,1.90871,2.42938,0.0061448,0.00258038,0.00213053
1.75656e+09,0.00347817,0.373542,1.90871,2.42939,0.0061448,0.00455591,0.00426106
1.75656e+09,0.00316089,0.373511,1.90873,2.4294,0.010647,0.00258038,0.00213053
1.75656e+09,0.00320894,0.37348,1.90874,2.42941,0.010647,0.00258038,0.00532632
1.75656e+09,0.00364417,0.373467,1.90875,2.42944,0.00409154,0.000829068,0.00745685
1.75656e+09,0.0032153,0.373455,1.90876,2.42947,0.00409154,0.000829068,0.00745685
1.75656e+09,0.00323727,0.373438,1.90877,2.42947,0.00778242,-0.00106235,0.00106526
1.75656e+09,0.00353277,0.37344,1.90878,2.42947,0.00105297,-0.00214834,0.00106526
1.75656e+09,0.00306245,0.373427,1.9088,2.42947,0.00772027,-0.00214834,0
1.75656e+09,0.003482,0.373424,1.90884,2.42947,0.00772027,-0.00798055,-0.00213053
1.75656e+09,0.00360111,0.373429,1.90888,2.42946,0.00525036,-0.00798055,-0.00213053
1.75656e+09,0.00298667,0.37344,1.9089,2.42945,0.0020767,-0.00798055,-0.00426106
1.75656e+09,0.00331477,0.373436,1.9089,2.42941,0.0020767,-0.000499123,-0.0106526
1.75656e+09,0.00345909,0.373431,1.90891,2.42937,0.0020767,-0.000499123,-0.0106526
1.75656e+09,0.00329537,0.373423,1.90892,2.42933,0.0038165,-0.000499123,-0.0117179
1.75656e+09,0.00353154,0.373418,1.90893,2.42927,0.00229729,-0.000499123,-0.0181095
1.75656e+09,0.00339703,0.373413,1.90893,2.42921,0.00229729,-0.000499123,-0.0181095
1.75656e+09,0.00305215,0.373409,1.90895,2.42916,0.0038165,-0.00259377,-0.0149137
1.75656e+09,0.0033081,0.373409,1.90896,2.42911,0.00229729,-0.00259377,-0.0149137
1.75656e+09,0.00334419,0.373416,1.90898,2.42906,0.00229729,-0.00560901,-0.0149137
1.75656e+09,0.00350259,0.37342,1.909,2.42902,0.00304332,-0.00560901,-0.0138484
1.75656e+09,0.00327446,0.373425,1.90902,2.42897,0.00304332,-0.00560901,-0.0138484
1.75656e+09,0.00316838,0.373436,1.90903,2.42895,-0.000472682,-0.00494605,-0.00745685
1.75656e+09,0.00343915,0.373437,1.90905,2.42893,0.00304332,-0.00391276,-0.00532632
1.75656e+09,0.0032646,0.373436,1.90906,2.42891,0.00325402,-0.00310517,-0.00426106
1.75656e+09,0.0033584,0.373432,1.90908,2.42892,0.00468553,-0.00386804,0.00106526
1.75656e+09,0.0033189,0.373423,1.90909,2.42894,0.00468553,-0.00104848,0.00745685
1.75656e+09,0.00339121,0.373413,1.90911,2.42898,0.00468553,-0.00104848,0.0106526
1.75656e+09,0.00351116,0.373422,1.90911,2.42903,-0.000967525,-0.00251212,0.0138484
1.75656e+09,0.00300414,0.373431,1.90912,2.42907,-0.000967525,-0.00386804,0.0149137
1.75656e+09,0.00362316,0.373444,1.90913,2.42913,-0.000967525,-0.00434101,0.015979
1.75656e+09,0.00309669,0.373448,1.90914,2.42918,0.00216177,-0.00434101,0.015979
1.75656e+09,0.00344964,0.373453,1.90916,2.42924,0.00216177,-0.00494801,0.015979
1.75656e+09,0.00323952,0.37347,1.90919,2.42926,0.00216177,-0.0103914,0.00745685
1.75656e+09,0.0033835,0.373482,1.9092,2.42928,-0.000352508,-0.00494801,0.00639159
1.75656e+09,0.00316071,0.373494,1.90921,2.42929,-0.000352508,-0.00531335,0.00426106
1.75656e+09,0.0034126,0.373523,1.90923,2.42929,-0.00385185,-0.00874425,0
1.75656e+09,0.00334839,0.373548,1.90923,2.42928,-0.00521861,-0.00531335,-0.00426106
1.75656e+09,0.00342241,0.37357,1.90923,2.42927,-0.00385185,-0.00509562,-0.00426106
1.75656e+09,0.00338848,0.373561,1.90927,2.42925,0.00799616,-0.00531335,-0.00426106
1.75656e+09,0.00317456,0.373575,1.90929,2.42923,0.00173762,-0.00874425,-0.00745685
1.75656e+09,0.00325889,0.373581,1.90931,2.4292,0.00173762,-0.00509562,-0.00745685
1.75656e+09,0.00355782,0.373578,1.90933,2.42917,0.00559501,-0.00509562,-0.00852211
1.75656e+09,0.0032563,0.373582,1.90937,2.42911,0.00559501,-0.00810057,-0.0191748
1.75656e+09,0.0032103,0.373579,1.90937,2.42905,0.00173762,-0.000835561,-0.0191748
1.75656e+09,0.00364233,0.373571,1.90938,2.42898,0.00375882,-0.000835561,-0.0181095
1.75656e+09,0.00343166,0.373567,1.9094,2.42892,0.00375882,-0.00255189,-0.0181095
1.75656e+09,0.00290812,0.373582,1.90942,2.42887,0.000249308,-0.00810057,-0.015979
1.75656e+09,0.0036336,0.373591,1.90942,2.42882,-0.001201,-0.00255189,-0.0138484
1.75656e+09,0.00325689,0.373605,1.90942,2.42879,-0.00361436,-0.00255189,-0.0106526
1.75656e+09,0.00328173,0.373642,1.90944,2.42876,-0.00361436,-0.0127081,-0.00745685
1.75656e+09,0.00364701,0.373657,1.90946,2.42874,0.000249308,-0.0067795,-0.00639159
1.75656e+09,0.00299658,0.373665,1.90946,2.42873,-0.00197481,-0.00163006,-0.00532632
1.75656e+09,0.00326473,0.373669,1.90949,2.42871,0.0042768,-0.0067795,-0.00532632
1.75656e+09,0.00335427,0.373673,1.90951,2.42869,0.0042768,-0.0067795,-0.00532632
1.75656e+09,0.0033434,0.373676,1.90954,2.42869,0.00350386,-0.00550754,-0.00106526
1.75656e+09,0.00321966,0.373675,1.90955,2.4287,0.00350386,-0.0036644,0.00532632
1.75656e+09,0.00345064,0.373674,1.90957,2.42872,0.00350386,-0.0036644,0.00532632
1.75656e+09,0.00345644,0.373667,1.90958,2.42874,0.00350386,-0.000811584,0.00532632
1.75656e+09,0.00309372,0.373661,1.90958,2.42876,0.00238669,-5.85889e-05,0.00745685
1.75656e+09,0.00353135,0.373639,1.9096,2.42878,0.00683965,0.00158232,0.00532632
1.75656e+09,0.00315695,0.373621,1.90961,2.42879,0.00688973,0.000809809,0.00213053
1.75656e+09,0.00338444,0.373604,1.90962,2.4288,0.00688973,-5.85889e-05,0.00426106
1.75656e+09,0.00361608,0.373583,1.90964,2.42881,0.00690118,0.000809809,0.00106526
1.75656e+09,0.00323753,0.373564,1.90965,2.4288,0.00690118,0.000809809,-0.00213053
1.75656e+09,0.00317078,0.373559,1.90968,2.42878,0.00661505,-0.00488271,-0.00532632
1.75656e+09,0.00351049,0.37356,1.90971,2.42876,0.00559477,-0.00717297,-0.00745685
1.75656e+09,0.00317949,0.373561,1.90974,2.42872,0.0058126,-0.00717297,-0.0106526
1.75656e+09,0.00328274,0.373562,1.90977,2.42868,0.0058126,-0.00717297,-0.0138484
1.75656e+09,0.00343073,0.37356,1.90979,2.42863,0.00414017,-0.00387405,-0.0138484
1.75656e+09,0.0034185,0.373558,1.90981,2.42858,0.00414017,-0.00387405,-0.0138484
1.75656e+09,0.00326913,0.37355,1.90983,2.42852,0.0058126,-0.00283266,-0.0181095
1.75656e+09,0.00343176,0.373544,1.90985,2.42846,0.00560309,-0.00387405,-0.0191748
1.75656e+09,0.00310955,0.373541,1.90987,2.4284,0.00560309,-0.00494075,-0.0191748
1.75656e+09,0.00346723,0.373541,1.90991,2.42833,0.00669396,-0.00776928,-0.0191748
1.75656e+09,0.00318153,0.373537,1.90994,2.4283,0.00822693,-0.00776928,-0.0106526
1.75656e+09,0.00346153,0.37353,1.90998,2.42828,0.00952446,-0.00776928,-0.00532632
1.75656e+09,0.00333669,0.373518,1.91002,2.42827,0.0100248,-0.00604986,-0.00426106
1.75656e+09,0.00337472,0.373487,1.91004,2.42825,0.0107879,0.00135234,-0.00426106
1.75656e+09,0.0031852,0.373458,1.91006,2.42825,0.0107879,0.00135234,0.00106526
1.75656e+09,0.00352411,0.37343,1.91008,2.42826,0.00952446,0.00135234,0.00106526
1.75656e+09,0.00326532,0.373418,1.91009,2.42829,0.00411982,0.000761189,0.00852211
1.75656e+09,0.00334997,0.373411,1.9101,2.42831,0.0038755,-0.00117509,0.00852211
1.75656e+09,0.00326374,0.373404,1.91011,2.42835,0.0038755,-0.00117509,0.0117179
1.75656e+09,0.00321992,0.373396,1.91012,2.42839,0.00411982,-0.00117509,0.0117179
1.75656e+09,0.00337802,0.373389,1.91013,2.42843,0.0038755,-0.00110546,0.0117179
1.75656e+09,0.00335388,0.373378,1.91015,2.42846,0.0053525,-0.00110546,0.00958738
1.75656e+09,0.00338965,0.373361,1.91016,2.4285,0.00708641,-0.000787747,0.00958738
1.75656e+09,0.00320299,0.373346,1.91018,2.42853,0.00708641,-0.000787747,0.00958738
1.75656e+09,0.00348429,0.373334,1.9102,2.42856,0.00546415,-0.00110546,0.00852211
1.75656e+09,0.00326212,0.373322,1.91021,2.42857,0.00546415,-0.000935614,0.00532632
1.75656e+09,0.00333979,0.373315,1.91022,2.42857,0.00370347,-0.000935614,-0.00213053
1.75656e+09,0.00333295,0.373315,1.91024,2.42856,0.00370347,-0.00428484,-0.00213053
1.75656e+09,0.00378722,0.373313,1.91027,2.42854,0.00519793,-0.00503002,-0.00426106
1.75656e+09,0.00314673,0.373319,1.9103,2.42853,0.00519793,-0.00913479,-0.00426106
1.75656e+09,0.00316563,0.37332,1.91034,2.42852,0.00764534,-0.00913479,-0.00426106
1.75656e+09,0.00309736,0.37332,1.91037,2.4285,0.00764534,-0.00913479,-0.00426106
1.75656e+09,0.003413,0.373315,1.91041,2.42848,0.00764534,-0.0066069,-0.00745685
1.75656e+09,0.00330638,0.373333,1.91041,2.42845,-0.00359131,-0.00418313,-0.00852211
1.75656e+09,0.00355641,0.373344,1.9104,2.42842,-0.00359131,-0.000341636,-0.00852211
1.75656e+09,0.00338137,0.373362,1.91041,2.42837,-0.00359131,-0.00418313,-0.0138484
1.75656e+09,0.00311169,0.373368,1.91041,2.42833,-0.00167617,-0.00103231,-0.0138484
1.75656e+09,0.00342834,0.373365,1.91041,2.42828,0.000924009,0.000171823,-0.0138484
1.75656e+09,0.00324136,0.37336,1.91041,2.42824,0.00214981,0.000171823,-0.0138484
1.75656e+09,0.00334151,0.373357,1.91041,2.42822,0.000924009,0.000171823,-0.00426106
1.75656e+09,0.00337232,0.373351,1.9104,2.42823,-0.00167617,0.00492216,0.00213053
1.75656e+09,0.00348728,0.373337,1.91039,2.42824,0.000974158,0.00492216,0.00213053
1.75656e+09,0.0031719,0.373324,1.91038,2.42825,0.000974158,0.00492216,0.00319579
1.75656e+09,0.00332576,0.373341,1.91039,2.42825,-0.00195928,-0.0056542,0.00213053
1.75656e+09,0.00331049,0.373355,1.9104,2.42826,-0.000532992,-0.0056542,0.00319579
1.75656e+09,0.00334205,0.373369,1.91041,2.42829,-0.000532992,-0.0056542,0.00639159
1.75656e+09,0.00348349,0.373379,1.91042,2.42831,-0.000532992,-0.00400528,0.00639159
1.75656e+09,0.00329148,0.373387,1.91043,2.42833,-0.000532992,-0.00282007,0.00639159
1.75656e+09,0.00330222,0.373377,1.91043,2.42835,0.00251023,0.00161796,0.00639159
1.75656e+09,0.00350102,0.373371,1.91045,2.42837,0.00449974,-0.00282007,0.00639159
1.75656e+09,0.00307754,0.373366,1.91046,2.42839,0.00449974,-0.00248704,0.00426106
1.75656e+09,0.00326968,0.373339,1.91049,2.4284,0.0129908,-0.00248704,0.00426106
1.75656e+09,0.00332682,0.373333,1.91051,2.42841,0.00449974,-0.00226404,0.00426106
1.75656e+09,0.00352762,0.373339,1.91052,2.42842,-0.000539756,-0.00226404,0.00213053
1.75656e+09,0.00327466,0.373344,1.91052,2.4284,-0.000539756,-0.00135267,-0.00639159
1.75656e+09,0.00380141,0.373348,1.91052,2.42838,-0.000908275,-0.000611111,-0.00639159
1.75656e+09,0.00301151,0.373351,1.91052,2.42835,-0.000908275,-0.000611111,-0.00745685
1.75656e+09,0.00315829,0.373337,1.9105,2.42832,0.000172212,0.00639777,-0.0117179
1.75656e+09,0.00337345,0.373334,1.91051,2.42826,0.00200707,-0.000611111,-0.0170442
1.75656e+09,0.00334142,0.373326,1.91051,2.4282,0.00291729,0.00029514,-0.0170442
1.75656e+09,0.00323807,0.373314,1.91052,2.42815,0.00451679,0.00029514,-0.0170442
1.75656e+09,0.0034516,0.373305,1.91054,2.42809,0.00451679,-0.00131673,-0.0170442
1.75656e+09,0.00336601,0.373308,1.91055,2.42803,0.00291729,-0.00464601,-0.015979
1.75656e+09,0.00322757,0.373311,1.91057,2.42798,0.00291729,-0.00464601,-0.015979
1.75656e+09,0.00354229,0.37331,1.91059,2.42794,0.00436764,-0.00464601,-0.0127832
1.75656e+09,0.00327144,0.373311,1.91061,2.4279,0.00227468,-0.00332001,-0.0127832
1.75656e+09,0.003131,0.373308,1.91062,2.42786,0.00436764,-0.00332001,-0.0106526
1.75656e+09,0.00338111,0.373302,1.91064,2.42784,0.00495105,-0.0029448,-0.00639159
1.75656e+09,0.00350535,0.373297,1.91066,2.42785,0.00436764,-0.0029448,0.00213053
1.75656e+09,0.00359496,0.373307,1.91067,2.42788,-0.00107733,-0.00326231,0.00852211
1.75656e+09,0.0131485,0.373377,1.91072,2.42806,-0.00133962,-0.00657933,0.0138484
1.75656e+09,0.00308499,0.373387,1.91073,2.4281,-0.00133962,-0.00326231,0.0138484
1.75656e+09,0.00316645,0.373401,1.91073,2.42815,-0.00133962,-0.00523459,0.0149137
1.75656e+09,0.0033486,0.37341,1.91075,2.4282,0.000908344,-0.00523459,0.0149137
1.75656e+09,0.00329841,0.373402,1.91075,2.42825,0.00249856,0.0009152,0.0149137
1.75656e+09,0.00339135,0.373379,1.91077,2.42828,0.00813001,0.0009152,0.00745685
1.75656e+09,0.00415506,0.373358,1.91077,2.42829,0.00456479,0.00258401,0.00319579
1.75656e+09,0.00296586,0.373342,1.91078,2.42829,0.00456479,0.00290693,0
1.75656e+09,0.00316922,0.373323,1.91078,2.42829,0.00582591,0.00258401,0
1.75656e+09,0.00316738,0.373308,1.91079,2.42829,0.00456479,0.00183448,-0.00106526
1.75656e+09,0.00330591,0.373297,1.91079,2.42828,0.00259751,0.00183448,-0.00213053
1.75656e+09,0.00329342,0.373297,1.9108,2.42825,0.00254864,-0.00261417,-0.00958738
1.75656e+09,0.00374325,0.373297,1.91082,2.42821,0.00254864,-0.00327627,-0.00958738
1.75656e+09,0.00315505,0.373297,1.91083,2.42817,0.00254864,-0.00261417,-0.0127832
1.75656e+09,0.00322094,0.373297,1.91084,2.42812,0.00254864,-0.00327627,-0.015979
1.75656e+09,0.00328712,0.373287,1.91086,2.42806,0.00686755,-0.00327627,-0.0191748
1.75656e+09,0.00332268,0.373269,1.91088,2.428,0.00820313,-0.00077815,-0.015979
1.75656e+09,0.00646543,0.37323,1.91092,2.42788,0.00820313,-0.000286417,-0.0191748
1.75656e+09,0.00070664,0.373225,1.91092,2.42786,0.00820313,2.41864e-05,-0.0245011
1.75656e+09,0.00287127,0.373218,1.91093,2.42779,0.00326653,2.41864e-05,-0.0245011
1.75656e+09,0.00317145,0.373204,1.91093,2.42775,0.00326653,0.00295656,-0.0127832
1.75656e+09,0.00332243,0.37319,1.91093,2.42773,0.00326653,0.00295656,-0.00745685
1.75656e+09,0.00342166,0.373204,1.91092,2.42771,-0.00448963,-0.00130374,-0.00532632
1.75656e+09,0.00321999,0.373219,1.91092,2.4277,-0.00448963,-0.00204616,-0.00213053
1.75656e+09,0.00360808,0.373227,1.91092,2.42769,-0.000769848,-0.00249029,-0.00213053
1.75656e+09,0.00314431,0.373234,1.91093,2.42769,-0.000769848,-0.00249029,-0.00213053
1.75656e+09,0.00335098,0.373229,1.91094,2.42771,0.0042497,-0.00249029,0.00852211
1.75656e+09,0.00333764,0.373219,1.91095,2.42775,0.00457273,-0.000924822,0.00958738
1.75656e+09,0.00341999,0.373189,1.91097,2.42778,0.00998327,0.00218255,0.00958738
1.75656e+09,0.00328846,0.373159,1.91099,2.42781,0.00998327,0.00218255,0.00958738
1.75656e+09,0.00349705,0.373128,1.911,2.42785,0.00998327,0.00218255,0.0117179
1.75656e+09,0.00304365,0.373116,1.91101,2.42788,0.00337793,0.0018354,0.00958738
1.75656e+09,0.0033255,0.373111,1.911,2.42791,0.00052107,0.0018354,0.00852211
1.75656e+09,0.00333206,0.373106,1.911,2.42793,0.00052107,0.0018354,0.00745685
1.75656e+09,0.00343094,0.373099,1.91099,2.42796,0.00052107,0.00245541,0.00639159
1.75656e+09,0.00323813,0.373083,1.911,2.42796,0.00439197,0.00245541,0.00106526
1.75656e+09,0.00351169,0.373066,1.911,2.42791,0.00439197,0.00245541,-0.0127832
1.75656e+09,0.00364909,0.373051,1.91101,2.42786,0.00439197,0.00105417,-0.0138484
1.75656e+09,0.0029213,0.373045,1.91104,2.42781,0.00824313,-0.00615105,-0.0170442
1.75656e+09,0.00404588,0.373048,1.91107,2.42774,0.00431932,-0.00615105,-0.0191748
1.75656e+09,0.00266785,0.373048,1.91107,2.42769,0.000784107,-0.001195,-0.0191748
1.75656e+09,0.0032637,0.373058,1.91109,2.42762,0.000264478,-0.00500392,-0.0191748
1.75656e+09,0.00346241,0.373059,1.91109,2.42756,0.000784107,-0.001195,-0.0191748
1.75656e+09,0.00327617,0.373052,1.91108,2.4275,0.000264478,0.00267491,-0.0181095
1.75656e+09,0.0033416,0.373054,1.91109,2.42744,0.000264478,-0.001195,-0.0170442
1.75656e+09,0.00314949,0.373047,1.91108,2.4274,0.000757187,0.00267491,-0.0138484
1.75656e+09,0.00352975,0.373039,1.91108,2.42735,0.000757187,0.00267491,-0.0138484
1.75656e+09,0.00452064,0.373032,1.91107,2.4273,0.000757187,0.00138077,-0.0106526
1.75656e+09,0.00234818,0.373022,1.91109,2.42729,0.00645633,-0.000529011,-0.00532632
1.75656e+09,0.00296966,0.373004,1.9111,2.42727,0.00645633,0.00138077,-0.00426106
1.75656e+09,0.00329915,0.373002,1.9111,2.42726,0.00123144,-0.000529011,-0.00426106
1.75656e+09,0.0032918,0.373006,1.91111,2.42727,0.00123144,-0.00284661,0.00426106
1.75656e+09,0.0035803,0.373019,1.91112,2.4273,-0.00102552,-0.00474205,0.00639159
1.75656e+09,0.00320022,0.373035,1.91113,2.42734,-0.00248581,-0.00474205,0.0117179
1.75656e+09,0.00334982,0.373048,1.91114,2.42737,-0.00102552,-0.00474205,0.0117179
1.75656e+09,0.00344511,0.373064,1.91114,2.42741,-0.00312659,-0.00333259,0.0117179
1.75656e+09,0.00321319,0.373079,1.91114,2.42745,-0.00312659,-0.00333259,0.0117179
1.75656e+09,0.00337198,0.373089,1.91114,2.42748,-0.00182943,-0.00261972,0.00745685
1.75656e+09,0.00398351,0.373081,1.91116,2.42751,0.00511703,-0.00261972,0.00745685
1.75656e+09,0.00273583,0.373084,1.91117,2.42753,0.00160255,-0.00373464,0.00745685
1.75656e+09,0.00337975,0.373087,1.91119,2.42755,0.00341782,-0.00535628,0.00745685
1.75656e+09,0.00318798,0.373074,1.91122,2.42758,0.00863008,-0.00373464,0.00745685
1.75656e+09,0.00333098,0.373072,1.91124,2.42757,0.00421372,-0.00373464,-0.00106526
1.75656e+09,0.00328182,0.373068,1.91125,2.42757,0.00341782,-0.00216719,-0.00213053
1.75656e+09,0.0036257,0.373057,1.91126,2.42756,0.00421372,-0.000497953,-0.00213053
1.75656e+09,0.00328649,0.373048,1.91127,2.42754,0.00429514,-0.000425888,-0.00639159
1.75656e+09,0.00319206,0.373023,1.91127,2.4275,0.00429514,0.00663403,-0.0106526
1.75656e+09,0.00332126,0.372998,1.91126,2.42745,0.00437229,0.00663403,-0.015979
1.75656e+09,0.00327827,0.372973,1.91125,2.42739,0.00437229,0.00663403,-0.0191748
1.75656e+09,0.00345867,0.372967,1.91128,2.42732,0.00671535,-0.0051128,-0.0191748
1.75656e+09,0.00326471,0.372964,1.91131,2.42726,0.006778,-0.00623519,-0.0191748
1.75656e+09,0.00332077,0.37296,1.91134,2.4272,0.00671535,-0.00623519,-0.0170442
1.75656e+09,0.00332258,0.372964,1.91137,2.42716,0.00410415,-0.00623519,-0.0127832
1.75656e+09,0.00341008,0.372966,1.91138,2.42712,0.00254401,-0.00410425,-0.0127832
1.75656e+09,0.00326399,0.372969,1.91139,2.42708,2.71698e-05,-0.00118444,-0.0106526
1.75656e+09,0.00329849,0.372971,1.91138,2.42707,-0.00191806,0.00102314,-0.00319579
1.75656e+09,0.0033556,0.37297,1.91137,2.42707,-0.00191806,0.00271618,0
1.75656e+09,0.00335421,0.372962,1.91136,2.42708,2.71698e-05,0.0037193,0.00213053
1.75656e+09,0.00340789,0.372954,1.91135,2.4271,2.71698e-05,0.0037193,0.00745685
1.75656e+09,0.00328201,0.372944,1.91134,2.42713,0.000438196,0.0037193,0.00745685
1.75656e+09,0.00326917,0.372935,1.91133,2.42716,0.000438196,0.0037193,0.0106526
1.75656e+09,0.00346608,0.372921,1.91132,2.42721,0.00106107,0.00494091,0.0149137
1.75656e+09,0.00338282,0.372925,1.91133,2.42726,0.00108,-0.00297106,0.0127832
1.75656e+09,0.003218,0.372911,1.91132,2.42731,0.00106107,0.00538388,0.015979
1.75656e+09,0.00325067,0.372896,1.91131,2.42736,0.000495965,0.00652672,0.015979
1.75656e+09,0.00346698,0.372881,1.91129,2.42741,0.00106107,0.00538388,0.0127832
1.75656e+09,0.00322852,0.372875,1.91131,2.42745,0.0039971,-0.00182135,0.0127832
1.75656e+09,0.0033802,0.372859,1.9113,2.42748,0.00241123,0.00462754,0.00852211
1.75656e+09,0.00339313,0.372852,1.91131,2.4275,0.0039971,-0.00151715,0.00639159
1.75656e+09,0.00329664,0.372845,1.91133,2.4275,0.0039971,-0.00151715,0.00106526
1.75656e+09,0.00324927,0.372841,1.91134,2.4275,0.00313501,-0.00151715,0.00106526
1.75656e+09,0.003305,0.372836,1.91135,2.4275,0.00313501,-0.00151715,-0.00213053
1.75656e+09,0.00335963,0.372839,1.91137,2.42748,0.00313501,-0.00491306,-0.00426106
1.75656e+09,0.00332376,0.37286,1.91137,2.42745,-0.0041571,-0.00491306,-0.00958738
1.75656e+09,0.00344923,0.372896,1.91138,2.42741,-0.00605643,-0.00887706,-0.0106526
1.75656e+09,0.00334296,0.372919,1.91138,2.42735,-0.00480615,-0.00491306,-0.0181095
1.75656e+09,0.00320565,0.372949,1.91138,2.4273,-0.00835319,-0.00482496,-0.0181095
1.75656e+09,0.00371865,0.372976,1.91136,2.42724,-0.00835319,-0.0012088,-0.015979
1.75656e+09,0.00323565,0.373,1.91134,2.42718,-0.00898328,-0.0012088,-0.015979
1.75656e+09,0.00303666,0.373013,1.91132,2.42715,-0.00867223,0.00343785,-0.0127832
1.75656e+09,0.00339383,0.37302,1.91128,2.4271,-0.00867223,0.00689824,-0.0127832
1.75656e+09,0.00336367,0.373026,1.91126,2.42706,-0.00533671,0.00343785,-0.0127832
1.75656e+09,0.0032973,0.37305,1.91126,2.42702,-0.00533671,-0.00501151,-0.0117179
1.75656e+09,0.00323922,0.373052,1.91126,2.42699,0.000356432,-0.00140599,-0.00852211
1.75656e+09,0.00342108,0.373053,1.91129,2.42697,0.00404683,-0.00501151,-0.00745685
1.75656e+09,0.00351765,0.373055,1.91132,2.42694,0.00599489,-0.00756569,-0.00639159
1.75656e+09,0.00313802,0.373051,1.91134,2.42695,0.00599489,-0.00501151,0.00106526
1.75656e+09,0.00340705,0.373039,1.91136,2.42695,0.00599489,-0.00140599,0.00106526
1.75656e+09,0.00344818,0.373034,1.91139,2.42698,0.00578932,-0.00466847,0.00745685
1.75656e+09,0.00324147,0.373057,1.91138,2.427,-0.00618969,-0.00357835,0.00639159
1.75656e+09,0.00336395,0.37306,1.91135,2.42702,-0.00640439,0.00588315,0.00745685
1.75656e+09,0.00316736,0.373076,1.91134,2.42704,-0.00640439,-0.000252105,0.00639159
1.75656e+09,0.00348181,0.373093,1.91133,2.42707,-0.00618969,-0.000252105,0.00639159
1.75656e+09,0.00330327,0.3731,1.91132,2.42708,-0.00271361,-0.000252105,0.00532632
1.75656e+09,0.00326627,0.373104,1.91131,2.42709,-0.00271361,0.00139024,0.00319579
1.75656e+09,0.00338884,0.37309,1.91132,2.42708,0.00417773,0.00139024,-0.00426106
1.75656e+09,0.00367988,0.37307,1.91133,2.42704,0.00592633,0.00139024,-0.00958738
1.75656e+09,0.00300473,0.373058,1.91133,2.42701,0.00417773,0.00152315,-0.0106526
1.75656e+09,0.00359971,0.373044,1.91133,2.42697,0.00297338,0.0021937,-0.0117179
1.75656e+09,0.00300852,0.373033,1.91134,2.42693,0.00297338,0.0021937,-0.0117179
1.75656e+09,0.00326776,0.373021,1.91134,2.4269,0.00297338,0.0021937,-0.00958738
1.75656e+09,0.00352728,0.373016,1.91133,2.42686,0.000199984,0.0021937,-0.0117179
1.75656e+09,0.00319881,0.373013,1.91132,2.42682,-0.000665169,0.0021937,-0.0127832
1.75656e+09,0.00335503,0.373026,1.91134,2.42679,0.000199984,-0.00614707,-0.00852211
1.75656e+09,0.00331491,0.373036,1.91136,2.42676,0.00123813,-0.00614707,-0.0106526
1.75656e+09,0.00338183,0.373049,1.91137,2.42671,0.000199984,-0.00614707,-0.0127832
1.75656e+09,0.0032435,0.373064,1.91139,2.42668,-0.000649506,-0.00614707,-0.0106526
1.75656e+09,0.00338242,0.373069,1.91139,2.42666,-0.000649506,-0.00176699,-0.00532632
1.75656e+09,0.00331107,0.373096,1.91137,2.42664,-0.0104378,-0.000448139,-0.00639159
1.75656e+09,0.00357632,0.373126,1.91135,2.42662,-0.0104378,-0.000448139,-0.00532632
1.75656e+09,0.0031519,0.373142,1.91132,2.42662,-0.0104378,0.00396113,-0.00106526
1.75656e+09,0.00339692,0.373144,1.91129,2.42662,-0.00635126,0.00643139,0.00213053
1.75656e+09,0.00317035,0.373115,1.91128,2.42663,0.00682576,0.00643139,0.00213053
1.75656e+09,0.00352838,0.373082,1.91128,2.42666,0.00682576,0.00643139,0.00745685
1.75656e+09,0.0031717,0.373076,1.91128,2.42668,0.000512955,0.00227167,0.00745685
1.75656e+09,0.00474104,0.373067,1.91127,2.42674,0.000512955,0.00227167,0.0117179
1.75656e+09,0.00199147,0.373071,1.91126,2.42676,-0.00403459,0.00139859,0.0127832
1.75656e+09,0.00346903,0.373086,1.91126,2.42681,-0.00460337,-0.0014255,0.0138484
1.75656e+09,0.00314556,0.373094,1.91124,2.42685,-0.00460337,0.00139859,0.0138484
1.75656e+09,0.00327877,0.373101,1.91123,2.42689,-0.00403459,0.00139859,0.0117179
1.75656e+09,0.00347685,0.373092,1.91123,2.42693,0.00228958,0.00130006,0.0106526
1.75656e+09,0.00326118,0.373086,1.91124,2.42694,0.0027383,-9.57273e-05,0.00426106
1.75656e+09,0.00335722,0.373075,1.91125,2.42696,0.00442555,-9.57273e-05,0.00426106
1.75656e+09,0.00339617,0.373058,1.91128,2.42697,0.00937017,-0.00322665,0.00426106
1.75656e+09,0.00310316,0.373036,1.9113,2.42699,0.00959582,-9.57273e-05,0.00426106
1.75656e+09,0.0035524,0.37301,1.91132,2.427,0.00959582,-9.57273e-05,0.00319579
1.75656e+09,0.00337714,0.372982,1.91134,2.42699,0.00937017,0.00200013,-0.00106526
1.75656e+09,0.00337347,0.372956,1.91135,2.42695,0.00828041,0.00200013,-0.0117179
1.75656e+09,0.00327474,0.372933,1.91136,2.4269,0.00765336,0.00200013,-0.0149137
1.75656e+09,0.0031884,0.372921,1.91136,2.42686,0.00327803,0.00200013,-0.0149137
1.75656e+09,0.0032893,0.372908,1.91137,2.42681,0.00327803,0.00200013,-0.0138484
1.75656e+09,0.00334354,0.372896,1.91137,2.42677,0.00327803,0.00205342,-0.0127832
1.75656e+09,0.00354269,0.372882,1.91137,2.42672,0.00327803,0.00205342,-0.0127832
1.75656e+09,0.00342312,0.372876,1.91137,2.42669,0.00043722,0.00221443,-0.00852211
1.75656e+09,0.00314958,0.372849,1.91138,2.42667,0.00959424,0.00221443,-0.00852211
1.75656e+09,0.00326923,0.372827,1.91139,2.42666,0.00642084,0.00280023,-0.00213053
1.75656e+09,0.00334564,0.372819,1.91138,2.42665,0.000497666,0.00280023,-0.00213053
1.75656e+09,0.00338945,0.372805,1.91137,2.42665,0.000497666,0.0060803,-0.00213053
1.75656e+09,0.00315164,0.372791,1.91135,2.42665,0.000497666,0.0060803,0.00106526
1.75656e+09,0.00344414,0.372796,1.91132,2.42667,-0.00713188,0.0060803,0.00532632
1.75656e+09,0.00334682,0.372812,1.9113,2.42669,-0.00713188,0.000667642,0.00532632
1.75656e+09,0.0032942,0.372842,1.9113,2.42671,-0.00713188,-0.00538915,0.00639159
1.75656e+09,0.00348301,0.372868,1.9113,2.42673,-0.00550508,-0.00538915,0.00639159
1.75656e+09,0.00328563,0.372894,1.91131,2.42675,-0.00550508,-0.00538915,0.00745685
1.75656e+09,0.00320386,0.372905,1.91129,2.42676,-0.00483889,2.26217e-05,0.00213053
1.75656e+09,0.00337898,0.372918,1.91128,2.42679,-0.00483889,2.26217e-05,0.00958738
1.75656e+09,0.00341074,0.372905,1.91129,2.42681,0.00482385,2.26217e-05,0.00426106
1.75656e+09,0.00341315,0.372893,1.91131,2.42682,0.00482385,2.26217e-05,0.00426106
1.75656e+09,0.00334952,0.372876,1.91131,2.42684,0.00482385,0.00194506,0.00426106
1.75656e+09,0.00337399,0.37286,1.91132,2.42685,0.00482385,0.00194506,0.00426106
1.75656e+09,0.00310038,0.372847,1.91133,2.42686,0.0059712,-0.000609747,0.00319579
1.75656e+09,0.00337106,0.372832,1.91135,2.42687,0.00656285,-0.000609747,0.00213053
1.75656e+09,0.00338252,0.372826,1.91137,2.42686,0.00656285,-0.00504677,-0.00319579
1.75656e+09,0.00332026,0.372825,1.91141,2.42684,0.00656285,-0.00705313,-0.00532632
1.75656e+09,0.00327447,0.372834,1.91144,2.42681,0.00392192,-0.00863727,-0.00958738
1.75656e+09,0.00358278,0.372843,1.91147,2.42677,0.00392192,-0.00863727,-0.0117179
1.75656e+09,0.00380818,0.372857,1.9115,2.42672,0.00289243,-0.00898236,-0.0127832
1.75656e+09,0.0025236,0.372867,1.91152,2.42668,0.00273646,-0.00898236,-0.015979
1.75656e+09,0.00385903,0.372882,1.91156,2.4266,0.0025853,-0.00898236,-0.02024
1.75656e+09,0.00284662,0.372905,1.91156,2.42654,-0.00414285,-0.00713774,-0.02024
1.75656e+09,0.00333547,0.372924,1.91156,2.42649,-0.00522473,-0.00274365,-0.015979
1.75656e+09,0.0034506,0.372943,1.91155,2.42643,-0.00522473,-0.00274365,-0.015979
1.75656e+09,0.00338426,0.372968,1.91156,2.4264,-0.00522473,-0.00524953,-0.00852211
1.75656e+09,0.00318364,0.372972,1.91158,2.42639,0.0033447,-0.00557923,-0.00532632
1.75656e+09,0.00339552,0.372975,1.9116,2.42637,0.0033447,-0.00524953,-0.00532632
1.75656e+09,0.00342533,0.372979,1.91162,2.42637,0.0033447,-0.00552513,0
1.75656e+09,0.00323654,0.372986,1.91164,2.42637,0.00180008,-0.00552513,0
1.75656e+09,0.00372309,0.37301,1.91164,2.42637,-0.0036445,-0.00552513,0
1.75656e+09,0.00295783,0.373036,1.91164,2.42638,-0.00684227,-0.00552513,0.00532632
