timestamp,raw_vx,raw_vy,raw_wz
1.75656e+09,2.84878e-09,-5.8985e-09,-0.00532632
1.75656e+09,-9.97365e-09,2.46484e-09,-0.00213053
1.75656e+09,-6.88627e-09,-4.66351e-09,-0.00852211
1.75656e+09,-4.45492e-09,-5.54204e-09,-0.00319579
1.75656e+09,-7.40538e-09,2.48745e-09,0.00426106
1.75656e+09,-6.71904e-09,-7.44906e-09,0.0106526
1.75656e+09,-2.285e-09,-5.84806e-09,0.0117179
1.75656e+09,-4.65727e-09,-6.62459e-09,0.0213053
1.75656e+09,-5.00795e-09,-7.73039e-09,0.00852211
1.75656e+09,-6.65961e-09,-1.41718e-08,0.0149137
1.75656e+09,-1.02672e-08,-1.42729e-08,0.00745685
1.75656e+09,-9.81522e-09,-1.65003e-08,0.0138484
1.75656e+09,-5.19546e-09,-1.46543e-08,0.0117179
1.75656e+09,-4.50879e-09,-1.54637e-08,-0.00745685
1.75656e+09,-1.30968e-09,-1.30283e-08,-0.0170442
1.75656e+09,-1.54205e-09,-1.32707e-08,-0.00745685
1.75656e+09,-6.89771e-09,-9.72258e-09,-0.0106526
1.75656e+09,-4.58026e-09,-1.54659e-08,-0.00852211
1.75656e+09,7.62284e-11,-8.36053e-09,-0.0138484
1.75656e+09,3.76478e-09,-1.29549e-08,-0.0170442
1.75656e+09,3.55085e-09,-1.45043e-09,-0.0213053
1.75656e+09,7.62743e-10,1.39285e-09,-0.0255663
1.75656e+09,3.6352e-09,4.63821e-09,-0.0138484
1.75656e+09,4.99564e-09,1.02169e-08,-0.0181095
1.75656e+09,4.87858e-09,1.10572e-08,-0.0117179
1.75656e+09,5.64513e-09,1.43225e-08,-0.015979
1.75656e+09,1.51113e-08,1.96419e-08,-0.00532632
1.75656e+09,9.51608e-09,1.91074e-08,-0.00319579
1.75656e+09,1.28229e-09,6.26577e-09,-0.00106526
1.75656e+09,7.03411e-10,9.70343e-09,0.00639159
1.75656e+09,5.70619e-09,1.54717e-09,0.0117179
1.75656e+09,2.82494e-09,7.62053e-09,0.0170442
1.75656e+09,5.28819e-09,1.31348e-08,0.0149137
1.75656e+09,1.58991e-09,3.69326e-09,0.0170442
1.75656e+09,-4.46354e-09,4.57081e-09,0.0181095
1.75656e+09,-4.74752e-10,3.93235e-09,0.0181095
1.75656e+09,-3.14181e-09,-1.29238e-09,0.00639159
1.75656e+09,2.42634e-09,3.44836e-09,0.015979
1.75656e+09,-2.85284e-09,-1.22572e-08,0.00106526
1.75656e+09,-4.23079e-09,-1.57235e-09,0.00745685
1.75656e+09,-4.06369e-10,-6.14065e-09,-0.00319579
1.75656e+09,-9.01824e-09,-4.90365e-09,-0.00639159
1.75656e+09,1.83339e-10,-1.22688e-09,-0.0181095
1.75656e+09,1.71707e-09,-4.987e-09,-0.0117179
1.75656e+09,1.1202e-08,6.01336e-09,-0.0138484
1.75656e+09,1.38338e-09,6.33363e-09,-0.0149137
1.75656e+09,1.32839e-08,4.02832e-09,-0.00426106
1.75656e+09,-9.28585e-09,-1.88769e-09,-0.0234358
1.75656e+09,6.25908e-09,1.43556e-09,-0.0255663
1.75656e+09,-1.20494e-09,-4.00365e-09,-0.0266316
1.75656e+09,-2.0452e-09,-2.24028e-09,-0.0149137
1.75656e+09,-2.0452e-09,-2.24028e-09,-0.0149137
1.75656e+09,-2.0452e-09,-2.24028e-09,-0.0149137
1.75656e+09,-2.0452e-09,-2.24028e-09,-0.0149137
1.75656e+09,-2.0452e-09,-2.24028e-09,-0.0149137
1.75656e+09,-1.16222e-08,3.78556e-09,-0.00639159
1.75656e+09,-2.55312e-10,-5.83777e-09,0.0117179
1.75656e+09,-4.99194e-09,-5.56391e-09,0.0138484
1.75656e+09,-9.99138e-09,-1.48193e-08,0.0223706
1.75656e+09,-7.746e-09,-1.58077e-08,0.02024
1.75656e+09,-7.87914e-09,-8.44417e-09,0.0223706
1.75656e+09,-4.96434e-09,-9.82292e-09,0.0127832
1.75656e+09,-9.44129e-09,-4.94102e-09,0.0127832
1.75656e+09,-4.63549e-09,-1.40519e-08,0.015979
1.75656e+09,-5.04934e-09,-1.30029e-08,0.00745685
1.75656e+09,-4.80096e-09,-1.45021e-08,0.0106526
1.75656e+09,-7.55729e-09,-1.65634e-08,0.00852211
1.75656e+09,-4.13352e-09,-1.17351e-08,-0.00745685
1.75656e+09,2.25816e-09,-5.72993e-09,0.00426106
1.75656e+09,-1.88619e-09,-9.89867e-09,-0.0149137
1.75656e+09,-8.17709e-09,-4.83296e-09,-0.0117179
1.75656e+09,-1.90536e-09,-8.35177e-09,-0.0234358
1.75656e+09,-2.28103e-09,-7.46733e-09,-0.00745685
1.75656e+09,1.22879e-09,-3.11362e-09,-0.0255663
1.75656e+09,-1.64462e-09,-7.2753e-10,-0.0276969
1.75656e+09,-7.34623e-10,-1.36888e-09,-0.00639159
1.75656e+09,7.2225e-09,3.6505e-09,-0.00852211
1.75656e+09,-4.00876e-09,-5.87992e-09,-0.0127832
1.75656e+09,6.69362e-09,-7.0156e-09,-0.015979
1.75656e+09,-3.10155e-09,4.64471e-09,-0.00106526
1.75656e+09,-3.58517e-09,5.56588e-09,0
1.75656e+09,2.53295e-09,5.18541e-09,-0.00106526
1.75656e+09,-2.40864e-09,2.0064e-09,0.00639159
1.75656e+09,-2.40864e-09,2.0064e-09,0.00639159
1.75656e+09,4.86737e-09,1.82268e-09,-0.00319579
1.75656e+09,-2.64246e-09,-3.84576e-09,0.00213053
1.75656e+09,-2.89214e-10,2.01882e-09,0.00532632
1.75656e+09,-7.62282e-10,-2.45046e-09,0.00532632
1.75656e+09,-6.90334e-09,-3.93024e-09,0.00852211
1.75656e+09,1.87399e-09,-3.08751e-09,-0.00106526
1.75656e+09,2.32485e-09,-4.22173e-09,-0.00213053
1.75656e+09,-3.62259e-09,-7.93654e-09,-0.00106526
1.75656e+09,-5.81959e-09,-5.78992e-09,-0.00213053
1.75656e+09,6.29224e-09,-3.76733e-09,-0.00745685
1.75656e+09,8.60654e-09,3.13832e-09,-0.0181095
1.75656e+09,2.49355e-09,-1.5614e-09,-0.0181095
1.75656e+09,1.24787e-09,7.12836e-09,-0.0170442
1.75656e+09,-2.1115e-09,1.33502e-09,-0.0234358
1.75656e+09,5.47657e-09,4.61637e-09,-0.00852211
1.75656e+09,1.44281e-09,6.06384e-09,-0.0191748
1.75656e+09,3.51501e-09,4.23559e-09,-0.00532632
1.75656e+09,1.9817e-09,7.25995e-09,-0.0170442
1.75656e+09,1.55932e-09,1.48155e-08,0
1.75656e+09,8.00612e-09,1.75551e-08,-0.0106526
1.75656e+09,7.21556e-10,1.82184e-08,0.00213053
1.75656e+09,1.56511e-08,1.73404e-08,0.0117179
1.75656e+09,1.0847e-08,1.71168e-08,0.0138484
1.75656e+09,6.21227e-09,1.5055e-08,0.0117179
1.75656e+09,1.61009e-09,1.24335e-08,0.0191748
1.75656e+09,4.10581e-10,1.85195e-08,0.0106526
1.75656e+09,9.42341e-09,2.24062e-08,0.015979
1.75656e+09,5.58711e-09,2.54645e-08,0.0106526
1.75656e+09,1.09578e-08,1.4373e-08,0.0117179
1.75656e+09,1.18013e-08,6.67008e-09,0.00639159
1.75656e+09,-2.62459e-09,4.44881e-09,-0.0106526
1.75656e+09,8.11834e-09,4.3961e-09,0
1.75656e+09,5.54714e-09,1.19988e-08,-0.0106526
1.75656e+09,9.06486e-09,1.35149e-08,-0.00639159
1.75656e+09,1.28292e-08,6.70111e-09,-0.0127832
1.75656e+09,1.64097e-09,7.78934e-09,-0.0138484
1.75656e+09,2.86761e-09,8.92403e-09,-0.00745685
1.75656e+09,2.81339e-09,-1.88562e-10,-0.0149137
1.75656e+09,2.31543e-09,8.58661e-10,-0.0213053
1.75656e+09,4.0841e-09,6.46486e-09,-0.0234358
1.75656e+09,2.41861e-10,1.05266e-08,-0.0298274
1.75656e+09,-4.42337e-09,1.30506e-08,-0.02024
1.75656e+09,3.10534e-09,9.89408e-09,-0.0234358
1.75656e+09,3.99141e-09,9.93494e-09,-0.0170442
1.75656e+09,-6.80586e-10,5.24891e-09,-0.0170442
1.75656e+09,7.25529e-09,5.97372e-09,-0.0170442
1.75656e+09,5.62e-09,1.3594e-09,-0.00852211
1.75656e+09,-3.89877e-10,1.42189e-09,-0.00639159
1.75656e+09,-7.46162e-09,-2.68855e-09,-0.00532632
1.75656e+09,-5.8846e-09,-1.07512e-08,0.00319579
1.75656e+09,-2.55033e-09,-1.21845e-08,0.0106526
1.75656e+09,-3.0934e-09,-1.14911e-08,0.0127832
1.75656e+09,1.99516e-09,-1.11064e-08,0.0191748
1.75656e+09,-7.14215e-09,-9.97196e-09,0.00319579
1.75656e+09,-1.35684e-09,-1.04331e-08,0.00532632
1.75656e+09,-1.14583e-08,-6.39495e-09,0.00958738
1.75656e+09,4.47149e-09,-1.18422e-08,0.00639159
1.75656e+09,2.62628e-09,-1.24598e-08,0.00639159
1.75656e+09,-5.64517e-09,-1.37931e-08,0.0106526
1.75656e+09,-6.48635e-09,-1.8969e-08,-0.00532632
1.75656e+09,-1.16784e-08,-1.28694e-08,-0.00745685
1.75656e+09,-4.48847e-09,-2.19196e-08,-0.00213053
1.75656e+09,1.21979e-09,-1.96108e-08,-0.00745685
1.75656e+09,-6.51697e-09,-1.50453e-08,-0.00745685
1.75656e+09,1.65674e-09,-1.28291e-08,-0.0127832
1.75656e+09,-1.04853e-08,-7.73121e-09,-0.0117179
1.75656e+09,-6.23191e-09,-6.38189e-09,-0.0149137
1.75656e+09,6.03663e-09,-1.02182e-08,-0.0127832
1.75656e+09,2.28347e-10,-1.04746e-08,-0.0191748
1.75656e+09,-3.86766e-09,-3.03715e-09,-0.0181095
1.75656e+09,3.33485e-09,1.59383e-10,-0.0117179
1.75656e+09,1.82159e-09,4.4005e-10,-0.00532632
1.75656e+09,-1.72767e-09,3.92e-10,-0.00426106
1.75656e+09,2.90493e-09,7.86729e-09,-0.00213053
1.75656e+09,6.53439e-09,4.74829e-09,0.00745685
1.75656e+09,-5.35321e-09,8.15918e-09,0.0138484
1.75656e+09,-7.00872e-09,9.01374e-09,0.00426106
1.75656e+09,-4.20582e-09,1.59756e-09,0.00426106
1.75656e+09,7.67009e-10,1.52755e-08,0.0191748
1.75656e+09,2.83895e-09,-1.81188e-09,0.0170442
1.75656e+09,5.16042e-10,1.8463e-08,0.0170442
1.75656e+09,1.58812e-08,1.53138e-08,0.00958738
1.75656e+09,6.94337e-09,1.56554e-08,0.00958738
1.75656e+09,5.85281e-09,1.91025e-08,0.00213053
1.75656e+09,4.11241e-09,1.34489e-08,0
1.75656e+09,7.12548e-09,1.3031e-08,-0.00745685
1.75656e+09,9.14198e-09,1.74081e-08,-0.00319579
1.75656e+09,6.78986e-09,8.11957e-09,-0.0149137
1.75656e+09,1.01914e-08,1.10015e-08,-0.00106526
1.75656e+09,4.07434e-09,9.12204e-09,-0.00213053
1.75656e+09,1.56636e-09,4.09746e-09,-0.0223706
1.75656e+09,3.65402e-09,1.43309e-08,-0.00958738
1.75656e+09,5.16757e-09,8.77287e-09,-0.0138484
1.75656e+09,8.04018e-09,1.17227e-08,-0.0127832
1.75656e+09,-2.56723e-09,1.41996e-08,-0.02024
1.75656e+09,-4.3586e-09,4.81267e-09,-0.0234358
1.75656e+09,-2.32176e-09,8.78437e-09,-0.0213053
1.75656e+09,5.2861e-09,9.37216e-10,-0.00745685
1.75656e+09,2.60018e-10,8.27923e-09,-0.0117179
1.75656e+09,5.72594e-09,5.06516e-09,-0.00106526
1.75656e+09,1.11543e-09,8.73238e-09,-0.00426106
1.75656e+09,-2.91124e-09,7.23808e-09,0.00106526
1.75656e+09,-3.54423e-11,5.71231e-10,0.00958738
1.75656e+09,-1.47084e-08,-3.55664e-09,0.0117179
1.75656e+09,2.67627e-09,-5.88169e-09,0.0117179
1.75656e+09,-5.20156e-09,-1.09735e-08,0.0245011
1.75656e+09,-1.43629e-08,-8.75889e-09,0.0149137
1.75656e+09,1.73455e-09,-1.20588e-08,0.0138484
1.75656e+09,-3.80287e-09,-5.00917e-09,0.00745685
1.75656e+09,-6.86568e-09,-7.01958e-09,0.0191748
1.75656e+09,-1.0757e-08,-7.31039e-09,0.0149137
1.75656e+09,-2.35854e-09,-1.29347e-10,0.00213053
1.75656e+09,-4.17236e-09,-4.74849e-09,-0.00426106
1.75656e+09,-1.0041e-08,-1.06248e-08,-0.00319579
1.75656e+09,-8.69057e-09,-1.64278e-08,0
1.75656e+09,-1.02797e-09,-7.55595e-09,-0.00639159
1.75656e+09,-4.24967e-09,-7.11093e-09,-0.00319579
1.75656e+09,-2.27202e-09,-1.10221e-08,-0.0127832
1.75656e+09,-3.68114e-09,-1.21003e-08,-0.015979
1.75656e+09,-2.10992e-09,-8.46356e-09,-0.0106526
1.75656e+09,1.51229e-09,-6.18419e-09,-0.02024
1.75656e+09,-5.76175e-10,-3.20199e-09,-0.02024
1.75656e+09,-2.85601e-09,-5.36112e-09,-0.0170442
1.75656e+09,-1.62711e-09,-5.56162e-09,-0.0191748
1.75656e+09,-3.57667e-10,-3.74921e-09,-0.00639159
1.75656e+09,-4.52865e-09,-1.34907e-09,-0.0138484
1.75656e+09,3.17872e-09,3.12578e-09,-0.00745685
1.75656e+09,9.68328e-09,1.43405e-08,0.00532632
1.75656e+09,-3.34603e-10,1.1931e-08,-0.00426106
1.75656e+09,7.76287e-09,1.85751e-08,0.00213053
1.75656e+09,7.02155e-09,8.72638e-09,0.0138484
1.75656e+09,-3.81613e-09,7.75455e-09,0.0127832
1.75656e+09,6.40012e-09,6.81163e-09,0.0266316
1.75656e+09,3.02461e-09,6.86501e-09,0.0266316
1.75656e+09,8.6252e-09,8.47215e-09,0.00958738
1.75656e+09,-6.30205e-10,3.33171e-09,0.0181095
1.75656e+09,3.80898e-09,9.09009e-10,0.00639159
1.75656e+09,-6.95884e-10,2.79483e-09,0.0245011
1.75656e+09,8.66111e-10,-5.31647e-09,0.00639159
1.75656e+09,-2.53656e-09,-1.49583e-09,0.00745685
1.75656e+09,-5.94358e-09,-6.85503e-09,-0.00106526
1.75656e+09,-3.24771e-10,-7.24068e-09,-0.00106526
1.75656e+09,-2.96992e-09,-3.85752e-09,-0.00958738
1.75656e+09,-5.11067e-09,-1.38782e-08,-0.02024
1.75656e+09,3.31744e-09,-5.55484e-11,-0.015979
1.75656e+09,-9.45877e-10,5.58887e-13,-0.0106526
1.75656e+09,6.44211e-09,3.52184e-09,-0.0298274
1.75656e+09,6.43041e-10,-5.12958e-11,-0.0138484
1.75656e+09,-3.53324e-09,-7.85477e-09,-0.015979
1.75656e+09,-6.61643e-09,2.45841e-09,-0.0298274
1.75656e+09,6.75569e-09,9.86771e-09,-0.0223706
1.75656e+09,1.23969e-08,1.4392e-08,-0.00426106
1.75656e+09,7.88111e-09,1.26094e-08,-0.0138484
1.75656e+09,6.90313e-09,8.19539e-09,-0.00958738
1.75656e+09,6.78189e-09,2.08666e-08,0.00213053
1.75656e+09,6.637e-09,1.34787e-08,-0.00426106
1.75656e+09,8.41627e-09,2.05434e-08,0.0117179
1.75656e+09,7.50068e-09,1.18275e-08,0.00532632
1.75656e+09,1.28709e-08,1.11703e-08,0.0138484
1.75656e+09,-2.59219e-09,6.24565e-09,0.0213053
1.75656e+09,-8.81396e-10,8.91266e-09,0.0170442
1.75656e+09,-4.0725e-09,8.68288e-09,0.015979
1.75656e+09,-1.29275e-09,7.46374e-09,0.0106526
1.75656e+09,1.16355e-09,1.90424e-09,0.0138484
1.75656e+09,2.55742e-09,1.10218e-08,0.0213053
1.75656e+09,-3.71836e-10,5.2519e-09,0.015979
1.75656e+09,-4.61776e-10,-1.94066e-09,0.00639159
1.75656e+09,6.43602e-09,4.95767e-09,0.00213053
1.75656e+09,-1.70638e-09,7.65624e-09,-0.00106526
1.75656e+09,1.69437e-09,9.27771e-09,0.00106526
1.75656e+09,2.37922e-09,2.68205e-09,-0.00852211
1.75656e+09,-3.17725e-09,4.84661e-09,-0.0191748
1.75656e+09,-2.93078e-09,2.29409e-09,-0.0255663
1.75656e+09,7.19273e-09,2.82015e-11,-0.0106526
1.75656e+09,4.59309e-09,5.48655e-09,-0.02024
1.75656e+09,5.69853e-10,5.59661e-09,-0.0181095
1.75656e+09,3.87336e-09,1.25125e-08,-0.0255663
1.75656e+09,-3.74575e-09,2.40838e-09,-0.02024
1.75656e+09,1.09164e-08,2.78645e-09,-0.0181095
1.75656e+09,1.8114e-09,1.70979e-09,-0.00745685
1.75656e+09,-3.67687e-09,6.57094e-09,-0.0127832
1.75656e+09,-4.14156e-09,4.68822e-09,-0.00532632
1.75656e+09,8.68255e-09,1.72944e-08,0.00426106
1.75656e+09,-5.30015e-09,1.40482e-08,0
1.75656e+09,-1.7288e-09,1.36483e-08,0.00639159
1.75656e+09,1.31487e-08,1.43781e-08,-0.00106526
1.75656e+09,-1.72341e-11,1.19119e-08,0.02024
1.75656e+09,6.10523e-09,7.64998e-09,0.0213053
1.75656e+09,-1.79911e-09,2.73256e-09,0.0127832
1.75656e+09,-5.05092e-09,4.29643e-09,0.00319579
1.75656e+09,9.81825e-10,8.42328e-09,0.00426106
1.75656e+09,-1.11555e-09,-9.80656e-10,0.00532632
1.75656e+09,-5.00463e-09,4.27497e-09,0.00532632
1.75656e+09,7.54373e-09,-7.6616e-09,0.00639159
1.75656e+09,-5.33829e-09,-3.27999e-09,0.00958738
1.75656e+09,-3.56988e-09,-9.38912e-09,0.00106526
1.75656e+09,-7.36406e-10,-9.61805e-09,-0.00532632
1.75656e+09,-4.4716e-09,-4.95009e-09,-0.00958738
1.75656e+09,9.39111e-10,-7.10016e-09,-0.0138484
1.75656e+09,-3.01978e-09,-8.6761e-09,-0.0138484
1.75656e+09,1.44803e-09,-7.47463e-09,-0.015979
1.75656e+09,1.05241e-09,-2.89432e-09,-0.02024
1.75656e+09,-2.00181e-09,-2.1306e-09,-0.0213053
1.75656e+09,1.29366e-09,-1.27671e-08,-0.0298274
1.75656e+09,1.28794e-09,-1.89362e-09,-0.015979
1.75656e+09,-4.25692e-09,-6.9641e-09,-0.00745685
1.75656e+09,3.91018e-09,4.33278e-09,-0.00639159
1.75656e+09,-1.78496e-09,-4.01606e-12,-0.0117179
1.75656e+09,-3.57904e-09,2.38741e-09,-0.0127832
1.75656e+09,6.25983e-10,6.50507e-09,-0.00958738
1.75656e+09,6.10866e-09,3.58679e-09,-0.00106526
1.75656e+09,-1.68357e-09,7.03519e-09,0.00319579
1.75656e+09,3.26206e-09,8.48249e-10,0.015979
1.75656e+09,-3.77612e-09,-4.97905e-09,0.00958738
1.75656e+09,-8.27372e-09,-2.34925e-08,0.00639159
1.75656e+09,-1.37299e-08,-8.34433e-09,0.0138484
1.75656e+09,9.17114e-10,-4.69902e-09,0.0138484
1.75656e+09,-5.72067e-10,-4.4572e-09,0.0117179
1.75656e+09,-4.63874e-09,-1.24246e-08,0.0127832
1.75656e+09,-1.32089e-08,-1.01553e-08,0.00213053
1.75656e+09,-6.03332e-09,-1.45574e-08,0.00745685
1.75656e+09,3.28656e-09,-1.40279e-08,-0.00532632
1.75656e+09,-7.26367e-09,-1.02832e-08,-0.0127832
1.75656e+09,-7.36123e-10,-6.80679e-09,0.00319579
1.75656e+09,-2.18416e-09,-7.77434e-09,-0.0117179
1.75656e+09,-6.93785e-10,-2.45146e-09,-0.0127832
1.75656e+09,1.54893e-09,-3.40504e-09,-0.00958738
1.75656e+09,3.19347e-09,9.91203e-09,-0.00745685
1.75656e+09,1.55352e-08,1.62344e-09,-0.0245011
1.75656e+09,-2.75697e-10,7.45094e-09,-0.0138484
1.75656e+09,8.95123e-09,3.89211e-09,-0.0234358
1.75656e+09,5.12502e-10,4.19387e-09,-0.0117179
1.75656e+09,3.80392e-09,9.72395e-09,-0.0191748
1.75656e+09,-3.36872e-09,8.21821e-09,-0.00639159
1.75656e+09,5.10596e-10,1.55114e-08,-0.00426106
1.75656e+09,1.20257e-08,1.39817e-08,0.00106526
1.75656e+09,1.29317e-08,2.02108e-08,-0.00852211
1.75656e+09,1.30406e-08,2.27218e-08,0.0106526
1.75656e+09,-1.27588e-09,1.42705e-08,0.00213053
1.75656e+09,-3.06038e-09,8.60724e-09,0.00958738
1.75656e+09,6.24108e-09,-1.61831e-09,0.0138484
1.75656e+09,1.87591e-09,1.09369e-09,0.0138484
1.75656e+09,1.77323e-09,3.14251e-09,0.02024
1.75656e+09,-2.99871e-09,-9.12308e-11,0.0127832
1.75656e+09,-1.85417e-10,-6.11784e-10,0.0127832
1.75656e+09,-2.01613e-09,5.88673e-09,0.00958738
1.75656e+09,-2.99945e-09,-4.1032e-09,0.00213053
1.75656e+09,-5.72155e-10,-1.13165e-08,0.0117179
1.75656e+09,8.00758e-10,-3.32346e-09,0.00958738
1.75656e+09,1.0796e-09,-6.04473e-09,-0.0127832
1.75656e+09,-4.14112e-09,-2.46348e-09,-0.00852211
1.75656e+09,4.81335e-09,-3.61648e-09,-0.00958738
1.75656e+09,-1.29453e-10,-1.24067e-08,-0.00213053
1.75656e+09,-3.46192e-09,-7.97964e-09,-0.0213053
1.75656e+09,1.40109e-10,-9.21303e-09,-0.0223706
1.75656e+09,-3.58002e-09,-4.58711e-09,-0.0319579
1.75656e+09,-1.519e-09,-2.61522e-09,-0.0319579
1.75656e+09,-2.04829e-09,4.5379e-09,-0.015979
1.75656e+09,3.15095e-10,-1.08858e-09,-0.0319579
1.75656e+09,6.18473e-09,1.11204e-09,-0.0255663
1.75656e+09,1.73783e-08,5.10127e-09,-0.0223706
1.75656e+09,-1.29853e-08,-7.75508e-09,-0.0191748
1.75656e+09,2.37085e-09,1.87564e-09,-0.0191748
1.75656e+09,-2.20673e-10,1.61964e-09,-0.00426106
1.75656e+09,-7.7764e-09,2.45109e-09,-0.00639159
1.75656e+09,2.04114e-09,-1.63328e-09,0.00213053
1.75656e+09,3.41501e-09,3.19147e-09,0.00745685
1.75656e+09,-6.07316e-09,-6.05195e-09,0.0117179
1.75656e+09,-5.39778e-09,-5.24841e-09,0.0223706
1.75656e+09,4.35631e-09,-6.99548e-09,0.02024
1.75656e+09,-2.47448e-09,1.16452e-09,0.0127832
1.75656e+09,-5.40408e-09,-2.79637e-09,0.0149137
1.75656e+09,4.43283e-09,-1.74623e-09,0.0138484
1.75656e+09,-7.33356e-09,3.38373e-09,0.0127832
1.75656e+09,2.10588e-11,4.85517e-09,0.0245011
1.75656e+09,-7.14926e-09,-8.50291e-09,0.00852211
1.75656e+09,8.98192e-10,2.75354e-09,0.00532632
1.75656e+09,1.29017e-08,6.49427e-09,0
1.75656e+09,7.55268e-10,6.77662e-09,0.00213053
1.75656e+09,3.27977e-09,4.47617e-10,-0.00958738
1.75656e+09,3.44023e-09,2.60636e-09,-0.0106526
1.75656e+09,8.54938e-09,4.19932e-09,-0.0106526
1.75656e+09,2.68731e-09,4.38213e-09,-0.00958738
1.75656e+09,7.19042e-10,1.29762e-09,-0.00958738
1.75656e+09,-3.93334e-09,4.09201e-09,-0.0191748
1.75656e+09,-3.05602e-09,4.44523e-09,-0.0191748
1.75656e+09,-4.02134e-09,3.51998e-09,-0.0117179
1.75656e+09,4.96266e-09,7.72509e-09,-0.0117179
1.75656e+09,1.47891e-09,1.04728e-08,-0.0127832
1.75656e+09,1.0815e-08,4.23054e-09,-0.00426106
1.75656e+09,-3.11075e-09,8.48235e-09,-0.00639159
1.75656e+09,3.85103e-09,7.16994e-09,-0.00426106
1.75656e+09,-7.75306e-09,1.07446e-09,-0.00106526
1.75656e+09,4.14993e-09,6.14012e-09,0.00532632
1.75656e+09,2.45017e-09,5.88651e-10,-0.00106526
1.75656e+09,2.65015e-09,-1.43052e-10,0.0191748
1.75656e+09,-6.54326e-09,-6.88924e-09,0.00852211
1.75656e+09,-6.79628e-09,-7.08356e-09,0
1.75656e+09,-1.61647e-08,-7.07601e-09,0.00958738
1.75656e+09,-5.68108e-09,-8.82412e-09,0.00852211
1.75656e+09,1.08659e-09,-1.00363e-08,0.00426106
1.75656e+09,-3.82658e-09,-9.51998e-09,0.00426106
1.75656e+09,-7.14137e-09,-1.08491e-08,0.0117179
1.75656e+09,-1.12575e-08,-7.20578e-09,0.00532632
1.75656e+09,6.75232e-10,-7.20657e-09,-0.00319579
1.75656e+09,8.85797e-11,-1.10242e-08,-0.0106526
1.75656e+09,-1.14641e-09,-7.09095e-09,-0.00319579
1.75656e+09,-5.5195e-09,-6.06094e-09,-0.0234358
1.75656e+09,-4.62033e-10,-4.30817e-09,-0.0106526
1.75656e+09,-2.5864e-09,-1.85852e-09,-0.0298274
1.75656e+09,5.07629e-09,-1.33792e-09,-0.0191748
1.75656e+09,4.3073e-09,-8.77058e-10,-0.0127832
1.75656e+09,1.32025e-08,1.60559e-09,-0.0255663
1.75656e+09,1.64835e-09,-1.54481e-09,-0.0191748
1.75656e+09,7.82984e-09,3.9656e-09,-0.0127832
1.75656e+09,3.30299e-09,2.06118e-09,-0.0149137
1.75656e+09,9.4594e-09,5.20543e-09,-0.00852211
1.75656e+09,-1.75236e-09,3.66701e-09,-0.00639159
1.75656e+09,1.19147e-08,4.09811e-09,0.00426106
1.75656e+09,9.19999e-09,1.02904e-08,0
1.75656e+09,-4.3663e-09,8.13941e-09,0.00958738
1.75656e+09,1.80154e-09,6.21869e-09,0.0191748
1.75656e+09,2.83803e-09,2.33485e-09,0.0138484
1.75656e+09,1.0989e-08,5.51834e-09,0.0287621
1.75656e+09,1.18378e-09,-2.57439e-09,0.0117179
1.75656e+09,5.70066e-11,5.7984e-09,0.015979
1.75656e+09,-2.7184e-09,1.45501e-09,0.0191748
1.75656e+09,-9.81259e-10,-4.85762e-09,0.00958738
1.75656e+09,-1.48465e-08,-7.30511e-09,0.0149137
1.75656e+09,6.49405e-09,2.61905e-09,0.0117179
1.75656e+09,7.00439e-09,-1.7584e-10,0.00639159
1.75656e+09,7.30594e-09,1.25882e-08,0.00319579
1.75656e+09,4.56498e-09,1.60154e-09,-0.00213053
1.75656e+09,1.56982e-10,-9.44498e-10,-0.00213053
1.75656e+09,7.91065e-09,6.14273e-09,0
1.75656e+09,6.82809e-09,2.82289e-09,-0.00426106
1.75656e+09,3.04487e-09,6.94196e-09,-0.00852211
1.75656e+09,2.13717e-09,8.36331e-09,-0.0170442
1.75656e+09,2.1307e-09,1.17952e-08,-0.02024
1.75656e+09,3.27313e-09,1.02e-08,-0.0170442
1.75656e+09,5.91921e-09,1.34092e-08,-0.0170442
1.75656e+09,7.27402e-09,8.89675e-09,-0.0170442
1.75656e+09,2.25352e-09,6.43001e-09,-0.0181095
1.75656e+09,3.82926e-09,8.49753e-09,-0.0181095
1.75656e+09,-5.92669e-09,1.24937e-09,-0.0117179
1.75656e+09,1.84693e-09,1.18126e-08,-0.00426106
1.75656e+09,2.81654e-09,6.75513e-09,-0.00319579
1.75656e+09,1.04736e-09,1.8795e-09,0.00639159
1.75656e+09,-5.9368e-09,-3.45955e-09,0.00958738
1.75656e+09,-3.54782e-09,-3.4911e-09,0.00852211
1.75656e+09,-1.0377e-08,-9.83434e-09,0.0181095
1.75656e+09,-3.08823e-09,-6.81171e-09,0.00106526
1.75656e+09,4.45447e-10,-4.07484e-09,0.0149137
1.75656e+09,-6.84699e-09,-1.25771e-08,0
1.75656e+09,-7.36024e-09,-1.62875e-08,0.00319579
1.75656e+09,-1.20853e-08,-2.43747e-08,0.0106526
1.75656e+09,-1.79855e-08,-3.08845e-08,0.00319579
1.75656e+09,-9.24362e-09,-3.34195e-08,0.00532632
1.75656e+09,-5.26118e-09,-2.34246e-08,-0.00213053
1.75656e+09,-5.76596e-09,-3.12864e-08,-0.00958738
1.75656e+09,-7.08707e-09,-2.55044e-08,-0.00639159
1.75656e+09,-1.13654e-08,-2.27344e-08,-0.00745685
1.75656e+09,-1.10433e-08,-2.8878e-08,-0.0106526
1.75656e+09,-3.32636e-09,-1.92981e-08,-0.0181095
1.75656e+09,-1.00754e-08,-1.89893e-08,-0.0181095
1.75656e+09,-8.75235e-11,-1.20763e-08,-0.0245011
1.75656e+09,-2.1909e-09,-4.68371e-09,-0.0106526
1.75656e+09,-1.83119e-09,-5.67806e-09,-0.0170442
1.75656e+09,-7.956e-09,-6.52778e-09,-0.0127832
1.75656e+09,9.66557e-10,2.64055e-10,-0.0106526
1.75656e+09,-6.32583e-09,-8.66846e-09,-0.00639159
1.75656e+09,-3.77477e-09,-1.69386e-09,-0.00426106
1.75656e+09,1.29786e-09,7.83493e-09,0
1.75656e+09,-3.46975e-10,2.64762e-09,0
1.75656e+09,2.13421e-09,6.05907e-09,0.00426106
1.75656e+09,1.39217e-09,3.23275e-09,0.0181095
1.75656e+09,2.83158e-10,-1.61464e-09,0.00426106
1.75656e+09,4.14594e-09,-1.85286e-09,0.0138484
1.75656e+09,-1.09348e-09,-2.62416e-09,0.0138484
1.75656e+09,-1.24135e-08,9.08978e-11,0.0127832
1.75656e+09,-9.97787e-09,-6.42217e-09,0.00745685
1.75656e+09,-2.19695e-09,-9.64357e-09,-0.00106526
1.75656e+09,-1.52778e-09,-1.20662e-08,0.00319579
1.75656e+09,-1.26802e-09,-9.84119e-09,0.00745685
1.75656e+09,-1.60999e-09,-3.78047e-09,0.00745685
1.75656e+09,-1.05015e-09,-2.37896e-09,0.00745685
1.75656e+09,-8.31713e-09,-8.26595e-09,0
1.75656e+09,-1.63832e-09,-4.58148e-09,-0.00639159
1.75656e+09,7.35191e-09,3.0509e-09,-0.0266316
1.75656e+09,9.34161e-09,-2.8361e-09,-0.0149137
1.75656e+09,-4.13633e-10,4.57711e-09,-0.0234358
1.75656e+09,-2.69925e-09,-1.9399e-09,-0.0138484
1.75656e+09,4.10088e-09,4.33586e-09,-0.015979
1.75656e+09,1.95943e-10,7.27448e-09,-0.0106526
1.75656e+09,6.38632e-09,2.82794e-09,-0.0117179
1.75656e+09,1.05276e-08,1.0992e-08,-0.0149137
1.75656e+09,2.88351e-09,3.33359e-09,-0.0191748
1.75656e+09,1.6044e-09,6.89926e-09,0
1.75656e+09,-1.07288e-09,2.64447e-09,0
1.75656e+09,2.08179e-09,4.05807e-09,-0.00426106
1.75656e+09,8.69034e-10,6.64642e-09,-0.00426106
1.75656e+09,-3.20082e-10,3.73446e-10,0.00639159
1.75656e+09,-2.76061e-09,-3.37181e-09,0.00852211
1.75656e+09,-6.63322e-09,-2.5422e-09,-0.00213053
1.75656e+09,-1.12137e-08,-1.71611e-09,0.00532632
1.75656e+09,-7.7292e-09,-6.44546e-09,0.0181095
1.75656e+09,-1.86867e-10,-3.56012e-09,0.0127832
1.75656e+09,-2.44956e-09,-8.32415e-09,0.0149137
1.75656e+09,-5.44833e-10,-2.84098e-09,0.0149137
1.75656e+09,-2.39642e-09,-1.01226e-08,0.00958738
1.75656e+09,8.38041e-10,-1.01621e-08,0
1.75656e+09,4.51261e-09,-2.12489e-09,0.00532632
1.75656e+09,8.01483e-10,-5.9253e-09,0.00213053
1.75656e+09,2.87812e-09,-4.01855e-09,0.00852211
1.75656e+09,5.32885e-10,1.38356e-09,-0.00745685
1.75656e+09,-4.76286e-09,1.58804e-09,-0.015979
1.75656e+09,1.02591e-08,1.36563e-09,-0.0117179
1.75656e+09,-3.23206e-09,1.99124e-09,-0.015979
1.75656e+09,4.88344e-09,-1.24567e-09,-0.0213053
1.75656e+09,2.44934e-09,8.10398e-09,-0.02024
1.75656e+09,-3.31051e-11,1.62546e-09,-0.0266316
1.75656e+09,-4.61274e-09,1.20168e-08,-0.0191748
1.75656e+09,6.05481e-10,8.74997e-09,-0.0149137
1.75656e+09,-1.18458e-09,1.97677e-09,-0.0117179
1.75656e+09,1.22478e-08,3.02282e-09,-0.00639159
1.75656e+09,2.93042e-09,6.48698e-09,-0.0127832
1.75656e+09,2.58435e-09,9.46218e-09,-0.0138484
1.75656e+09,-4.79867e-09,1.03089e-08,-0.00319579
1.75656e+09,-5.14856e-09,-1.56128e-09,0.00319579
1.75656e+09,-1.29173e-09,3.18995e-09,0
1.75656e+09,1.75674e-09,-7.60683e-10,0.00319579
1.75656e+09,3.082e-09,-4.66728e-09,0.00639159
1.75656e+09,-5.51288e-09,-3.88453e-09,0.0127832
1.75656e+09,-6.91855e-09,-8.03623e-09,0.00958738
1.75656e+09,8.62679e-10,-6.90229e-09,0.0245011
1.75656e+09,-3.33737e-09,4.23389e-09,0.0138484
1.75656e+09,2.79119e-09,-6.81151e-09,0.0127832
1.75656e+09,7.94341e-09,3.57294e-09,0.00745685
1.75656e+09,-3.15692e-09,-4.08308e-10,0.00958738
1.75656e+09,9.32985e-09,1.81691e-09,-0.00213053
1.75656e+09,-1.1191e-08,1.82107e-09,0.00532632
1.75656e+09,-2.99963e-09,2.77453e-09,0
1.75656e+09,-3.74667e-09,2.85459e-09,-0.00639159
1.75656e+09,1.67803e-10,-2.52449e-09,-0.00852211
1.75656e+09,1.22315e-09,1.173e-10,-0.0181095
1.75656e+09,-9.75983e-10,4.51329e-09,-0.0213053
1.75656e+09,8.85775e-10,5.62993e-09,-0.0213053
1.75656e+09,3.20259e-09,1.54512e-09,-0.00745685
1.75656e+09,7.16365e-09,6.26532e-09,-0.00958738
1.75656e+09,4.55952e-09,2.17402e-09,-0.0106526
1.75656e+09,7.31337e-09,8.73024e-09,0
1.75656e+09,1.02701e-08,3.04215e-09,0.00532632
1.75656e+09,2.85297e-09,1.11685e-08,-0.00426106
1.75656e+09,-1.88876e-09,1.93396e-09,0.00958738
1.75656e+09,2.56705e-09,4.26897e-09,-0.00319579
1.75656e+09,3.96527e-10,1.57551e-09,0.0106526
1.75656e+09,-2.36361e-09,-2.12445e-09,0.0106526
1.75656e+09,-2.52752e-09,3.21524e-10,0.0117179
1.75656e+09,-2.81927e-09,-9.28701e-09,0.00532632
1.75656e+09,-8.16273e-09,-1.02673e-08,0.0117179
1.75656e+09,-1.46484e-08,-9.96598e-09,0.00213053
1.75656e+09,-1.41259e-09,-1.15721e-08,0.00532632
1.75656e+09,6.17127e-10,-1.5454e-08,0.00213053
1.75656e+09,-3.43878e-09,-8.37442e-09,-0.00532632
1.75656e+09,-4.9958e-09,-1.39214e-08,-0.00426106
1.75656e+09,-3.85263e-09,-9.95401e-09,-0.00213053
1.75656e+09,-5.07653e-09,-1.42405e-08,-0.00532632
1.75656e+09,-1.34868e-09,4.77166e-09,-0.0181095
1.75656e+09,9.11957e-10,-3.73769e-09,-0.00745685
1.75656e+09,5.7975e-09,-8.6228e-09,-0.00958738
1.75656e+09,-3.03021e-09,-8.05022e-09,-0.0170442
1.75656e+09,-3.14637e-09,1.55832e-09,-0.0149137
1.75656e+09,6.45706e-10,1.30059e-09,-0.0117179
1.75656e+09,3.24605e-09,-2.42055e-09,-0.00639159
1.75656e+09,1.5838e-08,1.30307e-08,-0.00745685
1.75656e+09,3.94969e-09,-1.1902e-09,-0.00958738
1.75656e+09,-8.49179e-09,1.01402e-08,-0.0138484
1.75656e+09,1.03675e-09,6.7745e-09,-0.00852211
1.75656e+09,1.49106e-09,1.40342e-08,0.00213053
1.75656e+09,-1.92892e-09,4.80259e-09,-0.00426106
1.75656e+09,3.41322e-09,6.17095e-09,0.00426106
1.75656e+09,6.71374e-09,6.8859e-09,0.00532632
1.75656e+09,-6.76847e-09,-3.86549e-09,0.0117179
1.75656e+09,-1.52389e-10,5.22875e-09,0.0138484
1.75656e+09,-1.52389e-10,5.22875e-09,0.0138484
1.75656e+09,-4.94554e-09,-4.67392e-09,0.0106526
1.75656e+09,-4.72084e-09,-1.27973e-08,0.00213053
1.75656e+09,-7.93474e-09,-2.49707e-09,0.00319579
1.75656e+09,3.18998e-09,-6.16342e-09,-0.0106526
1.75656e+09,1.20072e-09,4.62821e-11,-0.00745685
1.75656e+09,1.97352e-09,-3.9826e-10,0.00213053
1.75656e+09,2.96506e-09,1.62252e-09,-0.0138484
1.75656e+09,1.11727e-09,5.74365e-10,-0.0181095
1.75656e+09,5.57486e-10,2.42667e-09,-0.0127832
1.75656e+09,2.15284e-09,3.19693e-09,-0.0170442
1.75656e+09,1.38203e-09,1.14093e-09,-0.0149137
1.75656e+09,4.60102e-09,1.27449e-09,-0.0255663
1.75656e+09,1.50885e-09,7.79557e-09,-0.0149137
1.75656e+09,-3.9123e-09,4.83733e-09,-0.0127832
1.75656e+09,3.59995e-09,3.14585e-09,-0.015979
1.75656e+09,2.51839e-12,-2.13762e-09,-0.0138484
1.75656e+09,6.00985e-09,1.08403e-08,-0.00639159
1.75656e+09,1.89392e-11,1.24481e-08,-0.00958738
1.75656e+09,2.4261e-09,7.82661e-09,-0.00319579
1.75656e+09,-4.31633e-09,2.23687e-09,0.0106526
1.75656e+09,-2.50504e-09,5.90811e-09,0.00852211
1.75656e+09,4.69303e-09,4.50488e-09,0.0266316
1.75656e+09,2.4423e-09,2.18393e-09,0.0191748
1.75656e+09,3.81981e-11,-1.52989e-10,0.0234358
1.75656e+09,-1.30287e-08,5.0629e-09,0.0106526
1.75656e+09,4.83346e-09,1.40809e-09,0.0170442
1.75656e+09,1.18407e-08,1.82403e-09,0.02024
1.75656e+09,-3.15026e-09,5.17158e-09,0.00852211
1.75656e+09,-3.25032e-10,3.55177e-09,0.00532632
1.75656e+09,7.37625e-10,7.36722e-10,0
1.75656e+09,3.38971e-09,1.77005e-10,-0.00852211
1.75656e+09,3.51024e-09,-6.37481e-10,-0.00532632
1.75656e+09,3.59766e-09,-1.26832e-09,-0.02024
1.75656e+09,7.01065e-09,-4.76249e-09,-0.0170442
1.75656e+09,2.62936e-09,-4.22149e-09,-0.0181095
1.75656e+09,7.46007e-09,-4.01191e-09,-0.00639159
1.75656e+09,2.93136e-09,-2.59786e-09,-0.0170442
1.75656e+09,5.48289e-09,2.49029e-09,-0.0181095
1.75656e+09,7.0774e-10,-2.62251e-09,-0.0276969
1.75656e+09,-1.50484e-09,-6.95565e-09,-0.0213053
1.75656e+09,-1.00025e-08,-8.79099e-09,-0.00958738
1.75656e+09,-7.28587e-09,-2.09303e-09,-0.0106526
1.75656e+09,-4.06613e-09,-4.84315e-09,0.00852211
1.75656e+09,-1.85996e-09,-2.94034e-09,-0.00745685
1.75656e+09,-7.40883e-09,-7.09292e-10,0.00852211
1.75656e+09,-5.33569e-10,-2.0572e-09,0.00532632
1.75656e+09,-7.42049e-09,-8.20832e-09,0.015979
1.75656e+09,-3.27018e-11,-7.11276e-09,0.0213053
1.75656e+09,-5.09502e-09,-6.01254e-09,0.00426106
1.75656e+09,4.39074e-10,-1.09379e-09,0.0117179
1.75656e+09,-2.1163e-09,-8.40895e-09,0.0255663
1.75656e+09,-6.9925e-09,-2.10224e-10,0.015979
1.75656e+09,-6.74907e-09,-6.52036e-09,0.00532632
1.75656e+09,-2.2861e-09,-1.60688e-08,0.00532632
1.75656e+09,7.94194e-09,-3.40895e-09,0.00319579
1.75656e+09,6.98358e-09,-1.16866e-08,-0.00745685
1.75656e+09,-3.24595e-09,-1.27833e-08,-0.00532632
1.75656e+09,-3.35184e-09,-8.004e-09,-0.00426106
1.75656e+09,-5.08019e-10,-1.46765e-08,-0.0149137
1.75656e+09,-5.08019e-10,-1.46765e-08,-0.0149137
1.75656e+09,4.8159e-11,-1.22664e-08,-0.0149137
1.75656e+09,2.38482e-09,-8.7511e-09,-0.0127832
1.75656e+09,-1.66414e-09,-1.17042e-08,-0.0127832
1.75656e+09,4.26847e-10,-1.02145e-08,-0.0266316
1.75656e+09,-1.7253e-09,-8.3403e-09,-0.015979
1.75656e+09,-3.19228e-09,-9.27685e-09,-0.00106526
1.75656e+09,-3.76702e-10,-1.04621e-08,-0.0149137
1.75656e+09,1.95643e-09,-8.12843e-09,-0.00639159
1.75656e+09,-1.57637e-09,-6.35858e-09,-0.0138484
1.75656e+09,-5.92838e-09,1.20663e-09,-0.00639159
1.75656e+09,-4.4678e-09,-1.86423e-09,0.00213053
1.75656e+09,-1.33391e-09,-6.04319e-09,0.015979
1.75656e+09,-4.35802e-09,-6.40386e-09,0.0149137
1.75656e+09,-3.45338e-09,-1.35613e-08,0.0106526
1.75656e+09,-2.605e-09,-1.47073e-08,0.0138484
1.75656e+09,-1.23577e-08,-1.49134e-08,0.0170442
1.75656e+09,-1.59387e-08,-1.60321e-08,0.0266316
1.75656e+09,-1.2669e-08,-1.6528e-08,0.00852211
1.75656e+09,-6.82346e-09,-1.05079e-08,0.015979
1.75656e+09,-6.82346e-09,-1.05079e-08,0.015979
1.75656e+09,-9.26763e-09,-1.33381e-08,0.0181095
1.75656e+09,-4.21439e-09,-1.03277e-08,0.0117179
1.75656e+09,-4.80021e-09,-1.9593e-08,-0.00745685
1.75656e+09,-1.17217e-09,-4.63733e-09,-0.00852211
1.75656e+09,-3.69833e-09,-1.11863e-08,-0.0138484
1.75656e+09,6.35443e-10,-3.21218e-09,-0.00639159
1.75656e+09,-5.42617e-09,-5.93253e-09,-0.0149137
1.75656e+09,-3.64968e-09,-1.42472e-08,-0.0223706
1.75656e+09,-2.64028e-09,-6.9004e-09,-0.015979
1.75656e+09,6.1691e-09,-7.21131e-09,-0.0287621
1.75656e+09,-6.70736e-10,5.87619e-09,-0.02024
1.75656e+09,2.17305e-09,4.57418e-09,-0.0127832
1.75656e+09,3.4983e-09,5.50792e-09,-0.0170442
1.75656e+09,2.97458e-09,5.07941e-09,-0.00639159
1.75656e+09,3.44183e-09,8.29056e-09,-0.00852211
1.75656e+09,3.5671e-09,1.69682e-08,-0.0117179
1.75656e+09,6.19282e-09,1.47043e-08,-0.00106526
1.75656e+09,4.64631e-09,8.0649e-09,0.00319579
1.75656e+09,5.67665e-10,1.41936e-09,0.0117179
1.75656e+09,-2.01907e-09,7.0944e-09,0
1.75656e+09,-2.01907e-09,7.0944e-09,0
1.75656e+09,1.74566e-09,1.05663e-08,0.00852211
1.75656e+09,-8.32687e-09,-3.76521e-09,0.0170442
1.75656e+09,-6.90318e-09,-6.23188e-09,0.00745685
1.75656e+09,-5.33582e-09,-8.46156e-09,0.0117179
1.75656e+09,-7.324e-09,-1.38483e-08,0.0117179
1.75656e+09,8.64844e-10,-1.33183e-08,-0.00426106
1.75656e+09,-9.40528e-09,-5.85233e-09,-0.00426106
1.75656e+09,-3.2723e-09,-1.22887e-08,-0.00106526
1.75656e+09,-7.17886e-09,-3.32137e-09,-0.00639159
1.75656e+09,3.7641e-09,-7.88652e-09,-0.00532632
1.75656e+09,-5.46242e-09,-1.24468e-08,-0.00319579
1.75656e+09,9.51146e-10,1.16369e-09,-0.0181095
1.75656e+09,4.61274e-09,-2.78397e-09,-0.0106526
1.75656e+09,-2.52523e-09,-3.49648e-09,-0.015979
1.75656e+09,3.88347e-09,-3.7444e-10,-0.0106526
1.75656e+09,5.33352e-09,5.29797e-09,-0.0117179
1.75656e+09,-1.37412e-09,4.71467e-09,-0.0181095
1.75656e+09,6.73477e-09,1.52563e-08,-0.00852211
1.75656e+09,8.85851e-09,4.50833e-09,-0.0245011
1.75656e+09,8.60009e-09,7.56285e-09,-0.00213053
1.75656e+09,-2.27504e-09,1.01407e-08,-0.00745685
1.75656e+09,-2.94268e-09,7.1558e-09,-0.00745685
1.75656e+09,6.84652e-09,1.34904e-08,-0.00319579
1.75656e+09,3.0662e-09,1.22084e-09,0.00426106
1.75656e+09,1.79471e-09,9.71253e-09,0.00426106
1.75656e+09,2.60725e-09,8.92248e-09,0.00958738
1.75656e+09,-3.68414e-09,-3.21417e-09,0.0127832
1.75656e+09,-7.2578e-09,4.88294e-10,0.0223706
1.75656e+09,-9.64691e-10,7.40305e-09,0.0106526
1.75656e+09,-4.771e-09,-1.00493e-08,0.015979
1.75656e+09,-3.86502e-09,-3.23012e-09,0.00532632
1.75656e+09,-2.81078e-09,-7.01427e-09,0.0106526
1.75656e+09,-3.28365e-09,-4.0035e-09,0.0223706
1.75656e+09,-4.79717e-09,-7.39023e-09,0.0106526
1.75656e+09,-2.72856e-10,-2.11034e-09,0.00532632
1.75656e+09,-5.51001e-09,-3.55439e-09,-0.0191748
1.75656e+09,-6.5669e-10,-2.30775e-09,-0.00958738
1.75656e+09,6.12702e-09,3.86824e-09,-0.0117179
1.75656e+09,4.8333e-09,1.41714e-09,-0.00639159
1.75656e+09,1.52215e-09,-4.74534e-09,-0.015979
1.75656e+09,-3.72554e-09,2.00541e-09,-0.0170442
1.75656e+09,4.13196e-09,2.77352e-09,-0.0223706
1.75656e+09,5.34167e-09,5.94479e-10,-0.0245011
1.75656e+09,-9.57378e-10,-2.78691e-09,-0.0234358
1.75656e+09,-7.71883e-09,-1.86081e-08,-0.00958738
1.75656e+09,-2.80726e-09,-7.93792e-09,-0.0170442
1.75656e+09,-2.67024e-09,-8.57722e-09,-0.00958738
1.75656e+09,-1.84616e-09,-1.18111e-08,-0.015979
1.75656e+09,1.07055e-09,-1.03986e-08,-0.00852211
1.75656e+09,-1.03772e-08,-3.59755e-09,-0.00106526
1.75656e+09,-1.34277e-09,-3.87491e-09,0.0149137
1.75656e+09,-1.37328e-09,-4.01687e-09,-0.00106526
1.75656e+09,-3.51642e-10,-4.88613e-09,0.00745685
1.75656e+09,-3.09337e-09,-1.30737e-08,0.0213053
1.75656e+09,-5.7602e-09,-1.46903e-08,0.00958738
1.75656e+09,-1.41001e-08,-1.77216e-08,0.0213053
1.75656e+09,-6.91387e-09,-1.29976e-08,0.00852211
1.75656e+09,-2.01262e-08,-8.59663e-09,0.0117179
1.75656e+09,-4.65728e-09,-1.9278e-08,0.00639159
1.75656e+09,-4.24271e-09,-1.73435e-08,0.0149137
1.75656e+09,-1.14506e-08,-1.79116e-08,0.015979
1.75656e+09,-5.09943e-09,-1.32756e-08,0.00213053
1.75656e+09,-2.60777e-09,-9.46499e-09,0.00213053
1.75656e+09,-4.86618e-09,-1.08824e-08,0.00319579
1.75656e+09,-2.43085e-09,-1.09263e-08,-0.00532632
1.75656e+09,4.98289e-09,-1.18136e-08,-0.0127832
1.75656e+09,-2.69099e-09,-7.97455e-09,-0.0117179
1.75656e+09,-5.13176e-09,-8.26392e-09,-0.0138484
1.75656e+09,-3.11246e-09,-2.21102e-09,-0.0234358
1.75656e+09,-3.27417e-09,-4.43328e-09,-0.0170442
1.75656e+09,3.71254e-09,-2.39028e-09,-0.0170442
1.75656e+09,9.36272e-10,3.38927e-09,-0.0127832
1.75656e+09,4.82963e-09,2.98552e-09,-0.0223706
1.75656e+09,4.08907e-09,-4.53013e-09,-0.0127832
1.75656e+09,-8.90514e-10,8.96558e-09,-0.00106526
1.75656e+09,4.99832e-09,1.9053e-08,-0.00426106
1.75656e+09,5.72986e-09,1.22649e-08,-0.00319579
1.75656e+09,1.01089e-08,1.29237e-08,-0.00213053
1.75656e+09,4.72626e-12,1.67465e-08,0.00426106
1.75656e+09,5.41222e-09,9.00569e-09,0.015979
1.75656e+09,2.36963e-10,1.21428e-08,0.0170442
1.75656e+09,7.50232e-09,1.30958e-08,0.0191748
1.75656e+09,9.96449e-09,1.14537e-08,0.0255663
1.75656e+09,-1.00308e-09,1.80684e-08,0.00426106
1.75656e+09,1.0206e-08,1.30677e-08,0.0149137
1.75656e+09,-4.18807e-09,8.80036e-09,0.00106526
1.75656e+09,-2.04588e-09,2.65811e-09,-0.00213053
1.75656e+09,2.46086e-10,-1.74458e-09,0.00213053
1.75656e+09,-1.22069e-09,-1.04891e-08,-0.00426106
1.75656e+09,-3.68516e-09,2.40325e-09,-0.00852211
1.75656e+09,-1.0195e-09,4.68568e-10,-0.00852211
1.75656e+09,-6.22267e-09,2.99134e-09,-0.00852211
1.75656e+09,4.02726e-09,-1.11842e-09,-0.0149137
1.75656e+09,5.24581e-09,2.2645e-09,-0.015979
1.75656e+09,6.19419e-09,9.39661e-09,-0.015979
1.75656e+09,1.32205e-08,1.56472e-08,-0.0191748
1.75656e+09,1.01718e-08,1.82819e-08,-0.0266316
1.75656e+09,-1.2418e-10,2.35366e-08,-0.0191748
1.75656e+09,1.04496e-08,2.79927e-08,-0.02024
1.75656e+09,6.48365e-09,1.58148e-08,-0.0213053
1.75656e+09,1.48166e-08,2.05847e-08,-0.00106526
1.75656e+09,1.26819e-08,2.7533e-08,0.00213053
1.75656e+09,7.78565e-09,2.9751e-08,-0.00319579
1.75656e+09,1.48315e-08,3.28373e-08,-0.00852211
1.75656e+09,7.93809e-09,2.17639e-08,-0.00532632
1.75656e+09,6.58987e-09,2.15756e-08,-0.00532632
1.75656e+09,5.36261e-09,2.14319e-08,0.0127832
1.75656e+09,8.7287e-09,1.35872e-08,0.0255663
1.75656e+09,1.76777e-11,1.22272e-08,0.00958738
1.75656e+09,3.14116e-09,1.58041e-08,0.0149137
1.75656e+09,9.20042e-10,9.21908e-09,0.0191748
1.75656e+09,4.64208e-09,5.27265e-09,0.0213053
1.75656e+09,4.51642e-09,9.76922e-09,0.0138484
1.75656e+09,4.38683e-10,5.03608e-09,0.015979
1.75656e+09,7.13625e-09,2.73971e-09,0.00958738
1.75656e+09,2.78615e-09,3.26535e-09,0.00106526
1.75656e+09,-4.47593e-09,5.01039e-09,0
1.75656e+09,9.17197e-10,5.79915e-10,-0.00426106
1.75656e+09,-9.82265e-10,-1.59349e-09,-0.0106526
1.75656e+09,2.1007e-09,-8.16329e-09,-0.0138484
1.75656e+09,-1.12995e-09,-6.94107e-09,-0.015979
1.75656e+09,2.92247e-09,-1.30825e-09,-0.0149137
1.75656e+09,1.08818e-09,-2.0437e-10,-0.0234358
1.75656e+09,1.27039e-09,-2.78728e-09,-0.0245011
1.75656e+09,1.73799e-11,1.72364e-09,-0.00958738
1.75656e+09,2.58789e-09,-7.10963e-09,-0.0234358
1.75656e+09,6.92641e-10,-1.00295e-09,-0.0234358
1.75656e+09,3.93885e-10,-1.92391e-09,-0.0138484
1.75656e+09,-8.58103e-09,-6.28275e-09,-0.0117179
1.75656e+09,4.58939e-09,1.3906e-09,-0.00426106
1.75656e+09,-6.2566e-10,-5.21095e-09,0.00745685
1.75656e+09,1.39864e-09,-2.58391e-09,-0.00319579
1.75656e+09,-6.95097e-09,-9.85201e-09,-0.00532632
1.75656e+09,-7.4742e-09,-8.76434e-09,0.0106526
1.75656e+09,-1.43118e-08,-1.48023e-08,0.00639159
1.75656e+09,-2.5376e-09,-9.77924e-09,0
1.75656e+09,-8.4142e-09,-9.76521e-09,0.0149137
1.75656e+09,-9.06571e-09,-6.61069e-09,0.00426106
1.75656e+09,-4.99876e-09,-3.93074e-09,0.00532632
1.75656e+09,-5.51688e-09,-7.34446e-09,0.0127832
1.75656e+09,-1.02838e-09,-9.38804e-09,0.00106526
1.75656e+09,-4.13282e-11,-8.61865e-09,0.00745685
1.75656e+09,1.64194e-09,2.22296e-09,0.00745685
1.75656e+09,-3.51539e-10,6.38707e-09,-0.00319579
1.75656e+09,-3.9852e-10,-3.12011e-09,-0.00958738
1.75656e+09,1.55763e-10,2.45539e-09,-0.0170442
1.75656e+09,3.43724e-09,-3.40285e-09,-0.0117179
1.75656e+09,8.00776e-09,7.43185e-09,-0.00106526
1.75656e+09,3.49206e-09,-1.19275e-09,-0.0149137
1.75656e+09,2.07349e-09,1.64756e-08,-0.00745685
1.75656e+09,1.08173e-08,4.47934e-09,-0.0223706
1.75656e+09,5.44507e-09,1.13727e-08,-0.0266316
1.75656e+09,3.69854e-09,8.74774e-09,-0.015979
1.75656e+09,5.32887e-09,1.01425e-08,-0.00639159
1.75656e+09,4.40021e-09,1.52931e-08,-0.00852211
1.75656e+09,2.11307e-09,1.20513e-08,-0.0138484
1.75656e+09,4.07298e-09,1.24161e-08,-0.0138484
1.75656e+09,4.90639e-09,1.75956e-08,0.00532632
1.75656e+09,8.31152e-09,1.55427e-08,0.00319579
1.75656e+09,1.12075e-08,5.71737e-09,0.0127832
1.75656e+09,3.98322e-09,9.82705e-09,0.00958738
1.75656e+09,-8.02727e-09,3.36272e-09,0.0181095
1.75656e+09,-6.81714e-09,-4.28028e-09,0.0138484
1.75656e+09,-5.07755e-10,-6.08762e-10,0.00745685
1.75656e+09,-3.4951e-09,3.51789e-09,0.0255663
1.75656e+09,-1.53185e-09,5.49092e-09,0.0213053
1.75656e+09,1.27568e-09,-3.41856e-09,0.0106526
1.75656e+09,-1.91213e-09,-9.8747e-09,0.015979
1.75656e+09,-2.19954e-11,-1.35194e-09,-0.00106526
1.75656e+09,-8.39583e-11,-5.50032e-09,0.00532632
1.75656e+09,1.86912e-09,-9.92999e-10,-0.00532632
1.75656e+09,-1.61416e-10,-7.4546e-09,-0.00745685
1.75656e+09,-7.60662e-09,-3.94514e-09,-0.00958738
1.75656e+09,-2.70529e-09,-6.32664e-09,-0.02024
1.75656e+09,-3.06937e-09,-6.09628e-09,-0.0213053
1.75656e+09,-8.62589e-10,-9.90432e-09,-0.0223706
1.75656e+09,-5.17514e-09,-4.15803e-09,-0.0191748
1.75656e+09,2.95885e-09,-1.26554e-09,-0.0245011
1.75656e+09,-2.08193e-09,-1.06304e-09,-0.0170442
1.75656e+09,-6.97764e-09,4.49133e-10,-0.0223706
1.75656e+09,-7.22442e-10,2.22701e-09,-0.0181095
1.75656e+09,8.76508e-10,-3.26434e-09,-0.015979
1.75656e+09,-2.73694e-09,3.08789e-09,-0.00958738
1.75656e+09,3.16489e-10,3.8563e-09,-0.0127832
1.75656e+09,-3.46107e-11,8.92542e-09,-0.00319579
1.75656e+09,-2.63673e-09,6.23736e-09,0.00213053
1.75656e+09,-1.67596e-09,-1.96121e-09,0
1.75656e+09,1.08958e-09,2.75152e-09,0.0117179
1.75656e+09,5.23809e-09,2.32613e-09,0.00639159
1.75656e+09,-3.83713e-10,-3.62127e-09,0.0138484
1.75656e+09,-3.48383e-09,-8.47087e-09,-0.00213053
1.75656e+09,-8.70406e-09,-9.46393e-09,0.00426106
1.75656e+09,-1.0789e-08,-1.27898e-08,0.00958738
1.75656e+09,-5.98465e-09,-6.74219e-09,0.015979
1.75656e+09,-2.87791e-09,-1.0619e-08,0.0170442
1.75656e+09,2.64044e-09,-1.16474e-08,0.0106526
1.75656e+09,1.07769e-10,-4.76845e-09,0.0191748
1.75656e+09,-4.08436e-09,-3.18413e-09,0.00426106
1.75656e+09,-3.58206e-10,-3.53978e-09,-0.00426106
1.75656e+09,-1.70545e-09,-7.68478e-09,-0.0127832
1.75656e+09,2.26843e-09,-1.03354e-09,-0.00745685
1.75656e+09,-6.6027e-10,-9.58123e-10,-0.0149137
1.75656e+09,1.63413e-09,-1.59169e-09,-0.0181095
1.75656e+09,-8.75347e-11,1.16679e-09,-0.0149137
1.75656e+09,-7.28345e-09,-5.15541e-09,-0.0181095
1.75656e+09,2.47709e-11,8.42283e-09,-0.0181095
1.75656e+09,1.96021e-09,4.49623e-09,-0.0117179
1.75656e+09,4.92706e-09,8.71089e-10,-0.0255663
1.75656e+09,6.5016e-10,1.87078e-09,-0.0106526
1.75656e+09,-6.12495e-09,-6.99727e-09,-0.0181095
1.75656e+09,4.19363e-09,-2.91805e-09,-0.00745685
1.75656e+09,-6.20724e-09,5.82801e-09,-0.00532632
1.75656e+09,8.16976e-09,-1.77149e-09,-0.00426106
1.75656e+09,2.57975e-09,3.06549e-09,0.00319579
1.75656e+09,1.28223e-09,2.80305e-09,0.00639159
1.75656e+09,-3.22181e-09,-7.29146e-10,0.0149137
1.75656e+09,-2.37824e-09,-7.29593e-09,0.0106526
1.75656e+09,-4.74565e-09,-1.62471e-09,0.0234358
1.75656e+09,3.88875e-09,1.13398e-09,0.0117179
1.75656e+09,-8.23841e-09,-6.48202e-09,0.00639159
1.75656e+09,-2.72637e-09,-9.48806e-09,0.015979
1.75656e+09,-2.36992e-09,-1.73927e-09,0.00319579
1.75656e+09,-2.05269e-09,-3.92095e-09,0.00319579
1.75656e+09,-1.56333e-10,-1.12218e-08,-0.00106526
1.75656e+09,5.78018e-09,-3.81771e-09,-0.00745685
1.75656e+09,-5.99844e-09,-7.27333e-09,0
1.75656e+09,-1.9354e-09,-5.43691e-09,-0.0181095
1.75656e+09,-4.64587e-09,-7.21091e-09,-0.0223706
1.75656e+09,-3.49327e-09,-7.2e-09,-0.015979
1.75656e+09,8.91789e-09,-5.89127e-11,-0.02024
1.75656e+09,5.71991e-09,-4.584e-09,-0.0223706
1.75656e+09,-3.8281e-09,-6.29533e-09,-0.0170442
1.75656e+09,-1.27787e-09,4.1169e-09,-0.0127832
1.75656e+09,-1.63377e-09,-1.206e-09,-0.0138484
1.75656e+09,3.2072e-09,8.77563e-09,-0.0181095
1.75656e+09,3.2072e-09,8.77563e-09,-0.0181095
1.75656e+09,1.09993e-09,3.30078e-09,-0.0138484
1.75656e+09,3.81547e-09,1.2215e-08,-0.00213053
1.75656e+09,-5.786e-09,1.71436e-08,0.00106526
1.75656e+09,2.42427e-09,1.50359e-08,-0.00213053
1.75656e+09,7.81461e-09,8.5495e-09,0.00745685
1.75656e+09,5.24108e-09,1.18474e-08,0.0117179
1.75656e+09,2.4511e-09,1.10088e-08,0.00958738
1.75656e+09,5.57624e-09,1.23122e-08,0.02024
1.75656e+09,4.5321e-09,2.51673e-09,0.0276969
1.75656e+09,-5.68315e-09,1.18111e-08,0.0106526
1.75656e+09,7.80454e-09,1.59461e-08,0.0330232
1.75656e+09,2.53696e-09,6.29891e-09,0.0170442
1.75656e+09,-3.5048e-11,1.83562e-09,0.00319579
1.75656e+09,6.1308e-09,-2.74825e-09,0.0117179
1.75656e+09,-4.70267e-09,-9.83677e-09,0.00745685
1.75656e+09,-7.46105e-09,-9.85148e-09,0.00852211
1.75656e+09,-5.13645e-09,-1.44354e-08,0.0127832
1.75656e+09,-1.79541e-09,-1.63093e-08,-0.00639159
1.75656e+09,2.24348e-09,-1.80763e-08,-0.0138484
1.75656e+09,-5.20829e-09,-1.04312e-08,-0.00958738
1.75656e+09,-7.39276e-09,-9.34299e-09,-0.0170442
1.75656e+09,2.84999e-09,-9.37594e-09,-0.0138484
1.75656e+09,-3.30751e-09,-1.13052e-08,-0.015979
1.75656e+09,3.23264e-09,3.66142e-11,-0.0170442
1.75656e+09,-6.2487e-09,-2.87616e-09,-0.0340885
1.75656e+09,-3.32988e-09,7.44038e-10,-0.0191748
1.75656e+09,4.47224e-09,-8.56078e-09,-0.00213053
1.75656e+09,-1.79455e-09,-1.94059e-09,-0.0117179
1.75656e+09,-3.03754e-09,-5.68199e-09,-0.0117179
1.75656e+09,2.9729e-09,-6.31427e-09,-0.00852211
1.75656e+09,3.05357e-09,1.00754e-09,-0.00745685
1.75656e+09,-6.1188e-09,1.4064e-09,-0.00106526
1.75656e+09,-2.64756e-09,-1.43376e-09,0.00213053
1.75656e+09,-1.85139e-09,3.03743e-09,0.00213053
1.75656e+09,2.50062e-10,3.00958e-10,0.00639159
1.75656e+09,1.17735e-09,9.98884e-10,0.0234358
1.75656e+09,-6.64809e-09,-3.33955e-09,0.0181095
1.75656e+09,-2.613e-09,1.78888e-11,0.0127832
1.75656e+09,-4.96167e-09,5.57529e-09,0.0127832
1.75656e+09,-6.46105e-09,1.42654e-10,0.00106526
1.75656e+09,-1.87948e-09,-1.28987e-09,0.00106526
1.75656e+09,1.34605e-09,-3.20013e-09,0.0117179
1.75656e+09,-1.50136e-10,3.45612e-09,0.00426106
1.75656e+09,-1.79504e-09,3.24286e-10,0.00213053
1.75656e+09,6.01706e-09,7.65317e-09,-0.00106526
1.75656e+09,9.45101e-10,9.56829e-09,-0.0117179
1.75656e+09,5.06338e-09,6.67165e-09,-0.00532632
1.75656e+09,9.41201e-09,4.12551e-09,-0.0149137
1.75656e+09,1.95468e-09,4.08303e-09,-0.00852211
1.75656e+09,1.79878e-09,-1.00317e-08,-0.0223706
1.75656e+09,2.89645e-09,-2.25576e-09,-0.0181095
1.75656e+09,2.38364e-09,4.92572e-09,-0.0181095
1.75656e+09,2.7197e-09,5.82552e-09,-0.0181095
1.75656e+09,1.31846e-09,3.41248e-09,-0.00852211
1.75656e+09,-5.07905e-10,3.07257e-09,-0.00106526
1.75656e+09,2.37092e-09,-4.43634e-09,-0.00852211
1.75656e+09,-6.27743e-10,-5.1903e-09,0.00213053
1.75656e+09,-1.52431e-09,3.42716e-09,0.00745685
1.75656e+09,5.35399e-11,8.4818e-10,-0.00958738
1.75656e+09,-5.9171e-09,-5.35731e-09,-0.00532632
1.75656e+09,-3.93006e-09,-1.24324e-08,0.0117179
1.75656e+09,-7.52966e-09,-5.50574e-09,0.015979
1.75656e+09,-3.68351e-09,-7.3838e-09,0.0149137
1.75656e+09,-4.40654e-09,-7.53676e-10,0.00532632
1.75656e+09,-3.74475e-09,-4.91052e-09,-0.00106526
1.75656e+09,1.25803e-09,-4.54374e-09,0.0127832
1.75656e+09,9.19484e-10,-4.54451e-09,0.00639159
1.75656e+09,-8.74356e-09,-2.7421e-09,0.00106526
1.75656e+09,-8.96286e-10,-7.0776e-09,0.00106526
1.75656e+09,1.27046e-09,-4.57746e-09,-0.00106526
1.75656e+09,3.76232e-09,-6.85143e-09,-0.0117179
1.75656e+09,-4.27832e-09,-7.34555e-09,0.00213053
1.75656e+09,-2.54016e-09,-6.8014e-09,-0.0298274
1.75656e+09,-6.45965e-09,-7.45762e-09,-0.0106526
1.75656e+09,3.43244e-09,1.9361e-09,-0.0276969
1.75656e+09,6.47385e-09,1.79735e-09,-0.0191748
1.75656e+09,3.79867e-09,7.94905e-09,-0.0245011
1.75656e+09,6.10351e-09,2.62896e-09,-0.00745685
1.75656e+09,-6.40303e-09,3.18971e-09,-0.02024
1.75656e+09,6.22731e-09,2.07997e-09,-0.0106526
1.75656e+09,7.43297e-11,1.29693e-08,-0.0234358
1.75656e+09,1.12759e-08,9.26676e-09,-0.0106526
1.75656e+09,1.43373e-09,6.90338e-09,-0.0149137
1.75656e+09,1.26275e-08,1.00695e-08,-0.00532632
1.75656e+09,-1.43822e-09,1.15133e-08,-0.00639159
1.75656e+09,3.9251e-09,1.51723e-08,-0.00426106
1.75656e+09,6.64867e-09,1.27612e-08,0
1.75656e+09,7.023e-09,1.19387e-08,0.0127832
1.75656e+09,3.30229e-09,1.3054e-08,0.0181095
1.75656e+09,1.00947e-08,7.30274e-09,0.0255663
1.75656e+09,4.31233e-09,5.215e-09,0.0117179
1.75656e+09,4.31233e-09,5.215e-09,0.0117179
1.75656e+09,3.66308e-09,1.37644e-08,0.0106526
1.75656e+09,1.53342e-09,2.92238e-09,0.0245011
1.75656e+09,6.46796e-09,1.20136e-08,0.00745685
1.75656e+09,-1.32161e-10,-3.53055e-09,0.0191748
1.75656e+09,-1.4523e-09,1.4141e-09,-0.00532632
1.75656e+09,-2.81951e-09,2.85405e-09,-0.00213053
1.75656e+09,7.45947e-09,1.03259e-08,-0.00106526
1.75656e+09,8.39461e-09,4.64832e-09,-0.015979
1.75656e+09,1.72013e-09,8.16496e-09,-0.00532632
1.75656e+09,-7.48935e-10,1.1139e-08,-0.00852211
1.75656e+09,7.1137e-09,5.77034e-09,-0.0170442
1.75656e+09,-3.96627e-09,6.35537e-09,-0.0117179
1.75656e+09,6.73451e-09,5.52617e-09,-0.0191748
1.75656e+09,3.67033e-09,2.98248e-09,-0.0234358
1.75656e+09,6.56292e-09,4.00674e-09,-0.0223706
1.75656e+09,-3.08085e-09,4.94321e-09,-0.0191748
1.75656e+09,-3.87714e-10,-2.32987e-09,-0.00958738
1.75656e+09,3.51579e-09,1.9717e-09,-0.0106526
1.75656e+09,-2.25452e-09,8.88606e-09,-0.00639159
1.75656e+09,1.456e-10,7.53215e-09,-0.00958738
1.75656e+09,2.50459e-09,8.41972e-09,-0.00319579
1.75656e+09,-2.80358e-09,6.63295e-09,-0.00639159
1.75656e+09,1.77759e-09,5.02967e-09,0
1.75656e+09,2.6906e-09,6.95603e-09,0.00852211
1.75656e+09,1.98166e-09,6.50276e-09,0.015979
1.75656e+09,-4.95396e-10,5.91957e-09,0.0213053
1.75656e+09,4.60309e-09,1.24179e-08,0.0127832
1.75656e+09,-8.60497e-10,8.14464e-09,0.0149137
1.75656e+09,-8.32753e-09,-2.75906e-09,0.015979
1.75656e+09,-7.07432e-09,-3.66643e-09,0.0127832
1.75656e+09,2.97122e-09,4.32242e-10,0.015979
1.75656e+09,3.61625e-09,3.54697e-09,0.00106526
1.75656e+09,3.45917e-09,3.10229e-10,0.00958738
1.75656e+09,2.21231e-09,2.13346e-09,-0.00426106
1.75656e+09,-1.70476e-09,5.33402e-09,-0.0170442
1.75656e+09,-2.27666e-09,-3.73701e-09,-0.0127832
1.75656e+09,6.2945e-09,2.98344e-10,-0.015979
1.75656e+09,1.15363e-09,-2.36091e-10,-0.0117179
1.75656e+09,2.7653e-09,2.92117e-09,-0.00639159
1.75656e+09,-7.78843e-10,-1.34519e-09,-0.0138484
1.75656e+09,3.15207e-09,-2.60371e-09,-0.0213053
1.75656e+09,3.15207e-09,-2.60371e-09,-0.0213053
1.75656e+09,9.76318e-10,-3.57347e-09,-0.00852211
1.75656e+09,2.72119e-09,6.97404e-09,-0.0149137
1.75656e+09,3.10721e-09,-7.90671e-10,-0.0117179
1.75656e+09,6.44841e-10,6.98932e-09,-0.00958738
1.75656e+09,5.87581e-09,7.64413e-09,-0.00319579
1.75656e+09,5.96226e-09,1.10119e-08,-0.00106526
1.75656e+09,3.2506e-09,6.24146e-09,-0.00213053
1.75656e+09,-1.81394e-09,1.41821e-09,0.00106526
1.75656e+09,-1.38037e-09,3.30586e-10,-0.00106526
1.75656e+09,1.96949e-09,1.00775e-08,0.00426106
1.75656e+09,-5.75697e-09,6.76471e-09,0.0255663
1.75656e+09,-6.38721e-09,5.30625e-10,0.00745685
1.75656e+09,-5.95004e-10,2.5686e-09,0.00958738
1.75656e+09,9.0789e-09,6.64212e-09,0
1.75656e+09,2.56342e-09,-1.75038e-09,0.00426106
1.75656e+09,-4.27109e-09,3.36825e-09,0.00426106
1.75656e+09,2.23717e-09,-7.05405e-09,0.0127832
1.75656e+09,2.63186e-09,-1.5204e-09,-0.0117179
1.75656e+09,5.5436e-09,5.46764e-09,-0.00639159
1.75656e+09,1.24404e-09,1.59154e-09,-0.00745685
1.75656e+09,-2.15976e-09,-2.39949e-09,-0.0106526
1.75656e+09,3.10275e-09,4.34723e-09,-0.0127832
1.75656e+09,9.70565e-09,1.60583e-09,-0.0191748
1.75656e+09,2.36273e-09,8.65405e-09,-0.0106526
1.75656e+09,9.8991e-09,4.38619e-09,-0.0149137
1.75656e+09,9.22325e-09,9.47237e-09,-0.0149137
1.75656e+09,2.04029e-09,1.49725e-08,-0.0191748
1.75656e+09,-3.86899e-09,1.57205e-09,-0.0127832
1.75656e+09,-3.34973e-09,7.0658e-09,-0.00639159
1.75656e+09,5.27841e-09,8.05814e-09,-0.00639159
1.75656e+09,3.09222e-09,4.88385e-09,-0.00852211
1.75656e+09,-2.24967e-10,3.72943e-09,0.00106526
1.75656e+09,7.83162e-10,9.33094e-09,-0.00852211
1.75656e+09,2.69277e-09,-5.66492e-10,0.00426106
1.75656e+09,-7.63883e-09,-2.67616e-09,0.0149137
1.75656e+09,-3.43518e-09,-1.02086e-08,0.0127832
1.75656e+09,-8.64763e-09,-1.11121e-08,0.0234358
1.75656e+09,-1.42699e-08,-1.87206e-08,0.015979
1.75656e+09,-1.19991e-08,-6.63212e-09,0.015979
1.75656e+09,-1.0885e-08,-1.50099e-08,0.0149137
1.75656e+09,-3.02779e-09,3.60799e-10,0.00745685
1.75656e+09,-4.23502e-09,-1.15922e-08,0.0117179
1.75656e+09,9.34727e-10,-6.35216e-09,0.00213053
1.75656e+09,3.90981e-10,-6.84202e-09,0.0138484
1.75656e+09,4.80157e-09,-1.78692e-09,0.00106526
1.75656e+09,-9.70212e-09,-9.46595e-09,-0.00426106
1.75656e+09,-6.61033e-09,-1.20848e-08,-0.00426106
1.75656e+09,-3.01863e-09,-8.64587e-09,-0.0138484
1.75656e+09,-7.31369e-09,-6.73529e-09,-0.0138484
1.75656e+09,3.83026e-09,-9.40924e-09,-0.0170442
1.75656e+09,-2.85422e-09,-6.68066e-09,-0.0234358
1.75656e+09,-5.77527e-09,-4.77682e-09,-0.0234358
1.75656e+09,2.57421e-09,3.59319e-09,-0.02024
1.75656e+09,-6.72029e-09,1.3277e-09,-0.0298274
1.75656e+09,9.68499e-09,2.51006e-09,-0.0245011
1.75656e+09,1.74309e-09,7.64069e-10,-0.00958738
1.75656e+09,-8.15474e-09,-1.36577e-09,-0.00106526
1.75656e+09,7.95115e-10,5.40687e-09,-0.00958738
1.75656e+09,4.55387e-11,8.75809e-09,0.00745685
1.75656e+09,4.90507e-09,1.28972e-08,-0.00106526
1.75656e+09,8.57936e-09,1.82611e-08,0.00213053
1.75656e+09,8.99061e-09,1.47308e-08,0
1.75656e+09,8.99061e-09,1.47308e-08,0
1.75656e+09,8.99061e-09,1.47308e-08,0
1.75656e+09,8.99061e-09,1.47308e-08,0
1.75656e+09,1.0603e-09,6.33498e-09,0.0138484
1.75656e+09,2.8893e-09,6.78423e-09,0.00319579
1.75656e+09,-3.23683e-09,5.35853e-09,0.0149137
1.75656e+09,1.51612e-09,2.49578e-09,0.00852211
1.75656e+09,-2.44188e-09,5.13933e-09,0.0191748
1.75656e+09,2.35221e-10,5.68377e-10,0.00532632
1.75656e+09,-3.1142e-09,-4.87496e-09,-0.00745685
1.75656e+09,6.61973e-09,-1.10955e-09,-0.00319579
1.75656e+09,1.84609e-09,5.84899e-09,-0.00106526
1.75656e+09,3.66855e-09,2.33529e-09,-0.00852211
1.75656e+09,-1.0884e-08,8.26228e-09,0.00532632
1.75656e+09,5.95648e-09,7.57845e-09,-0.0138484
1.75656e+09,1.16903e-08,7.78604e-09,-0.0287621
1.75656e+09,8.60995e-09,1.27219e-08,-0.0149137
1.75656e+09,6.13404e-09,4.28572e-09,-0.015979
1.75656e+09,7.24363e-09,1.41922e-08,-0.0149137
1.75656e+09,9.11009e-10,1.07848e-08,-0.0234358
1.75656e+09,4.3829e-09,1.22264e-08,-0.0191748
1.75656e+09,5.09982e-09,8.55678e-09,-0.015979
1.75656e+09,5.66154e-09,1.13232e-08,-0.00958738
1.75656e+09,1.06232e-09,1.86127e-08,-0.00639159
1.75656e+09,-2.6624e-09,1.67202e-08,-0.00532632
1.75656e+09,6.20152e-09,1.91001e-08,0.0106526
1.75656e+09,4.07281e-09,1.49546e-08,0.00745685
1.75656e+09,5.00137e-09,1.73609e-08,0.0138484
1.75656e+09,-2.18146e-09,2.48678e-09,0.0127832
1.75656e+09,2.74719e-09,5.2794e-09,0.0117179
1.75656e+09,6.01016e-09,1.3612e-08,0.0117179
1.75656e+09,2.34561e-09,1.24712e-08,0.00426106
1.75656e+09,9.99338e-09,1.2061e-08,0.0138484
1.75656e+09,-4.5211e-09,1.00926e-08,0.00852211
1.75656e+09,9.80554e-09,8.19752e-09,0.00532632
1.75656e+09,6.60973e-09,3.30932e-09,0.00319579
1.75656e+09,3.034e-09,6.22575e-09,-0.00852211
1.75656e+09,1.48017e-09,3.5429e-09,0.00213053
1.75656e+09,2.13583e-09,5.49536e-09,-0.00745685
1.75656e+09,6.48585e-09,4.33695e-09,-0.00639159
1.75656e+09,3.74929e-09,5.67048e-09,-0.0117179
1.75656e+09,7.26254e-09,-1.56169e-09,-0.0266316
1.75656e+09,3.15139e-09,6.99041e-09,-0.02024
1.75656e+09,2.17795e-09,6.1674e-09,-0.0266316
1.75656e+09,6.6046e-09,-3.81076e-09,-0.0106526
1.75656e+09,6.11243e-10,1.51248e-09,-0.0181095
1.75656e+09,-5.99414e-09,-3.40756e-09,-0.0255663
1.75656e+09,1.1492e-10,7.88467e-09,-0.0149137
1.75656e+09,1.92038e-09,2.93848e-09,-0.00532632
1.75656e+09,5.97946e-09,6.46595e-09,0.00213053
1.75656e+09,1.55966e-09,1.17644e-08,-0.00532632
1.75656e+09,-2.03881e-09,-1.65416e-09,0.00958738
1.75656e+09,2.9685e-09,-4.47634e-10,0.0234358
1.75656e+09,1.54346e-09,-6.77365e-10,0.02024
1.75656e+09,9.39447e-10,2.26606e-09,0.0234358
1.75656e+09,1.65425e-09,5.11433e-09,0.0149137
1.75656e+09,-9.28419e-09,1.03905e-09,0.0127832
1.75656e+09,-3.73139e-11,2.61779e-09,0.0245011
1.75656e+09,-8.84317e-09,-8.64873e-09,0.015979
1.75656e+09,7.46881e-09,3.69418e-09,0.0117179
1.75656e+09,4.55543e-09,-3.43088e-09,0.00852211
1.75656e+09,-6.23593e-09,-6.01368e-09,0.00426106
1.75656e+09,2.0269e-09,-5.71693e-09,-0.00106526
1.75656e+09,6.43958e-09,-7.53521e-09,-0.00319579
1.75656e+09,1.00014e-10,-6.51609e-09,-0.0138484
1.75656e+09,1.38258e-09,-1.48437e-09,-0.02024
1.75656e+09,2.92325e-09,-2.31874e-09,-0.0170442
1.75656e+09,8.0133e-09,2.22312e-09,-0.0234358
1.75656e+09,-3.80332e-10,1.76096e-09,-0.0170442
1.75656e+09,-1.90453e-09,-9.92002e-10,-0.0319579
1.75656e+09,-2.08328e-09,2.31468e-09,-0.0127832
1.75656e+09,8.18477e-09,7.866e-09,-0.0223706
1.75656e+09,3.57245e-09,1.86619e-09,-0.0213053
1.75656e+09,5.06079e-09,1.1991e-08,-0.0138484
1.75656e+09,-5.01115e-09,5.23677e-09,0.00213053
1.75656e+09,9.0566e-10,1.54441e-08,-0.0138484
1.75656e+09,9.38839e-09,1.41659e-08,0.00213053
1.75656e+09,1.93029e-09,4.21473e-09,-0.00213053
1.75656e+09,1.53906e-09,3.46213e-09,-0.00213053
1.75656e+09,1.0269e-11,-3.49791e-09,0.00426106
1.75656e+09,-5.35384e-09,-2.80076e-09,0.00852211
1.75656e+09,-7.71603e-09,-1.16203e-08,0.00319579
1.75656e+09,5.62296e-10,-8.9061e-09,0.0127832
1.75656e+09,-8.74054e-10,-4.34807e-09,0.0245011
1.75656e+09,5.23474e-09,-6.25798e-09,0.00639159
1.75656e+09,3.7668e-09,-1.42667e-09,0.0138484
1.75656e+09,-3.70553e-09,-8.76955e-09,0.0106526
1.75656e+09,-3.6486e-09,-9.54211e-09,0.0117179
1.75656e+09,8.18585e-11,-4.23499e-10,0.00639159
1.75656e+09,-4.92559e-10,-9.06713e-09,0.00319579
1.75656e+09,-3.4221e-09,4.36102e-09,0.00319579
1.75656e+09,1.18648e-08,-1.00495e-08,-0.0117179
1.75656e+09,2.8381e-09,-4.57872e-09,-0.0106526
1.75656e+09,4.31903e-09,-7.20577e-09,-0.0149137
1.75656e+09,2.61304e-09,-5.58765e-09,-0.0117179
1.75656e+09,5.47985e-09,3.13852e-09,-0.0223706
1.75656e+09,1.08421e-08,9.46611e-09,-0.0213053
1.75656e+09,8.26843e-09,7.05578e-09,-0.0138484
1.75656e+09,1.3112e-09,1.34192e-08,-0.0117179
1.75656e+09,5.23216e-10,1.26971e-09,-0.0149137
1.75656e+09,3.50863e-10,9.54372e-09,-0.00532632
1.75656e+09,-3.1032e-09,9.94848e-09,-0.00852211
1.75656e+09,4.14313e-09,6.59297e-09,0
1.75656e+09,5.5999e-09,2.1731e-08,0.00639159
1.75656e+09,4.28144e-09,3.87649e-09,0.0138484
1.75656e+09,1.02853e-09,-5.20117e-09,0.0106526
1.75656e+09,-1.03196e-09,1.72185e-09,0.0245011
1.75656e+09,-1.83956e-09,-4.01452e-09,0.0223706
1.75656e+09,-3.80795e-09,-1.33931e-09,0.00532632
1.75656e+09,-2.85756e-09,-9.90574e-09,0.0245011
1.75656e+09,-1.00304e-08,-4.4326e-10,0.0181095
1.75656e+09,-5.90411e-09,-1.72101e-08,0.0138484
1.75656e+09,-2.10709e-09,-1.08189e-08,0.0170442
1.75656e+09,-2.27139e-09,-6.20572e-09,0.00745685
1.75656e+09,6.93637e-10,-1.2148e-08,-0.00106526
1.75656e+09,1.86995e-09,-8.76564e-09,-0.00106526
1.75656e+09,-1.21278e-08,-5.32145e-09,-0.00958738
1.75656e+09,8.93174e-10,-8.90631e-09,-0.0127832
1.75656e+09,-1.05982e-08,-1.10218e-08,-0.00745685
1.75656e+09,4.31298e-09,-3.74973e-09,-0.0245011
1.75656e+09,-1.05424e-09,-5.85884e-09,-0.0213053
1.75656e+09,1.05959e-09,-8.57904e-09,-0.0106526
1.75656e+09,4.63127e-09,1.11429e-09,-0.0245011
1.75656e+09,-9.16968e-09,-5.49668e-09,-0.0276969
1.75656e+09,-2.18976e-09,-2.68027e-09,-0.0223706
1.75656e+09,8.43396e-09,4.506e-09,-0.0138484
1.75656e+09,1.23053e-08,9.67222e-09,-0.0255663
1.75656e+09,8.66966e-09,1.00029e-09,-0.00639159
1.75656e+09,5.42181e-09,9.85372e-09,-0.00639159
1.75656e+09,4.98595e-09,1.318e-08,-0.0106526
1.75656e+09,3.43436e-09,1.07991e-08,-0.00319579
1.75656e+09,7.83587e-09,8.65651e-09,-0.00852211
1.75656e+09,8.21369e-09,5.54936e-09,0
1.75656e+09,-5.14333e-09,8.81053e-09,0.00745685
1.75656e+09,4.52278e-11,7.60416e-09,0.00532632
1.75656e+09,-4.40259e-09,1.66896e-09,0.0106526
1.75656e+09,2.62556e-09,-4.20717e-09,0.0138484
1.75656e+09,-4.71795e-10,3.1416e-09,0.0127832
1.75656e+09,-7.32583e-10,1.24692e-09,0.0117179
1.75656e+09,-6.20356e-10,-6.00906e-10,0.0149137
1.75656e+09,1.40589e-09,1.35557e-09,0.015979
1.75656e+09,-4.51792e-09,-1.9354e-09,0.00532632
1.75656e+09,-1.00447e-09,-4.21511e-09,-0.00106526
1.75656e+09,4.03232e-09,-6.74047e-09,0.00532632
1.75656e+09,5.2838e-09,-2.98345e-10,0.00319579
1.75656e+09,-2.37568e-09,-4.22353e-09,-0.00213053
1.75656e+09,-2.28588e-10,-7.12352e-09,-0.0106526
1.75656e+09,-1.42709e-09,-8.26888e-09,-0.00958738
1.75656e+09,-4.47915e-09,2.6975e-09,-0.00958738
1.75656e+09,2.13731e-09,-2.66853e-09,-0.0106526
1.75656e+09,2.52926e-09,-9.14958e-09,-0.0181095
1.75656e+09,-1.05787e-08,-1.2739e-08,-0.0149137
1.75656e+09,2.63841e-09,-7.2452e-09,-0.0106526
1.75656e+09,-6.92526e-09,-1.09298e-08,-0.0138484
1.75656e+09,-5.14263e-09,-1.70563e-08,-0.0106526
1.75656e+09,-7.46924e-09,-1.25443e-08,-0.00958738
1.75656e+09,-6.55604e-09,-4.71072e-09,-0.02024
1.75656e+09,-4.42217e-09,4.22067e-09,-0.00106526
1.75656e+09,-4.1262e-09,-1.03562e-08,0.00532632
1.75656e+09,-4.93766e-09,-1.03022e-08,0.00745685
1.75656e+09,-7.46242e-09,-8.88205e-09,0.00852211
1.75656e+09,-4.78891e-09,-5.97593e-09,0.0106526
1.75656e+09,-6.16811e-09,-6.521e-09,0.0117179
1.75656e+09,-5.64146e-09,-6.64222e-09,0.00532632
1.75656e+09,-5.84511e-09,-2.38055e-09,0.00852211
1.75656e+09,-4.9348e-09,-2.50714e-10,0.00745685
1.75656e+09,6.87149e-09,5.72852e-09,-0.00213053
1.75656e+09,4.71345e-09,3.75286e-10,0.00319579
1.75656e+09,7.08234e-09,-5.02194e-09,0.00852211
1.75656e+09,-3.89087e-09,-3.93559e-09,0.00532632
1.75656e+09,1.07251e-09,3.921e-09,-0.0170442
1.75656e+09,3.79322e-09,-2.09673e-09,-0.00426106
1.75656e+09,1.97768e-09,3.22685e-09,-0.0106526
1.75656e+09,4.23711e-09,-1.44052e-09,-0.0255663
1.75656e+09,1.35864e-09,6.87412e-10,-0.0106526
1.75656e+09,3.27832e-09,6.68088e-09,-0.0106526
1.75656e+09,-5.10547e-09,2.32496e-09,-0.00958738
1.75656e+09,6.05313e-09,1.43125e-08,-0.00958738
1.75656e+09,3.31046e-09,5.98395e-10,-0.0127832
1.75656e+09,8.5429e-09,2.9136e-09,-0.015979
1.75656e+09,1.1097e-08,4.96947e-09,-0.00852211
1.75656e+09,-4.59353e-09,-2.0723e-09,-0.0127832
1.75656e+09,-6.82599e-09,-8.18606e-09,0.00319579
1.75656e+09,5.98559e-10,-7.60384e-09,-0.00213053
1.75656e+09,-7.01669e-09,-3.33966e-09,-0.00106526
1.75656e+09,4.69418e-09,-4.80125e-09,0.0106526
1.75656e+09,-2.33368e-09,-8.9419e-10,0.00958738
1.75656e+09,-6.23264e-09,-4.87537e-09,0.00958738
1.75656e+09,-5.67172e-09,-1.67139e-09,0.0138484
1.75656e+09,-4.44247e-09,-1.09486e-08,0.0149137
1.75656e+09,1.20792e-09,-4.35355e-09,0.0117179
1.75656e+09,-3.52024e-10,-5.06646e-09,0.00852211
1.75656e+09,-2.83044e-09,-2.92222e-09,0.0138484
1.75656e+09,-1.32713e-09,4.21647e-09,0.00639159
1.75656e+09,4.19278e-10,-2.74614e-09,0.0127832
1.75656e+09,-6.75388e-09,-5.28304e-09,0.00213053
1.75656e+09,1.02376e-08,4.26218e-10,0.00106526
1.75656e+09,6.94485e-09,3.99221e-09,-0.00319579
1.75656e+09,1.13343e-08,6.65241e-09,-0.00745685
1.75656e+09,-2.58779e-10,4.42656e-09,-0.00319579
1.75656e+09,8.47712e-10,1.31092e-09,-0.0170442
1.75656e+09,-1.78582e-09,9.91604e-09,-0.0138484
1.75656e+09,5.51827e-09,3.72485e-09,-0.0191748
1.75656e+09,3.81906e-09,7.12486e-09,-0.0191748
1.75656e+09,2.36983e-09,1.20849e-08,-0.0181095
1.75656e+09,-2.40829e-09,5.27613e-09,-0.0266316
1.75656e+09,4.18871e-09,1.75078e-08,-0.0191748
1.75656e+09,-5.91413e-11,7.5335e-09,-0.0127832
1.75656e+09,7.90165e-09,1.22774e-08,-0.00745685
1.75656e+09,3.14857e-10,7.97016e-09,-0.00532632
1.75656e+09,4.95195e-09,1.18647e-08,-0.0234358
1.75656e+09,6.94207e-10,1.66535e-08,-0.00639159
1.75656e+09,4.07782e-09,1.47399e-08,-0.00106526
1.75656e+09,5.5212e-09,1.59161e-08,0.00745685
1.75656e+09,9.38362e-09,1.39067e-08,0.015979
1.75656e+09,4.97791e-09,1.22549e-08,0.00958738
1.75656e+09,4.1267e-09,2.12716e-09,0.0170442
1.75656e+09,-3.34146e-09,2.97139e-09,0.0106526
1.75656e+09,-7.08631e-09,-4.70581e-10,0.00639159
1.75656e+09,-3.8555e-09,-5.69404e-09,0.00639159
1.75656e+09,-8.97281e-10,-2.45101e-09,0.0181095
1.75656e+09,5.66961e-09,-8.40227e-09,0.0138484
1.75656e+09,-8.60116e-11,-5.66366e-09,0.0117179
1.75656e+09,-1.3431e-09,-1.08362e-08,0.00745685
1.75656e+09,-1.49093e-09,-1.19507e-08,0
1.75656e+09,-3.10175e-09,-1.45629e-09,0.00532632
1.75656e+09,2.55337e-09,-8.82205e-09,-0.00106526
1.75656e+09,-6.87546e-10,8.83366e-10,-0.00532632
1.75656e+09,4.37919e-09,-2.50342e-09,-0.00532632
1.75656e+09,7.2819e-10,6.56901e-09,-0.0106526
1.75656e+09,3.43669e-09,7.12743e-09,-0.00319579
1.75656e+09,7.36871e-09,7.97962e-09,-0.0266316
1.75656e+09,1.46675e-08,1.94398e-08,-0.0234358
1.75656e+09,9.14262e-09,1.46251e-08,-0.0181095
1.75656e+09,1.03443e-09,1.01625e-08,-0.0308927
1.75656e+09,2.86552e-09,1.19831e-08,-0.0138484
1.75656e+09,-4.14744e-09,3.05822e-09,-0.02024
1.75656e+09,3.55493e-09,5.49821e-09,-0.00958738
1.75656e+09,2.5822e-09,2.7974e-09,-0.00852211
1.75656e+09,2.29873e-09,4.9776e-09,-0.00213053
1.75656e+09,2.87265e-09,-5.79948e-09,0.00213053
1.75656e+09,-7.55192e-09,-6.1606e-09,0.0127832
1.75656e+09,-1.20396e-08,-2.09934e-08,0.00639159
1.75656e+09,-1.52824e-08,-1.20956e-08,0.00958738
1.75656e+09,-1.17477e-09,-1.0047e-08,0.0138484
1.75656e+09,-1.23327e-08,-1.35153e-08,0.00639159
1.75656e+09,-7.97249e-10,-1.66799e-08,0.0149137
1.75656e+09,-1.7611e-09,-9.85648e-09,0.00745685
1.75656e+09,-8.04584e-09,-1.22955e-08,0.00319579
1.75656e+09,-1.71694e-09,-9.89625e-09,0.00213053
1.75656e+09,3.36302e-09,-1.06542e-08,0
1.75656e+09,-8.67317e-09,-1.58222e-08,-0.00852211
1.75656e+09,-1.30365e-09,1.31458e-09,0.00639159
1.75656e+09,-5.88432e-09,-1.13874e-08,-0.00745685
1.75656e+09,1.007e-10,-2.20645e-09,-0.00852211
1.75656e+09,-5.44649e-09,-9.18541e-09,-0.0117179
1.75656e+09,6.0959e-10,-6.16194e-09,-0.00745685
1.75656e+09,-9.13936e-09,1.98179e-09,-0.0213053
1.75656e+09,-4.22451e-10,3.79716e-09,-0.0138484
1.75656e+09,4.87351e-09,-6.92847e-09,-0.0276969
1.75656e+09,-5.23544e-09,-3.3005e-09,-0.0181095
1.75656e+09,4.02212e-09,-3.64245e-10,-0.02024
1.75656e+09,2.31548e-09,-1.74586e-09,-0.00639159
1.75656e+09,-3.89032e-09,-2.20652e-09,-0.00106526
1.75656e+09,1.04109e-08,5.93233e-09,-0.00213053
1.75656e+09,-4.17134e-09,4.8151e-09,-0.00106526
1.75656e+09,-3.62501e-09,3.55686e-09,0.00426106
1.75656e+09,3.69087e-09,5.43955e-09,0.015979
1.75656e+09,-3.16797e-09,3.17433e-09,0.015979
1.75656e+09,9.34952e-10,-2.26294e-09,0.0117179
1.75656e+09,-5.60047e-09,-3.14793e-09,0.0223706
1.75656e+09,-4.44697e-09,-7.80908e-10,0.015979
1.75656e+09,1.11604e-09,3.6905e-09,0.0117179
1.75656e+09,9.45839e-10,2.10965e-09,0.00745685
1.75656e+09,2.29884e-09,3.20071e-09,0.0138484
1.75656e+09,-4.32767e-09,-1.17898e-09,0.00745685
1.75656e+09,-2.66099e-09,-5.08491e-09,0.00106526
1.75656e+09,8.57061e-10,-5.91147e-09,-0.00106526
1.75656e+09,8.55809e-10,-1.59483e-09,-0.0181095
1.75656e+09,8.55809e-10,-1.59483e-09,-0.0181095
1.75656e+09,-2.81001e-09,-6.49963e-09,-0.00639159
1.75656e+09,-6.29415e-09,4.30624e-10,-0.00958738
1.75656e+09,5.21291e-10,-1.02217e-08,-0.0127832
1.75656e+09,-5.90224e-09,2.17622e-09,-0.0117179
1.75656e+09,2.11703e-10,-7.34633e-10,-0.0298274
1.75656e+09,-5.59353e-09,-4.54886e-10,-0.0245011
1.75656e+09,3.84392e-10,4.52986e-09,-0.00213053
1.75656e+09,5.38231e-09,3.57746e-09,-0.00852211
1.75656e+09,5.95182e-09,4.78696e-09,-0.00426106
1.75656e+09,-7.266e-11,9.06167e-09,-0.00745685
1.75656e+09,3.59858e-09,1.86073e-08,-0.00426106
1.75656e+09,1.44756e-09,1.16074e-08,0.00319579
1.75656e+09,1.00673e-09,1.72397e-08,0.02024
1.75656e+09,2.14911e-09,1.11898e-08,0.015979
1.75656e+09,-4.58526e-09,9.2763e-09,0.0117179
1.75656e+09,6.04497e-09,9.32184e-09,0.0170442
1.75656e+09,-2.25023e-09,1.93635e-08,0.015979
1.75656e+09,4.02472e-09,1.07039e-08,0.0213053
1.75656e+09,6.27876e-09,2.2157e-08,0.0234358
1.75656e+09,7.69742e-10,1.06986e-08,0.0106526
1.75656e+09,8.57669e-09,8.35757e-09,0.0106526
1.75656e+09,6.06596e-09,1.42273e-08,0.00106526
1.75656e+09,-5.28156e-10,5.41296e-09,-0.00106526
1.75656e+09,-3.82758e-10,1.04456e-08,-0.00745685
1.75656e+09,1.66229e-09,6.45009e-10,-0.00745685
1.75656e+09,-1.69483e-09,-1.23574e-09,-0.0149137
1.75656e+09,5.43108e-09,1.49137e-08,-0.0106526
1.75656e+09,9.25264e-09,1.06739e-08,-0.0245011
1.75656e+09,5.12786e-09,5.47022e-09,-0.0149137
1.75656e+09,1.40952e-09,5.24689e-09,-0.0117179
1.75656e+09,1.27938e-09,1.3662e-08,-0.015979
1.75656e+09,9.22989e-09,1.6301e-08,-0.0213053
1.75656e+09,2.3116e-08,2.19226e-08,-0.0117179
1.75656e+09,4.12635e-09,1.78559e-08,-0.0234358
1.75656e+09,1.52073e-08,1.74417e-08,-0.00639159
1.75656e+09,-4.29563e-09,1.55655e-08,-0.0106526
1.75656e+09,1.03818e-08,1.84005e-08,-0.00319579
1.75656e+09,5.6585e-09,2.66723e-08,-0.0170442
1.75656e+09,-4.35764e-09,-8.43588e-10,0.00426106
1.75656e+09,-1.14499e-09,-1.20368e-09,0.0127832
1.75656e+09,-2.33082e-09,-8.46553e-09,0.00745685
1.75656e+09,-5.58845e-09,-1.03257e-08,0.00958738
1.75656e+09,-4.44376e-09,-6.9392e-09,0.00213053
1.75656e+09,-1.57032e-08,-9.76832e-09,0.00958738
1.75656e+09,-1.23045e-08,-2.10364e-08,0.00745685
1.75656e+09,-5.8963e-09,-1.62312e-08,0.00958738
1.75656e+09,7.51115e-09,-6.94144e-09,0.00319579
1.75656e+09,1.92809e-09,-7.65945e-09,0.00106526
1.75656e+09,1.06652e-08,-2.97004e-09,-0.00426106
1.75656e+09,-6.0566e-09,-4.63774e-09,-0.00532632
1.75656e+09,5.45787e-09,5.56935e-10,-0.0138484
1.75656e+09,1.25613e-09,5.23307e-09,-0.00532632
1.75656e+09,3.83829e-09,8.20896e-09,-0.0138484
1.75656e+09,4.45478e-09,4.70566e-09,-0.0149137
1.75656e+09,-1.89297e-09,3.91011e-09,-0.0170442
1.75656e+09,3.45715e-09,1.52647e-08,-0.00958738
1.75656e+09,2.83878e-11,-3.39464e-09,-0.00958738
1.75656e+09,2.83878e-11,-3.39464e-09,-0.00958738
1.75656e+09,2.55309e-09,-8.70124e-10,-0.00958738
1.75656e+09,4.0674e-10,-4.73907e-09,-0.00639159
1.75656e+09,3.27975e-09,2.00148e-09,-0.00958738
1.75656e+09,9.68963e-10,7.58349e-10,0.00426106
1.75656e+09,-2.7277e-09,1.40071e-09,-0.00532632
1.75656e+09,3.81365e-10,-7.20091e-10,0.00639159
1.75656e+09,1.09301e-08,-6.66742e-09,0.0170442
1.75656e+09,1.47088e-09,-4.307e-09,0.0127832
1.75656e+09,-9.78448e-09,-1.31628e-08,0.0149137
1.75656e+09,-1.55772e-09,-1.27685e-08,0.0117179
1.75656e+09,-1.02892e-08,-1.10183e-08,0.0191748
1.75656e+09,1.33858e-09,-1.15085e-08,0.02024
1.75656e+09,-5.06802e-09,-1.95981e-08,0
1.75656e+09,-6.7758e-09,-1.09678e-08,0.0223706
1.75656e+09,-8.89028e-09,-8.84326e-09,0.00639159
1.75656e+09,-3.77552e-09,-9.00109e-09,-0.00319579
1.75656e+09,-9.73472e-09,-1.23916e-08,-0.00106526
1.75656e+09,-6.97489e-10,-1.36251e-08,-0.0298274
1.75656e+09,-2.85466e-09,-3.45042e-09,-0.0170442
1.75656e+09,-5.86715e-09,-9.71125e-09,-0.0127832
1.75656e+09,-2.58614e-10,-4.94231e-09,-0.0181095
1.75656e+09,-6.02428e-09,-8.31681e-09,-0.0149137
1.75656e+09,9.91995e-10,-4.03211e-09,-0.0213053
1.75656e+09,-5.00736e-09,-2.86537e-09,-0.0117179
1.75656e+09,8.7158e-10,-6.64217e-09,-0.00319579
1.75656e+09,-2.50884e-09,-4.10181e-09,-0.00639159
1.75656e+09,-9.36907e-10,5.09553e-09,-0.00852211
1.75656e+09,-1.40953e-09,4.91275e-09,-0.00106526
1.75656e+09,2.00808e-10,5.53629e-09,0.00319579
1.75656e+09,2.58361e-09,1.22287e-08,0.00639159
1.75656e+09,4.85482e-09,1.42148e-08,0.00958738
1.75656e+09,4.2958e-09,1.55869e-08,0.00213053
1.75656e+09,9.05519e-09,8.89754e-09,0.0170442
1.75656e+09,-3.54238e-09,1.92359e-08,0.0138484
1.75656e+09,8.62269e-09,1.09515e-08,0.00319579
1.75656e+09,1.36787e-09,8.57595e-09,0.0106526
1.75656e+09,2.96124e-09,1.72462e-08,0.00958738
1.75656e+09,8.12982e-09,1.11314e-08,0.0138484
1.75656e+09,5.49976e-09,1.32416e-08,0.0106526
1.75656e+09,2.41069e-09,1.15548e-08,0.00852211
1.75656e+09,1.26965e-08,1.52349e-08,0.00426106
1.75656e+09,4.28196e-09,1.56144e-08,-0.00319579
1.75656e+09,-2.1452e-09,1.69895e-08,-0.0127832
1.75656e+09,4.07511e-09,1.53656e-08,-0.0138484
1.75656e+09,7.85979e-09,9.59473e-09,-0.0117179
1.75656e+09,2.11095e-09,6.22319e-09,-0.0106526
1.75656e+09,8.78586e-09,9.42296e-09,-0.0149137
1.75656e+09,1.53873e-10,-2.60745e-09,-0.0191748
1.75656e+09,3.52681e-09,-1.22271e-09,-0.0181095
1.75656e+09,-1.27831e-09,5.36482e-09,-0.0149137
1.75656e+09,3.6222e-09,3.95177e-09,-0.0138484
1.75656e+09,-5.23708e-09,-5.72973e-09,-0.0127832
1.75656e+09,1.59014e-09,-7.41236e-12,-0.0106526
1.75656e+09,-2.60504e-09,-4.20084e-09,-0.00532632
1.75656e+09,5.24657e-10,8.90863e-09,-0.00106526
1.75656e+09,-4.95378e-10,8.47217e-09,0.00426106
1.75656e+09,-4.95378e-10,8.47217e-09,0.00426106
1.75656e+09,-4.95378e-10,8.47217e-09,0.00426106
1.75656e+09,-4.95378e-10,8.47217e-09,0.00426106
1.75656e+09,-1.84982e-08,-1.15987e-08,0.0223706
1.75656e+09,9.61329e-11,-2.72519e-10,0.015979
1.75656e+09,-2.20837e-09,3.40779e-09,0.0117179
1.75656e+09,-2.6714e-09,1.01928e-09,0.015979
1.75656e+09,-6.8387e-10,-5.00133e-09,0.0138484
1.75656e+09,2.40362e-09,-3.1992e-09,0.0213053
1.75656e+09,-8.19765e-10,3.11619e-09,0.00639159
1.75656e+09,4.83724e-10,-5.91636e-09,-0.00639159
1.75656e+09,1.97689e-09,-3.79152e-09,-0.00213053
1.75656e+09,-2.75317e-09,2.6695e-09,0
1.75656e+09,5.84356e-10,-2.7477e-09,-0.0117179
1.75656e+09,3.68206e-09,-9.05232e-10,-0.0170442
1.75656e+09,-2.3018e-09,3.92918e-09,-0.00426106
1.75656e+09,6.51135e-09,1.19036e-09,-0.0138484
1.75656e+09,-6.9468e-10,-7.11912e-10,-0.00745685
1.75656e+09,6.72273e-10,2.9623e-09,-0.015979
1.75656e+09,-1.20394e-09,4.77394e-09,-0.0245011
1.75656e+09,5.65825e-09,8.87204e-09,-0.0149137
1.75656e+09,4.94021e-09,1.05742e-08,-0.02024
1.75656e+09,1.41717e-08,1.29569e-08,-0.0170442
1.75656e+09,1.02631e-08,4.00375e-09,-0.0149137
1.75656e+09,9.69537e-09,1.46828e-08,-0.00532632
1.75656e+09,5.86477e-09,2.14225e-08,0.00106526
1.75656e+09,7.4742e-09,2.00571e-08,-0.00319579
1.75656e+09,1.24118e-09,1.15689e-08,0.0170442
1.75656e+09,6.90208e-09,8.0088e-09,0.0106526
1.75656e+09,1.27476e-09,6.78458e-09,0.00426106
1.75656e+09,2.72401e-09,1.32166e-09,0.00745685
1.75656e+09,1.31805e-09,2.02961e-09,0.00958738
1.75656e+09,6.55491e-10,-3.30918e-10,0.0106526
1.75656e+09,3.23636e-09,3.56298e-09,0.0213053
1.75656e+09,6.685e-10,1.81763e-09,0.0170442
1.75656e+09,-3.94841e-09,-5.98885e-09,0.0170442
1.75656e+09,2.12576e-09,-5.86199e-09,0.00958738
1.75656e+09,-1.15774e-08,-1.46038e-08,0.00319579
1.75656e+09,-3.2769e-09,-3.88598e-09,0
1.75656e+09,-1.60488e-09,-8.40599e-09,-0.00213053
1.75656e+09,2.92241e-09,-7.71372e-10,-0.0117179
1.75656e+09,8.07302e-10,-4.35148e-09,-0.00639159
1.75656e+09,4.09857e-09,-9.08725e-10,-0.0149137
1.75656e+09,-2.68663e-09,3.13589e-09,-0.0106526
1.75656e+09,-1.52926e-09,-2.13012e-09,-0.0191748
1.75656e+09,6.8791e-09,3.85739e-09,-0.0106526
1.75656e+09,-7.7961e-09,8.3032e-09,-0.0245011
1.75656e+09,8.45089e-09,8.75225e-09,-0.0117179
1.75656e+09,5.23819e-09,8.92936e-09,-0.0138484
1.75656e+09,6.40623e-09,1.8667e-08,-0.0127832
1.75656e+09,6.87711e-10,7.83212e-09,-0.00319579
1.75656e+09,9.99399e-09,8.56727e-09,-0.00958738
1.75656e+09,3.18141e-09,6.6246e-09,0.00745685
1.75656e+09,1.11961e-10,8.84231e-09,0
1.75656e+09,1.09995e-08,1.12291e-08,-0.00213053
1.75656e+09,-1.54612e-09,1.0944e-09,0.00745685
1.75656e+09,-7.66691e-09,7.28702e-10,0.0127832
1.75656e+09,-3.17625e-09,-1.95892e-09,0.0106526
1.75656e+09,-7.08768e-09,-6.65733e-09,0.0127832
1.75656e+09,2.3875e-10,-6.51727e-09,0.015979
1.75656e+09,-2.56394e-09,-5.96937e-09,0.0170442
1.75656e+09,-2.22449e-09,1.38233e-10,0.0106526
1.75656e+09,-7.36831e-09,-3.18584e-09,0.0149137
1.75656e+09,-3.3311e-09,-6.85779e-09,0.00745685
1.75656e+09,6.62968e-09,-5.17471e-09,-0.00213053
1.75656e+09,9.74741e-09,3.00215e-09,0.00639159
1.75656e+09,9.93562e-09,4.62626e-09,-0.0127832
1.75656e+09,-4.24862e-09,-1.7504e-09,-0.0181095
1.75656e+09,-1.02985e-09,1.1035e-09,-0.015979
1.75656e+09,-5.15535e-09,2.64148e-09,-0.0149137
1.75656e+09,6.67724e-09,1.26238e-08,-0.0213053
1.75656e+09,8.73862e-09,1.10368e-08,-0.015979
1.75656e+09,1.06099e-09,9.22732e-09,-0.0170442
1.75656e+09,9.93628e-09,9.79648e-09,-0.0223706
1.75656e+09,4.76514e-10,1.89855e-08,-0.00852211
1.75656e+09,6.09998e-09,1.51544e-08,-0.00639159
1.75656e+09,9.54777e-09,1.64306e-08,-0.00639159
1.75656e+09,1.31994e-08,9.79236e-09,-0.00958738
1.75656e+09,3.09018e-09,1.16176e-08,-0.00639159
1.75656e+09,-2.98353e-09,6.21117e-09,0.00106526
1.75656e+09,1.32605e-09,5.55632e-09,0.00106526
1.75656e+09,-3.00334e-09,3.21822e-09,0.00426106
1.75656e+09,1.1595e-08,7.2805e-09,0.015979
1.75656e+09,3.05202e-09,3.47824e-09,0.0127832
1.75656e+09,2.75478e-09,1.02987e-08,0.015979
1.75656e+09,-6.777e-09,9.40359e-09,0.0149137
1.75656e+09,-3.8385e-09,7.98129e-09,0.0127832
1.75656e+09,6.62623e-09,1.34042e-08,0.0149137
1.75656e+09,7.92395e-09,7.06048e-09,0.0266316
1.75656e+09,-7.16075e-10,-1.32356e-10,0.0191748
1.75656e+09,-5.63515e-09,-7.51173e-09,0.00532632
1.75656e+09,-3.18897e-09,-3.59428e-09,0.00532632
1.75656e+09,-7.51793e-09,-1.31002e-08,-0.00319579
1.75656e+09,3.12784e-09,-1.56571e-09,0.00213053
1.75656e+09,1.13953e-09,-1.25635e-08,-0.00852211
1.75656e+09,-1.52356e-10,-9.19761e-09,-0.00319579
1.75656e+09,-9.75515e-09,-1.5868e-08,-0.02024
1.75656e+09,-4.00778e-09,-1.62573e-08,-0.0149137
1.75656e+09,-5.3271e-09,-1.44681e-08,-0.0149137
1.75656e+09,-4.0519e-09,-4.52373e-09,-0.0213053
1.75656e+09,-1.34282e-09,-9.19062e-09,-0.0234358
1.75656e+09,3.23178e-09,-1.3169e-08,-0.0181095
1.75656e+09,-7.6858e-09,-1.44852e-08,-0.0127832
1.75656e+09,-6.09264e-09,-7.19989e-09,-0.0149137
1.75656e+09,-2.90105e-09,-1.55976e-08,0
1.75656e+09,-3.42252e-09,-1.14764e-08,-0.015979
1.75656e+09,-1.81485e-09,-2.73627e-10,-0.00532632
1.75656e+09,-6.5181e-09,-1.17507e-08,-0.00958738
1.75656e+09,-4.31964e-09,-6.22296e-09,-0.00213053
1.75656e+09,-1.08426e-08,-8.21518e-09,0
1.75656e+09,-3.39675e-09,-1.34105e-08,0.0127832
1.75656e+09,-1.2606e-08,-2.10838e-08,0.00532632
1.75656e+09,-4.4636e-09,-1.73304e-08,0.00745685
1.75656e+09,-1.22983e-08,-1.7975e-08,0.00852211
1.75656e+09,-1.20742e-08,-1.66816e-08,0.00426106
1.75656e+09,-6.42413e-09,-1.08128e-08,0.0127832
1.75656e+09,-8.15074e-09,-2.00212e-08,0.00639159
1.75656e+09,-5.28097e-09,-2.81131e-08,0.00426106
1.75656e+09,-5.32356e-09,-2.33106e-08,0.00532632
1.75656e+09,-7.56634e-09,-2.35576e-08,-0.00639159
1.75656e+09,-1.22728e-09,-1.71883e-08,0.00852211
1.75656e+09,-5.34093e-09,-1.60158e-08,0.00106526
1.75656e+09,-7.37631e-09,-1.45577e-08,-0.0149137
1.75656e+09,-7.18533e-09,-1.60141e-08,-0.0138484
1.75656e+09,1.08676e-08,-3.58663e-09,-0.0149137
1.75656e+09,-3.10407e-09,-1.11174e-08,-0.02024
1.75656e+09,8.15525e-09,1.91278e-09,-0.00639159
1.75656e+09,-6.19176e-10,2.31451e-09,-0.0276969
1.75656e+09,-2.37518e-09,6.49491e-09,-0.0181095
1.75656e+09,8.18076e-09,1.28216e-08,-0.0181095
1.75656e+09,4.05219e-09,-3.07737e-09,-0.0181095
1.75656e+09,-1.97157e-09,-1.86265e-09,-0.00958738
1.75656e+09,-4.73357e-09,-2.99686e-09,-0.0191748
1.75656e+09,-1.417e-09,5.81024e-09,-0.0106526
1.75656e+09,3.899e-10,-4.92501e-09,-0.0234358
1.75656e+09,-3.19411e-09,-1.01181e-08,-0.00639159
1.75656e+09,1.70579e-09,-1.22422e-09,0.00319579
1.75656e+09,-1.44173e-09,-8.76637e-09,0.0106526
1.75656e+09,-1.49889e-08,-1.30872e-08,-0.00213053
1.75656e+09,-6.44515e-09,-1.05424e-08,-0.00213053
1.75656e+09,-2.42473e-09,-4.17683e-09,0.00319579
1.75656e+09,1.85404e-10,-2.63765e-09,0.0117179
1.75656e+09,2.81178e-09,-6.79656e-09,0.0149137
1.75656e+09,-4.48364e-09,-9.44252e-09,0.015979
1.75656e+09,-4.87863e-09,-5.38757e-09,0.00852211
1.75656e+09,-5.3177e-09,-1.01905e-08,0.00852211
1.75656e+09,-3.54041e-09,-4.84364e-09,0.00319579
1.75656e+09,6.19599e-10,-8.02218e-09,0.00532632
1.75656e+09,1.10815e-09,-1.49816e-09,0.00852211
1.75656e+09,-4.85719e-09,-1.39503e-08,-0.0106526
1.75656e+09,-1.07617e-08,-1.04815e-08,-0.00852211
1.75656e+09,-9.63172e-09,-1.71309e-08,-0.0117179
1.75656e+09,-9.56606e-09,-1.68832e-08,-0.0138484
1.75656e+09,-1.56979e-08,-1.37544e-08,-0.0149137
1.75656e+09,-3.67746e-09,-3.57247e-09,-0.015979
1.75656e+09,-8.415e-09,-6.81418e-09,-0.0138484
1.75656e+09,4.00109e-09,-6.39816e-09,-0.02024
1.75656e+09,-9.80815e-10,-1.25969e-08,-0.00958738
1.75656e+09,-1.16883e-08,-9.66402e-09,-0.0191748
1.75656e+09,2.38167e-10,-3.81397e-09,-0.00958738
1.75656e+09,5.89153e-09,4.63446e-09,0.00106526
1.75656e+09,1.33408e-09,-3.50651e-09,0
1.75656e+09,2.26847e-09,7.99897e-09,-0.00319579
1.75656e+09,5.0571e-09,-1.34031e-10,0.0117179
1.75656e+09,4.70529e-11,-9.57332e-10,0.00319579
1.75656e+09,-8.88324e-09,-1.14131e-09,0.00319579
1.75656e+09,3.84646e-09,-1.27114e-09,0.0138484
1.75656e+09,-5.47198e-09,1.32597e-10,0.00426106
1.75656e+09,-6.92739e-09,-6.75321e-09,0.00852211
1.75656e+09,1.21277e-09,-4.2356e-09,0.0170442
1.75656e+09,9.90591e-10,-3.20137e-10,0.0138484
1.75656e+09,-9.41021e-10,1.85958e-09,0.0127832
1.75656e+09,1.39406e-09,4.19302e-09,0.00106526
1.75656e+09,5.44753e-09,3.13489e-09,-0.00319579
1.75656e+09,2.37138e-10,4.25314e-09,0.015979
1.75656e+09,2.17303e-09,2.24969e-09,0.00426106
1.75656e+09,-2.26048e-09,-8.6383e-10,-0.0106526
1.75656e+09,1.28292e-08,5.20986e-09,-0.00852211
1.75656e+09,1.01265e-09,5.30244e-10,-0.0117179
1.75656e+09,4.49054e-09,7.32791e-09,-0.0181095
1.75656e+09,5.49927e-09,9.53476e-09,-0.0234358
1.75656e+09,-8.89467e-10,8.74015e-09,-0.0213053
1.75656e+09,6.04639e-09,2.09945e-08,-0.0181095
1.75656e+09,7.73616e-09,1.38018e-08,-0.0234358
1.75656e+09,2.23685e-09,1.01493e-08,-0.00958738
1.75656e+09,3.41505e-10,5.63623e-09,-0.015979
1.75656e+09,-4.99789e-09,8.83309e-09,-0.00958738
1.75656e+09,6.39548e-09,1.48574e-08,-0.00106526
1.75656e+09,6.76746e-09,1.40838e-08,-0.00532632
1.75656e+09,1.13123e-08,1.38355e-08,-0.00639159
1.75656e+09,2.89306e-09,6.58628e-09,0.00213053
1.75656e+09,-1.57038e-09,7.52806e-09,0.0106526
1.75656e+09,-3.01611e-09,4.71655e-09,0.0223706
1.75656e+09,-3.90606e-09,7.44348e-09,0.02024
1.75656e+09,-7.76893e-10,5.18863e-09,0.0213053
1.75656e+09,3.21858e-09,4.17219e-09,0.015979
1.75656e+09,6.12063e-09,4.21928e-09,0.00958738
1.75656e+09,-2.88356e-09,3.22756e-09,0.0149137
1.75656e+09,-5.55029e-10,-7.91399e-10,0.00852211
1.75656e+09,-1.0268e-10,-1.88301e-10,0.00852211
1.75656e+09,5.2659e-10,3.0398e-09,-0.00532632
1.75656e+09,8.76282e-09,3.24145e-09,-0.00213053
1.75656e+09,-1.08808e-09,-5.8041e-09,-0.00852211
1.75656e+09,2.42936e-09,-1.11448e-09,-0.00745685
1.75656e+09,-4.88581e-09,-3.96846e-09,0.00106526
1.75656e+09,3.33931e-09,-3.26942e-10,-0.00958738
1.75656e+09,5.30212e-09,-3.25492e-09,-0.0127832
1.75656e+09,3.12029e-09,6.60883e-10,-0.0127832
1.75656e+09,2.29257e-09,-1.05494e-08,-0.0181095
1.75656e+09,-7.2632e-10,-1.37424e-08,-0.0234358
1.75656e+09,-2.10888e-09,-7.9219e-09,-0.0138484
1.75656e+09,-6.50955e-09,-4.63504e-09,-0.0181095
1.75656e+09,-2.40122e-09,-8.48656e-09,-0.0149137
1.75656e+09,3.40197e-09,-6.39399e-09,-0.0117179
1.75656e+09,2.51315e-10,-8.88698e-09,-0.0127832
1.75656e+09,-5.97568e-10,-5.95265e-09,0.00106526
1.75656e+09,-7.5068e-09,-6.14518e-09,-0.00745685
1.75656e+09,-5.73443e-09,-1.17573e-08,0
1.75656e+09,-3.53324e-09,-1.80191e-08,0.00106526
1.75656e+09,-7.4125e-09,-1.71883e-08,0.0213053
1.75656e+09,-1.4063e-08,-1.56816e-08,0.0138484
1.75656e+09,-4.80599e-09,-1.90842e-08,0.0138484
1.75656e+09,-1.38656e-08,-7.84123e-09,0.015979
1.75656e+09,-2.64436e-09,-1.28255e-08,0.0138484
1.75656e+09,-4.98965e-09,-1.05042e-08,0.0138484
1.75656e+09,-5.3235e-09,-1.11477e-08,0.0106526
1.75656e+09,1.40206e-08,-1.26172e-08,0.0117179
1.75656e+09,-1.32423e-08,-1.35258e-08,0.00213053
1.75656e+09,-7.55797e-09,-7.4934e-09,0.00958738
1.75656e+09,4.25824e-09,-1.55917e-09,-0.00532632
1.75656e+09,4.25824e-09,-1.55917e-09,-0.00532632
1.75656e+09,9.95313e-09,-2.05391e-09,0.00106526
1.75656e+09,6.51971e-09,-2.53442e-09,-0.015979
1.75656e+09,1.53916e-09,-3.30713e-09,-0.00639159
1.75656e+09,-2.28668e-09,1.01272e-09,-0.0138484
1.75656e+09,-8.78144e-09,-5.25273e-09,-0.0234358
1.75656e+09,2.53774e-09,-2.5293e-09,-0.00958738
1.75656e+09,7.99311e-10,5.77096e-09,-0.015979
1.75656e+09,1.102e-08,-2.01168e-09,-0.0170442
1.75656e+09,5.29667e-09,1.20048e-09,-0.0138484
1.75656e+09,-4.59383e-10,-3.39802e-09,-0.0138484
1.75656e+09,1.16644e-09,7.51638e-10,-0.0213053
1.75656e+09,1.07067e-09,2.86439e-09,0.00213053
1.75656e+09,-8.89259e-10,-2.56767e-10,-0.00958738
1.75656e+09,-1.8162e-09,-7.37362e-09,0.00958738
1.75656e+09,-3.18325e-09,-2.75196e-09,0
1.75656e+09,-6.83125e-09,-9.2764e-09,0.0181095
1.75656e+09,-1.89635e-10,-6.42245e-09,0.0138484
1.75656e+09,-7.33732e-09,-6.54433e-09,0.0255663
1.75656e+09,2.35313e-10,-7.91565e-09,0.0149137
1.75656e+09,-7.32693e-09,-5.77463e-09,0.0127832
1.75656e+09,-8.05576e-09,-6.39567e-09,0.0149137
1.75656e+09,-1.98019e-09,-6.00659e-09,0.0181095
1.75656e+09,-9.33085e-09,-1.69775e-08,0.00319579
1.75656e+09,1.92104e-09,-8.12888e-09,0.0149137
1.75656e+09,-5.8545e-09,-4.4719e-09,-0.00426106
1.75656e+09,-3.90376e-09,-1.06332e-08,-0.00213053
1.75656e+09,-6.41906e-09,-1.46587e-08,-0.00852211
1.75656e+09,-8.56751e-09,-1.16791e-08,-0.00958738
1.75656e+09,-7.02521e-09,-1.32181e-08,-0.0106526
1.75656e+09,-4.82214e-09,-1.05618e-08,-0.00639159
1.75656e+09,-2.92465e-09,-8.31696e-09,-0.0213053
1.75656e+09,-2.83095e-09,-1.39476e-09,-0.015979
1.75656e+09,4.54538e-09,-5.72367e-09,-0.0255663
1.75656e+09,-5.79044e-09,-4.09716e-09,-0.0255663
1.75656e+09,-1.85766e-09,-2.26872e-09,-0.0181095
1.75656e+09,3.58692e-10,3.57391e-09,-0.0181095
1.75656e+09,-1.10827e-09,-7.1856e-09,-0.015979
1.75656e+09,-2.3549e-09,6.50592e-09,-0.00745685
1.75656e+09,-1.85723e-09,-1.35879e-10,-0.00106526
1.75656e+09,-7.10141e-09,-1.3263e-09,-0.0117179
1.75656e+09,-1.07425e-08,-3.17705e-09,-0.00639159
1.75656e+09,7.9379e-10,8.10898e-09,0.00213053
1.75656e+09,4.90182e-09,-1.13245e-09,0.0117179
1.75656e+09,6.38994e-10,-9.79365e-10,0.0138484
1.75656e+09,2.79751e-09,6.17726e-09,0.00852211
1.75656e+09,-2.27742e-09,7.50314e-09,0.00426106
1.75656e+09,3.84341e-09,1.1356e-08,0.0117179
1.75656e+09,-2.48044e-09,1.02424e-08,0.00852211
1.75656e+09,-1.43114e-09,3.8745e-09,0.00745685
1.75656e+09,1.00678e-08,4.11225e-09,0.00426106
1.75656e+09,1.35201e-09,-3.13064e-09,0.00745685
1.75656e+09,-5.0367e-09,-3.92172e-09,0.00319579
1.75656e+09,-8.22157e-09,6.49811e-10,0.00213053
1.75656e+09,1.28169e-09,-2.78197e-09,0.00319579
1.75656e+09,6.70817e-09,-4.4813e-09,-0.0117179
1.75656e+09,-1.10553e-09,-8.25779e-10,-0.00958738
1.75656e+09,-3.34005e-09,-1.09115e-09,-0.00958738
1.75656e+09,-4.12832e-10,-3.17017e-09,-0.0149137
1.75656e+09,-6.67827e-09,-4.58062e-09,-0.0191748
1.75656e+09,-7.74516e-09,-6.37346e-09,-0.0245011
1.75656e+09,-7.33723e-10,-3.897e-09,-0.0106526
1.75656e+09,3.94167e-09,3.77441e-09,-0.00319579
1.75656e+09,-3.18767e-09,-5.20038e-09,-0.00745685
1.75656e+09,4.30614e-09,-4.01242e-09,-0.00852211
1.75656e+09,-3.00603e-09,6.96288e-09,-0.00426106
1.75656e+09,9.45827e-09,1.53552e-08,0
1.75656e+09,7.30863e-09,2.09279e-08,0.00745685
1.75656e+09,1.35587e-08,1.00678e-08,0.0106526
1.75656e+09,-3.27346e-09,2.13566e-09,0.00852211
1.75656e+09,6.16574e-10,1.7413e-09,0.015979
1.75656e+09,-3.65436e-09,-2.37872e-10,0.0127832
1.75656e+09,-2.66719e-10,-4.39148e-10,0.0191748
1.75656e+09,-9.7754e-09,3.85508e-09,0.00745685
1.75656e+09,-1.7959e-09,2.37728e-09,0.0106526
1.75656e+09,-9.73264e-09,2.71438e-09,-0.00106526
1.75656e+09,-3.85979e-09,-6.30247e-09,0.0106526
1.75656e+09,-3.02067e-09,-1.08484e-08,0.00852211
1.75656e+09,1.89506e-09,-1.83242e-09,0.00745685
1.75656e+09,-2.91333e-09,-1.23469e-09,-0.00426106
1.75656e+09,3.50523e-09,-9.98147e-10,-0.00426106
1.75656e+09,6.90277e-09,3.90858e-09,-0.0106526
1.75656e+09,2.02899e-10,-7.35277e-10,-0.00532632
1.75656e+09,-2.52779e-10,3.55006e-09,-0.015979
1.75656e+09,4.07195e-09,3.67477e-09,-0.0308927
1.75656e+09,7.24956e-09,6.72116e-09,-0.0223706
1.75656e+09,2.98065e-09,8.99703e-09,-0.0191748
1.75656e+09,2.1407e-10,1.39322e-08,-0.02024
1.75656e+09,1.13236e-08,1.89761e-08,-0.0223706
1.75656e+09,1.18374e-08,2.22593e-08,-0.0181095
1.75656e+09,1.33849e-08,1.21285e-08,-0.0213053
1.75656e+09,9.23477e-09,1.77708e-08,-0.0213053
1.75656e+09,3.59292e-09,1.22601e-08,0.00106526
1.75656e+09,3.35306e-09,1.82557e-08,0.00532632
1.75656e+09,4.8549e-09,1.12029e-08,0.00639159
1.75656e+09,-8.70728e-11,2.09405e-09,0.0181095
1.75656e+09,-1.18625e-08,9.98479e-10,0.00745685
1.75656e+09,3.21097e-09,1.69197e-09,0.0149137
1.75656e+09,-5.77845e-09,2.34104e-09,0.0117179
1.75656e+09,-2.43124e-09,2.67495e-09,0.0213053
1.75656e+09,4.92802e-09,4.64275e-09,0.0191748
1.75656e+09,3.96384e-09,-4.95579e-10,0.0170442
1.75656e+09,1.48235e-10,-3.15925e-09,0.0170442
1.75656e+09,-5.75474e-09,-8.61773e-09,0.0127832
1.75656e+09,-8.05982e-09,-7.79796e-09,-0.00213053
1.75656e+09,3.24282e-09,-5.71352e-09,0.00319579
1.75656e+09,2.15614e-09,-1.01805e-08,0.00106526
1.75656e+09,-5.53517e-09,-1.50107e-08,-0.0191748
1.75656e+09,-5.78889e-09,-1.88876e-08,-0.00958738
1.75656e+09,-1.42957e-09,-8.7623e-09,-0.0106526
1.75656e+09,-1.12324e-08,-2.01578e-08,-0.0106526
1.75656e+09,-1.62566e-09,-1.33268e-08,-0.0245011
1.75656e+09,-6.83955e-09,-1.4046e-08,-0.0255663
1.75656e+09,-2.06758e-09,-1.25936e-08,-0.0276969
1.75656e+09,-1.03355e-08,-2.85307e-09,-0.0181095
1.75656e+09,-8.22657e-09,-3.61639e-09,-0.0213053
1.75656e+09,-7.0239e-11,5.34034e-10,-0.00852211
1.75656e+09,5.95577e-09,7.13205e-09,-0.0191748
1.75656e+09,5.8482e-09,6.86758e-09,-0.0181095
1.75656e+09,1.29354e-09,1.3261e-08,-0.00426106
1.75656e+09,6.1752e-10,3.92733e-09,-0.00958738
1.75656e+09,-5.94966e-10,8.69428e-09,0.00745685
1.75656e+09,2.93268e-09,1.37853e-08,0.0117179
1.75656e+09,8.06932e-09,1.5892e-08,0.0191748
1.75656e+09,1.83914e-09,1.08783e-08,0.0255663
1.75656e+09,9.34333e-09,2.09004e-08,0.0234358
1.75656e+09,1.10376e-08,1.81227e-08,0.0245011
1.75656e+09,1.62658e-11,1.62641e-08,0.015979
1.75656e+09,8.04366e-09,1.11987e-08,0.00213053
1.75656e+09,1.14516e-08,3.88627e-09,0.015979
1.75656e+09,8.3042e-09,1.00957e-08,-0.00213053
1.75656e+09,8.3042e-09,1.00957e-08,-0.00213053
1.75656e+09,5.73085e-09,1.28943e-08,-0.0127832
1.75656e+09,3.50991e-09,7.53516e-09,-0.0117179
1.75656e+09,3.90839e-09,1.16004e-08,-0.0191748
1.75656e+09,8.21024e-09,1.40315e-08,-0.0213053
1.75656e+09,9.55004e-09,1.17542e-08,-0.0191748
1.75656e+09,-9.3142e-10,1.14412e-08,-0.0213053
1.75656e+09,7.21753e-09,1.274e-08,-0.0213053
1.75656e+09,4.04457e-09,1.57837e-08,-0.0170442
1.75656e+09,1.27321e-08,2.34731e-08,-0.00532632
1.75656e+09,7.42988e-09,1.10592e-08,-0.00213053
1.75656e+09,1.91124e-09,1.71551e-08,-0.0149137
1.75656e+09,5.54143e-09,8.57634e-09,-0.00745685
1.75656e+09,8.42976e-09,7.01331e-09,0.00319579
1.75656e+09,-2.43568e-10,9.15802e-09,-0.00639159
1.75656e+09,-3.42366e-09,1.09216e-08,0.00213053
1.75656e+09,-5.68238e-09,-1.5069e-09,0.00958738
1.75656e+09,-4.06773e-09,-6.56256e-09,-0.00106526
1.75656e+09,-4.92226e-09,-6.88046e-10,0.00852211
1.75656e+09,1.06709e-12,-3.90066e-09,0.0181095
1.75656e+09,-2.52675e-10,-2.00919e-09,0.0117179
1.75656e+09,2.67788e-09,4.80147e-09,0.00958738
1.75656e+09,-9.98612e-09,-1.7382e-09,0.00426106
1.75656e+09,-1.11539e-08,-2.09502e-08,0.0170442
1.75656e+09,-6.34575e-09,-1.33775e-08,0.00532632
1.75656e+09,-3.11245e-10,-1.41252e-08,-0.00213053
1.75656e+09,-2.09165e-09,-6.27182e-09,0.00426106
1.75656e+09,4.88031e-09,-2.63191e-09,-0.0106526
1.75656e+09,4.20704e-09,-1.30827e-08,-0.00106526
1.75656e+09,-4.44979e-09,-5.49829e-09,-0.0127832
1.75656e+09,-3.58397e-09,-4.89896e-09,-0.00532632
1.75656e+09,4.85054e-09,-1.11112e-09,-0.0117179
1.75656e+09,1.73221e-09,-4.50591e-09,-0.0191748
1.75656e+09,3.26492e-09,-4.86067e-09,-0.02024
1.75656e+09,-3.98802e-09,2.84449e-09,-0.0181095
1.75656e+09,3.64691e-09,7.86256e-09,-0.0106526
1.75656e+09,-1.3462e-09,-4.6405e-09,-0.0213053
1.75656e+09,4.14382e-09,-8.32845e-10,-0.00106526
1.75656e+09,5.73683e-11,4.67683e-09,-0.00852211
1.75656e+09,5.37576e-09,1.85541e-09,-0.0117179
1.75656e+09,1.70001e-09,4.42511e-09,-0.00745685
1.75656e+09,2.10716e-09,3.65872e-09,-0.0127832
1.75656e+09,4.28323e-09,1.09265e-09,0.0106526
1.75656e+09,-1.00204e-09,5.75311e-09,0
1.75656e+09,-5.08158e-09,-7.70726e-10,0.00213053
1.75656e+09,-1.30427e-10,5.80002e-09,0.00852211
1.75656e+09,-5.45772e-09,4.61453e-09,0.0138484
1.75656e+09,-9.35949e-11,6.7153e-10,0
1.75656e+09,-4.50364e-09,2.10744e-09,0.0170442
1.75656e+09,-5.57108e-10,1.98401e-09,0.0106526
1.75656e+09,1.14271e-08,1.1842e-09,0.00213053
1.75656e+09,-2.84533e-09,-4.62884e-09,0.00852211
1.75656e+09,4.15178e-09,2.21833e-09,-0.00532632
1.75656e+09,-1.59814e-09,-7.71278e-09,-0.00319579
1.75656e+09,3.99036e-09,-1.94654e-09,0.00639159
1.75656e+09,-4.66011e-09,1.25416e-09,-0.0138484
1.75656e+09,1.10964e-09,4.329e-09,-0.0127832
1.75656e+09,6.02129e-09,5.01946e-09,-0.0149137
1.75656e+09,-2.24608e-09,6.90759e-09,-0.0170442
1.75656e+09,3.90679e-09,1.87349e-08,-0.0170442
1.75656e+09,1.83751e-09,2.78997e-09,-0.00639159
1.75656e+09,2.17749e-09,6.81993e-09,-0.0149137
1.75656e+09,2.90912e-09,4.1443e-09,-0.015979
1.75656e+09,3.98191e-09,1.04194e-08,-0.015979
1.75656e+09,1.597e-09,4.77796e-09,-0.0149137
1.75656e+09,2.63764e-09,6.81727e-09,-0.00532632
1.75656e+09,-1.32772e-09,9.61683e-09,-0.00319579
1.75656e+09,4.09392e-09,1.77972e-08,-0.00213053
1.75656e+09,9.297e-09,1.43176e-08,-0.00426106
1.75656e+09,-1.51251e-09,1.41635e-08,0.0106526
1.75656e+09,1.1683e-08,1.21859e-08,0.0138484
1.75656e+09,8.07565e-10,1.20194e-08,0.00745685
1.75656e+09,1.84971e-09,4.74763e-09,0.00852211
1.75656e+09,5.03961e-09,4.25016e-09,0.0138484
1.75656e+09,1.0548e-09,-3.29083e-10,0.015979
1.75656e+09,-2.63701e-09,5.82357e-09,0.0106526
1.75656e+09,5.75686e-09,5.86686e-09,0.0117179
1.75656e+09,-4.20609e-09,1.72826e-09,0.015979
1.75656e+09,1.59832e-09,-2.78246e-09,0.00319579
1.75656e+09,-5.92894e-09,-8.01734e-09,0.00745685
1.75656e+09,8.87179e-09,-1.04745e-08,0.00532632
1.75656e+09,-8.34899e-09,-3.666e-09,0.00426106
1.75656e+09,-3.16684e-09,-1.24376e-08,-0.00745685
1.75656e+09,-7.11224e-10,-1.87963e-08,-0.00639159
1.75656e+09,-1.18418e-08,-1.35407e-08,-0.015979
1.75656e+09,-3.18912e-09,-3.13109e-09,-0.0276969
1.75656e+09,-4.22999e-09,-5.48409e-09,-0.02024
1.75656e+09,1.0569e-09,-3.78633e-09,-0.0266316
1.75656e+09,-6.94347e-09,2.77554e-09,-0.0276969
1.75656e+09,-6.21913e-09,-1.3773e-09,-0.0191748
1.75656e+09,5.91328e-09,9.01693e-09,-0.0106526
1.75656e+09,3.28743e-09,5.94362e-09,-0.0149137
1.75656e+09,6.87164e-09,1.67449e-08,-0.0191748
1.75656e+09,-1.4244e-10,5.57802e-09,-0.0234358
1.75656e+09,4.53805e-09,1.98336e-08,-0.00319579
1.75656e+09,-5.3452e-09,1.48796e-08,-0.00213053
1.75656e+09,5.8615e-09,1.14364e-08,0.00106526
1.75656e+09,5.11985e-09,1.37681e-08,0.00532632
1.75656e+09,9.37183e-10,6.95484e-09,0.00958738
1.75656e+09,-1.49128e-09,1.22704e-08,0.0223706
1.75656e+09,6.63807e-09,1.27567e-08,0.015979
1.75656e+09,-7.04179e-10,7.04053e-09,0.0127832
1.75656e+09,6.06279e-09,6.56722e-09,0.0117179
1.75656e+09,8.62286e-09,7.68278e-09,0.0191748
1.75656e+09,3.40084e-09,5.50521e-09,0.0191748
1.75656e+09,-2.63218e-10,3.94902e-09,0.00532632
1.75656e+09,7.8388e-10,9.09841e-09,0.00745685
1.75656e+09,3.98734e-09,8.94671e-09,0.0138484
1.75656e+09,1.12128e-08,1.52082e-08,-0.00639159
1.75656e+09,8.58308e-09,7.94274e-09,0.0170442
1.75656e+09,2.89172e-09,9.15385e-09,-0.00852211
1.75656e+09,9.90228e-09,1.94546e-08,-0.00958738
1.75656e+09,1.3575e-08,1.2012e-08,-0.00532632
1.75656e+09,1.4742e-09,1.80432e-08,-0.00745685
1.75656e+09,9.60569e-09,1.31626e-08,-0.0213053
1.75656e+09,9.72398e-09,1.35883e-08,-0.02024
1.75656e+09,7.01577e-09,1.31486e-08,-0.00745685
1.75656e+09,2.09481e-09,4.58231e-09,-0.00852211
1.75656e+09,1.16393e-09,5.06068e-09,-0.00532632
1.75656e+09,-2.99824e-09,8.24905e-09,-0.0106526
1.75656e+09,1.09594e-09,4.90566e-09,-0.00852211
1.75656e+09,6.60641e-09,1.68385e-09,0.00639159
1.75656e+09,3.82759e-09,-3.21092e-09,-0.00745685
1.75656e+09,-6.66315e-09,9.08933e-10,-0.00106526
1.75656e+09,-1.79236e-09,-5.89439e-09,0.00426106
1.75656e+09,-4.88627e-09,-7.57555e-09,0.0117179
1.75656e+09,4.22396e-09,-6.52052e-09,0.0138484
1.75656e+09,2.39949e-09,-1.26415e-09,0.00852211
1.75656e+09,-8.15803e-09,-7.21722e-09,0.0138484
1.75656e+09,-8.86555e-09,-1.27608e-08,0.00958738
1.75656e+09,-4.48806e-09,-5.82768e-09,0.0138484
1.75656e+09,-2.11637e-09,-1.01301e-08,0.00852211
1.75656e+09,-6.44354e-09,-1.44408e-08,0.00639159
1.75656e+09,-3.00003e-09,-1.64488e-08,0.0149137
1.75656e+09,-4.87278e-09,-4.38165e-09,-0.00426106
1.75656e+09,-4.83675e-09,-4.14859e-09,-0.00532632
1.75656e+09,-2.60038e-09,-5.43074e-09,-0.0117179
1.75656e+09,-1.29061e-09,-5.3502e-09,-0.0106526
1.75656e+09,2.30403e-09,-2.53878e-09,-0.02024
1.75656e+09,3.76367e-10,-1.89179e-09,-0.015979
1.75656e+09,3.46871e-09,3.11822e-09,-0.0234358
1.75656e+09,2.23893e-09,-5.33696e-09,-0.02024
1.75656e+09,-1.83128e-09,-5.82646e-09,-0.0245011
1.75656e+09,-2.07373e-09,-3.46589e-09,-0.0266316
1.75656e+09,-1.16497e-09,5.07224e-09,-0.02024
1.75656e+09,-2.26784e-09,-2.04356e-10,-0.00639159
1.75656e+09,-2.7682e-09,-2.99243e-09,-0.0127832
1.75656e+09,-1.0041e-08,-6.09916e-09,-0.0127832
1.75656e+09,3.41328e-09,-2.09154e-09,-0.00426106
1.75656e+09,1.18353e-09,-8.92483e-09,0.00106526
1.75656e+09,-1.82077e-09,-2.62512e-09,0.00532632
1.75656e+09,-6.8449e-09,-7.075e-09,0.0117179
1.75656e+09,8.54573e-09,-7.01623e-09,0.00852211
1.75656e+09,-1.49864e-08,-1.93348e-08,0.0287621
1.75656e+09,-2.75981e-09,-1.07444e-08,0.0298274
1.75656e+09,-4.2777e-09,-9.47639e-09,0.0117179
1.75656e+09,-6.22131e-09,-1.30345e-08,0.015979
1.75656e+09,-5.45061e-09,-8.94379e-09,0.0149137
1.75656e+09,-7.84189e-09,-1.16703e-08,0.0191748
1.75656e+09,-4.01813e-09,-2.98867e-09,0.0127832
1.75656e+09,-4.71947e-09,-1.68104e-08,0.00745685
1.75656e+09,1.24863e-09,-1.01199e-08,0.00213053
1.75656e+09,-9.17775e-09,-1.28923e-09,-0.00319579
1.75656e+09,-4.0804e-09,-1.25256e-08,-0.00106526
1.75656e+09,1.79834e-09,-1.64746e-09,-0.00319579
1.75656e+09,-5.73356e-09,-8.75391e-09,-0.00213053
1.75656e+09,6.66593e-09,-9.52291e-09,-0.0234358
1.75656e+09,5.61606e-09,2.36424e-09,-0.0234358
1.75656e+09,-6.68161e-09,-3.07057e-09,-0.015979
1.75656e+09,6.13088e-09,8.76149e-10,-0.0181095
1.75656e+09,-4.511e-09,4.40047e-09,-0.0223706
1.75656e+09,-1.84086e-09,-2.4816e-09,-0.0234358
1.75656e+09,-4.51844e-10,-1.48456e-08,-0.0149137
1.75656e+09,2.17976e-09,2.64196e-09,-0.00958738
1.75656e+09,-2.84444e-09,-1.06107e-09,-0.00426106
1.75656e+09,-1.01089e-08,-7.99769e-09,-0.0106526
1.75656e+09,5.35191e-10,5.22634e-09,-0.00958738
1.75656e+09,-6.92483e-09,-4.99546e-09,0.00639159
1.75656e+09,3.09188e-09,-2.66021e-09,0.00106526
1.75656e+09,-5.54964e-09,-2.73618e-09,0.0127832
1.75656e+09,-2.14227e-09,5.23497e-10,0.00958738
1.75656e+09,-1.15555e-08,-1.27801e-08,0.0223706
1.75656e+09,-8.23808e-09,-1.67399e-08,0.00745685
1.75656e+09,-1.24701e-08,-1.45801e-08,0.00958738
1.75656e+09,-6.51161e-09,-1.44303e-08,0.0138484
1.75656e+09,6.7806e-10,-1.35783e-08,0.015979
1.75656e+09,-7.52397e-09,-1.99446e-08,0.0149137
1.75656e+09,-5.11755e-09,-1.22702e-08,0.00958738
1.75656e+09,-2.16707e-09,-1.05104e-08,0.0117179
1.75656e+09,-2.39659e-09,-1.02027e-08,-0.00106526
1.75656e+09,-4.23458e-09,-8.46114e-09,0.00426106
1.75656e+09,9.92796e-10,-9.53326e-09,0.00106526
1.75656e+09,1.78766e-09,-1.11395e-08,-0.0127832
1.75656e+09,3.92666e-10,-6.82499e-09,-0.0117179
1.75656e+09,-2.3647e-09,-5.8633e-09,-0.0127832
1.75656e+09,-2.47233e-09,2.16888e-10,-0.0181095
1.75656e+09,-4.36161e-10,-1.68561e-10,-0.0181095
1.75656e+09,7.28701e-09,2.74104e-09,-0.0127832
1.75656e+09,-5.00644e-09,5.09722e-09,-0.0170442
1.75656e+09,4.80658e-09,1.02935e-08,-0.00852211
1.75656e+09,5.32711e-09,1.04734e-08,-0.015979
1.75656e+09,7.22457e-09,1.34764e-08,-0.00745685
1.75656e+09,3.21461e-09,5.31742e-09,-0.0106526
1.75656e+09,4.01158e-10,1.01268e-08,0.00639159
1.75656e+09,3.60965e-09,1.70532e-08,-0.00213053
1.75656e+09,-8.96143e-09,7.831e-09,0.00852211
1.75656e+09,3.49102e-09,6.65416e-09,0.00745685
1.75656e+09,-1.0925e-09,8.06663e-09,0.015979
1.75656e+09,6.12355e-09,1.32495e-09,0.0106526
1.75656e+09,-4.36045e-09,2.34421e-09,0.02024
1.75656e+09,7.81181e-09,3.87889e-09,0.0117179
1.75656e+09,-6.5908e-09,1.52015e-09,0.00319579
1.75656e+09,-2.86803e-09,-3.8943e-09,0.0127832
1.75656e+09,-9.40288e-09,-5.32557e-09,0.0127832
1.75656e+09,-4.81799e-09,-8.28194e-09,0.0138484
1.75656e+09,2.39765e-09,-1.37652e-08,-0.00319579
1.75656e+09,-8.95278e-09,-1.29113e-08,-0.0106526
1.75656e+09,-9.41851e-10,-5.07119e-09,-0.00426106
1.75656e+09,-2.00041e-09,-4.61053e-09,-0.00106526
1.75656e+09,1.2216e-09,3.60709e-09,-0.0106526
1.75656e+09,2.19387e-10,-2.43907e-09,-0.00958738
1.75656e+09,-2.77518e-09,4.53011e-09,-0.00639159
1.75656e+09,3.65563e-09,7.64801e-09,-0.0245011
1.75656e+09,-3.14323e-10,-9.39915e-10,-0.0181095
1.75656e+09,6.56556e-09,7.30731e-09,-0.015979
1.75656e+09,5.12281e-09,1.63436e-09,-0.0191748
1.75656e+09,2.50615e-09,-4.60971e-10,-0.0138484
1.75656e+09,-6.71997e-10,-4.3601e-09,-0.0234358
1.75656e+09,-5.71325e-09,3.25413e-09,-0.0127832
1.75656e+09,1.03275e-09,3.19386e-09,-0.00532632
1.75656e+09,2.30691e-09,1.11352e-08,-0.00639159
1.75656e+09,6.16382e-10,-7.03807e-12,0
1.75656e+09,3.18973e-09,5.78558e-09,0.0117179
1.75656e+09,-4.20532e-10,-7.40337e-09,0.00958738
1.75656e+09,-4.64981e-10,7.5127e-09,0.00958738
1.75656e+09,-7.96154e-10,-2.38986e-10,0.0106526
1.75656e+09,-2.12841e-09,3.23739e-09,0.0138484
1.75656e+09,-1.09683e-10,1.5606e-09,0.0149137
1.75656e+09,-2.69851e-09,5.54732e-09,0.00852211
1.75656e+09,2.86154e-09,-9.62123e-10,0.0117179
1.75656e+09,-3.78261e-11,-6.58268e-09,0.00426106
1.75656e+09,1.49081e-09,6.68163e-09,0.00319579
1.75656e+09,5.60061e-09,-1.23698e-09,0.00745685
1.75656e+09,4.02928e-09,4.49992e-09,0.00319579
1.75656e+09,1.39005e-09,5.30235e-09,0.00213053
1.75656e+09,6.93755e-09,1.02558e-08,-0.00852211
1.75656e+09,5.38896e-09,8.25479e-09,-0.00426106
1.75656e+09,4.12034e-09,4.2578e-09,-0.0181095
1.75656e+09,9.1957e-09,3.73859e-09,-0.00852211
1.75656e+09,-4.45051e-09,7.76898e-09,-0.0117179
1.75656e+09,2.36773e-09,-2.6369e-09,-0.0191748
1.75656e+09,3.41707e-09,1.63411e-09,-0.0181095
1.75656e+09,2.32029e-09,1.10415e-09,-0.0234358
1.75656e+09,4.09106e-09,5.43827e-10,-0.0223706
1.75656e+09,3.15132e-09,-5.88363e-09,-0.0181095
1.75656e+09,2.00828e-09,-9.59013e-09,-0.015979
1.75656e+09,-7.82826e-09,-1.32409e-08,-0.00852211
1.75656e+09,-9.50716e-09,-6.91696e-09,-0.0181095
1.75656e+09,-9.22967e-09,-9.11418e-09,-0.00639159
1.75656e+09,-1.12164e-08,-1.0806e-08,0.0117179
1.75656e+09,-8.48705e-09,-1.58242e-08,0.00426106
1.75656e+09,-3.97025e-09,-1.39409e-08,0.0149137
1.75656e+09,-1.31832e-08,-2.9936e-09,0.00532632
1.75656e+09,-2.69403e-09,-1.28171e-08,0.00745685
1.75656e+09,-4.50359e-09,-1.30746e-08,0.00958738
1.75656e+09,-7.87952e-09,-1.58802e-09,0.015979
1.75656e+09,-3.9782e-09,-5.68914e-09,0.00745685
1.75656e+09,4.16618e-09,-7.24648e-09,0.00106526
1.75656e+09,1.36984e-09,3.70996e-09,0.00852211
1.75656e+09,8.45884e-10,2.64185e-09,0.00745685
1.75656e+09,4.94821e-09,4.39217e-09,0.00319579
1.75656e+09,3.73823e-09,8.69043e-09,-0.00532632
1.75656e+09,3.46885e-09,8.79649e-09,-0.00745685
1.75656e+09,8.07001e-09,1.16018e-08,-0.00426106
1.75656e+09,6.41192e-09,9.44355e-09,-0.00852211
1.75656e+09,1.01512e-08,1.14428e-08,-0.0181095
1.75656e+09,-5.56224e-11,1.47495e-08,-0.0223706
1.75656e+09,1.03794e-08,1.81587e-08,-0.0191748
1.75656e+09,7.06196e-09,1.63357e-08,-0.015979
1.75656e+09,7.08019e-09,2.11832e-08,-0.00639159
1.75656e+09,4.21288e-09,1.35913e-08,-0.0117179
1.75656e+09,4.85566e-09,1.49574e-08,-0.00639159
1.75656e+09,1.75695e-09,1.0521e-08,-0.0117179
1.75656e+09,1.04649e-08,1.16369e-08,-0.00958738
1.75656e+09,6.15161e-09,1.53264e-08,-0.0127832
1.75656e+09,1.55413e-09,1.34589e-08,-0.0106526
1.75656e+09,-4.41918e-10,7.52852e-09,-0.00106526
1.75656e+09,1.17967e-09,7.00076e-09,0.00639159
1.75656e+09,3.52909e-09,4.33536e-09,0.00852211
1.75656e+09,2.18581e-09,1.1563e-09,0.0213053
1.75656e+09,4.65682e-09,-2.31961e-09,0.0170442
1.75656e+09,-3.0313e-09,-6.77991e-09,0.0106526
1.75656e+09,-3.26168e-09,-1.04611e-08,0.0117179
1.75656e+09,-5.1421e-09,-1.50983e-10,0.0106526
1.75656e+09,5.15709e-09,-8.83828e-09,0.00106526
1.75656e+09,-3.58698e-09,-1.07338e-08,0.00745685
1.75656e+09,-7.3434e-09,4.68162e-10,0.00745685
1.75656e+09,-5.17435e-09,-9.66741e-09,0.00319579
1.75656e+09,-4.64747e-09,-3.48635e-09,0.00319579
1.75656e+09,-4.99568e-10,-1.50586e-08,-0.00319579
1.75656e+09,-1.74298e-09,-3.31881e-09,-0.00852211
1.75656e+09,-2.87864e-09,-6.66582e-09,-0.00852211
1.75656e+09,-8.87914e-09,-9.12597e-09,-0.015979
1.75656e+09,-6.47081e-09,1.1108e-09,-0.0191748
1.75656e+09,2.35221e-09,3.21237e-09,-0.0191748
1.75656e+09,9.37512e-09,4.27172e-09,-0.0127832
1.75656e+09,6.12628e-09,1.19808e-08,-0.015979
1.75656e+09,1.07621e-08,5.60541e-09,-0.0127832
1.75656e+09,4.90983e-09,8.44104e-09,-0.00852211
1.75656e+09,-5.48219e-10,8.98264e-09,-0.00532632
1.75656e+09,6.65113e-09,1.62685e-08,-0.00532632
1.75656e+09,6.30331e-09,2.17498e-08,-0.00639159
1.75656e+09,1.0308e-08,1.5845e-08,0.00319579
1.75656e+09,3.48313e-09,1.97558e-08,0.00213053
1.75656e+09,1.04604e-08,1.1447e-08,0.0138484
1.75656e+09,-2.20299e-09,1.93161e-08,0.0181095
1.75656e+09,6.80272e-09,1.90323e-08,0.00745685
1.75656e+09,6.03641e-09,5.54264e-09,0.0127832
1.75656e+09,4.3484e-09,9.186e-09,0.0191748
1.75656e+09,1.14237e-09,2.40965e-09,0.0191748
1.75656e+09,3.24877e-09,-3.84307e-09,0.00958738
1.75656e+09,-2.84128e-09,-3.43517e-09,0.00958738
1.75656e+09,4.23297e-09,-7.90841e-09,0.00958738
1.75656e+09,-4.64573e-09,-2.31079e-09,0.00319579
1.75656e+09,-2.09164e-09,2.67039e-09,-0.00426106
1.75656e+09,3.4948e-09,1.46738e-09,-0.00532632
1.75656e+09,4.51768e-09,-7.59953e-09,-0.015979
1.75656e+09,-6.01832e-09,-1.69461e-09,-0.0106526
1.75656e+09,5.3982e-09,-5.72797e-09,-0.00745685
1.75656e+09,9.41615e-09,-1.34348e-09,-0.00745685
1.75656e+09,7.80278e-09,1.51293e-09,-0.0127832
1.75656e+09,6.33996e-09,7.90101e-10,-0.00745685
1.75656e+09,-5.53066e-09,-7.15401e-09,-0.02024
1.75656e+09,-3.63662e-10,7.67981e-09,-0.0138484
1.75656e+09,4.25719e-09,-1.00193e-08,-0.0127832
1.75656e+09,3.2052e-09,-3.15984e-09,-0.00958738
1.75656e+09,-1.93125e-09,-1.35558e-09,-0.00958738
1.75656e+09,2.78899e-09,1.90635e-09,0
1.75656e+09,-5.08576e-09,1.02411e-08,-0.00319579
1.75656e+09,-2.62057e-09,-2.43615e-09,0.00213053
1.75656e+09,-3.79068e-09,-4.06848e-09,0.0149137
1.75656e+09,-3.35304e-09,4.59451e-10,0.0170442
1.75656e+09,5.03736e-10,-4.27179e-09,0.00639159
1.75656e+09,-6.6564e-09,-8.12086e-09,0.00532632
1.75656e+09,-6.89659e-09,-1.36179e-08,0.0170442
1.75656e+09,-6.08977e-09,-1.1714e-08,0.0106526
1.75656e+09,-4.79051e-09,-4.60822e-09,0.02024
1.75656e+09,-2.12316e-09,-8.79322e-09,0.0170442
1.75656e+09,-6.93919e-09,-6.81886e-09,0.00532632
1.75656e+09,-7.0948e-10,-1.16844e-08,0.00852211
1.75656e+09,-1.14736e-08,-1.61461e-08,0.00213053
1.75656e+09,-4.61456e-09,-1.37666e-08,0
1.75656e+09,-4.2192e-09,-1.04485e-08,-0.00639159
1.75656e+09,-5.81806e-09,-6.70803e-09,-0.00745685
1.75656e+09,-4.14875e-09,-1.31976e-08,-0.00745685
1.75656e+09,-1.25933e-09,-7.29606e-09,-0.0127832
1.75656e+09,-9.43499e-09,-1.23117e-08,-0.0191748
1.75656e+09,-1.58074e-08,-2.91574e-09,-0.0181095
1.75656e+09,4.40225e-10,-6.99735e-09,-0.015979
1.75656e+09,7.97136e-09,-5.54949e-09,-0.0138484
1.75656e+09,-3.05433e-09,3.77662e-10,-0.015979
1.75656e+09,-9.2162e-10,-3.93038e-09,-0.00745685
1.75656e+09,-5.67232e-09,2.26919e-09,-0.0149137
1.75656e+09,-5.33068e-09,5.16081e-09,-0.00532632
1.75656e+09,1.63322e-10,4.85778e-10,-0.00426106
1.75656e+09,1.92717e-09,1.6678e-08,-0.00745685
1.75656e+09,8.99932e-09,1.09601e-08,-0.00319579
1.75656e+09,9.01986e-09,1.04632e-08,0.00532632
1.75656e+09,-4.74116e-09,5.09982e-09,0.0138484
1.75656e+09,-7.19218e-10,4.47358e-09,0.00852211
1.75656e+09,-7.80349e-11,1.03986e-08,0.00532632
1.75656e+09,-8.54659e-09,2.29064e-09,0.0127832
1.75656e+09,-3.65919e-09,-2.45638e-09,0.0106526
1.75656e+09,1.51621e-10,3.14031e-10,0.00532632
1.75656e+09,-2.88282e-09,1.76161e-09,0.0127832
1.75656e+09,-1.31807e-09,-2.36928e-09,0.00745685
1.75656e+09,-2.91127e-09,-1.1581e-09,0.00319579
1.75656e+09,1.36615e-09,-6.65649e-09,-0.00213053
1.75656e+09,-5.73623e-09,-8.66368e-09,0.00106526
1.75656e+09,4.67083e-10,-2.40479e-09,0
1.75656e+09,-1.62033e-09,-7.03194e-09,-0.00639159
1.75656e+09,-2.18964e-09,-7.81222e-09,-0.00958738
1.75656e+09,3.04825e-09,-2.53904e-09,-0.0106526
1.75656e+09,-7.12593e-09,-7.69793e-09,-0.0181095
1.75656e+09,1.0454e-08,-7.75967e-09,-0.00852211
1.75656e+09,1.46412e-10,-2.64133e-09,-0.0191748
1.75656e+09,-3.00267e-09,2.09738e-09,-0.0266316
1.75656e+09,2.66043e-09,9.46164e-09,-0.0266316
1.75656e+09,7.55526e-09,7.4051e-09,-0.00958738
1.75656e+09,4.71161e-09,2.16409e-10,-0.00745685
1.75656e+09,-3.67017e-09,-9.7959e-09,-0.00319579
1.75656e+09,1.75007e-09,-9.1696e-10,-0.00639159
1.75656e+09,-3.98332e-10,-1.37202e-09,-0.00213053
1.75656e+09,-8.83718e-09,3.38462e-09,0
1.75656e+09,-3.04489e-09,2.03531e-09,0.00213053
1.75656e+09,7.76587e-09,6.74174e-09,0.015979
1.75656e+09,6.30448e-09,5.61282e-09,0.00852211
1.75656e+09,-9.06885e-09,-9.01349e-11,0.0117179
1.75656e+09,-5.22406e-09,-1.11883e-08,0.0191748
1.75656e+09,6.47427e-10,2.16577e-09,0.0149137
1.75656e+09,-2.07719e-09,-1.57837e-09,0.00852211
1.75656e+09,1.89972e-11,8.58132e-09,0.00426106
1.75656e+09,-6.834e-11,-3.1001e-09,0.00319579
1.75656e+09,-3.72888e-10,2.19762e-09,0.00745685
1.75656e+09,-2.20305e-09,-6.38506e-09,-0.00852211
1.75656e+09,-3.78047e-09,-4.44731e-09,0.00319579
1.75656e+09,1.03631e-08,-4.43608e-09,-0.00639159
1.75656e+09,2.54122e-09,-1.42144e-09,-0.00639159
1.75656e+09,4.58987e-09,1.97828e-09,-0.0170442
1.75656e+09,6.11059e-09,1.21225e-09,0.00106526
1.75656e+09,-4.79234e-09,-2.44046e-09,-0.0138484
1.75656e+09,3.80509e-09,3.02478e-09,-0.0138484
1.75656e+09,4.6927e-09,6.06183e-09,-0.0117179
1.75656e+09,9.11829e-09,1.37174e-08,-0.0245011
1.75656e+09,9.73079e-09,2.18428e-08,-0.0149137
1.75656e+09,9.10224e-09,1.00222e-08,-0.015979
1.75656e+09,4.83132e-09,1.84078e-08,-0.0106526
1.75656e+09,7.65438e-09,3.18625e-09,-0.00639159
1.75656e+09,4.78871e-09,1.48395e-08,-0.00319579
1.75656e+09,-4.18402e-09,1.78762e-08,-0.00106526
1.75656e+09,5.45272e-09,1.22702e-08,0
1.75656e+09,5.43646e-10,1.44999e-08,0.00532632
1.75656e+09,8.69323e-10,4.14342e-09,0.00852211
1.75656e+09,3.66169e-09,1.04614e-08,0.0149137
1.75656e+09,2.75356e-10,-5.62215e-09,0.0170442
1.75656e+09,2.61169e-09,-3.21271e-09,0.0266316
1.75656e+09,-5.10326e-09,-4.4009e-09,0.00426106
1.75656e+09,-6.00558e-09,2.54382e-09,0.0117179
1.75656e+09,-1.20231e-09,-3.68198e-09,0.00745685
1.75656e+09,-6.10207e-09,2.11769e-09,0.0181095
1.75656e+09,-1.13532e-10,-1.67571e-08,0.00745685
1.75656e+09,4.78017e-09,-5.66339e-09,0.0106526
1.75656e+09,1.32574e-09,1.37206e-09,-0.00426106
1.75656e+09,6.39601e-09,1.38018e-09,-0.00639159
1.75656e+09,6.29763e-09,5.25456e-09,-0.00958738
1.75656e+09,-1.28121e-10,1.27868e-09,-0.0149137
1.75656e+09,7.1842e-09,1.17109e-08,-0.0117179
1.75656e+09,-2.88223e-09,7.09241e-09,-0.0181095
1.75656e+09,-3.28586e-09,7.1864e-09,-0.0149137
1.75656e+09,-3.89169e-10,9.26463e-09,-0.0298274
1.75656e+09,-7.83959e-09,9.54031e-09,-0.0149137
1.75656e+09,3.42737e-09,1.0241e-09,-0.015979
1.75656e+09,1.0393e-08,3.00912e-09,-0.0191748
1.75656e+09,3.07093e-09,9.39696e-09,-0.00426106
1.75656e+09,2.41321e-09,1.00692e-08,-0.0127832
1.75656e+09,1.81895e-09,1.62606e-08,-0.00639159
1.75656e+09,1.87361e-09,1.06963e-08,-0.00319579
1.75656e+09,3.83039e-09,1.00165e-08,-0.00852211
1.75656e+09,-9.17187e-09,9.16148e-09,-0.0106526
1.75656e+09,2.17265e-09,6.72601e-09,0.0149137
1.75656e+09,5.3304e-09,3.94781e-09,0.00426106
1.75656e+09,-1.35815e-09,-1.76939e-09,0.02024
1.75656e+09,-3.47302e-09,9.69763e-10,0.0138484
1.75656e+09,-1.44568e-09,-1.60466e-09,0.0138484
1.75656e+09,-3.13735e-09,1.48438e-09,0.0191748
1.75656e+09,-4.53207e-09,-3.29272e-09,0.02024
1.75656e+09,-3.21458e-09,-4.07649e-09,0.0106526
1.75656e+09,-3.78712e-10,-4.2169e-09,0.0149137
1.75656e+09,5.18403e-09,-3.42336e-09,-0.00106526
1.75656e+09,-3.53569e-09,-8.9721e-09,-0.00106526
1.75656e+09,-4.25445e-10,-4.42656e-09,-0.00639159
1.75656e+09,-3.99319e-10,1.6133e-11,-0.00213053
1.75656e+09,-6.1093e-09,2.04808e-09,-0.0127832
1.75656e+09,9.64555e-10,1.00265e-08,-0.0255663
1.75656e+09,1.32181e-08,4.14887e-09,-0.0213053
1.75656e+09,2.76211e-09,1.2141e-08,-0.0170442
1.75656e+09,1.4498e-09,1.77279e-08,-0.02024
1.75656e+09,4.41522e-09,1.72225e-08,-0.0170442
1.75656e+09,-4.66723e-09,6.62358e-09,-0.0191748
1.75656e+09,1.5739e-08,1.65789e-08,-0.015979
1.75656e+09,1.20196e-08,2.24714e-08,-0.0149137
1.75656e+09,1.5797e-08,1.927e-08,0
1.75656e+09,1.41608e-08,2.33705e-08,0
1.75656e+09,2.92843e-09,2.71739e-08,0.00639159
1.75656e+09,1.01069e-08,2.13202e-08,0.0138484
1.75656e+09,6.43465e-09,1.68653e-08,0.015979
1.75656e+09,4.42207e-09,2.44614e-08,0.0138484
1.75656e+09,7.49214e-09,1.8465e-08,0.00426106
1.75656e+09,1.52284e-08,1.45874e-08,0.00213053
1.75656e+09,-2.25651e-09,1.44534e-08,0.00532632
1.75656e+09,1.13642e-10,9.28827e-09,0.0170442
1.75656e+09,5.69056e-09,3.811e-09,0.00639159
1.75656e+09,3.89248e-10,-3.99396e-09,0.00852211
1.75656e+09,2.70395e-09,-8.00915e-09,0.00852211
1.75656e+09,9.49604e-10,-4.17201e-09,0
1.75656e+09,2.92202e-09,4.97298e-09,-0.00213053
1.75656e+09,7.68399e-09,-8.24156e-09,0.00106526
1.75656e+09,-1.84525e-09,-2.52906e-10,-0.00106526
1.75656e+09,2.89229e-09,5.23809e-09,-0.0138484
1.75656e+09,8.36383e-09,7.16522e-09,-0.00426106
1.75656e+09,3.42072e-09,9.98873e-09,-0.0138484
1.75656e+09,-1.66069e-09,7.97512e-09,-0.0245011
1.75656e+09,6.60271e-09,5.42215e-09,-0.00213053
1.75656e+09,6.58517e-09,1.32002e-08,-0.0181095
1.75656e+09,1.10975e-08,1.23602e-08,-0.0330232
1.75656e+09,8.46019e-09,9.03567e-09,-0.0170442
1.75656e+09,-2.11569e-09,-8.46186e-11,-0.02024
1.75656e+09,-3.13512e-09,4.32041e-09,-0.00639159
1.75656e+09,3.27063e-09,-5.87489e-09,-0.00745685
1.75656e+09,-3.46328e-09,7.58922e-09,0.00213053
1.75656e+09,7.80428e-09,-5.05347e-10,-0.00852211
1.75656e+09,1.90157e-09,4.57833e-10,-0.00319579
1.75656e+09,-5.53068e-09,6.34392e-09,0.00745685
1.75656e+09,-3.23995e-09,-1.01141e-08,-0.00426106
1.75656e+09,-6.12477e-09,-8.29718e-09,0.00745685
1.75656e+09,1.51758e-09,-2.2495e-09,0.015979
1.75656e+09,7.997e-10,-5.21805e-09,0.00852211
1.75656e+09,-8.04458e-09,-2.2217e-09,0.00745685
1.75656e+09,1.8789e-09,-4.97083e-09,0.00852211
1.75656e+09,-2.78037e-09,-5.13596e-09,0.0138484
1.75656e+09,1.83411e-11,-5.90339e-09,0.0138484
1.75656e+09,-3.86339e-09,-1.11242e-08,0.00745685
1.75656e+09,1.04795e-08,-1.04142e-09,0
1.75656e+09,1.29611e-09,1.17689e-09,0.00106526
1.75656e+09,-2.09207e-09,-2.85245e-10,-0.00745685
1.75656e+09,5.82246e-10,-6.48212e-10,-0.00745685
1.75656e+09,5.94131e-09,-8.19882e-09,-0.00532632
1.75656e+09,-9.50373e-11,-6.263e-09,-0.00958738
1.75656e+09,-3.89273e-09,-7.8439e-09,-0.0287621
1.75656e+09,-6.07824e-10,2.68422e-09,-0.0245011
1.75656e+09,-8.75097e-09,-2.38905e-10,-0.02024
1.75656e+09,-4.91856e-09,5.32026e-09,-0.0191748
1.75656e+09,-1.00866e-09,-1.20023e-09,-0.0170442
1.75656e+09,6.40391e-09,-1.58272e-09,-0.0127832
1.75656e+09,1.45069e-09,-3.93912e-09,-0.0213053
1.75656e+09,-2.6627e-09,-2.1401e-09,-0.00532632
1.75656e+09,-2.77097e-09,2.37892e-09,-0.00426106
1.75656e+09,-2.47892e-09,3.79623e-09,0.00106526
1.75656e+09,4.13613e-09,4.44107e-09,0.00106526
1.75656e+09,1.79376e-09,1.39316e-09,0.00852211
1.75656e+09,-1.44346e-09,-2.98358e-09,0.0127832
1.75656e+09,-2.86497e-09,-6.8368e-10,0.0191748
1.75656e+09,-6.08277e-09,-1.62853e-09,0.0245011
1.75656e+09,-6.43403e-10,-3.34428e-09,0.0127832
1.75656e+09,-2.21967e-09,-5.68191e-09,0.0127832
1.75656e+09,9.6598e-11,-7.0432e-10,0.0149137
1.75656e+09,1.4157e-09,8.08364e-09,0.00958738
1.75656e+09,-3.38863e-09,-8.12533e-09,0.0127832
1.75656e+09,-2.57362e-09,-6.10786e-09,0.0106526
1.75656e+09,4.1122e-09,-2.06881e-09,0.00319579
1.75656e+09,-2.71674e-09,-1.83125e-09,0.00426106
1.75656e+09,6.40767e-09,2.21829e-09,0.00532632
1.75656e+09,-7.07967e-10,5.43121e-10,-0.00852211
1.75656e+09,2.05703e-10,4.78438e-09,0.00319579
1.75656e+09,3.81382e-09,1.42285e-08,-0.00958738
1.75656e+09,8.50807e-09,6.74249e-09,-0.00745685
1.75656e+09,1.63438e-09,6.67228e-09,-0.02024
1.75656e+09,4.45475e-09,1.20326e-08,-0.0170442
1.75656e+09,9.28647e-09,1.28294e-08,-0.0127832
1.75656e+09,6.58692e-09,1.38882e-08,-0.0127832
1.75656e+09,6.43028e-09,7.3135e-09,-0.0106526
1.75656e+09,2.86927e-09,1.03031e-08,-0.0117179
1.75656e+09,5.37678e-09,1.32511e-08,-0.0138484
1.75656e+09,2.5931e-09,1.45903e-08,-0.0106526
1.75656e+09,1.64493e-09,1.16691e-08,-0.00319579
1.75656e+09,1.29396e-11,1.83836e-08,0
1.75656e+09,5.50777e-09,1.58995e-08,-0.00852211
1.75656e+09,2.34068e-09,6.5018e-09,0.00852211
1.75656e+09,2.5239e-09,5.2352e-09,0.00319579
1.75656e+09,1.42009e-09,1.22429e-09,0.02024
1.75656e+09,-1.05695e-09,9.69829e-10,0.015979
1.75656e+09,-6.20804e-09,4.57392e-09,0.00852211
1.75656e+09,-1.47749e-09,7.32555e-09,0.0213053
1.75656e+09,-1.5912e-09,-3.26176e-09,0.00319579
1.75656e+09,6.84811e-09,1.32525e-09,0.00745685
1.75656e+09,-1.12641e-09,-5.79776e-09,0.00213053
1.75656e+09,-3.72738e-09,2.55864e-09,-0.00319579
1.75656e+09,-6.96053e-11,-9.61436e-09,0.00106526
1.75656e+09,-4.04255e-09,-8.5995e-09,-0.00213053
1.75656e+09,-6.58204e-09,-4.45707e-09,-0.0181095
1.75656e+09,4.39786e-09,-9.27044e-09,-0.00319579
1.75656e+09,7.48146e-09,1.41159e-09,-0.02024
1.75656e+09,-4.37665e-09,-1.13614e-08,-0.0170442
1.75656e+09,-6.27845e-09,-1.22763e-08,-0.0255663
1.75656e+09,-5.22639e-09,-8.44853e-09,-0.0181095
1.75656e+09,4.26399e-09,3.10942e-09,-0.02024
1.75656e+09,6.09261e-09,4.61769e-09,-0.02024
1.75656e+09,1.217e-08,2.76212e-09,-0.0266316
1.75656e+09,-1.32295e-09,3.91924e-09,-0.0170442
1.75656e+09,3.55931e-09,8.99299e-09,-0.00319579
1.75656e+09,-2.81885e-10,6.19674e-09,-0.00639159
1.75656e+09,3.54241e-11,1.47003e-08,0
1.75656e+09,2.9672e-10,6.39562e-09,-0.00426106
1.75656e+09,2.53048e-09,5.3686e-10,0.00106526
1.75656e+09,-3.40469e-09,-1.79008e-09,0.00639159
1.75656e+09,-2.45633e-09,-1.9016e-09,0.00958738
1.75656e+09,2.9086e-09,-5.64522e-09,0.0266316
1.75656e+09,1.27621e-09,-1.21378e-09,0.0213053
1.75656e+09,-4.26533e-09,-5.15184e-09,0.02024
1.75656e+09,-1.49503e-09,-3.78036e-09,0.00852211
1.75656e+09,-8.58266e-09,-2.10474e-09,0.0106526
1.75656e+09,-9.02636e-10,-9.8404e-09,0.0106526
1.75656e+09,2.89455e-09,-4.72659e-09,0.0127832
1.75656e+09,6.60106e-09,-1.07423e-08,0.0149137
1.75656e+09,3.14519e-09,-1.59682e-08,-0.00213053
1.75656e+09,1.32259e-09,-7.20369e-09,-0.00213053
1.75656e+09,8.05736e-10,-9.65401e-09,-0.00958738
1.75656e+09,1.69154e-09,-6.96235e-09,-0.00532632
1.75656e+09,-5.47877e-09,-7.20578e-09,-0.015979
1.75656e+09,4.6523e-09,-1.40568e-08,-0.0117179
1.75656e+09,-3.82453e-09,-1.37111e-08,-0.0170442
1.75656e+09,2.17253e-09,-1.20086e-09,-0.015979
1.75656e+09,-6.43691e-09,-1.23786e-08,-0.0276969
1.75656e+09,-1.65714e-11,-1.17207e-08,-0.0213053
1.75656e+09,-1.74445e-09,-1.64304e-08,-0.0117179
1.75656e+09,-5.07165e-09,-1.10621e-08,-0.0170442
1.75656e+09,-4.93011e-09,-1.53411e-08,-0.00639159
1.75656e+09,-8.747e-09,-8.57778e-09,-0.00639159
1.75656e+09,-1.39265e-08,-1.25667e-08,-0.00639159
1.75656e+09,-1.08303e-08,-1.14723e-08,-0.00852211
1.75656e+09,-8.43676e-09,-8.72233e-09,0.00106526
1.75656e+09,-8.51618e-09,-1.55157e-08,0.00426106
1.75656e+09,-6.11577e-09,-1.68685e-08,0
1.75656e+09,-5.94893e-09,-1.85165e-08,0.0170442
1.75656e+09,-1.35854e-08,-1.14845e-08,0.00852211
1.75656e+09,-8.11438e-09,-1.58113e-08,0.00639159
1.75656e+09,-7.19833e-09,-1.33964e-08,0.00958738
1.75656e+09,-1.86832e-09,-2.1292e-08,0.00852211
1.75656e+09,-1.32246e-09,-2.44126e-08,-0.00106526
1.75656e+09,-1.19031e-08,-2.07367e-08,0.00852211
1.75656e+09,-1.35838e-08,-2.42616e-08,0.00319579
1.75656e+09,-1.66404e-09,-1.73763e-08,0.00106526
1.75656e+09,-2.42735e-09,-2.05265e-08,-0.00532632
1.75656e+09,3.77578e-09,-8.96307e-09,-0.00319579
1.75656e+09,-5.05926e-09,-1.42032e-08,-0.0117179
1.75656e+09,-2.4646e-09,-1.44082e-08,-0.0223706
1.75656e+09,-3.39446e-09,-1.34724e-08,-0.0117179
1.75656e+09,-6.77472e-09,-1.44778e-08,-0.0181095
1.75656e+09,1.49158e-09,-1.38126e-08,-0.00106526
1.75656e+09,-6.95091e-09,-1.25367e-08,-0.0287621
1.75656e+09,-3.06995e-09,-1.60952e-08,-0.0298274
1.75656e+09,-9.22228e-10,-1.29197e-08,-0.00958738
1.75656e+09,-3.485e-09,-1.01435e-08,-0.00745685
1.75656e+09,-6.51278e-09,-1.83027e-08,-0.00639159
1.75656e+09,4.51059e-09,-6.43289e-09,-0.00639159
1.75656e+09,4.11224e-10,2.80025e-10,-0.015979
1.75656e+09,7.08871e-10,4.41684e-10,0
1.75656e+09,-2.54641e-09,-3.32845e-09,0.00639159
1.75656e+09,-2.03552e-09,-1.13229e-09,0.0127832
1.75656e+09,2.24799e-09,-1.43626e-09,0.0149137
1.75656e+09,9.88338e-10,-3.62762e-09,0.0138484
1.75656e+09,-3.19279e-09,-7.79122e-09,0.0213053
1.75656e+09,-6.61927e-09,7.11691e-10,0.015979
1.75656e+09,1.04154e-09,-2.71474e-09,0.00852211
1.75656e+09,-2.95603e-09,-1.28386e-10,0.015979
1.75656e+09,-6.32873e-09,-7.20691e-09,0.0138484
1.75656e+09,-2.16806e-09,-9.32092e-09,0.0181095
1.75656e+09,3.84423e-09,-2.38189e-10,0.00532632
1.75656e+09,-4.08697e-09,-7.66521e-09,0
1.75656e+09,-1.41785e-09,-7.01146e-09,-0.00532632
1.75656e+09,-5.8763e-09,-1.40631e-08,-0.00319579
1.75656e+09,-1.27673e-08,-6.89342e-09,-0.0106526
1.75656e+09,-1.62632e-09,-2.1301e-08,-0.0181095
1.75656e+09,-1.9117e-09,-1.66998e-08,-0.0117179
1.75656e+09,-3.83047e-09,-1.70473e-08,-0.0255663
1.75656e+09,-9.27622e-09,-1.20533e-08,-0.00958738
1.75656e+09,-2.14609e-09,-6.36193e-09,-0.00852211
1.75656e+09,1.22321e-09,-3.19413e-09,-0.015979
1.75656e+09,-2.52922e-09,2.42433e-09,-0.0138484
1.75656e+09,6.96846e-09,3.30556e-09,-0.0106526
1.75656e+09,1.29731e-09,2.23534e-09,-0.0170442
1.75656e+09,-1.92595e-09,2.32478e-09,-0.00852211
1.75656e+09,1.42807e-09,6.1601e-09,0.00319579
1.75656e+09,9.14367e-09,2.12114e-09,-0.0149137
1.75656e+09,8.72314e-09,2.9014e-09,0.00426106
1.75656e+09,-6.28774e-09,6.38314e-10,-0.00213053
1.75656e+09,6.05904e-09,1.45104e-09,0.0149137
1.75656e+09,-7.29059e-09,-3.33159e-09,0.0213053
1.75656e+09,4.28509e-10,8.92389e-10,0.0213053
1.75656e+09,-3.84694e-09,-1.68172e-09,0.0106526
1.75656e+09,-2.88603e-09,-5.32798e-09,0.00852211
1.75656e+09,1.78996e-09,-7.49745e-09,0.00639159
1.75656e+09,-3.6247e-09,4.05128e-11,0.0127832
1.75656e+09,-5.45875e-09,-1.02491e-08,0.0117179
1.75656e+09,1.92328e-09,-6.37531e-09,0.00106526
1.75656e+09,-1.02973e-09,-7.48695e-09,-0.00213053
1.75656e+09,3.8008e-09,-3.54563e-09,-0.00532632
1.75656e+09,-1.23023e-09,-4.49646e-09,-0.00745685
1.75656e+09,7.13502e-09,6.68639e-09,-0.0149137
1.75656e+09,4.54068e-09,1.01747e-09,-0.00958738
1.75656e+09,3.70642e-09,5.99423e-09,-0.0170442
1.75656e+09,9.58415e-09,1.52338e-09,-0.0127832
1.75656e+09,-2.42793e-09,4.94043e-09,-0.0276969
1.75656e+09,-1.86032e-09,7.31544e-09,-0.00958738
1.75656e+09,6.82088e-09,7.51098e-09,-0.02024
1.75656e+09,2.73314e-09,7.21697e-09,-0.0106526
1.75656e+09,3.25494e-09,1.37833e-08,0.00106526
1.75656e+09,-2.93625e-10,4.93564e-09,-0.00106526
1.75656e+09,-2.01744e-09,2.0126e-08,-0.00745685
1.75656e+09,-3.06359e-10,1.31334e-08,0
1.75656e+09,7.50683e-09,1.18235e-08,-0.00106526
1.75656e+09,2.87394e-09,1.12663e-08,0.00958738
1.75656e+09,3.38676e-09,1.67156e-08,0.0149137
1.75656e+09,1.22397e-09,3.29606e-09,0.00639159
1.75656e+09,-3.94877e-09,7.75679e-09,0.0138484
1.75656e+09,-3.94877e-09,7.75679e-09,0.0138484
1.75656e+09,-3.94877e-09,7.75679e-09,0.0138484
1.75656e+09,-3.94877e-09,7.75679e-09,0.0138484
1.75656e+09,5.12908e-10,9.19536e-09,0.0181095
1.75656e+09,3.16568e-09,8.24192e-09,0.00639159
1.75656e+09,1.32478e-09,3.06215e-09,-0.00532632
1.75656e+09,-5.34521e-09,5.42091e-09,0.00319579
1.75656e+09,-1.13302e-09,5.98336e-09,-0.00106526
1.75656e+09,7.0669e-09,-2.25296e-09,-0.00639159
1.75656e+09,1.48783e-08,1.13354e-08,-0.0106526
1.75656e+09,7.78816e-10,5.90605e-09,-0.0234358
1.75656e+09,-9.19695e-10,3.62965e-09,-0.015979
1.75656e+09,-1.92863e-09,7.34285e-09,-0.0191748
1.75656e+09,-5.34218e-10,4.97672e-09,-0.0245011
1.75656e+09,1.08501e-08,2.05111e-08,-0.0191748
1.75656e+09,1.09214e-08,1.37102e-08,-0.0234358
1.75656e+09,7.55124e-09,1.32188e-08,-0.0127832
1.75656e+09,1.15093e-10,1.62419e-08,-0.015979
1.75656e+09,5.8509e-09,1.29513e-08,-0.0138484
1.75656e+09,7.43826e-09,1.62299e-08,-0.0138484
1.75656e+09,7.73769e-09,1.88933e-08,-0.0191748
1.75656e+09,4.9159e-09,1.96676e-08,0.00106526
1.75656e+09,5.1579e-09,2.11672e-08,-0.00532632
1.75656e+09,1.47528e-09,1.54663e-08,0.0117179
1.75656e+09,1.523e-09,1.3393e-08,0.00532632
1.75656e+09,1.45148e-09,1.45895e-08,0.015979
1.75656e+09,6.62358e-10,1.45453e-08,0.0127832
1.75656e+09,5.28992e-09,1.25163e-08,0.0181095
1.75656e+09,5.06429e-09,1.12423e-08,0.0117179
1.75656e+09,-4.9396e-10,1.58597e-08,0.0223706
1.75656e+09,3.36027e-09,1.0993e-08,0.00958738
1.75656e+09,1.65234e-10,4.69922e-09,0.0181095
1.75656e+09,2.39682e-09,-7.23172e-09,0
1.75656e+09,1.21392e-09,2.75287e-09,0.00745685
1.75656e+09,1.57294e-09,-1.11531e-08,0.00213053
1.75656e+09,-6.85434e-09,2.77891e-09,-0.00532632
1.75656e+09,-2.64673e-09,-2.45497e-09,-0.00532632
1.75656e+09,3.59794e-09,-1.18122e-09,-0.0181095
1.75656e+09,3.5885e-09,-2.63084e-09,-0.00639159
1.75656e+09,7.24772e-09,4.86795e-09,-0.0117179
1.75656e+09,4.82998e-09,8.3541e-09,-0.0223706
1.75656e+09,-1.25132e-09,5.1355e-09,-0.0138484
1.75656e+09,6.88131e-09,1.04431e-08,-0.02024
1.75656e+09,8.63491e-10,1.01576e-08,-0.0149137
1.75656e+09,7.07291e-09,6.23853e-09,-0.00639159
1.75656e+09,8.95683e-09,3.50738e-09,-0.0106526
1.75656e+09,8.12996e-10,8.03538e-09,-0.00639159
1.75656e+09,2.97453e-09,8.27566e-09,-0.0117179
1.75656e+09,5.6485e-09,8.63831e-09,-0.00958738
1.75656e+09,7.43127e-09,1.44538e-08,0.00426106
1.75656e+09,-3.02813e-09,1.64052e-08,0.0106526
1.75656e+09,2.05652e-09,9.57852e-09,0.0127832
1.75656e+09,-3.87357e-09,9.38978e-09,0.00319579
1.75656e+09,1.16676e-08,7.66507e-09,0.0181095
1.75656e+09,3.52267e-09,7.61263e-09,0.0106526
1.75656e+09,1.05929e-08,1.49605e-08,0.00958738
1.75656e+09,9.86932e-09,1.23241e-08,0.0138484
1.75656e+09,1.79295e-09,2.34747e-08,0.00852211
1.75656e+09,2.90913e-09,5.03581e-09,0.00852211
1.75656e+09,5.61333e-10,1.72536e-09,-0.00852211
1.75656e+09,4.26553e-09,5.471e-09,-0.00319579
1.75656e+09,2.40751e-09,5.88819e-09,0.00532632
1.75656e+09,9.94166e-09,-4.18654e-09,-0.0117179
1.75656e+09,1.6585e-09,-2.9594e-09,-0.00532632
1.75656e+09,3.61775e-10,-1.23806e-09,-0.0138484
1.75656e+09,4.79976e-09,6.62115e-09,-0.00958738
1.75656e+09,7.65498e-10,6.33621e-09,-0.0191748
1.75656e+09,5.38223e-09,9.02447e-09,-0.0181095
1.75656e+09,1.00793e-08,1.09665e-08,-0.0117179
1.75656e+09,3.37136e-09,1.23737e-08,-0.0191748
1.75656e+09,9.10673e-09,1.51696e-08,-0.0138484
1.75656e+09,6.23383e-09,3.31942e-09,-0.00852211
1.75656e+09,7.17815e-09,1.04525e-08,-0.00213053
1.75656e+09,1.48326e-09,1.3792e-08,-0.00639159
1.75656e+09,6.00109e-09,1.40391e-08,0.00319579
1.75656e+09,7.80324e-09,2.44923e-08,-0.00319579
1.75656e+09,5.30724e-09,1.63913e-08,0.00532632
1.75656e+09,-9.97109e-10,1.39104e-08,0.00532632
1.75656e+09,8.27369e-09,1.62016e-08,0.00213053
1.75656e+09,1.12737e-08,1.91611e-08,0.0138484
1.75656e+09,8.39683e-09,1.02823e-08,0.0191748
1.75656e+09,2.31526e-09,1.12318e-08,0.0181095
1.75656e+09,1.72557e-09,1.73884e-08,0.0127832
1.75656e+09,1.07383e-09,1.49536e-08,0.0213053
1.75656e+09,3.90406e-10,1.66912e-08,0.0138484
1.75656e+09,1.18405e-08,5.28273e-09,0.0127832
1.75656e+09,8.30585e-09,-2.92643e-09,0.0117179
1.75656e+09,-2.09558e-09,2.73107e-09,0.015979
1.75656e+09,-3.7169e-09,-3.03547e-09,0
1.75656e+09,2.31788e-09,2.41557e-09,-0.00532632
1.75656e+09,7.75782e-09,-5.01254e-09,-0.00319579
1.75656e+09,9.1988e-09,-1.88908e-09,-0.0127832
1.75656e+09,-1.56599e-09,-7.17763e-09,-0.0149137
1.75656e+09,4.54397e-09,4.32735e-09,-0.0223706
1.75656e+09,-5.02307e-09,-7.24758e-09,-0.0234358
1.75656e+09,2.10503e-09,-2.21475e-09,-0.0127832
1.75656e+09,6.42962e-10,-4.51007e-09,-0.0170442
1.75656e+09,2.58289e-09,-3.54235e-09,-0.0127832
1.75656e+09,4.87664e-09,9.08028e-10,-0.00852211
1.75656e+09,-3.96628e-09,-7.05379e-09,-0.00852211
1.75656e+09,-5.67835e-09,1.7716e-09,-0.00745685
1.75656e+09,-6.21757e-09,-3.13316e-09,-0.00639159
1.75656e+09,3.14324e-09,6.57361e-09,-0.00319579
1.75656e+09,1.90559e-10,2.05812e-09,0.00745685
1.75656e+09,-1.98271e-09,-3.67565e-09,-0.00745685
1.75656e+09,-4.65792e-09,-7.69446e-09,0.00852211
1.75656e+09,-6.83198e-09,-6.29256e-09,0.00852211
1.75656e+09,4.7381e-09,-4.94216e-09,0.0138484
1.75656e+09,-1.27478e-09,-1.61208e-08,0.00958738
1.75656e+09,-4.89995e-09,-7.15386e-09,0.0181095
1.75656e+09,-3.64116e-09,-1.08613e-08,0.00532632
1.75656e+09,-2.35074e-09,3.2301e-09,0.015979
1.75656e+09,-8.31734e-09,-6.25794e-09,0.00319579
1.75656e+09,-9.96598e-10,-8.06391e-09,0.00319579
1.75656e+09,-7.60372e-09,-1.1654e-08,0.00639159
1.75656e+09,5.79418e-10,-1.60736e-08,-0.00106526
1.75656e+09,-7.41435e-09,-7.36113e-09,0.00213053
1.75656e+09,-2.92938e-09,-8.26287e-09,-0.00532632
1.75656e+09,-3.80091e-12,-1.74513e-08,-0.00639159
1.75656e+09,-1.01719e-09,-2.19492e-09,-0.0191748
1.75656e+09,-2.4906e-09,-1.36972e-08,-0.0149137
1.75656e+09,-2.60652e-09,-1.02876e-08,-0.0255663
1.75656e+09,-7.67356e-09,-1.08746e-08,-0.0223706
1.75656e+09,-2.76364e-09,-7.97426e-09,-0.0191748
1.75656e+09,-3.33412e-09,-8.99852e-10,-0.0245011
1.75656e+09,5.41051e-09,-6.8285e-10,-0.0106526
1.75656e+09,7.60077e-09,1.99567e-09,-0.0127832
1.75656e+09,1.93267e-09,2.6517e-09,-0.00532632
1.75656e+09,-2.48026e-09,9.04323e-09,-0.00745685
1.75656e+09,3.50809e-09,3.19121e-10,-0.00639159
1.75656e+09,5.5491e-09,5.56999e-09,0.00213053
1.75656e+09,2.73291e-09,5.01314e-09,0.0106526
1.75656e+09,3.92738e-09,8.15773e-09,0.0213053
1.75656e+09,-4.21637e-09,-2.16895e-09,0.00532632
1.75656e+09,-4.0789e-09,3.61666e-10,0.0213053
1.75656e+09,-7.2861e-09,-3.07669e-09,0.0234358
1.75656e+09,-5.08636e-09,-4.06149e-09,0.0181095
1.75656e+09,-4.37969e-09,-5.69405e-09,0.00958738
1.75656e+09,2.52984e-09,-6.09666e-09,0.0191748
1.75656e+09,-7.30807e-09,-4.59247e-09,0.0127832
1.75656e+09,-6.09453e-09,-1.36959e-08,0.0106526
1.75656e+09,-1.00829e-08,-8.37653e-09,0.00958738
1.75656e+09,-4.04107e-09,-1.25586e-08,0.00532632
1.75656e+09,-3.91938e-09,-1.28328e-08,0.00213053
1.75656e+09,-8.90061e-09,-1.27213e-08,-0.00106526
1.75656e+09,1.4544e-09,-1.7986e-08,-0.0127832
1.75656e+09,-1.95404e-09,-9.63197e-09,-0.00745685
1.75656e+09,-5.48996e-09,-8.24646e-09,-0.00745685
1.75656e+09,1.49967e-09,-9.98228e-09,-0.0138484
1.75656e+09,-4.99631e-09,-1.15231e-08,-0.0223706
1.75656e+09,-2.61143e-09,-1.7381e-08,-0.0191748
1.75656e+09,-5.46668e-09,-7.97514e-09,-0.0181095
1.75656e+09,-7.4222e-09,-6.15182e-09,-0.0191748
1.75656e+09,-2.27476e-09,-5.80773e-09,-0.0127832
1.75656e+09,-6.18722e-09,-1.08971e-08,-0.0170442
1.75656e+09,2.57687e-09,-7.67321e-09,-0.00319579
1.75656e+09,-3.74945e-09,-2.69844e-09,-0.0127832
1.75656e+09,-4.91986e-09,-2.15378e-09,-0.0117179
1.75656e+09,5.82154e-09,2.91824e-09,0.00213053
1.75656e+09,-7.57985e-11,1.02028e-09,0.00213053
1.75656e+09,1.21287e-09,-6.65955e-10,0.00532632
1.75656e+09,-1.11862e-09,-2.4184e-09,0.015979
1.75656e+09,-5.61191e-09,-5.12379e-09,0.0106526
1.75656e+09,-2.4213e-09,9.01975e-09,0.00958738
1.75656e+09,-9.7106e-09,1.32458e-09,0.02024
1.75656e+09,-8.28121e-09,8.93736e-10,0.00852211
1.75656e+09,1.31137e-09,2.78779e-09,0.015979
1.75656e+09,-3.52241e-09,-4.2995e-10,0.0106526
1.75656e+09,8.72167e-09,6.57498e-09,0.00426106
1.75656e+09,-3.40336e-09,4.72267e-09,0.00639159
1.75656e+09,1.03716e-09,-3.38393e-10,0.00213053
1.75656e+09,-2.88228e-09,-4.96522e-09,0.00958738
1.75656e+09,3.55639e-09,-2.68198e-09,0
1.75656e+09,-4.56671e-09,1.28262e-09,-0.0138484
1.75656e+09,6.28175e-09,-9.41746e-09,-0.00426106
1.75656e+09,9.02385e-10,-5.0505e-10,-0.0213053
1.75656e+09,-8.38589e-09,-5.97691e-09,-0.00213053
1.75656e+09,1.81057e-09,-2.92276e-09,-0.0245011
1.75656e+09,1.32248e-09,5.48005e-09,-0.0191748
1.75656e+09,4.71835e-09,9.7972e-10,-0.00958738
1.75656e+09,7.8691e-10,5.76956e-09,-0.0117179
1.75656e+09,-1.08427e-09,3.85978e-09,-0.0127832
1.75656e+09,-4.82318e-09,-5.07109e-09,-0.0106526
1.75656e+09,1.24368e-09,4.70855e-09,-0.00532632
1.75656e+09,-5.48657e-09,5.18915e-09,-0.00852211
1.75656e+09,2.25551e-09,4.72085e-09,0.0106526
1.75656e+09,-2.79904e-09,2.91806e-09,0.00532632
1.75656e+09,-1.27252e-08,-5.67785e-09,0.00319579
1.75656e+09,-5.66179e-10,-5.22131e-09,0.00532632
1.75656e+09,-5.31694e-09,-2.06652e-11,0.0213053
1.75656e+09,-1.95923e-09,-7.34693e-10,0.0191748
1.75656e+09,-3.94681e-09,-2.94594e-09,0
1.75656e+09,-1.93904e-09,2.19311e-09,0.00745685
1.75656e+09,-3.70076e-09,2.77306e-09,0.0127832
1.75656e+09,-7.08775e-09,-7.54634e-09,-0.00213053
1.75656e+09,-3.98177e-09,-5.40185e-09,0.00426106
1.75656e+09,-3.68574e-09,-8.70368e-09,-0.00958738
1.75656e+09,-2.18868e-09,-6.17332e-09,-0.00213053
1.75656e+09,-2.73409e-09,-6.99771e-09,-0.0106526
1.75656e+09,-9.41831e-09,-2.51841e-09,-0.00958738
1.75656e+09,2.8148e-09,-2.35025e-09,-0.0117179
1.75656e+09,2.25247e-09,1.12591e-09,-0.00958738
1.75656e+09,5.3248e-09,-3.0656e-09,-0.02024
1.75656e+09,-2.31938e-10,-5.3747e-10,-0.02024
1.75656e+09,-4.79767e-09,3.75541e-09,-0.0213053
1.75656e+09,-6.00162e-09,1.96024e-09,-0.0234358
1.75656e+09,4.12643e-09,6.6657e-09,-0.0170442
1.75656e+09,2.31898e-09,2.76755e-09,-0.0149137
1.75656e+09,7.33894e-10,-1.18562e-08,-0.0127832
1.75656e+09,-1.15007e-09,1.38689e-09,-0.00426106
1.75656e+09,-8.5293e-09,-1.10546e-10,-0.00532632
1.75656e+09,-4.8134e-09,-6.02915e-10,-0.00852211
1.75656e+09,-7.14268e-09,-2.48179e-09,-0.00213053
1.75656e+09,4.1125e-09,1.57785e-09,0.00426106
1.75656e+09,1.56148e-09,-6.65264e-11,0.00319579
1.75656e+09,-4.28484e-09,-3.5175e-09,0.0127832
1.75656e+09,-5.52402e-09,4.08887e-09,0.0298274
1.75656e+09,2.10077e-09,6.38392e-10,0.0170442
1.75656e+09,-9.94287e-09,-5.45098e-09,0.0117179
1.75656e+09,4.09061e-09,1.70751e-09,0.0308927
1.75656e+09,-3.46091e-09,-4.32007e-09,0.0245011
1.75656e+09,-2.43336e-09,-4.28614e-09,0.0181095
1.75656e+09,-2.24171e-09,-8.0357e-09,0.0170442
1.75656e+09,-1.88347e-09,-9.39906e-09,0.00639159
1.75656e+09,-3.56577e-09,-1.03163e-08,0.00639159
1.75656e+09,-5.07394e-09,-1.2278e-08,0.00639159
1.75656e+09,-1.39451e-09,-1.36619e-08,-0.00426106
1.75656e+09,1.22107e-09,-9.45882e-09,-0.0127832
1.75656e+09,3.86151e-09,-7.48384e-09,-0.0149137
1.75656e+09,-9.68788e-09,-4.64641e-09,-0.0223706
1.75656e+09,1.90092e-09,-3.17354e-10,-0.0106526
1.75656e+09,3.58939e-09,-2.62399e-09,-0.00745685
1.75656e+09,5.21707e-10,-2.61557e-09,-0.0138484
1.75656e+09,-5.56961e-09,1.13085e-09,-0.0213053
1.75656e+09,1.88749e-10,9.63305e-10,-0.0106526
1.75656e+09,-5.02137e-10,-3.75279e-09,-0.00958738
1.75656e+09,2.00674e-09,4.30812e-09,-0.00639159
1.75656e+09,1.00802e-08,4.10829e-09,-0.00106526
1.75656e+09,7.54256e-09,1.87631e-08,-0.00319579
1.75656e+09,-2.33673e-09,8.62384e-09,-0.00426106
1.75656e+09,2.80749e-09,3.54536e-09,0.00319579
1.75656e+09,-3.27791e-09,6.3194e-09,0.0149137
1.75656e+09,2.0465e-09,5.5478e-09,0.00745685
1.75656e+09,2.37896e-09,3.09576e-09,0.0149137
1.75656e+09,6.55629e-10,3.08567e-09,0.0181095
1.75656e+09,-1.87584e-09,8.91082e-09,0.0138484
1.75656e+09,-3.86235e-09,1.12656e-08,0.0127832
1.75656e+09,6.95703e-09,1.01125e-08,0.0127832
1.75656e+09,-1.40863e-09,1.81519e-09,0.00319579
1.75656e+09,6.51496e-09,-4.98601e-09,0.00319579
1.75656e+09,-3.69016e-09,1.91246e-12,0.00639159
1.75656e+09,-6.02005e-10,-3.39951e-10,-0.0170442
1.75656e+09,-5.24255e-09,-3.60779e-09,-0.0106526
1.75656e+09,1.46512e-09,1.78369e-09,-0.015979
1.75656e+09,1.84698e-09,-8.22416e-09,-0.00745685
1.75656e+09,-8.10551e-10,1.96222e-09,-0.0181095
1.75656e+09,7.56e-09,5.92311e-09,-0.0127832
1.75656e+09,4.03213e-09,-1.74588e-09,-0.02024
1.75656e+09,-3.58991e-09,5.80971e-09,-0.0191748
1.75656e+09,3.18241e-09,1.02901e-08,-0.0127832
1.75656e+09,8.1737e-09,5.75735e-09,-0.0170442
1.75656e+09,-9.6959e-10,4.45523e-09,-0.00958738
1.75656e+09,-7.84982e-10,1.65966e-09,-0.00745685
1.75656e+09,-4.10949e-09,4.76602e-09,-0.0191748
1.75656e+09,-8.49322e-09,-1.51855e-09,-0.00958738
1.75656e+09,3.12701e-10,6.19119e-09,-0.00532632
1.75656e+09,3.12701e-10,6.19119e-09,-0.00532632
1.75656e+09,-3.12208e-09,2.78899e-09,0.00639159
1.75656e+09,-7.99368e-11,6.16016e-10,0.00532632
1.75656e+09,-6.77016e-09,-8.10855e-09,0.00852211
1.75656e+09,-4.39735e-09,-7.44571e-09,0.0106526
1.75656e+09,-4.89613e-09,-1.73926e-09,0.0255663
1.75656e+09,-4.56097e-09,1.66586e-09,0.0181095
1.75656e+09,-1.173e-09,-4.99419e-09,0.0149137
1.75656e+09,-2.25649e-09,6.0155e-09,0.00852211
1.75656e+09,-1.0777e-09,-1.12538e-09,0.00958738
1.75656e+09,-3.73854e-09,-1.57479e-09,0.0138484
1.75656e+09,8.13745e-09,-7.46115e-09,0.00106526
1.75656e+09,1.10649e-10,-8.68468e-09,-0.0106526
1.75656e+09,-8.76463e-10,-3.5353e-09,0.00426106
1.75656e+09,3.30012e-09,-8.39425e-09,-0.00852211
1.75656e+09,-5.87055e-09,-1.11295e-08,-0.0191748
1.75656e+09,-6.08615e-09,-9.15892e-09,-0.0149137
1.75656e+09,1.99351e-09,-1.06427e-08,-0.0149137
1.75656e+09,3.86431e-09,-6.57336e-09,-0.0191748
1.75656e+09,-6.55241e-09,-6.86422e-09,-0.015979
1.75656e+09,-9.27575e-09,-1.04663e-08,-0.02024
1.75656e+09,-1.78133e-10,-5.79399e-09,-0.0127832
1.75656e+09,4.53959e-09,-6.86792e-09,-0.015979
1.75656e+09,-3.52061e-09,-6.70966e-09,-0.00106526
1.75656e+09,2.85649e-09,4.25687e-09,-0.00958738
1.75656e+09,-2.21831e-09,5.40733e-09,-0.00213053
1.75656e+09,6.23211e-10,-2.64947e-10,-0.00319579
1.75656e+09,-4.58147e-09,-1.54491e-09,0.00319579
1.75656e+09,-6.61946e-09,-8.64966e-09,0.00213053
1.75656e+09,-1.0478e-08,-1.01137e-08,0.0149137
1.75656e+09,-7.3868e-09,-8.76986e-09,0.00319579
1.75656e+09,-2.80358e-09,-1.00162e-08,0.0191748
1.75656e+09,-9.60445e-09,-9.38423e-09,0.0127832
1.75656e+09,1.39815e-09,-2.86957e-09,0.015979
1.75656e+09,-2.7058e-09,-8.61662e-09,0.0117179
1.75656e+09,-5.87008e-09,-1.56006e-08,0.00958738
1.75656e+09,-1.29685e-09,-1.44286e-08,0.0245011
1.75656e+09,-3.55335e-09,-1.47701e-08,-0.00639159
1.75656e+09,-1.05331e-08,-1.09431e-08,0.00852211
1.75656e+09,1.63743e-09,-1.45285e-08,-0.00319579
1.75656e+09,1.63743e-09,-1.45285e-08,-0.00319579
1.75656e+09,-4.25408e-09,-1.80714e-08,-0.0106526
1.75656e+09,-4.25574e-09,-1.3556e-08,-0.00213053
1.75656e+09,-8.69664e-10,-1.70608e-08,-0.02024
1.75656e+09,-1.1035e-09,-1.65757e-08,-0.0149137
1.75656e+09,-3.54543e-09,-1.7076e-08,-0.0213053
1.75656e+09,-8.50588e-09,-1.12276e-08,-0.0234358
1.75656e+09,-3.02342e-09,-1.3955e-08,-0.0234358
1.75656e+09,-2.98222e-09,-1.32229e-08,-0.0276969
1.75656e+09,-6.86561e-09,-8.86804e-09,-0.0170442
1.75656e+09,-1.05389e-08,-2.10205e-08,-0.0149137
1.75656e+09,-5.34576e-09,-1.27407e-08,-0.0170442
1.75656e+09,-4.03907e-09,-7.83667e-09,-0.0149137
1.75656e+09,4.20973e-11,-1.21193e-08,-0.0127832
1.75656e+09,6.9449e-10,-9.18306e-09,-0.00745685
1.75656e+09,-5.11993e-09,-1.12696e-08,-0.00532632
1.75656e+09,-1.08094e-09,-5.59229e-09,0.0117179
1.75656e+09,-5.74081e-09,-7.81936e-09,0.0149137
1.75656e+09,-2.21023e-09,7.40742e-10,0.0149137
1.75656e+09,5.16434e-09,7.49511e-09,0.0149137
1.75656e+09,-8.54015e-09,1.56449e-09,0.0117179
1.75656e+09,2.05497e-09,-2.10798e-09,0.00426106
1.75656e+09,-4.60787e-09,-5.26353e-09,0.00852211
1.75656e+09,4.78915e-09,-2.17394e-09,0.00639159
1.75656e+09,3.42301e-09,1.90439e-09,0.00319579
1.75656e+09,-4.05336e-10,-1.34785e-08,-0.00106526
1.75656e+09,-2.86947e-09,-7.0695e-09,-0.00213053
1.75656e+09,-1.26872e-09,-1.10433e-08,-0.00745685
1.75656e+09,-3.8837e-09,-8.22285e-09,-0.0191748
1.75656e+09,-8.30357e-09,-5.81155e-09,-0.00745685
1.75656e+09,9.17278e-09,-8.9887e-09,-0.0127832
1.75656e+09,4.32163e-10,2.2941e-09,-0.0127832
1.75656e+09,1.41094e-09,2.18361e-09,-0.015979
1.75656e+09,2.10676e-09,-6.28773e-09,-0.00958738
1.75656e+09,-3.56053e-09,-4.19829e-09,-0.0234358
1.75656e+09,6.64553e-09,-1.19404e-09,-0.0223706
1.75656e+09,-5.91065e-10,-7.89943e-09,-0.0245011
1.75656e+09,-3.71711e-09,-1.8322e-09,-0.0149137
1.75656e+09,-3.88327e-09,-4.57359e-10,-0.00426106
1.75656e+09,-5.63262e-09,9.51069e-09,-0.00213053
1.75656e+09,-2.4647e-09,5.86867e-10,-0.00213053
1.75656e+09,-4.03459e-10,-3.63156e-09,0.00213053
1.75656e+09,-2.01865e-09,4.50057e-09,0.00532632
1.75656e+09,-4.68851e-09,6.19195e-09,0.00106526
1.75656e+09,-8.15506e-09,-1.78211e-09,0.00852211
1.75656e+09,-2.51113e-09,5.35619e-09,0.00852211
1.75656e+09,2.15809e-10,-5.35741e-09,0.00852211
1.75656e+09,-1.53783e-09,1.63095e-09,0.0170442
1.75656e+09,3.55192e-09,-1.63242e-09,0.0117179
1.75656e+09,-1.17981e-10,-9.71596e-09,0.00106526
1.75656e+09,-6.94321e-09,-3.85452e-09,-0.00319579
1.75656e+09,-2.68061e-10,-6.38709e-09,0
1.75656e+09,6.67823e-09,-8.21882e-11,-0.00213053
1.75656e+09,-3.06285e-09,-1.44529e-10,0.00213053
1.75656e+09,3.4848e-09,-7.06244e-09,-0.00958738
1.75656e+09,-5.59279e-09,-7.47061e-09,-0.00852211
1.75656e+09,1.13402e-09,-6.96165e-09,-0.00745685
1.75656e+09,5.83875e-09,-4.23754e-09,-0.0191748
1.75656e+09,4.66396e-09,9.88807e-10,-0.0245011
1.75656e+09,-6.11373e-09,4.12362e-09,-0.0106526
1.75656e+09,-4.53768e-09,7.97444e-10,-0.0319579
1.75656e+09,-1.6546e-10,5.72367e-09,-0.0223706
1.75656e+09,6.41147e-09,1.43258e-08,-0.0106526
1.75656e+09,2.84089e-09,7.24514e-09,-0.0138484
1.75656e+09,1.23253e-09,2.12564e-09,-0.0170442
1.75656e+09,8.3452e-09,7.76191e-09,0.00426106
1.75656e+09,-1.28415e-09,1.48717e-08,-0.00426106
1.75656e+09,-7.57241e-09,6.22113e-09,0.00319579
1.75656e+09,8.39139e-09,1.51526e-08,0.00852211
1.75656e+09,7.38081e-09,1.43653e-08,0.00639159
1.75656e+09,7.96262e-09,1.07613e-08,0.0138484
1.75656e+09,7.87043e-09,7.91754e-09,0.02024
1.75656e+09,-4.53018e-09,1.06009e-08,0.0181095
1.75656e+09,3.36967e-09,1.46155e-08,0.0127832
1.75656e+09,3.48945e-09,3.56707e-09,0.0127832
1.75656e+09,3.75896e-09,4.28762e-09,0.00639159
1.75656e+09,3.83694e-09,5.55935e-09,0.00639159
1.75656e+09,5.00844e-09,3.64093e-09,0.00852211
1.75656e+09,3.88008e-09,2.64077e-09,-0.00426106
1.75656e+09,3.94599e-09,-2.47964e-09,-0.00745685
1.75656e+09,3.34941e-10,9.88635e-09,-0.00852211
1.75656e+09,1.10408e-08,-1.66514e-09,-0.00852211
1.75656e+09,1.89542e-09,-4.1186e-09,-0.02024
1.75656e+09,4.55405e-09,5.40688e-09,-0.0213053
1.75656e+09,5.00021e-09,7.84528e-09,-0.0170442
1.75656e+09,6.44281e-09,1.17668e-08,-0.0191748
1.75656e+09,-3.24737e-09,1.7836e-09,-0.0223706
1.75656e+09,9.8386e-09,1.22806e-08,-0.0234358
1.75656e+09,1.19153e-08,5.49329e-09,-0.0276969
1.75656e+09,8.06938e-09,1.65323e-08,-0.0117179
1.75656e+09,6.98988e-09,1.73443e-08,-0.0117179
1.75656e+09,8.05478e-09,4.81971e-09,-0.0223706
1.75656e+09,1.48148e-08,1.50983e-08,-0.00106526
1.75656e+09,7.33114e-09,1.24996e-08,0.00852211
1.75656e+09,9.2539e-09,8.54643e-09,0.00639159
1.75656e+09,-2.77572e-09,1.76986e-09,0.00639159
1.75656e+09,-1.19763e-09,-2.96574e-10,0.00426106
1.75656e+09,-3.70057e-09,-5.82835e-09,0.0181095
1.75656e+09,-2.75102e-09,-6.98031e-09,0.0223706
1.75656e+09,5.40441e-10,-1.19476e-08,0.00852211
1.75656e+09,-8.27657e-09,-8.75264e-09,0.015979
1.75656e+09,-9.26091e-09,-1.21644e-08,0.0191748
1.75656e+09,-3.18784e-09,-1.30978e-08,-0.00426106
1.75656e+09,-5.42518e-09,-1.04515e-08,0.00639159
1.75656e+09,3.21351e-09,-1.23557e-08,0.0181095
1.75656e+09,-4.47561e-09,-1.3492e-08,0.00106526
1.75656e+09,-1.18053e-09,-8.93457e-09,-0.00532632
1.75656e+09,-5.88652e-09,-1.51112e-08,0
1.75656e+09,-9.10121e-09,-1.32715e-08,-0.0138484
1.75656e+09,-2.90538e-09,-1.10733e-08,0.00958738
1.75656e+09,-3.07639e-10,-1.25304e-08,-0.0127832
1.75656e+09,3.59836e-09,-1.36374e-08,-0.0106526
1.75656e+09,-2.90125e-09,-6.49188e-09,-0.0106526
1.75656e+09,4.64252e-09,-9.77926e-09,-0.0181095
1.75656e+09,-8.52799e-09,-1.04538e-08,-0.0223706
1.75656e+09,-9.29596e-09,3.24294e-09,-0.0191748
1.75656e+09,-3.23643e-09,-3.05908e-09,-0.0149137
1.75656e+09,-6.22253e-09,-1.12e-08,-0.0149137
1.75656e+09,8.16452e-10,-1.30549e-09,-0.00745685
1.75656e+09,-1.21195e-08,-4.00074e-09,-0.00745685
1.75656e+09,4.74113e-11,-5.87744e-09,-0.00319579
1.75656e+09,6.75475e-09,-6.2702e-10,0.00213053
1.75656e+09,-9.74459e-09,-8.84191e-09,0.00852211
1.75656e+09,5.77769e-10,-1.05545e-08,0.0127832
1.75656e+09,-5.55592e-09,-1.00483e-08,0.0245011
1.75656e+09,-9.33345e-09,-1.1039e-08,0.0106526
1.75656e+09,-3.15071e-09,-9.14314e-09,0.00532632
1.75656e+09,-1.15473e-08,-1.06545e-08,0.015979
1.75656e+09,1.1766e-09,-1.88377e-09,0.00745685
1.75656e+09,-1.03996e-09,1.10478e-09,0.0149137
1.75656e+09,-6.21454e-09,-6.87726e-09,-0.00106526
1.75656e+09,1.28203e-09,-8.27147e-09,0.00639159
1.75656e+09,-1.4696e-09,-4.74335e-09,0.00213053
1.75656e+09,1.47574e-09,1.25996e-09,-0.00852211
1.75656e+09,1.71746e-09,-1.39323e-08,-0.00852211
1.75656e+09,4.89582e-09,-1.88816e-10,-0.0106526
1.75656e+09,3.98236e-10,-1.03845e-08,-0.0106526
1.75656e+09,-1.32898e-10,2.58871e-09,-0.00958738
1.75656e+09,0.0444379,-0.00317382,-0.0117179
1.75656e+09,0.135291,0.00182476,-0.00745685
1.75656e+09,0.135291,0.00182476,-0.00745685
1.75656e+09,0.135291,0.00182476,-0.00745685
1.75656e+09,0.135291,0.00182476,-0.00745685
1.75656e+09,0.0435097,-0.00949154,-0.0223706
1.75656e+09,0.105197,-0.0118893,-0.0351537
1.75656e+09,0.403468,-0.00484991,-0.0255663
1.75656e+09,0.160838,-0.0141744,-0.0223706
1.75656e+09,0.0600639,0.0150271,-0.0138484
1.75656e+09,0.00956974,0.0259342,-0.0500674
1.75656e+09,0.0806466,-0.00955216,-0.0383495
1.75656e+09,0.115254,-0.0109937,-0.0394148
1.75656e+09,0.204466,-0.0343149,-0.0319579
1.75656e+09,0.202045,-0.0360315,-0.0298274
1.75656e+09,0.117306,-0.0186096,-0.0532632
1.75656e+09,0.076107,0.0101452,-0.056459
1.75656e+09,0.127413,-0.00279643,-0.072438
1.75656e+09,0.125316,-0.00926024,-0.0692422
1.75656e+09,0.16959,-0.0538309,-0.0500674
1.75656e+09,0.177419,-0.0306291,-0.0575243
1.75656e+09,0.171816,-0.0158991,-0.0585895
1.75656e+09,0.141495,-0.00897,-0.0660464
1.75656e+09,0.156909,0.000738778,-0.0735032
1.75656e+09,0.167066,-0.013146,-0.0777643
1.75656e+09,0.235835,-0.0135294,-0.0820253
1.75656e+09,0.234466,-0.0138267,-0.0948085
1.75656e+09,0.220686,-0.0273956,-0.0958738
1.75656e+09,0.21722,-0.0188524,-0.0958738
1.75656e+09,0.218037,-0.0131613,-0.103331
1.75656e+09,0.236822,-0.0164774,-0.103331
1.75656e+09,0.229321,-0.036656,-0.111853
1.75656e+09,0.226089,-0.0878224,-0.0809601
1.75656e+09,0.245201,-0.0696551,-0.0862864
1.75656e+09,0.276497,-0.0573307,-0.0820253
1.75656e+09,0.257136,-0.0426678,-0.0703074
1.75656e+09,0.265171,-0.0241003,-0.0628506
1.75656e+09,0.2984,-0.0141567,-0.0500674
1.75656e+09,0.317829,-0.0136212,-0.0458064
1.75656e+09,0.331703,-0.0209331,-0.0553937
1.75656e+09,0.312004,-0.0336831,-0.0607201
1.75656e+09,0.310052,-0.00557404,-0.0223706
1.75656e+09,0.317104,-0.0010074,-0.0213053
1.75656e+09,0.321389,0.0089061,-0.00106526
1.75656e+09,0.3555,0.0329462,-0.0298274
1.75656e+09,0.346621,0.0272643,-0.0426106
1.75656e+09,0.375763,-0.0108588,-0.0490022
1.75656e+09,0.366188,-0.0242781,-0.0319579
1.75656e+09,0.321139,-0.0117019,-0.015979
1.75656e+09,0.29437,0.0138946,-0.00852211
1.75656e+09,0.349644,-0.0122416,-0.00745685
1.75656e+09,0.375033,0.00947294,-0.00852211
1.75656e+09,0.361203,0.00392471,0.0308927
1.75656e+09,0.371763,-0.0142622,0.0138484
1.75656e+09,0.380786,-0.0143488,0.0415453
1.75656e+09,0.35994,0.0094333,0.0511327
1.75656e+09,0.33473,0.0195921,0.0468716
1.75656e+09,0.34366,0.0195407,0.0308927
1.75656e+09,0.354261,0.0116826,0.0181095
1.75656e+09,0.383358,0.00813428,0.0170442
1.75656e+09,0.373787,-0.00760321,0.0181095
1.75656e+09,0.336925,-0.0212861,-0.00745685
1.75656e+09,0.319977,-0.00710174,0.00639159
1.75656e+09,0.309602,0.0149497,0.0213053
1.75656e+09,0.312791,0.016637,0.0479369
1.75656e+09,0.389909,0.0149145,0.0596548
1.75656e+09,0.402724,-0.0100358,0.0511327
1.75656e+09,0.484356,-0.00383018,0.0426106
1.75656e+09,0.457827,-0.00962108,0.0319579
1.75656e+09,0.461792,0.00806936,0.0394148
1.75656e+09,0.451528,-0.0025331,-0.00426106
1.75656e+09,0.480894,0.00220463,0.0106526
1.75656e+09,0.502259,0.0145881,0.00532632
1.75656e+09,0.476616,0.00401061,0.0106526
1.75656e+09,0.485187,0.00979561,-0.00319579
1.75656e+09,0.491445,0.00430277,-0.0138484
1.75656e+09,0.5167,-0.00139666,-0.036219
1.75656e+09,0.533986,0.000561822,-0.0436758
1.75656e+09,0.539361,0.00498826,-0.036219
1.75656e+09,0.56483,-0.00584606,-0.0255663
1.75656e+09,0.554711,-0.00646115,-0.0245011
1.75656e+09,0.534198,0.0058053,-0.0234358
1.75656e+09,0.574879,-0.000338078,-0.0394148
1.75656e+09,0.581955,0.00907076,-0.0426106
1.75656e+09,0.595887,0.00816237,-0.0500674
1.75656e+09,0.586121,-0.00270863,-0.0585895
1.75656e+09,0.575076,-0.00360294,-0.0639159
1.75656e+09,0.573498,-0.0137302,-0.0383495
1.75656e+09,0.585774,-0.00279864,-0.056459
1.75656e+09,0.606514,0.00199857,-0.056459
1.75656e+09,0.631904,-0.00061396,-0.0426106
1.75656e+09,0.603687,-0.0313552,-0.0500674
1.75656e+09,0.590824,-0.0234819,-0.0372843
1.75656e+09,0.584689,-0.0240834,-0.0266316
1.75656e+09,0.61801,-0.0111437,-0.0213053
1.75656e+09,0.639288,-0.0088349,-0.0127832
1.75656e+09,0.632189,-0.00203847,-0.0138484
1.75656e+09,0.60048,-0.00321889,-0.00319579
1.75656e+09,0.582059,-0.00315991,0.00106526
1.75656e+09,0.63037,-0.00181219,0.00532632
1.75656e+09,0.638798,-0.0307089,-0.00852211
1.75656e+09,0.67976,-0.0171246,-0.015979
1.75656e+09,0.721105,-0.0543194,0.02024
1.75656e+09,0.598823,-0.0401045,0.0820253
1.75656e+09,0.572024,-0.0477798,0.0703074
1.75656e+09,0.618002,-0.0736429,0.0681769
1.75656e+09,0.677204,-0.103657,0.096939
1.75656e+09,0.66902,-0.0358506,0.0287621
1.75656e+09,0.698634,0.0881945,0.0671116
1.75656e+09,0.639304,0.0725626,0.105461
1.75656e+09,0.44675,0.241055,0.201335
1.75656e+09,0.832559,0.347269,0.237554
1.75656e+09,0.727098,0.25081,0.129962
1.75656e+09,0.616343,0.211369,0.176834
1.75656e+09,0.656116,0.0591197,0.197074
1.75656e+09,0.738011,0.0698646,0.233293
1.75656e+09,0.878612,0.106343,0.24075
1.75656e+09,0.884294,0.0757893,0.224771
1.75656e+09,0.686996,0.128906,0.20027
1.75656e+09,0.656164,0.055225,0.155529
1.75656e+09,0.561495,-0.0514259,0.13955
1.75656e+09,0.717207,-0.111108,0.166181
1.75656e+09,0.872343,-0.110656,0.144876
1.75656e+09,0.755446,-0.0694177,0.0692422
1.75656e+09,0.167925,-0.115713,0.02024
1.75656e+09,0.522851,-0.0631089,0.00319579
1.75656e+09,0.714585,-0.0325724,-0.0351537
1.75656e+09,0.703791,-0.0331959,-0.0745685
1.75656e+09,0.692838,-0.045165,-0.0905475
1.75656e+09,0.647122,-0.016981,-0.128897
1.75656e+09,0.743234,-0.0541365,-0.148072
1.75656e+09,0.754181,-0.00510521,-0.155529
1.75656e+09,0.757099,-0.00129207,-0.150202
1.75656e+09,0.73088,-0.0550429,-0.190682
1.75656e+09,0.733109,-0.0685086,-0.194943
1.75656e+09,0.762674,-0.0138361,-0.187487
1.75656e+09,-0.119887,0.0214628,-0.150202
1.75656e+09,0.465921,0.0157196,-0.124636
1.75656e+09,0.707037,-0.00480492,-0.148072
1.75656e+09,0.837653,0.0292214,-0.134223
1.75656e+09,0.86899,0.0177891,-0.138484
1.75656e+09,0.827487,0.0308288,-0.105461
1.75656e+09,0.784526,0.00888918,-0.072438
1.75656e+09,0.726348,-0.00130188,-0.072438
1.75656e+09,0.743754,-0.0215777,-0.0905475
1.75656e+09,0.770415,-0.00849457,-0.0894822
1.75656e+09,0.768869,0.0161422,-0.0841559
1.75656e+09,0.756565,0.00515523,-0.0543285
1.75656e+09,0.81032,0.0314426,-0.0553937
1.75656e+09,0.831899,0.0508792,-0.0660464
1.75656e+09,0.782822,0.0147625,-0.1012
1.75656e+09,0.752604,0.0099397,-0.0458064
1.75656e+09,0.7569,0.0499065,-0.0436758
1.75656e+09,0.774368,0.0669377,-0.0191748
1.75656e+09,0.771605,0.0421354,-0.103331
1.75656e+09,0.774771,0.0377016,-0.103331
1.75656e+09,0.711954,-0.00182888,-0.110787
1.75656e+09,0.714062,0.0281693,-0.0639159
1.75656e+09,0.697295,0.0191305,-0.076699
1.75656e+09,0.686232,-0.00639676,-0.0575243
1.75656e+09,0.645875,-0.00375807,-0.0788296
1.75656e+09,0.670448,-0.0147308,-0.0681769
1.75656e+09,0.75458,0.00138726,-0.0308927
1.75656e+09,0.771052,-0.0135251,-0.0234358
1.75656e+09,0.818853,-0.00788928,0.015979
1.75656e+09,0.896643,0.0181046,0.0330232
1.75656e+09,0.905134,0.0671284,0.0213053
1.75656e+09,0.863358,0.0172394,-0.00213053
1.75656e+09,0.813464,-0.0104731,-0.00213053
1.75656e+09,0.830766,-0.0250042,0.0553937
1.75656e+09,0.803269,-0.0282014,0.0575243
1.75656e+09,0.837277,-0.0448854,0.0937433
1.75656e+09,0.938324,-0.025308,0.092678
1.75656e+09,0.958665,-0.0186096,0.092678
1.75656e+09,0.940732,-0.0131007,0.0575243
1.75656e+09,0.882807,0.0114004,0.0990696
1.75656e+09,0.818496,0.00801492,0.135289
1.75656e+09,0.806154,-0.0797782,0.138484
1.75656e+09,0.948828,-0.0370643,0.126766
1.75656e+09,0.978372,-0.0326101,0.076699
1.75656e+09,0.944987,-0.0547886,0.0841559
1.75656e+09,0.807675,-0.0848009,0.117179
1.75656e+09,0.767401,-0.147273,0.117179
1.75656e+09,0.777959,-0.123223,0.20027
1.75656e+09,0.81879,-0.0590641,-0.13955
1.75656e+09,0.801196,-0.066428,0.0138484
1.75656e+09,0.892868,0.0704907,-0.0276969
1.75656e+09,0.0191345,0.00273292,-0.184291
1.75656e+09,0.00196227,0.00143878,-0.221575
1.75656e+09,-0.00104498,0.00108782,-0.26312
1.75656e+09,0.777712,-0.741517,-0.295078
1.75656e+09,0.751714,-0.805789,-0.381365
1.75656e+09,0.854856,0.0270116,-0.470847
1.75656e+09,1.18579,0.29997,-0.4048
1.75656e+09,1.20549,0.397771,-0.357929
1.75656e+09,1.13278,0.0955314,-0.338754
1.75656e+09,1.05904,0.116099,-0.309992
1.75656e+09,0.986496,0.0674254,-0.295078
1.75656e+09,0.986755,-0.0556672,-0.142745
1.75656e+09,0.93729,-0.0591784,-0.129962
1.75656e+09,0.873323,0.0077484,-0.144876
1.75656e+09,0.465415,-0.0524588,-0.156594
1.75656e+09,0.349813,-0.0458873,-0.136354
1.75656e+09,0.237218,-0.0911371,-0.138484
1.75656e+09,0.0897643,-0.134447,-0.096939
1.75656e+09,-0.0625404,-0.2269,-0.0458064
1.75656e+09,-0.0779109,-0.212233,-0.0458064
1.75656e+09,-0.147406,-0.196439,-0.100135
1.75656e+09,0.637566,-0.0449117,-0.0873517
1.75656e+09,0.855969,0.0222229,-0.111853
1.75656e+09,0.949484,0.0278891,-0.109722
1.75656e+09,0.98715,0.0343755,-0.0862864
1.75656e+09,0.456882,-0.0818228,-0.0894822
1.75656e+09,0.0811885,-0.0998585,-0.100135
1.75656e+09,0.366466,-0.084228,-0.0703074
1.75656e+09,0.750515,-0.120794,-0.0937433
1.75656e+09,1.06558,-0.0532719,-0.0671116
1.75656e+09,0.815213,-0.0692399,-0.0607201
1.75656e+09,0.747111,-0.0710228,-0.0607201
1.75656e+09,0.400167,-0.0412567,0.056459
1.75656e+09,0.77138,-0.0582225,0.0447411
1.75656e+09,0.865092,-0.085766,0.0745685
1.75656e+09,0.97869,-0.0502027,0.0500674
1.75656e+09,1.01235,-0.0457721,0.0649811
1.75656e+09,1.13465,-0.0987065,0.126766
1.75656e+09,1.02699,-0.113684,0.106526
1.75656e+09,0.797829,-0.151213,0.107592
1.75656e+09,0.871165,-0.14897,0.0681769
1.75656e+09,0.910805,-0.115714,0.0490022
1.75656e+09,0.952612,-0.0994768,0.0671116
1.75656e+09,0.868343,-0.105219,0.0490022
1.75656e+09,0.848501,-0.108835,0.0479369
1.75656e+09,0.909875,-0.0806213,0.0447411
1.75656e+09,0.942072,-0.0646052,0.036219
1.75656e+09,0.96081,-0.0729749,0.0287621
1.75656e+09,0.0304166,0.000650304,0.015979
1.75656e+09,0.0118588,0.00199131,0.0149137
1.75656e+09,0.00824795,0.00206088,0.0649811
1.75656e+09,0.00796182,0.00209203,-0.216249
1.75656e+09,0.0078706,0.00233107,-0.243946
1.75656e+09,0.00768487,0.00294098,-0.191748
1.75656e+09,0.00724588,0.00295135,-0.213053
1.75656e+09,0.00731923,0.00403026,-0.0500674
1.75656e+09,0.0069861,0.00473956,-0.125701
1.75656e+09,0.00667614,0.00482594,-0.0330232
1.75656e+09,0.0064854,0.004721,-0.0287621
1.75656e+09,0.634816,-0.442899,0.0980043
1.75656e+09,0.700149,-0.198287,0.169377
1.75656e+09,0.71607,-0.0599581,0.148072
1.75656e+09,0.669706,0.251947,0.151268
1.75656e+09,0.57654,0.303961,0.155529
1.75656e+09,0.57255,0.235496,0.188552
1.75656e+09,0.594492,-0.0462659,0.223706
1.75656e+09,0.626751,-0.276352,0.209857
1.75656e+09,0.665144,-0.326381,0.208792
1.75656e+09,0.604709,-0.501094,0.239684
1.75656e+09,0.650275,-0.261826,0.234358
1.75656e+09,0.633556,-0.187843,0.231162
1.75656e+09,0.544417,-0.141458,0.170442
1.75656e+09,0.49702,-0.107059,0.110787
1.75656e+09,0.497827,0.00975318,0.122505
1.75656e+09,0.501273,0.0709238,0.118244
1.75656e+09,0.46561,0.0747057,0.072438
1.75656e+09,0.493838,0.0717039,0.0692422
1.75656e+09,0.496825,0.0361772,0.0713727
1.75656e+09,0.463641,0.0304565,0.0649811
1.75656e+09,0.433056,0.0687802,0.0617853
1.75656e+09,0.415922,0.0851386,0.0713727
1.75656e+09,0.395957,0.0764441,0.0585895
1.75656e+09,0.427812,0.0582576,0.0543285
1.75656e+09,0.429404,0.0536844,0.0628506
1.75656e+09,0.394874,0.00303666,0.0937433
1.75656e+09,0.40843,-0.0239779,0.0809601
1.75656e+09,0.414256,-0.0667777,0.102265
1.75656e+09,0.399512,0.000126344,0.109722
1.75656e+09,0.363421,0.0175099,0.12144
1.75656e+09,0.317574,0.0114547,0.120375
1.75656e+09,0.315567,0.00226072,0.127832
1.75656e+09,0.313587,-0.0370385,0.14168
1.75656e+09,0.322058,-0.0386716,0.15979
1.75656e+09,0.252488,-0.0330002,0.140615
1.75656e+09,0.238776,-0.0173563,0.126766
1.75656e+09,0.294653,0.0126227,0.100135
1.75656e+09,0.263332,0.0340407,0.109722
1.75656e+09,0.290978,0.0177678,0.122505
1.75656e+09,0.266204,0.00457992,0.126766
1.75656e+09,0.249188,0.00319799,0.128897
1.75656e+09,0.251174,0.0046313,0.131028
1.75656e+09,0.208016,0.015902,0.11931
1.75656e+09,0.231449,0.0251996,0.113983
1.75656e+09,0.244107,0.0189956,0.124636
1.75656e+09,0.186715,0.00225182,0.135289
1.75656e+09,0.145719,0.0191454,0.126766
1.75656e+09,0.134072,0.0269587,0.124636
1.75656e+09,0.15173,0.0228809,0.0990696
1.75656e+09,0.174925,0.0261316,0.0916127
1.75656e+09,0.193964,0.0456267,0.0884169
1.75656e+09,0.169738,0.0226391,0.110787
1.75656e+09,0.136302,0.0153417,0.0990696
1.75656e+09,0.115482,0.0287039,0.0990696
1.75656e+09,0.122464,0.0230657,0.0894822
1.75656e+09,0.093837,0.0356846,0.0852211
1.75656e+09,0.167008,0.0129841,0.0841559
1.75656e+09,0.183094,0.00512735,0.0958738
1.75656e+09,0.0970813,-0.00193058,0.103331
1.75656e+09,0.0757941,0.00483156,0.108657
1.75656e+09,0.0556546,0.0113705,0.0958738
1.75656e+09,0.0599683,0.0241255,0.092678
1.75656e+09,0.0599683,0.0241255,0.092678
1.75656e+09,0.124559,0.00479112,0.0862864
1.75656e+09,0.0552228,0.0262317,0.1012
1.75656e+09,0.0486539,0.0298615,0.0905475
1.75656e+09,0.0349774,0.0331417,0.0916127
1.75656e+09,0.0436308,0.00154634,0.226901
1.75656e+09,0.0832133,-0.0249656,0.224771
1.75656e+09,0.10137,-0.0308227,0.208792
1.75656e+09,0.0490822,-0.039231,0.183225
1.75656e+09,0.0325491,-0.0179336,0.171508
1.75656e+09,0.0145245,0.00559155,0.177899
1.75656e+09,0.0231659,-0.0140561,0.18216
1.75656e+09,0.056282,-0.0378641,0.208792
1.75656e+09,0.0525887,-0.0323209,0.230097
1.75656e+09,0.0213704,-0.00117758,0.236489
1.75656e+09,-0.0292106,-0.0152991,0.217314
1.75656e+09,-0.0396179,-0.0200235,0.176834
1.75656e+09,0.0149283,0.00819918,0.169377
1.75656e+09,0.0624154,0.037819,0.169377
1.75656e+09,0.0412265,0.0470368,0.156594
1.75656e+09,-0.0155116,0.00724543,0.151268
1.75656e+09,-0.036407,0.00246724,0.157659
1.75656e+09,-0.037572,0.00918825,0.154463
1.75656e+09,-0.0353308,0.0294925,0.155529
1.75656e+09,0.0223073,0.0520586,0.147006
1.75656e+09,0.0278983,0.0257023,0.138484
1.75656e+09,-0.0174949,0.0103896,0.126766
1.75656e+09,-0.0397862,0.0163335,0.133158
1.75656e+09,-0.0329916,-0.00089592,0.150202
1.75656e+09,-0.0333249,0.00981178,0.148072
1.75656e+09,-0.000283742,0.045589,0.135289
1.75656e+09,0.010468,0.0507861,0.156594
1.75656e+09,-0.0982391,0.00683445,0.11931
1.75656e+09,-0.134726,-0.0168167,0.103331
1.75656e+09,-0.0609381,0.0281575,0.118244
1.75656e+09,-0.0317398,-0.00748414,0.125701
1.75656e+09,-0.0373822,0.000233602,0.123571
1.75656e+09,-0.0561728,0.00665615,0.092678
1.75656e+09,-0.0759208,-0.00554556,0.0980043
1.75656e+09,-0.0546487,0.00445068,0.100135
1.75656e+09,-0.0603536,0.00595675,0.100135
1.75656e+09,-0.0684391,-0.0293629,0.0777643
1.75656e+09,-0.0622854,-0.0447288,0.0649811
1.75656e+09,-0.0953004,-0.0453543,0.0415453
1.75656e+09,-0.0843268,-0.0378254,0.0660464
1.75656e+09,-0.0966623,-0.0512756,0.0681769
1.75656e+09,-0.0925059,-0.0122448,0.0543285
1.75656e+09,-0.0877218,-0.0140039,0.0596548
1.75656e+09,-0.0697632,-0.0125599,0.0660464
1.75656e+09,-0.102106,-0.0303778,0.0713727
1.75656e+09,-0.104478,-0.0307016,0.0990696
1.75656e+09,-0.101391,-0.0301593,0.0852211
1.75656e+09,-0.0853718,-0.018994,0.0873517
1.75656e+09,-0.0976803,-0.0217825,0.102265
1.75656e+09,-0.0637487,0.013846,0.0948085
1.75656e+09,-0.0763079,0.00493586,0.0958738
1.75656e+09,-0.0763883,0.00347729,0.100135
1.75656e+09,-0.0947416,0.0256218,0.0798948
1.75656e+09,-0.0874003,-0.0140409,0.0841559
1.75656e+09,-0.0721859,-0.0198889,0.104396
1.75656e+09,-0.0509548,-0.00396192,0.105461
1.75656e+09,-0.0702973,-0.00795399,0.0958738
1.75656e+09,-0.0533579,0.0190308,0.0884169
1.75656e+09,-0.0596975,0.0239896,0.0873517
1.75656e+09,-0.0617796,-6.09561e-05,0.113983
1.75656e+09,-0.0688615,-0.0185837,0.102265
1.75656e+09,-0.0412582,-0.0199953,0.096939
1.75656e+09,-0.0640869,0.006891,0.0777643
1.75656e+09,-0.0600698,0.0073133,0.108657
1.75656e+09,-0.0644415,0.00750749,0.108657
1.75656e+09,-0.0410825,-0.00367372,0.124636
1.75656e+09,-0.0402249,-0.029223,0.138484
1.75656e+09,-0.0589044,-0.028441,0.143811
1.75656e+09,-0.0610067,-0.0131005,0.157659
1.75656e+09,-0.0392833,-0.0215196,0.18216
1.75656e+09,-0.0440527,0.00441309,0.178964
1.75656e+09,-0.0456308,-0.00786013,0.189617
1.75656e+09,-0.0554897,-0.0121643,0.210922
1.75656e+09,-0.0437183,-0.0215182,0.203465
1.75656e+09,-0.0644923,-0.0480233,0.247141
1.75656e+09,-0.0402663,-0.0470357,0.112918
1.75656e+09,-0.0531273,-0.0054139,0.0511327
1.75656e+09,-0.0261878,0.106183,0.14168
1.75656e+09,-0.0528843,0.0891092,0.168312
1.75656e+09,-0.0817738,0.00328354,0.199204
1.75656e+09,-0.0886493,-0.000928931,0.203465
1.75656e+09,-0.0547788,0.0167756,0.221575
1.75656e+09,-0.0547979,0.00962584,0.204531
1.75656e+09,-0.0607759,-0.00910719,0.129962
1.75656e+09,-0.0768194,-0.0389524,0.1012
1.75656e+09,-0.0615408,-0.0415702,0.111853
1.75656e+09,-0.0543586,-0.0174483,0.092678
1.75656e+09,-0.025854,-0.00771598,0.105461
1.75656e+09,-0.0167041,-0.0134153,0.0948085
1.75656e+09,-0.0412921,-0.00364225,0.0862864
1.75656e+09,-0.0461364,0.00404066,0.0607201
1.75656e+09,-0.0595727,-0.0104317,0.0490022
1.75656e+09,-0.0371174,-0.0144568,-0.00213053
1.75656e+09,-0.0132909,-0.0067049,-0.00532632
1.75656e+09,-0.0151982,-0.00612616,-0.00319579
1.75656e+09,-0.0174597,0.00292383,-0.00745685
1.75656e+09,-0.0295172,0.00238925,-0.0223706
1.75656e+09,-0.0300239,0.00129768,-0.0223706
1.75656e+09,-0.0266736,0.0159333,-0.0213053
1.75656e+09,0.00158847,0.0294783,-0.0213053
1.75656e+09,0.000525319,0.00516738,-0.00639159
1.75656e+09,0.000293158,0.00019737,-0.0191748
1.75656e+09,0.000270927,4.45905e-05,-0.00852211
1.75656e+09,0.00026316,3.96725e-05,0.00213053
1.75656e+09,0.000248421,3.70321e-05,0.0245011
1.75656e+09,0.000234846,3.51077e-05,0.0383495
1.75656e+09,0.000228367,3.40219e-05,0.0319579
1.75656e+09,0.000216125,3.20775e-05,0.0490022
1.75656e+09,0.000204591,3.01246e-05,0.0575243
1.75656e+09,0.000193683,2.84902e-05,0.0585895
1.75656e+09,0.000188466,2.76996e-05,0.0500674
1.75656e+09,0.000178413,2.63496e-05,0.0585895
1.75656e+09,0.00017361,2.5792e-05,0.0607201
1.75656e+09,0.000164501,2.46741e-05,0.0692422
1.75656e+09,0.000155911,2.35621e-05,0.0703074
1.75656e+09,0.000151788,2.31117e-05,0.0628506
1.75656e+09,0.000143813,2.19481e-05,0.0553937
1.75656e+09,0.000139866,2.14314e-05,0.0436758
1.75656e+09,0.000132564,2.03672e-05,0.0543285
1.75656e+09,0.000125623,1.93465e-05,0.0383495
1.75656e+09,0.000119118,1.83448e-05,0.0287621
1.75656e+09,0.000116023,1.78662e-05,0.036219
1.75656e+09,0.000110013,1.70194e-05,0.0287621
1.75656e+09,0.000107197,1.66348e-05,0.0234358
1.75656e+09,0.00010171,1.57839e-05,0.0234358
1.75656e+09,9.65596e-05,1.50576e-05,0.0255663
1.75656e+09,9.17004e-05,1.43091e-05,0.00958738
1.75656e+09,8.9365e-05,1.39246e-05,0.02024
1.75656e+09,8.47609e-05,1.32056e-05,0.015979
1.75656e+09,8.03407e-05,1.25583e-05,0.0127832
1.75656e+09,7.8276e-05,1.22244e-05,0.0138484
1.75656e+09,7.42798e-05,1.15872e-05,0.0276969
1.75656e+09,7.04904e-05,1.09757e-05,0.0255663
1.75656e+09,6.86514e-05,1.06831e-05,0.0138484
1.75656e+09,6.50864e-05,1.01153e-05,0.0223706
1.75656e+09,6.33507e-05,9.82258e-06,0.02024
1.75656e+09,6.00367e-05,9.2879e-06,0.0287621
1.75656e+09,5.69274e-05,8.84572e-06,0.0149137
1.75656e+09,5.39623e-05,8.44921e-06,0.0106526
1.75656e+09,5.25266e-05,8.2148e-06,0.015979
1.75656e+09,4.96781e-05,7.805e-06,0.0117179
1.75656e+09,4.70049e-05,7.39201e-06,0.015979
1.75656e+09,4.57601e-05,7.24667e-06,0.00852211
1.75656e+09,4.32801e-05,6.90411e-06,0.0106526
1.75656e+09,4.09569e-05,6.57058e-06,0.0127832
1.75656e+09,3.98444e-05,6.38835e-06,0.00213053
1.75656e+09,3.76537e-05,6.08691e-06,0.00426106
1.75656e+09,3.6609e-05,5.9118e-06,-0.00106526
1.75656e+09,3.46274e-05,5.60214e-06,0.00319579
1.75656e+09,3.27923e-05,5.30312e-06,0.00213053
1.75656e+09,3.10364e-05,5.01531e-06,-0.00852211
1.75656e+09,3.01928e-05,4.88442e-06,-0.0138484
1.75656e+09,2.85662e-05,4.60121e-06,0
1.75656e+09,2.70367e-05,4.34369e-06,0.00639159
1.75656e+09,2.63289e-05,4.20557e-06,-0.00319579
1.75656e+09,2.49698e-05,3.95151e-06,0.00852211
1.75656e+09,2.36607e-05,3.73224e-06,0.0170442
1.75656e+09,2.30343e-05,3.61892e-06,0.0149137
1.75656e+09,2.18162e-05,3.42012e-06,0.00852211
1.75656e+09,2.06995e-05,3.23664e-06,0.0213053
1.75656e+09,2.01695e-05,3.14521e-06,0.0266316
1.75656e+09,1.91432e-05,2.97689e-06,0.0372843
1.75656e+09,1.81529e-05,2.80981e-06,0.0234358
1.75656e+09,1.76797e-05,2.73426e-06,0.0340885
1.75656e+09,1.67114e-05,2.58829e-06,0.0255663
1.75656e+09,1.58149e-05,2.45835e-06,0.0255663
1.75656e+09,1.5369e-05,2.37913e-06,0.0255663
1.75656e+09,1.45318e-05,2.25987e-06,0.0266316
1.75656e+09,1.37418e-05,2.14016e-06,0.0234358
1.75656e+09,1.33603e-05,2.07293e-06,0.015979
1.75656e+09,1.26357e-05,1.97801e-06,-0.00532632
1.75656e+09,1.19561e-05,1.8576e-06,-0.00319579
1.75656e+09,1.16276e-05,1.81314e-06,-0.00213053
1.75656e+09,1.09949e-05,1.70091e-06,-0.00319579
1.75656e+09,1.04044e-05,1.60595e-06,-0.00745685
1.75656e+09,1.01049e-05,1.56884e-06,-0.0149137
1.75656e+09,9.56398e-06,1.4778e-06,-0.0138484
1.75656e+09,9.31233e-06,1.44353e-06,-0.0234358
1.75656e+09,8.82268e-06,1.36107e-06,-0.0266316
1.75656e+09,8.37441e-06,1.29396e-06,-0.0117179
1.75656e+09,7.9276e-06,1.21867e-06,-0.00426106
1.75656e+09,7.73437e-06,1.19341e-06,-0.00319579
1.75656e+09,7.3413e-06,1.12653e-06,0.00106526
1.75656e+09,6.96828e-06,1.07038e-06,-0.00852211
1.75656e+09,6.79816e-06,1.04672e-06,0.00958738
1.75656e+09,6.47902e-06,1.00018e-06,-0.00532632
1.75656e+09,6.15889e-06,9.51531e-07,0.00213053
1.75656e+09,6.01472e-06,9.30196e-07,0.00852211
1.75656e+09,5.74777e-06,8.89748e-07,0.00852211
1.75656e+09,5.48834e-06,8.49693e-07,0.0149137
1.75656e+09,5.35756e-06,8.15015e-07,0.0213053
1.75656e+09,5.10442e-06,7.91074e-07,0.0255663
1.75656e+09,4.86095e-06,7.55222e-07,0.0340885
1.75656e+09,4.75489e-06,7.41886e-07,0.0223706
1.75656e+09,4.54433e-06,7.03291e-07,0.0223706
1.75656e+09,4.32645e-06,6.65888e-07,0.00852211
1.75656e+09,4.23229e-06,6.50317e-07,0.00426106
1.75656e+09,4.05848e-06,6.29424e-07,0
1.75656e+09,3.98175e-06,6.10102e-07,-0.00852211
1.75656e+09,3.83559e-06,5.90453e-07,-0.00319579
1.75656e+09,3.68432e-06,5.68501e-07,-0.00426106
1.75656e+09,3.57008e-06,5.56096e-07,-0.00213053
1.75656e+09,3.49808e-06,5.49915e-07,-0.0106526
1.75656e+09,3.38939e-06,5.34665e-07,-0.00958738
1.75656e+09,3.34245e-06,5.19055e-07,-0.0117179
1.75656e+09,3.2282e-06,5.02967e-07,-0.02024
1.75656e+09,3.12411e-06,4.77568e-07,-0.0127832
1.75656e+09,3.04376e-06,4.72539e-07,-0.00745685
1.75656e+09,3.00655e-06,4.5558e-07,0.00639159
1.75656e+09,2.93632e-06,4.45091e-07,-0.00745685
1.75656e+09,2.85706e-06,4.40673e-07,-0.00213053
1.75656e+09,2.82877e-06,4.32089e-07,-0.00213053
1.75656e+09,2.7428e-06,4.22595e-07,0
1.75656e+09,2.67077e-06,4.11128e-07,0.0149137
1.75656e+09,2.64151e-06,4.03726e-07,0.0117179
1.75656e+09,2.56679e-06,3.98094e-07,0.0223706
1.75656e+09,2.48787e-06,3.81085e-07,0.0181095
1.75656e+09,2.48787e-06,3.81085e-07,0.0181095
1.75656e+09,2.48787e-06,3.81085e-07,0.0181095
1.75656e+09,2.48787e-06,3.81085e-07,0.0181095
1.75656e+09,2.40385e-06,4.02184e-07,0.00639159
1.75656e+09,2.35391e-06,3.75973e-07,0.0234358
1.75656e+09,2.26513e-06,3.5125e-07,0.0127832
1.75656e+09,2.22302e-06,3.42988e-07,-0.00319579
1.75656e+09,2.13618e-06,3.36417e-07,0.00106526
1.75656e+09,2.09915e-06,3.29208e-07,-0.0149137
1.75656e+09,2.00581e-06,3.19525e-07,-0.0191748
1.75656e+09,1.90516e-06,3.0142e-07,-0.0255663
1.75656e+09,1.82454e-06,2.85607e-07,-0.0117179
1.75656e+09,1.7839e-06,2.75119e-07,-0.0191748
1.75656e+09,1.72516e-06,2.68455e-07,-0.0149137
1.75656e+09,1.6716e-06,2.62069e-07,-0.0276969
1.75656e+09,1.64184e-06,2.58947e-07,-0.0255663
1.75656e+09,1.59099e-06,2.50279e-07,-0.02024
1.75656e+09,1.55868e-06,2.40804e-07,-0.0106526
1.75656e+09,1.53944e-06,2.37093e-07,-0.00958738
1.75656e+09,1.50488e-06,2.2483e-07,-0.00532632
1.75656e+09,1.46064e-06,2.27317e-07,-0.00106526
1.75656e+09,1.43694e-06,2.22152e-07,-0.00319579
1.75656e+09,1.38728e-06,2.17873e-07,-0.00106526
1.75656e+09,1.33386e-06,2.0448e-07,0.00426106
1.75656e+09,1.31764e-06,2.01257e-07,0.0138484
1.75656e+09,1.26095e-06,2.10278e-07,0.0181095
1.75656e+09,1.1853e-06,1.88932e-07,0.0245011
1.75656e+09,1.15001e-06,1.83034e-07,0.0223706
1.75656e+09,1.0748e-06,1.69269e-07,0.0127832
1.75656e+09,1.01332e-06,1.61384e-07,0.0181095
1.75656e+09,9.76295e-07,1.58092e-07,0.0138484
1.75656e+09,9.06691e-07,1.45216e-07,0.0127832
1.75656e+09,8.41206e-07,1.33831e-07,0.02024
1.75656e+09,8.03112e-07,1.34716e-07,0.00639159
1.75656e+09,7.38133e-07,1.20995e-07,-0.00532632
1.75656e+09,7.11296e-07,1.1388e-07,-0.0106526
1.75656e+09,6.5973e-07,1.05928e-07,-0.00958738
1.75656e+09,6.10646e-07,1.02208e-07,-0.00745685
1.75656e+09,5.67932e-07,9.18634e-08,-0.0191748
1.75656e+09,5.60966e-07,8.59318e-08,-0.00852211
1.75656e+09,5.50825e-07,8.79128e-08,-0.015979
1.75656e+09,5.39022e-07,8.5772e-08,-0.00106526
1.75656e+09,5.23163e-07,8.26878e-08,-0.0117179
1.75656e+09,5.04112e-07,7.4574e-08,-0.0213053
1.75656e+09,5.01851e-07,8.4661e-08,-0.0149137
1.75656e+09,5.02665e-07,7.75104e-08,-0.00958738
1.75656e+09,5.09495e-07,7.64922e-08,-0.00319579
1.75656e+09,4.96816e-07,6.98331e-08,-0.015979
1.75656e+09,4.91301e-07,8.71128e-08,-0.00532632
1.75656e+09,4.74338e-07,8.08409e-08,-0.0117179
1.75656e+09,4.54706e-07,7.67495e-08,0.00532632
1.75656e+09,4.55753e-07,7.60617e-08,0.00745685
1.75656e+09,4.43368e-07,6.64039e-08,0.0138484
1.75656e+09,4.58605e-07,7.93242e-08,0.00426106
1.75656e+09,4.35305e-07,6.91692e-08,0.0170442
1.75656e+09,4.15905e-07,6.95433e-08,0.00852211
1.75656e+09,3.75415e-07,6.62205e-08,0.00852211
1.75656e+09,3.62096e-07,6.52129e-08,0.00426106
1.75656e+09,3.42376e-07,5.77071e-08,0.0181095
1.75656e+09,3.32085e-07,4.65721e-08,0.0191748
1.75656e+09,3.00252e-07,5.31565e-08,0.00106526
1.75656e+09,2.7079e-07,3.5241e-08,-0.0106526
1.75656e+09,2.55549e-07,4.48437e-08,0
1.75656e+09,2.36278e-07,3.97327e-08,-0.0223706
1.75656e+09,2.31848e-07,3.15178e-08,-0.00319579
1.75656e+09,2.33007e-07,3.9968e-08,-0.0170442
1.75656e+09,2.19826e-07,3.30158e-08,-0.0106526
1.75656e+09,2.03865e-07,2.86e-08,-0.0223706
1.75656e+09,2.10072e-07,3.25159e-08,-0.0276969
1.75656e+09,2.03432e-07,3.48968e-08,-0.015979
1.75656e+09,2.18432e-07,3.54586e-08,-0.0287621
1.75656e+09,2.26127e-07,4.06847e-08,-0.0191748
1.75656e+09,2.42405e-07,3.7736e-08,-0.0234358
1.75656e+09,2.42343e-07,3.93209e-08,-0.00213053
1.75656e+09,2.49212e-07,3.69682e-08,-0.0138484
1.75656e+09,2.51978e-07,3.27202e-08,0.00213053
1.75656e+09,2.475e-07,3.9811e-08,0.0117179
1.75656e+09,2.4675e-07,4.39478e-08,0.00106526
1.75656e+09,2.51369e-07,3.87606e-08,0.00213053
1.75656e+09,2.51977e-07,4.11673e-08,0.00639159
1.75656e+09,2.39994e-07,3.7696e-08,0.0213053
1.75656e+09,2.34662e-07,4.65679e-08,0.00426106
1.75656e+09,2.07185e-07,4.0465e-08,0.0191748
1.75656e+09,2.03925e-07,3.12246e-08,0.00852211
1.75656e+09,1.90842e-07,3.37819e-08,0.0234358
1.75656e+09,1.6422e-07,2.8596e-08,0.00213053
1.75656e+09,1.49063e-07,2.13176e-08,0.00745685
1.75656e+09,1.41664e-07,2.21488e-08,0.00745685
1.75656e+09,1.26283e-07,2.35731e-08,0.00213053
1.75656e+09,1.20534e-07,2.40812e-08,-0.00532632
1.75656e+09,1.17093e-07,2.58534e-08,-0.00958738
1.75656e+09,1.08922e-07,1.76103e-08,-0.00213053
1.75656e+09,1.00428e-07,7.35247e-09,-0.0149137
1.75656e+09,1.06421e-07,1.34286e-08,-0.00852211
1.75656e+09,1.0848e-07,1.7906e-08,-0.0127832
1.75656e+09,1.00639e-07,1.42978e-08,-0.00319579
1.75656e+09,8.68659e-08,1.09269e-08,-0.0117179
1.75656e+09,9.42613e-08,1.94559e-08,-0.00639159
1.75656e+09,9.0391e-08,1.43394e-08,-0.00639159
1.75656e+09,9.85343e-08,1.35254e-08,-0.00213053
1.75656e+09,1.33737e-07,2.36361e-08,-0.00639159
1.75656e+09,1.42916e-07,2.20036e-08,-0.0117179
1.75656e+09,1.43876e-07,2.74211e-08,0
1.75656e+09,1.4136e-07,2.36376e-08,-0.00745685
1.75656e+09,1.63678e-07,2.67721e-08,-0.00426106
1.75656e+09,1.70474e-07,2.37022e-08,-0.00426106
1.75656e+09,1.78526e-07,3.09244e-08,0.00213053
1.75656e+09,1.84629e-07,3.34799e-08,0.015979
1.75656e+09,1.80889e-07,3.43318e-08,0.0138484
1.75656e+09,1.89197e-07,3.50858e-08,0.00106526
1.75656e+09,1.75996e-07,3.10144e-08,0.0106526
1.75656e+09,1.85446e-07,4.03948e-08,0.00213053
1.75656e+09,1.62994e-07,2.87093e-08,0.00852211
1.75656e+09,1.5417e-07,2.73086e-08,0.00426106
1.75656e+09,1.47761e-07,2.37707e-08,0.0117179
1.75656e+09,1.42052e-07,1.32333e-08,0.00106526
1.75656e+09,1.45018e-07,2.06542e-08,-0.00532632
1.75656e+09,1.29719e-07,2.13456e-08,-0.0127832
1.75656e+09,1.28972e-07,2.14958e-08,-0.0170442
1.75656e+09,1.24059e-07,2.22102e-08,-0.00639159
1.75656e+09,1.19803e-07,1.58692e-08,-0.00852211
1.75656e+09,1.26018e-07,2.15401e-08,-0.0106526
1.75656e+09,1.29662e-07,2.1666e-08,-0.0127832
1.75656e+09,1.30173e-07,1.71897e-08,-0.00745685
1.75656e+09,1.2206e-07,2.0855e-08,-0.00532632
1.75656e+09,1.28048e-07,1.1751e-08,-0.0170442
1.75656e+09,1.27419e-07,1.57453e-08,-0.00426106
1.75656e+09,1.36482e-07,2.31439e-08,-0.00958738
1.75656e+09,1.32206e-07,2.22549e-08,-0.00639159
1.75656e+09,1.24786e-07,2.36718e-08,0
1.75656e+09,1.365e-07,2.21944e-08,0.0127832
1.75656e+09,1.36857e-07,2.31465e-08,0.00639159
1.75656e+09,1.33118e-07,2.29713e-08,0.0138484
1.75656e+09,1.32464e-07,2.13016e-08,0.0245011
1.75656e+09,1.31181e-07,1.89477e-08,0.0138484
1.75656e+09,1.12217e-07,1.83042e-08,0.00426106
1.75656e+09,9.05141e-08,1.97078e-08,0.00532632
1.75656e+09,7.48031e-08,1.62425e-08,0.00745685
1.75656e+09,7.19571e-08,1.76097e-08,0.015979
1.75656e+09,4.93195e-08,5.63608e-09,0.0127832
1.75656e+09,4.64985e-08,6.12837e-09,0.00958738
1.75656e+09,3.41824e-08,1.15204e-08,-0.00745685
1.75656e+09,1.84106e-08,2.63658e-09,0.00532632
1.75656e+09,1.22215e-08,1.8672e-10,-0.00213053
1.75656e+09,1.19917e-08,6.60795e-10,-0.0138484
1.75656e+09,5.22479e-09,-4.67355e-09,-0.015979
1.75656e+09,7.94531e-09,4.32506e-09,-0.00532632
1.75656e+09,-1.88829e-09,1.76252e-09,-0.0266316
1.75656e+09,1.2478e-08,4.86359e-09,-0.00958738
1.75656e+09,2.71401e-08,3.32898e-09,-0.00319579
1.75656e+09,2.07661e-08,-3.21804e-09,-0.0149137
1.75656e+09,2.97902e-08,8.31572e-09,-0.00106526
1.75656e+09,3.44978e-08,2.82834e-09,-0.00745685
1.75656e+09,3.49371e-08,3.94803e-09,0.00106526
1.75656e+09,4.43669e-08,1.15486e-09,-0.00852211
1.75656e+09,4.32622e-08,5.82631e-09,-0.00532632
1.75656e+09,4.00487e-08,1.02445e-08,0.00213053
1.75656e+09,4.6868e-08,8.77852e-10,0.00532632
1.75656e+09,4.57121e-08,1.3582e-08,-0.00319579
1.75656e+09,3.73604e-08,6.84084e-09,0.00852211
1.75656e+09,4.58864e-08,3.26555e-09,0.0127832
1.75656e+09,5.028e-08,7.83515e-09,0.00532632
1.75656e+09,5.35223e-08,2.21862e-09,0.00319579
1.75656e+09,5.32349e-08,1.08069e-08,0.00958738
1.75656e+09,4.47384e-08,1.68422e-08,0.00745685
1.75656e+09,4.60455e-08,8.72404e-09,0.00319579
1.75656e+09,4.98909e-08,4.83604e-09,0.00532632
1.75656e+09,3.73805e-08,1.82774e-08,0.00213053
1.75656e+09,3.49744e-08,-8.59459e-10,-0.00532632
1.75656e+09,3.77861e-08,1.10958e-08,0
1.75656e+09,2.68153e-08,7.78151e-09,-0.00106526
1.75656e+09,3.53581e-08,6.50833e-09,-0.00106526
1.75656e+09,3.56366e-08,1.24539e-08,-0.0191748
1.75656e+09,5.38268e-08,1.08868e-08,-0.0181095
1.75656e+09,4.79956e-08,8.21424e-09,-0.00639159
1.75656e+09,5.66577e-08,3.36979e-09,-0.0223706
1.75656e+09,5.92295e-08,8.55961e-09,-0.0213053
1.75656e+09,5.1621e-08,1.14209e-08,-0.0213053
1.75656e+09,6.67771e-08,9.78175e-09,-0.0170442
1.75656e+09,8.43949e-08,8.74496e-09,-0.00958738
1.75656e+09,1.01972e-07,1.20252e-08,-0.00745685
1.75656e+09,9.68279e-08,1.59183e-08,-0.0106526
1.75656e+09,1.00213e-07,1.59169e-08,0.00745685
1.75656e+09,1.03739e-07,1.71892e-08,0.00426106
1.75656e+09,1.02843e-07,2.02627e-08,0.0106526
1.75656e+09,1.05992e-07,2.09614e-08,0.0106526
1.75656e+09,9.76159e-08,1.0617e-08,0.0127832
1.75656e+09,9.64807e-08,1.68845e-08,0.0234358
1.75656e+09,1.01269e-07,2.40141e-08,0.0149137
1.75656e+09,8.29908e-08,1.48782e-08,0.0117179
1.75656e+09,7.64102e-08,1.87359e-08,0.00639159
1.75656e+09,7.59378e-08,1.58652e-08,0.0223706
1.75656e+09,6.73968e-08,1.81405e-09,0.0117179
1.75656e+09,5.4977e-08,1.20097e-08,0.00319579
1.75656e+09,4.23992e-08,7.26722e-09,0.00319579
1.75656e+09,3.04686e-08,5.03557e-09,-0.00106526
1.75656e+09,1.06134e-08,8.26009e-09,-0.00958738
1.75656e+09,2.23017e-08,6.99973e-09,-0.00319579
1.75656e+09,1.29706e-08,-3.90887e-10,-0.02024
1.75656e+09,-7.42728e-09,-2.01469e-09,-0.0138484
1.75656e+09,-4.93523e-09,-5.85486e-09,-0.0106526
1.75656e+09,2.25563e-09,-5.96505e-09,-0.00958738
1.75656e+09,1.45182e-08,-2.89196e-09,-0.015979
1.75656e+09,2.49554e-08,5.05321e-09,-0.0117179
1.75656e+09,4.2697e-08,5.37959e-09,-0.0138484
1.75656e+09,3.31295e-08,1.00986e-08,-0.0181095
1.75656e+09,3.84475e-08,7.31361e-09,-0.0138484
1.75656e+09,4.45146e-08,4.89364e-09,-0.00852211
1.75656e+09,6.96699e-08,1.12949e-08,-0.00852211
1.75656e+09,6.21871e-08,9.67162e-09,0.00319579
1.75656e+09,7.55698e-08,1.36026e-08,0.00958738
1.75656e+09,6.66598e-08,1.74033e-08,0.00106526
1.75656e+09,7.49304e-08,1.53582e-08,0.0106526
1.75656e+09,6.84017e-08,9.91696e-09,0.0117179
1.75656e+09,6.16428e-08,7.74104e-09,0.00745685
1.75656e+09,5.86047e-08,1.53047e-08,0.0106526
1.75656e+09,5.67239e-08,1.20184e-08,0.0106526
1.75656e+09,6.12223e-08,1.29382e-08,0.0255663
1.75656e+09,5.621e-08,1.48542e-08,0.0308927
1.75656e+09,3.9665e-08,1.54696e-08,0.02024
1.75656e+09,3.36456e-08,4.25331e-09,0.0149137
1.75656e+09,2.58668e-08,8.44063e-09,0.0127832
1.75656e+09,2.77416e-08,4.00987e-09,0.00106526
1.75656e+09,2.25109e-08,4.92598e-09,0.00213053
1.75656e+09,1.65502e-08,9.05825e-09,0.00319579
1.75656e+09,3.21275e-08,-5.83255e-10,-0.0127832
1.75656e+09,2.78074e-08,6.57726e-09,-0.0170442
1.75656e+09,2.45838e-08,5.76973e-10,-0.00958738
1.75656e+09,3.006e-08,7.75761e-09,-0.0149137
1.75656e+09,3.74589e-08,4.3204e-09,-0.0127832
1.75656e+09,4.91405e-08,1.07315e-08,-0.00958738
1.75656e+09,6.94929e-08,7.71419e-09,-0.02024
1.75656e+09,9.44413e-08,1.16687e-08,-0.0117179
1.75656e+09,1.08039e-07,1.53116e-08,-0.00852211
1.75656e+09,1.21377e-07,1.86936e-08,-0.0149137
1.75656e+09,1.30942e-07,2.27117e-08,0
1.75656e+09,1.34272e-07,2.34281e-08,-0.00532632
1.75656e+09,1.39681e-07,3.14036e-08,0.00213053
1.75656e+09,1.47874e-07,2.36165e-08,0.00213053
1.75656e+09,1.57512e-07,2.54428e-08,0.00639159
1.75656e+09,1.52878e-07,2.64619e-08,0.00958738
1.75656e+09,1.55573e-07,2.22928e-08,0.0106526
1.75656e+09,1.56165e-07,2.85957e-08,0.00639159
1.75656e+09,1.54476e-07,2.66102e-08,0.00213053
1.75656e+09,1.51235e-07,2.47212e-08,0.00213053
1.75656e+09,1.47502e-07,2.40691e-08,0.00213053
1.75656e+09,1.4014e-07,2.28669e-08,0.00213053
1.75656e+09,1.28815e-07,2.76507e-08,0.00532632
1.75656e+09,1.21413e-07,9.8029e-09,0.00852211
1.75656e+09,1.14186e-07,2.07711e-08,-0.00319579
1.75656e+09,1.00739e-07,1.66418e-08,-0.00958738
1.75656e+09,1.04741e-07,1.86006e-08,-0.00106526
1.75656e+09,8.62764e-08,1.51654e-08,-0.0106526
1.75656e+09,1.02105e-07,1.06099e-08,-0.00958738
1.75656e+09,8.93806e-08,1.4398e-08,-0.0138484
1.75656e+09,8.51399e-08,7.37133e-09,-0.0234358
1.75656e+09,9.66977e-08,7.01833e-09,-0.0127832
1.75656e+09,8.97786e-08,1.46374e-08,-0.0170442
1.75656e+09,9.55055e-08,1.62567e-08,-0.0127832
1.75656e+09,8.69652e-08,1.59677e-08,-0.0255663
1.75656e+09,8.75162e-08,1.44529e-08,-0.0127832
1.75656e+09,8.80156e-08,1.3877e-08,-0.0149137
1.75656e+09,9.66132e-08,1.35911e-08,-0.00426106
1.75656e+09,9.16513e-08,1.70918e-08,-0.00426106
1.75656e+09,8.70527e-08,9.00319e-09,0.00319579
1.75656e+09,9.70305e-08,1.50091e-08,0
1.75656e+09,9.41884e-08,1.08851e-08,0.00213053
1.75656e+09,8.25027e-08,1.81415e-08,0.0138484
1.75656e+09,7.55078e-08,7.94978e-09,0.00958738
1.75656e+09,7.26372e-08,1.34985e-08,0.0149137
1.75656e+09,4.9785e-08,9.35768e-09,0.0127832
1.75656e+09,4.08806e-08,1.15483e-08,0.00958738
1.75656e+09,2.82939e-08,6.98231e-09,0.0170442
1.75656e+09,3.5396e-08,7.13127e-09,0.0117179
1.75656e+09,1.60962e-08,3.9739e-09,0.0138484
1.75656e+09,1.88208e-08,1.8863e-09,0.0181095
1.75656e+09,8.62068e-09,-2.19209e-09,0.00639159
1.75656e+09,-8.77364e-09,6.03093e-09,-0.0106526
1.75656e+09,1.97535e-09,-3.4043e-09,-0.0138484
1.75656e+09,-1.73346e-09,-4.47719e-10,-0.00958738
1.75656e+09,-1.86283e-08,-2.99411e-09,-0.0138484
1.75656e+09,-1.12978e-08,-1.71625e-09,-0.0117179
1.75656e+09,-1.41508e-08,-7.59762e-09,-0.0213053
1.75656e+09,-1.67174e-08,-5.99578e-09,-0.0138484
1.75656e+09,-1.354e-08,-7.21168e-09,-0.0117179
1.75656e+09,6.58881e-08,1.07359e-08,-0.00745685
1.75656e+09,7.80925e-08,9.75916e-09,-0.00852211
1.75656e+09,8.88352e-08,2.1202e-08,-0.0127832
1.75656e+09,9.67902e-08,1.60187e-08,-0.0170442
1.75656e+09,1.0388e-07,1.93854e-08,0.00532632
1.75656e+09,9.34348e-08,1.50213e-08,-0.00106526
1.75656e+09,9.01434e-08,4.82045e-09,0.0106526
1.75656e+09,9.47696e-08,1.46195e-08,0.0127832
1.75656e+09,1.06563e-07,1.5961e-08,0.0117179
1.75656e+09,1.10783e-07,1.90174e-08,0.0117179
1.75656e+09,1.08855e-07,1.53679e-08,0.0213053
1.75656e+09,8.48841e-08,2.37645e-08,0.00958738
1.75656e+09,6.22623e-08,1.67304e-08,0.0191748
1.75656e+09,5.3782e-08,1.77979e-08,0.0117179
1.75656e+09,4.17664e-08,5.68069e-09,0.0138484
1.75656e+09,3.58502e-08,7.4274e-09,0.00852211
1.75656e+09,2.28959e-08,2.97147e-09,-0.00852211
1.75656e+09,1.18422e-08,-3.80865e-09,-0.0117179
1.75656e+09,5.29775e-09,2.95386e-09,-0.00532632
1.75656e+09,8.08515e-09,1.73345e-09,-0.00106526
1.75656e+09,1.49188e-08,6.7551e-13,-0.0213053
1.75656e+09,4.04306e-09,-5.37398e-09,-0.0191748
1.75656e+09,8.07553e-09,-5.25791e-09,-0.0191748
1.75656e+09,1.35843e-08,2.18598e-09,-0.0234358
1.75656e+09,1.21759e-08,6.91665e-09,-0.0245011
1.75656e+09,2.95475e-08,2.15947e-09,-0.0223706
1.75656e+09,3.99671e-08,5.50223e-09,-0.00639159
1.75656e+09,3.27946e-08,5.67051e-09,-0.0149137
1.75656e+09,4.11581e-08,1.35975e-09,-0.015979
1.75656e+09,5.09617e-08,8.87985e-10,-0.00958738
1.75656e+09,6.84162e-08,-1.25544e-10,-0.00532632
1.75656e+09,9.28258e-08,1.62202e-08,-0.00106526
1.75656e+09,1.06674e-07,1.93543e-08,0.00532632
1.75656e+09,1.06166e-07,2.18864e-08,-0.00106526
1.75656e+09,1.16191e-07,1.93581e-08,0.0106526
1.75656e+09,1.06559e-07,1.2686e-08,0.0106526
1.75656e+09,9.98956e-08,1.70487e-08,0.0181095
1.75656e+09,9.70715e-08,1.59066e-08,0.0170442
1.75656e+09,7.88756e-08,1.65992e-08,0.0149137
1.75656e+09,7.67341e-08,1.21074e-08,0.0127832
1.75656e+09,5.74024e-08,1.49233e-08,0.0149137
1.75656e+09,3.98716e-08,1.0083e-08,0.00426106
1.75656e+09,3.2809e-08,-3.10703e-11,0.00532632
1.75656e+09,2.46353e-08,3.45866e-09,0.00639159
1.75656e+09,1.29489e-08,-4.35318e-09,-0.00532632
1.75656e+09,1.25016e-08,5.83102e-09,-0.00106526
1.75656e+09,2.53096e-09,-1.39398e-09,-0.00213053
1.75656e+09,-3.20704e-09,8.53564e-10,-0.0191748
1.75656e+09,1.96336e-08,1.36347e-09,-0.02024
1.75656e+09,3.80215e-08,3.70169e-09,-0.0106526
1.75656e+09,5.26552e-08,7.00576e-09,-0.015979
1.75656e+09,4.86269e-08,8.89162e-09,-0.0181095
1.75656e+09,4.89482e-08,1.34334e-08,-0.0138484
1.75656e+09,6.24507e-08,1.35201e-08,-0.015979
1.75656e+09,7.9228e-08,1.02967e-08,-0.0191748
1.75656e+09,9.54242e-08,2.12746e-08,-0.00852211
1.75656e+09,1.06171e-07,1.0632e-08,0.00213053
1.75656e+09,1.11723e-07,2.18357e-08,-0.00852211
1.75656e+09,1.1056e-07,1.8959e-08,-0.00958738
1.75656e+09,1.17261e-07,2.26102e-08,0.00532632
1.75656e+09,1.11686e-07,1.23755e-08,-0.00213053
1.75656e+09,1.04764e-07,1.8849e-08,0.00213053
1.75656e+09,1.06521e-07,1.42924e-08,0.0117179
1.75656e+09,1.07441e-07,1.59175e-08,0.0181095
1.75656e+09,9.44038e-08,1.57431e-08,0.00426106
1.75656e+09,8.81213e-08,1.50875e-08,0.0149137
1.75656e+09,8.00519e-08,2.30737e-08,-0.00319579
1.75656e+09,6.68698e-08,1.42608e-08,0.00852211
1.75656e+09,3.67494e-08,1.13408e-09,-0.00106526
1.75656e+09,3.56301e-08,1.27315e-09,0.0127832
1.75656e+09,1.83858e-08,3.51319e-09,-0.00426106
1.75656e+09,2.60641e-08,6.17499e-09,-0.00426106
1.75656e+09,1.84304e-08,2.97958e-09,-0.0127832
1.75656e+09,1.82156e-08,6.27853e-09,-0.00745685
1.75656e+09,1.03908e-08,3.54115e-09,-0.00852211
1.75656e+09,1.55777e-08,4.19895e-09,-0.0181095
1.75656e+09,3.19672e-08,6.9662e-09,-0.0170442
1.75656e+09,3.71749e-08,3.46475e-09,-0.0181095
1.75656e+09,3.99211e-08,5.8181e-10,-0.0245011
1.75656e+09,5.48361e-08,6.32689e-09,-0.00958738
1.75656e+09,6.36193e-08,1.03911e-08,-0.02024
1.75656e+09,6.53727e-08,7.38482e-09,-0.0170442
1.75656e+09,7.49553e-08,5.69097e-09,-0.00426106
1.75656e+09,7.92577e-08,1.0248e-08,0
1.75656e+09,8.91167e-08,1.52823e-08,-0.00426106
1.75656e+09,1.00271e-07,1.38843e-08,0.00106526
1.75656e+09,8.94776e-08,1.46068e-08,0.00639159
1.75656e+09,9.60519e-08,2.33461e-08,0.0170442
1.75656e+09,9.99483e-08,1.25453e-08,0.0106526
1.75656e+09,9.61808e-08,1.21804e-08,0.0234358
1.75656e+09,9.2339e-08,1.54714e-08,0.0266316
1.75656e+09,7.26815e-08,1.49438e-08,0.00745685
1.75656e+09,6.43507e-08,1.46812e-08,0.02024
1.75656e+09,5.12269e-08,8.56795e-09,0.0138484
1.75656e+09,4.47369e-08,6.57859e-09,0.0255663
1.75656e+09,2.65557e-08,9.80621e-09,0.0117179
1.75656e+09,2.55888e-08,5.44455e-09,0.00319579
1.75656e+09,1.10123e-08,2.43111e-09,0.00213053
1.75656e+09,-9.0321e-10,-2.24713e-10,-0.00852211
1.75656e+09,3.81187e-10,6.06468e-11,-0.00852211
1.75656e+09,-1.46327e-08,-2.93501e-09,-0.0117179
1.75656e+09,-1.03788e-08,-1.31236e-08,-0.015979
1.75656e+09,-7.32956e-09,-7.82097e-10,-0.0223706
1.75656e+09,-8.18445e-09,-5.22726e-10,-0.02024
1.75656e+09,3.0519e-09,1.89317e-09,-0.015979
1.75656e+09,-4.75798e-09,-5.16682e-09,-0.02024
1.75656e+09,6.8407e-09,2.68187e-09,-0.0234358
1.75656e+09,1.94182e-08,4.86021e-09,-0.0255663
1.75656e+09,3.24109e-09,3.26892e-09,-0.0149137
1.75656e+09,1.661e-08,5.42966e-09,-0.0127832
1.75656e+09,2.35721e-08,-2.88427e-10,-0.00852211
1.75656e+09,2.60612e-08,1.94208e-10,-0.0106526
1.75656e+09,3.3662e-08,3.68323e-09,-0.0106526
1.75656e+09,4.01265e-08,1.39929e-08,0.00958738
1.75656e+09,3.37538e-08,8.71391e-09,0.00745685
1.75656e+09,2.12745e-08,1.08932e-08,0.00745685
1.75656e+09,1.72959e-08,4.70445e-10,0.00745685
1.75656e+09,1.73651e-08,-3.93416e-09,0.0106526
1.75656e+09,2.0202e-08,9.172e-09,0.015979
1.75656e+09,1.08552e-08,-8.26065e-10,0.0117179
1.75656e+09,1.43495e-08,1.30083e-08,0.00639159
1.75656e+09,-9.58845e-09,2.17025e-09,0.0149137
1.75656e+09,-1.61218e-08,1.01525e-09,0.00319579
1.75656e+09,-1.72946e-08,-9.10724e-09,0.00213053
1.75656e+09,-1.97898e-08,-4.05815e-09,0.00958738
1.75656e+09,-1.92821e-08,-3.04137e-09,-0.00213053
1.75656e+09,-2.69716e-08,-4.12378e-09,-0.00532632
1.75656e+09,-1.81895e-08,4.33041e-09,0
1.75656e+09,-3.01418e-08,-3.66019e-09,-0.0106526
1.75656e+09,-3.26758e-08,-4.09561e-09,-0.0117179
1.75656e+09,-2.05848e-08,-3.63569e-09,-0.0138484
1.75656e+09,-1.45487e-08,-9.48519e-09,-0.00745685
1.75656e+09,-1.89652e-09,-3.07972e-09,-0.00958738
1.75656e+09,2.83465e-09,2.90047e-09,-0.0170442
1.75656e+09,1.02682e-08,-5.57647e-09,-0.0127832
1.75656e+09,1.11592e-08,5.19242e-09,-0.00852211
1.75656e+09,3.48213e-08,7.95136e-10,-0.00639159
1.75656e+09,3.42713e-08,6.99012e-09,-0.00852211
1.75656e+09,3.70267e-08,3.49002e-09,-0.0127832
1.75656e+09,3.42923e-08,-1.612e-09,-0.00426106
1.75656e+09,3.00299e-08,9.42368e-09,0.00213053
1.75656e+09,3.54351e-08,9.41421e-09,0.015979
1.75656e+09,3.82901e-08,1.02833e-08,0.0181095
1.75656e+09,3.07757e-08,3.60649e-09,0.0127832
1.75656e+09,3.00586e-08,6.08614e-10,0.02024
1.75656e+09,1.36187e-08,3.45537e-09,0.0287621
1.75656e+09,8.13045e-09,4.44265e-09,0.0117179
1.75656e+09,1.51318e-09,-2.54015e-09,0.0117179
1.75656e+09,-4.80566e-09,9.94773e-09,0.015979
1.75656e+09,-1.41119e-08,2.60186e-09,0.00426106
1.75656e+09,-1.3976e-08,-1.23772e-09,0.00958738
1.75656e+09,-3.04282e-08,6.66678e-10,0.0106526
1.75656e+09,-2.63201e-08,-3.19884e-09,-0.00213053
1.75656e+09,-4.32073e-08,-1.11319e-08,-0.00213053
1.75656e+09,-4.15382e-08,-9.12805e-09,-0.00745685
1.75656e+09,-4.53417e-08,-8.309e-09,-0.0191748
1.75656e+09,-4.86613e-08,-5.35373e-09,-0.0266316
1.75656e+09,-4.26723e-08,-5.73343e-09,-0.00958738
1.75656e+09,-3.89018e-08,-1.12859e-08,-0.0117179
1.75656e+09,-3.09593e-08,-1.04412e-08,-0.0213053
1.75656e+09,-2.33283e-08,-9.36459e-10,-0.0223706
1.75656e+09,-2.29422e-08,-7.16772e-09,-0.0276969
1.75656e+09,-2.44649e-08,-4.38234e-09,-0.0191748
1.75656e+09,-3.9582e-09,2.85852e-09,-0.0117179
1.75656e+09,1.90952e-08,5.83939e-09,0.00106526
1.75656e+09,2.84046e-08,3.55751e-09,-0.00532632
1.75656e+09,4.47158e-08,6.93567e-09,-0.00319579
1.75656e+09,4.36271e-08,1.07985e-08,0.00958738
1.75656e+09,4.30017e-08,6.35395e-09,0.00639159
1.75656e+09,5.5828e-08,8.00851e-09,0.00639159
1.75656e+09,5.27128e-08,7.82451e-09,0.0106526
1.75656e+09,6.3155e-08,1.608e-08,0.0117179
1.75656e+09,5.46484e-08,8.62928e-09,0.0213053
1.75656e+09,3.88482e-08,4.71128e-09,0.0127832
1.75656e+09,3.56681e-08,1.00511e-08,0.0117179
1.75656e+09,3.05184e-08,1.10058e-08,0.0170442
1.75656e+09,2.34168e-08,1.13054e-08,0.0191748
1.75656e+09,1.12957e-08,2.69875e-09,0.00213053
1.75656e+09,2.80264e-09,-3.10523e-09,0.00958738
1.75656e+09,-8.22085e-09,9.37205e-10,-0.00106526
1.75656e+09,-1.04711e-08,-1.23528e-09,-0.00106526
1.75656e+09,-6.10395e-09,5.87056e-10,-0.00319579
1.75656e+09,-5.05866e-09,-1.92716e-09,-0.0127832
1.75656e+09,1.14111e-08,6.44194e-09,-0.00745685
1.75656e+09,1.42698e-08,-1.91899e-09,-0.015979
1.75656e+09,7.74064e-09,8.00554e-09,-0.0191748
1.75656e+09,8.10898e-09,-4.50637e-09,-0.0245011
1.75656e+09,1.36912e-08,3.68671e-09,-0.0181095
1.75656e+09,1.26622e-08,3.86571e-09,-0.0181095
1.75656e+09,1.7359e-08,8.26296e-09,-0.0181095
1.75656e+09,1.08302e-08,3.71759e-09,-0.0170442
1.75656e+09,2.11629e-08,-1.59736e-09,-0.00745685
1.75656e+09,1.31115e-08,-1.81024e-09,-0.00426106
1.75656e+09,3.07921e-08,-3.37727e-09,-0.00213053
1.75656e+09,4.14848e-08,7.98683e-09,-0.00426106
1.75656e+09,4.17286e-08,6.92685e-09,-0.00426106
1.75656e+09,2.97758e-08,9.71091e-09,0.00532632
1.75656e+09,2.65007e-08,6.6101e-09,0.0117179
1.75656e+09,3.24997e-08,5.68105e-09,0.0117179
1.75656e+09,2.93632e-08,2.41916e-09,0.0117179
1.75656e+09,1.87216e-08,4.80563e-09,0.0181095
1.75656e+09,2.5253e-08,1.17247e-08,0.00745685
1.75656e+09,1.1046e-08,5.79878e-09,0.0266316
1.75656e+09,8.73458e-09,1.59794e-09,0.00532632
1.75656e+09,2.621e-09,5.2894e-09,0.02024
1.75656e+09,-5.75702e-09,-5.5439e-09,0.0117179
1.75656e+09,-2.62757e-09,-8.42254e-09,0.00852211
1.75656e+09,-9.53929e-09,-5.73278e-09,0.00106526
1.75656e+09,-1.77184e-08,6.82144e-09,-0.0138484
1.75656e+09,-1.37837e-09,3.60595e-09,-0.0149137
1.75656e+09,1.72689e-09,2.25476e-09,-0.00639159
1.75656e+09,1.14634e-08,1.06057e-09,-0.00958738
1.75656e+09,1.31811e-08,-3.87285e-10,-0.00852211
1.75656e+09,2.78123e-08,7.43528e-09,-0.0181095
1.75656e+09,2.56291e-08,-5.94364e-09,-0.0170442
1.75656e+09,1.6671e-08,1.78933e-09,-0.0181095
1.75656e+09,2.52466e-08,4.32807e-09,0.00106526
1.75656e+09,5.1323e-08,7.91484e-09,-0.00852211
1.75656e+09,5.15902e-08,5.33798e-09,-0.0149137
1.75656e+09,5.18166e-08,3.04206e-09,-0.0127832
1.75656e+09,6.35843e-08,1.4061e-08,-0.0117179
1.75656e+09,7.0862e-08,1.05298e-08,-0.00213053
1.75656e+09,7.5771e-08,1.19376e-08,-0.00213053
1.75656e+09,8.86224e-08,1.54809e-08,0.00958738
1.75656e+09,7.65187e-08,1.14445e-08,0.0127832
1.75656e+09,8.35468e-08,1.16872e-08,-0.00213053
1.75656e+09,8.04409e-08,1.24808e-08,0.0223706
1.75656e+09,7.62386e-08,1.2369e-08,0.00426106
1.75656e+09,8.05532e-08,1.6421e-08,0.00426106
1.75656e+09,8.67504e-08,1.72613e-08,0.00532632
1.75656e+09,6.98942e-08,1.17996e-08,0.0127832
1.75656e+09,6.52548e-08,1.73536e-08,0.0127832
1.75656e+09,6.71818e-08,4.70127e-09,0.00213053
1.75656e+09,6.20179e-08,1.65188e-08,0.00639159
1.75656e+09,7.05763e-08,1.59016e-08,0.00426106
1.75656e+09,5.85289e-08,4.95215e-09,-0.00532632
1.75656e+09,4.51371e-08,5.68505e-09,-0.00745685
1.75656e+09,3.98969e-08,6.77036e-09,0.00532632
1.75656e+09,2.78496e-08,7.55556e-09,-0.0117179
1.75656e+09,2.65959e-08,5.94099e-09,-0.0181095
1.75656e+09,3.05869e-08,3.04281e-10,-0.0234358
1.75656e+09,2.64234e-08,7.32858e-09,-0.00745685
1.75656e+09,1.59316e-08,3.50294e-09,-0.0149137
1.75656e+09,2.55779e-08,1.30263e-10,-0.015979
1.75656e+09,1.21015e-08,3.74625e-09,-0.0170442
1.75656e+09,8.52806e-09,-1.91383e-09,-0.0223706
1.75656e+09,1.64587e-08,-8.02683e-09,-0.0138484
1.75656e+09,2.97971e-08,4.0695e-09,-0.00532632
1.75656e+09,3.76339e-08,1.44207e-08,-0.0117179
1.75656e+09,4.92737e-08,6.80679e-09,-0.0106526
1.75656e+09,6.5522e-08,1.05643e-08,0.00319579
1.75656e+09,6.29501e-08,9.08637e-09,0.0106526
1.75656e+09,6.77637e-08,1.05691e-08,0.00958738
1.75656e+09,5.92053e-08,6.26737e-09,0.0127832
1.75656e+09,4.68958e-08,5.25972e-09,0.015979
1.75656e+09,4.40164e-08,1.08161e-08,0.00958738
1.75656e+09,2.57053e-08,7.86641e-09,0.0106526
1.75656e+09,3.13215e-08,7.28358e-09,0.00319579
1.75656e+09,1.99486e-08,9.0636e-09,0.0149137
1.75656e+09,1.76682e-09,3.89503e-09,0.0138484
1.75656e+09,-2.35213e-08,2.49925e-09,0.00958738
1.75656e+09,-3.02092e-08,-1.45231e-08,0.00852211
1.75656e+09,-2.93245e-08,-3.46055e-09,0.00745685
1.75656e+09,-2.95743e-08,-2.50925e-10,0.00319579
1.75656e+09,-3.38467e-08,-3.42783e-09,-0.0127832
1.75656e+09,-2.56094e-08,-3.49331e-09,-0.00319579
1.75656e+09,-2.85034e-08,-6.95657e-09,-0.015979
1.75656e+09,-3.18268e-08,-7.84351e-09,-0.00106526
1.75656e+09,-3.55842e-08,1.22802e-10,-0.015979
1.75656e+09,-3.67781e-08,-8.95823e-09,-0.0213053
1.75656e+09,-4.21182e-08,-5.4161e-09,-0.0181095
1.75656e+09,-3.4479e-08,-1.05921e-08,-0.00852211
1.75656e+09,-2.25278e-08,-6.19539e-09,-0.0117179
1.75656e+09,-3.2588e-08,-9.76447e-09,-0.0181095
1.75656e+09,-1.51141e-08,-5.26718e-09,-0.00745685
1.75656e+09,-2.09082e-09,9.15795e-10,-0.0117179
1.75656e+09,-1.60432e-09,5.16992e-10,-0.0127832
1.75656e+09,1.80244e-08,2.47069e-09,-0.00852211
1.75656e+09,3.30468e-08,8.17878e-09,-0.00426106
1.75656e+09,4.32797e-08,7.31266e-09,0.00532632
1.75656e+09,6.1627e-08,5.17294e-09,0.00639159
1.75656e+09,6.12863e-08,8.09264e-09,0.0149137
1.75656e+09,5.25348e-08,9.95476e-09,0.0223706
1.75656e+09,4.32538e-08,8.67057e-09,0.0149137
1.75656e+09,3.01545e-08,8.95763e-09,0.00213053
1.75656e+09,3.53978e-08,1.00308e-08,0.0149137
1.75656e+09,2.34922e-08,3.23957e-09,0.00639159
1.75656e+09,2.54268e-08,-1.66763e-09,-0.00319579
1.75656e+09,7.92071e-09,1.53392e-09,0.00532632
1.75656e+09,8.92094e-10,1.47677e-09,0.00426106
1.75656e+09,-1.46192e-08,4.89592e-09,-0.00426106
1.75656e+09,-1.71433e-08,-5.54479e-09,-0.00426106
1.75656e+09,-3.08437e-08,-6.37457e-09,-0.00639159
1.75656e+09,-2.70642e-08,-7.70647e-10,-0.0127832
1.75656e+09,-2.74232e-08,-3.75755e-09,-0.0127832
1.75656e+09,-3.7751e-07,-7.63533e-08,-0.0127832
1.75656e+09,0.125411,0.0310284,-0.00319579
1.75656e+09,0.0413716,0.0253842,-0.00426106
1.75656e+09,-0.00840819,-0.0106009,-0.0287621
1.75656e+09,0.0342325,-0.00290698,-0.00106526
1.75656e+09,0.0642406,-0.0254573,-0.00319579
1.75656e+09,0.0818184,-0.0152721,0.00852211
1.75656e+09,0.051078,-0.00114862,0
1.75656e+09,0.0201546,0.000583004,-0.00106526
1.75656e+09,0.0223995,0.00483936,0.02024
1.75656e+09,0.0444889,-0.000973601,0.036219
1.75656e+09,0.0628753,-0.00842778,0.0468716
1.75656e+09,0.103679,-0.00546218,0.0692422
1.75656e+09,0.0702519,-0.00959233,0.0788296
1.75656e+09,0.0576893,-0.00938234,0.0735032
1.75656e+09,0.0551398,-0.00643211,0.072438
1.75656e+09,0.0719293,0.000183039,0.0894822
1.75656e+09,0.126814,-0.000785997,0.0948085
1.75656e+09,0.127418,-0.00811631,0.0873517
1.75656e+09,0.103044,-0.0114144,0.0671116
1.75656e+09,0.0972162,-0.00860398,0.0841559
1.75656e+09,0.0909583,-0.0169709,0.0788296
1.75656e+09,0.110792,-0.0141842,0.0585895
1.75656e+09,0.145146,-0.0121057,0.0394148
1.75656e+09,0.129439,-0.0198258,0.0330232
1.75656e+09,0.108426,-0.0218805,0.0138484
1.75656e+09,0.114247,-0.0354373,0.0117179
1.75656e+09,0.11088,-0.0226668,0.0138484
1.75656e+09,0.140168,-0.0206498,-0.0117179
1.75656e+09,0.123136,-0.0406481,-0.0308927
1.75656e+09,0.132871,-0.0313651,-0.0255663
1.75656e+09,0.137275,-0.0395915,-0.015979
1.75656e+09,0.125008,-0.0227738,-0.0266316
1.75656e+09,0.138867,-0.0221262,-0.0191748
1.75656e+09,0.145876,-0.0175034,-0.0276969
1.75656e+09,0.153761,-0.0243921,-0.0234358
1.75656e+09,0.167828,-0.036974,-0.0298274
1.75656e+09,0.16986,-0.0368734,-0.0170442
1.75656e+09,0.15804,-0.0248581,-0.00852211
1.75656e+09,0.162492,-0.0153772,-0.0298274
1.75656e+09,0.166224,-0.0158153,-0.00639159
1.75656e+09,0.190824,-0.0238623,0.00852211
1.75656e+09,0.188106,-0.0371263,0.00319579
1.75656e+09,0.185675,-0.0380669,0.0106526
1.75656e+09,0.185478,-0.0402847,0.00319579
1.75656e+09,0.190299,-0.033866,0.00319579
1.75656e+09,0.197352,-0.0325989,-0.00106526
1.75656e+09,0.209548,-0.0422713,0.00745685
1.75656e+09,0.207007,-0.0349321,0.0181095
1.75656e+09,0.189246,-0.0446034,-0.00106526
1.75656e+09,0.207683,-0.0421467,0
1.75656e+09,0.206983,-0.0279125,0.00532632
1.75656e+09,0.196051,-0.0411838,0
1.75656e+09,0.199728,-0.0435319,0.00426106
1.75656e+09,0.227203,-0.0475491,0
1.75656e+09,0.217738,-0.0306556,0.00852211
1.75656e+09,0.216677,-0.0313658,0.00213053
1.75656e+09,0.21339,-0.0362867,0.00426106
1.75656e+09,0.216665,-0.0368218,0.00745685
1.75656e+09,0.237632,-0.0394815,0.00319579
1.75656e+09,0.24339,-0.0471806,0.015979
1.75656e+09,0.234214,-0.042034,0.0213053
1.75656e+09,0.234896,-0.0430883,0.0234358
1.75656e+09,0.224783,-0.0339991,0.02024
1.75656e+09,0.239068,-0.0512962,0.0234358
1.75656e+09,0.253422,-0.0407261,0.0223706
1.75656e+09,0.23909,-0.048836,0.0287621
1.75656e+09,0.228207,-0.0388869,0.0543285
1.75656e+09,0.228207,-0.0388869,0.0543285
1.75656e+09,0.228207,-0.0388869,0.0543285
1.75656e+09,0.228207,-0.0388869,0.0543285
1.75656e+09,0.229727,-0.0422864,0.0553937
1.75656e+09,0.245685,-0.0585776,0.0553937
1.75656e+09,0.270853,-0.0586581,0.0245011
1.75656e+09,0.259568,-0.0666702,0.036219
1.75656e+09,0.242754,-0.0663688,0.0415453
1.75656e+09,0.23433,-0.0696413,0.0287621
1.75656e+09,0.231338,-0.0663657,0.0276969
1.75656e+09,0.245477,-0.0576102,0.0181095
1.75656e+09,0.283446,-0.0690093,0.0117179
1.75656e+09,0.275081,-0.0797222,0.00532632
1.75656e+09,0.238369,-0.0844826,0.00106526
1.75656e+09,0.226472,-0.0723111,-0.00852211
1.75656e+09,0.226694,-0.0778795,-0.0117179
1.75656e+09,0.246077,-0.0618659,0.00106526
1.75656e+09,0.299306,-0.0846532,-0.00639159
1.75656e+09,0.312154,-0.0838095,-0.00745685
1.75656e+09,0.268592,-0.0788178,0.00213053
1.75656e+09,0.223274,-0.0741436,-0.00639159
1.75656e+09,0.222237,-0.0754412,-0.00958738
1.75656e+09,0.278825,-0.112895,-0.00426106
1.75656e+09,0.294784,-0.113192,-0.00745685
1.75656e+09,0.293913,-0.0926627,0.00958738
1.75656e+09,0.2533,-0.0819057,0.04048
1.75656e+09,0.22858,-0.0717596,0.0468716
1.75656e+09,0.226627,-0.0855264,0.0468716
1.75656e+09,0.322793,-0.148378,0.0394148
1.75656e+09,0.330319,-0.133589,0.0436758
1.75656e+09,0.311502,-0.112992,0.076699
1.75656e+09,0.245958,-0.0928385,0.0788296
1.75656e+09,0.234425,-0.0910553,0.0852211
1.75656e+09,0.247987,-0.132111,0.056459
1.75656e+09,0.297798,-0.153972,0.0458064
1.75656e+09,0.294642,-0.131977,0.0458064
1.75656e+09,0.296529,-0.12368,0.0479369
1.75656e+09,0.26636,-0.111587,0.0543285
1.75656e+09,0.249152,-0.089306,0.0287621
1.75656e+09,0.244422,-0.0874474,0.0234358
1.75656e+09,0.257436,-0.0712403,0.0138484
1.75656e+09,0.269874,-0.127764,0.0234358
1.75656e+09,0.278816,-0.139034,0.0276969
1.75656e+09,0.279676,-0.135701,0.00639159
1.75656e+09,0.279676,-0.135701,0.00639159
1.75656e+09,0.279676,-0.135701,0.00639159
1.75656e+09,0.279676,-0.135701,0.00639159
1.75656e+09,0.284584,-0.100408,0.0213053
1.75656e+09,0.268075,-0.0836999,0.02024
1.75656e+09,0.29554,-0.139424,-0.0149137
1.75656e+09,0.237365,-0.149167,-0.0245011
1.75656e+09,0.251787,-0.160772,0.00319579
1.75656e+09,0.258962,-0.13927,0.0340885
1.75656e+09,0.293602,-0.140637,0.0287621
1.75656e+09,0.293992,-0.146418,-0.0149137
1.75656e+09,0.322073,-0.155627,0.0181095
1.75656e+09,0.326162,-0.155917,0.0181095
1.75656e+09,0.342854,-0.161641,0.0308927
1.75656e+09,0.338488,-0.174563,0.0383495
1.75656e+09,0.409443,-0.16929,0.0426106
1.75656e+09,0.268224,-0.162744,0.076699
1.75656e+09,0.288619,-0.163237,0.0490022
1.75656e+09,0.346896,-0.169456,0.0394148
1.75656e+09,0.413515,-0.185271,0.0308927
1.75656e+09,0.399401,-0.203785,0.0245011
1.75656e+09,0.402098,-0.204157,0.0415453
1.75656e+09,0.387361,-0.184503,0.0266316
1.75656e+09,0.433537,-0.203641,-0.0191748
1.75656e+09,0.438518,-0.215849,-0.0330232
1.75656e+09,0.445753,-0.207709,-0.0415453
1.75656e+09,0.355472,-0.230355,-0.0490022
1.75656e+09,0.327414,-0.259569,-0.036219
1.75656e+09,0.373578,-0.184311,-0.0490022
1.75656e+09,0.388234,-0.042551,-0.201335
1.75656e+09,0.436914,-0.104229,-0.152333
1.75656e+09,0.352772,-1.91146e-05,-0.0980043
1.75656e+09,0.392613,-0.048901,-0.015979
1.75656e+09,0.318752,-0.0302998,-0.0745685
1.75656e+09,0.618056,-0.324027,-0.00958738
1.75656e+09,0.495497,-0.377847,-0.0223706
1.75656e+09,0.47889,-0.385429,-0.0223706
1.75656e+09,0.459697,-0.223971,0.00213053
1.75656e+09,0.454278,-0.21283,0.125701
1.75656e+09,0.399378,-0.122914,0.268447
1.75656e+09,0.460413,-0.0356417,0.278034
1.75656e+09,0.503044,-0.328253,0.275903
1.75656e+09,0.457956,-0.323441,0.223706
1.75656e+09,0.42291,-0.216432,0.133158
1.75656e+09,0.496572,-0.334513,0.188552
1.75656e+09,0.516337,-0.344928,0.243946
1.75656e+09,0.615867,-0.0579853,0.230097
1.75656e+09,0.450737,-0.110619,0.0585895
1.75656e+09,0.410981,-0.121705,0.02024
1.75656e+09,0.438428,-0.131322,0.0490022
1.75656e+09,0.401446,-0.223238,0.0553937
1.75656e+09,0.353509,-0.206053,-0.0415453
1.75656e+09,0.373384,-0.182172,-0.0852211
1.75656e+09,0.45508,-0.103654,-0.076699
1.75656e+09,0.483855,-0.134266,-0.0532632
1.75656e+09,0.466059,-0.167167,-0.0735032
1.75656e+09,0.449906,-0.145334,-0.0756338
1.75656e+09,0.46091,-0.127125,-0.0660464
1.75656e+09,0.465734,-0.16143,-0.0628506
1.75656e+09,0.432505,-0.178042,-0.0862864
1.75656e+09,0.430982,-0.18298,-0.0777643
1.75656e+09,0.457091,-0.171593,-0.0330232
1.75656e+09,0.531413,-0.206318,-0.02024
1.75656e+09,0.575685,-0.236264,-0.00958738
1.75656e+09,0.536944,-0.23951,0.0276969
1.75656e+09,0.491712,-0.170602,0.0735032
1.75656e+09,0.421507,-0.17006,0.0585895
1.75656e+09,0.435999,-0.12151,0.0756338
1.75656e+09,0.505143,-0.168487,0.0415453
1.75656e+09,0.535388,-0.163796,0.0372843
1.75656e+09,0.544921,-0.169448,0.0681769
1.75656e+09,0.506366,-0.188895,0.0415453
1.75656e+09,0.448094,-0.192303,0.0234358
1.75656e+09,0.445324,-0.134097,-0.0234358
1.75656e+09,0.459846,-0.105082,-0.0415453
1.75656e+09,0.41304,-0.100696,-0.0330232
1.75656e+09,0.444506,-0.127212,-0.0287621
1.75656e+09,0.526706,-0.12467,-0.0340885
1.75656e+09,0.50749,-0.149472,-0.0447411
1.75656e+09,0.47149,-0.146451,-0.0628506
1.75656e+09,0.494172,-0.11285,-0.0447411
1.75656e+09,0.519391,-0.110055,-0.0383495
1.75656e+09,0.530374,-0.120527,-0.0394148
1.75656e+09,0.51291,-0.0825975,-0.0703074
1.75656e+09,0.466541,-0.0962837,-0.106526
1.75656e+09,0.509765,-0.15652,-0.122505
1.75656e+09,0.550849,-0.139469,-0.0948085
1.75656e+09,0.546419,-0.157854,-0.0905475
1.75656e+09,0.549878,-0.167949,-0.0649811
1.75656e+09,0.525627,-0.12584,-0.0596548
1.75656e+09,0.536258,-0.128796,-0.04048
1.75656e+09,0.544391,-0.134911,-0.0383495
1.75656e+09,0.548673,-0.160094,-0.0276969
1.75656e+09,0.568612,-0.161817,-0.015979
1.75656e+09,0.57361,-0.119061,-0.0191748
1.75656e+09,0.55297,-0.104643,-0.0181095
1.75656e+09,0.537113,-0.103411,-0.0255663
1.75656e+09,0.588373,-0.109529,-0.0223706
1.75656e+09,0.619567,-0.172351,-0.02024
1.75656e+09,0.646099,-0.175035,-0.0138484
1.75656e+09,0.569645,-0.143693,0.0149137
1.75656e+09,0.569312,-0.139515,-0.0149137
1.75656e+09,0.58842,-0.14306,-0.0330232
1.75656e+09,0.567796,-0.132838,-0.0255663
1.75656e+09,0.607943,-0.138093,-0.0213053
1.75656e+09,0.627879,-0.144268,-0.00106526
1.75656e+09,0.638579,-0.146971,0.0138484
1.75656e+09,0.659596,-0.131437,-0.0149137
1.75656e+09,0.525088,-0.223929,0.26099
1.75656e+09,0.645397,-0.225319,0.190682
1.75656e+09,0.667927,-0.23454,0.126766
1.75656e+09,0.692357,-0.270225,0.127832
1.75656e+09,0.618431,-0.284449,0.0660464
1.75656e+09,0.626702,-0.187991,0.133158
1.75656e+09,0.605762,-0.1324,0.111853
1.75656e+09,0.542186,-0.00843688,0.0447411
1.75656e+09,0.527448,-0.0824484,-0.00958738
1.75656e+09,0.545355,-0.209869,0.015979
1.75656e+09,0.295441,-0.279284,-0.205596
1.75656e+09,0.342635,-0.257291,-0.13955
1.75656e+09,0.552427,-0.224196,-0.381365
1.75656e+09,0.509311,-0.0674217,-0.395213
1.75656e+09,0.673275,0.093462,-0.232228
1.75656e+09,0.566965,0.194627,-0.246076
1.75656e+09,0.465681,0.224059,-0.30147
1.75656e+09,0.649123,-0.241142,-0.325971
1.75656e+09,0.556812,-0.155772,-0.335558
1.75656e+09,0.508288,-0.0890834,-0.348341
1.75656e+09,0.573634,-0.120644,-0.235423
1.75656e+09,0.412595,-0.078553,-0.20027
1.75656e+09,0.444888,-0.124203,-0.113983
1.75656e+09,0.532293,-0.175624,-0.092678
1.75656e+09,0.629081,-0.19081,-0.0681769
1.75656e+09,0.659016,-0.201341,-0.0426106
1.75656e+09,0.444367,-0.226776,-0.00319579
1.75656e+09,0.225937,-0.215723,0.0276969
1.75656e+09,0.089168,-0.186684,0.096939
1.75656e+09,0.208787,-0.171055,0.0532632
1.75656e+09,0.326753,-0.153744,0.0330232
1.75656e+09,0.538742,-0.207556,0.0820253
1.75656e+09,0.566284,-0.206313,0.181095
1.75656e+09,0.577605,-0.222786,0.2024
1.75656e+09,0.475147,-0.26978,0.181095
1.75656e+09,0.380845,-0.22078,0.170442
1.75656e+09,0.391022,-0.177144,0.175769
1.75656e+09,0.502876,-0.159828,0.18003
1.75656e+09,0.497206,-0.17129,0.178964
1.75656e+09,0.493754,-0.221507,0.167246
1.75656e+09,0.446698,-0.261775,0.175769
1.75656e+09,0.499384,-0.230553,0.170442
1.75656e+09,0.529717,-0.216295,0.16192
1.75656e+09,0.543192,-0.212107,0.155529
1.75656e+09,0.497546,-0.195002,0.12144
1.75656e+09,0.482733,-0.159281,0.12144
1.75656e+09,0.422676,-0.183854,0.107592
1.75656e+09,0.462356,-0.181256,0.0862864
1.75656e+09,0.471308,-0.17187,0.0756338
1.75656e+09,0.495482,-0.183645,0.076699
1.75656e+09,0.455868,-0.219188,0.0756338
1.75656e+09,0.458229,-0.234526,0.0617853
1.75656e+09,0.496479,-0.263318,0.0937433
1.75656e+09,0.460943,-0.234049,0.0639159
1.75656e+09,0.486119,-0.203689,0.0458064
1.75656e+09,0.468229,-0.220092,0.0372843
1.75656e+09,0.465395,-0.23118,0.056459
1.75656e+09,0.47296,-0.20041,0.0106526
1.75656e+09,0.513214,-0.190781,0.00319579
1.75656e+09,0.439777,-0.199187,-0.0138484
1.75656e+09,0.378554,-0.167685,0.0181095
1.75656e+09,0.328422,0.0548731,-0.160855
1.75656e+09,0.299676,0.00869767,-0.0383495
1.75656e+09,0.281583,0.0103475,-0.0298274
1.75656e+09,0.288624,0.0357795,0.056459
1.75656e+09,0.289554,-0.0412644,0.0490022
1.75656e+09,0.295523,-0.086891,0.0532632
1.75656e+09,0.338377,-0.140078,0.0948085
1.75656e+09,0.397745,-0.448873,0.129962
1.75656e+09,0.38836,-0.288289,0.145941
1.75656e+09,0.331193,0.0966353,0.129962
1.75656e+09,0.271326,0.195311,0.096939
1.75656e+09,0.257621,0.115199,0.115049
1.75656e+09,0.205878,-0.00580134,0.134223
1.75656e+09,0.250494,-0.193836,0.134223
1.75656e+09,0.269541,-0.324747,0.144876
1.75656e+09,0.323382,-0.333906,0.144876
1.75656e+09,0.265437,-0.193044,0.160855
1.75656e+09,0.239559,-0.153252,0.158724
1.75656e+09,0.225377,-0.101405,0.132093
1.75656e+09,0.251779,-0.117952,0.131028
1.75656e+09,0.267179,-0.138251,0.134223
1.75656e+09,0.219393,-0.136242,0.135289
1.75656e+09,0.177532,-0.096996,0.150202
1.75656e+09,0.181572,-0.0949144,0.149137
1.75656e+09,0.166194,-0.0921915,0.142745
1.75656e+09,0.158192,-0.0711724,0.127832
1.75656e+09,0.197264,-0.0774352,0.127832
1.75656e+09,0.209395,-0.0670206,0.128897
1.75656e+09,0.171028,-0.0676505,0.137419
1.75656e+09,0.167425,-0.0712679,0.125701
1.75656e+09,0.130783,-0.0643667,0.125701
1.75656e+09,0.160382,-0.0521304,0.120375
1.75656e+09,0.222548,-0.0440614,0.132093
1.75656e+09,0.18983,-0.0339186,0.129962
1.75656e+09,0.149418,-0.0352905,0.127832
1.75656e+09,0.126149,-0.0386633,0.131028
1.75656e+09,0.104328,-0.0412681,0.107592
1.75656e+09,0.13504,-0.0495298,0.106526
1.75656e+09,0.139729,-0.0409092,0.0884169
1.75656e+09,0.132492,-0.0319218,0.0905475
1.75656e+09,0.107374,-0.0457335,0.0937433
1.75656e+09,0.104192,-0.051821,0.0937433
1.75656e+09,0.0944889,-0.0283367,0.0660464
1.75656e+09,0.116572,-0.0375499,0.0649811
1.75656e+09,0.142091,-0.0261151,0.052198
1.75656e+09,0.115407,-0.0195229,0.0490022
1.75656e+09,0.0782929,-0.0247851,0.0436758
1.75656e+09,0.0760272,-0.0248939,0.0479369
1.75656e+09,0.0890795,-0.0364086,0.0319579
1.75656e+09,0.0715457,-0.0176521,0.0458064
1.75656e+09,0.110242,-0.0161743,0.0287621
1.75656e+09,0.119804,-0.0392593,0.0223706
1.75656e+09,0.0778677,-0.0499519,0.0319579
1.75656e+09,0.0605636,-0.0482727,0.0298274
1.75656e+09,0.0452862,-0.0265059,0.0117179
1.75656e+09,0.0731425,-0.0227659,0.0149137
1.75656e+09,0.101768,-0.00859342,0.0234358
1.75656e+09,0.107125,-0.00309295,0.0127832
1.75656e+09,0.0762417,-0.0053373,0.0106526
1.75656e+09,0.0548645,-0.00690975,0.00532632
1.75656e+09,0.045819,0.0100444,-0.00532632
1.75656e+09,0.0669133,0.011167,-0.00532632
1.75656e+09,0.0760889,0.0145779,0.00106526
1.75656e+09,0.102178,0.0168935,-0.00852211
1.75656e+09,0.0621701,-0.00693833,-0.00532632
1.75656e+09,0.0507151,-0.00444605,-0.0234358
1.75656e+09,0.0402229,0.0128767,-0.0223706
1.75656e+09,0.0640809,0.0188135,-0.0330232
1.75656e+09,0.0886556,0.0174715,-0.0266316
1.75656e+09,0.0908181,0.0218635,-0.036219
1.75656e+09,0.071404,0.0280427,-0.0468716
1.75656e+09,0.0554157,0.0284112,-0.0575243
1.75656e+09,0.037459,0.0200799,-0.0468716
1.75656e+09,0.0310918,0.0296161,-0.0490022
1.75656e+09,0.0278249,0.0340028,-0.0532632
1.75656e+09,0.0698837,0.0220964,-0.0479369
1.75656e+09,0.0620796,0.0260861,-0.0511327
1.75656e+09,0.0532429,0.0165555,-0.0351537
1.75656e+09,0.0262534,0.0326983,-0.0351537
1.75656e+09,-0.00283868,0.0301153,-0.036219
1.75656e+09,0.0157659,0.0185365,-0.0372843
1.75656e+09,0.0691117,0.0349542,-0.0394148
1.75656e+09,0.0701219,0.0294953,-0.0255663
1.75656e+09,0.0552826,0.030911,-0.0276969
1.75656e+09,0.0424283,0.0221485,-0.0394148
1.75656e+09,0.0164153,0.0385069,-0.036219
1.75656e+09,0.0134192,0.0349344,-0.0255663
1.75656e+09,0.0570941,0.0451666,-0.0330232
1.75656e+09,0.0584382,0.0309951,-0.0266316
1.75656e+09,0.0520953,0.0285225,-0.036219
1.75656e+09,0.0083017,0.0321965,-0.0511327
1.75656e+09,0.0052382,0.0256876,-0.052198
1.75656e+09,0.0215906,0.0389952,-0.0628506
1.75656e+09,0.0878559,0.0543023,-0.0553937
1.75656e+09,0.0680927,0.00377266,-0.0319579
1.75656e+09,0.0407356,0.0177262,-0.0298274
1.75656e+09,0.00863754,0.0148065,-0.0106526
1.75656e+09,0.00917411,-0.00938747,0.00213053
1.75656e+09,0.008579,-0.0171774,-0.00639159
1.75656e+09,0.0545191,-0.00490284,-0.00213053
1.75656e+09,0.0345017,0.00936133,-0.0127832
1.75656e+09,0.0280681,0.0127648,0.0170442
1.75656e+09,0.0237453,0.00968897,0.0351537
1.75656e+09,0.0265095,0.013649,0.036219
1.75656e+09,0.0247449,0.0218438,0.04048
1.75656e+09,0.0609148,-0.0394789,0.0713727
1.75656e+09,0.0459764,-0.050071,0.0788296
1.75656e+09,0.0272639,-0.0436461,0.0756338
1.75656e+09,0.0179036,-0.0297302,0.0980043
1.75656e+09,0.00711066,-0.0206551,0.0703074
1.75656e+09,0.0201923,-0.017677,0.0596548
1.75656e+09,0.0257674,-0.0328627,0.076699
1.75656e+09,0.026329,-0.047446,0.0788296
1.75656e+09,0.0187951,-0.0465861,0.0884169
1.75656e+09,0.0192925,-0.0306396,0.0788296
1.75656e+09,0.0107115,-0.033028,0.0809601
1.75656e+09,0.025632,-0.0220825,0.0713727
1.75656e+09,0.0324852,-0.00829208,0.0660464
1.75656e+09,0.0325914,-0.0296356,0.0436758
1.75656e+09,0.0293889,-0.0164695,0.0426106
1.75656e+09,0.0313812,-0.0190894,0.0394148
1.75656e+09,0.0173082,-0.0181355,0.02024
1.75656e+09,0.0280017,-0.0189409,0.0181095
1.75656e+09,0.0350455,0.00168551,0.00319579
1.75656e+09,0.0447291,0.0150443,0.00639159
1.75656e+09,0.0348019,0.0130322,-0.00745685
1.75656e+09,0.0225132,-0.0143902,-0.00319579
1.75656e+09,0.0243293,-0.00723055,0.00532632
1.75656e+09,0.0201701,-0.0133949,-0.0127832
1.75656e+09,0.0534067,-0.00566716,-0.00745685
1.75656e+09,0.042019,0.0156471,-0.0106526
1.75656e+09,0.0195364,0.00285209,-0.00958738
1.75656e+09,0.00996051,-0.0128619,0.00639159
1.75656e+09,0.00878373,-0.0118912,0.0191748
1.75656e+09,0.0108446,-0.0115716,0.02024
1.75656e+09,0.0303023,-0.00961351,0.0308927
1.75656e+09,0.0179261,-0.0213961,0.0436758
1.75656e+09,0.0247089,-0.0165376,0.0351537
1.75656e+09,0.0245034,-0.0144309,0.0607201
1.75656e+09,0.00799391,-0.0211298,0.0607201
1.75656e+09,0.00412918,-0.0193428,0.0585895
1.75656e+09,0.0290407,-0.0302343,0.0639159
1.75656e+09,0.0270401,-0.0221333,0.0543285
1.75656e+09,0.0272419,-0.0284223,0.0756338
1.75656e+09,0.0162465,-0.0275114,0.0479369
1.75656e+09,0.00959009,-0.0409156,0.0575243
1.75656e+09,0.0302239,-0.0277237,0.0553937
1.75656e+09,0.0330442,-0.0288858,0.0713727
1.75656e+09,0.0187029,-0.0193333,0.0553937
1.75656e+09,0.0141094,-0.0238645,0.04048
1.75656e+09,0.00933575,-0.017219,0.04048
1.75656e+09,0.00628831,-0.0203257,0.0479369
1.75656e+09,0.0282394,-0.0222369,0.0340885
1.75656e+09,0.0227715,-0.0244434,0.0266316
1.75656e+09,0.0158069,-0.0180079,0.036219
1.75656e+09,0.0141738,-0.0137997,0.0330232
1.75656e+09,0.0186783,-0.00742709,0.0255663
1.75656e+09,0.0135803,-0.0075937,0.0213053
1.75656e+09,0.0223759,-0.00375896,0.0191748
1.75656e+09,0.0282497,-0.00418793,0.0245011
1.75656e+09,0.0256852,-0.0101864,0.015979
1.75656e+09,0.00940279,-0.0173444,0.0245011
1.75656e+09,0.017895,-0.00459319,0.0191748
1.75656e+09,0.00831757,-0.0170923,0.0340885
1.75656e+09,0.00943624,-0.0204699,0.0255663
1.75656e+09,0.0183584,-0.0252755,0.0426106
1.75656e+09,0.0152963,-0.00936254,0.0340885
1.75656e+09,0.0126457,-0.00610682,0.04048
1.75656e+09,0.0225772,-0.0111398,0.0532632
1.75656e+09,0.0242835,-0.0149567,0.052198
1.75656e+09,0.000779995,-0.0208889,0.0607201
1.75656e+09,0.0314974,-0.0204455,0.0500674
1.75656e+09,0.0289147,-0.0149628,0.0628506
1.75656e+09,0.0110654,-0.00764353,0.036219
1.75656e+09,0.0102467,0.0037744,0.0383495
1.75656e+09,0.0127951,-0.000306524,0.0298274
1.75656e+09,0.0254868,-0.0162392,0.0426106
1.75656e+09,0.0211209,-0.0141129,0.0340885
1.75656e+09,0.0197252,-0.0122455,0.0223706
1.75656e+09,0.00608666,-0.00267392,0.0213053
1.75656e+09,0.00320451,0.00811278,-0.00213053
1.75656e+09,0.00217281,0.000643938,0.00745685
1.75656e+09,0.0122023,0.00667607,-0.00532632
1.75656e+09,0.0248389,-0.0027764,-0.00958738
1.75656e+09,0.0281142,-0.00262744,-0.00213053
1.75656e+09,0.0012081,-0.00485403,-0.0106526
1.75656e+09,-0.00170972,-0.00078186,0.00852211
1.75656e+09,0.00575147,0.000615189,-0.00532632
1.75656e+09,0.0253795,0.00944923,0.00745685
1.75656e+09,0.0145025,0.0071611,0.0106526
1.75656e+09,0.0118621,0.00198473,0.0138484
1.75656e+09,0.00868935,0.00503098,0.0127832
1.75656e+09,0.00067982,0.00666165,0.0117179
1.75656e+09,-0.000471112,-0.000288664,0.0181095
1.75656e+09,0.0148527,4.95751e-05,0.0234358
1.75656e+09,0.021469,-0.0110006,0.0223706
1.75656e+09,0.00352913,-0.00789533,0.0266316
1.75656e+09,0.00329405,0.000599592,0.0149137
1.75656e+09,0.00249816,0.0123818,0.0223706
1.75656e+09,0.00857592,0.00395798,0.0181095
1.75656e+09,0.024627,0.00227878,0.0245011
1.75656e+09,0.0184222,0.00325522,0.0106526
1.75656e+09,0.0163018,0.00347125,0.0149137
1.75656e+09,0.00932702,-0.000399273,-0.00106526
1.75656e+09,0.00541933,-0.0127497,-0.00639159
1.75656e+09,0.00793369,-0.00405786,-0.00532632
1.75656e+09,0.00671462,0.00619847,0.00106526
1.75656e+09,0.0107024,0.00207432,-0.0138484
1.75656e+09,0.0156667,0.0150579,-0.00958738
1.75656e+09,-0.00132941,0.00641158,-0.0170442
1.75656e+09,0.00372501,0.00498823,-0.015979
1.75656e+09,0.0155253,0.00584024,-0.00213053
1.75656e+09,0.0159331,0.00110594,0.00426106
1.75656e+09,0.0265322,0.00503637,-0.00106526
1.75656e+09,0.0109108,0.0021997,-0.0149137
1.75656e+09,0.0138134,-0.0112482,-0.0117179
1.75656e+09,-0.00966724,-0.00897416,0
1.75656e+09,-0.00549212,-0.00196026,0.00639159
1.75656e+09,0.00288399,-0.0217369,-0.00852211
1.75656e+09,0.0153428,-0.0151475,0.00106526
1.75656e+09,0.0157901,-0.0132502,0.00106526
1.75656e+09,0.000852981,0.00517647,0.00106526
1.75656e+09,-0.00885476,0.000906194,0.0213053
1.75656e+09,-0.00769994,0.010381,0.0138484
1.75656e+09,0.00474774,0.00593764,0.0223706
1.75656e+09,0.0127398,0.0018945,0.0191748
1.75656e+09,0.00477089,-0.00148282,0.0170442
1.75656e+09,0.00490915,-0.0040153,0.015979
1.75656e+09,0.0044567,-0.00187167,0.015979
1.75656e+09,0.00413791,-0.00153715,0.00852211
1.75656e+09,-0.000297835,-0.00586736,0.00319579
1.75656e+09,0.00734513,-0.00879129,0
1.75656e+09,-0.00300257,0.00253759,0.00639159
1.75656e+09,-0.0018234,-0.00721802,0.00639159
1.75656e+09,-0.002101,0.0048953,-0.00639159
1.75656e+09,-0.00807087,0.00272276,-0.00319579
1.75656e+09,0.00634184,0.0111099,-0.00958738
1.75656e+09,0.0143784,0.0044281,-0.00745685
1.75656e+09,0.00957603,-0.00131083,-0.00106526
1.75656e+09,-0.013196,0.00400521,-0.00106526
1.75656e+09,-0.00868306,-0.00883641,-0.00426106
1.75656e+09,-0.0118287,-0.011283,-0.00745685
1.75656e+09,0.00752731,-0.00350214,-0.00319579
1.75656e+09,-0.00121477,-0.000173152,-0.0117179
1.75656e+09,-0.00491313,-0.00736875,0
1.75656e+09,-0.00328772,-0.00141875,0.00106526
1.75656e+09,0.00335713,-0.00777269,0.00426106
1.75656e+09,0.0019999,0.00201895,0.00852211
1.75656e+09,0.00646883,0.00146746,0.00852211
1.75656e+09,0.0264935,-0.00410368,0.0181095
1.75656e+09,0.0118706,-0.00720214,0.02024
1.75656e+09,0.00123428,-0.00829724,0.00852211
1.75656e+09,-0.00844519,0.00790642,0.00426106
1.75656e+09,-0.0076365,0.00496457,0.015979
1.75656e+09,0.000577837,0.011482,0.0138484
1.75656e+09,-0.00171954,-0.000810012,0.00213053
1.75656e+09,-0.00275734,-0.00117817,0.00213053
1.75656e+09,-1.45564e-05,0.00808414,-0.00319579
1.75656e+09,-0.00180567,0.00966978,-0.00319579
1.75656e+09,0.00129102,-0.00595272,-0.015979
1.75656e+09,-0.00344824,-8.0959e-05,-0.00532632
1.75656e+09,0.00281627,-0.00525289,-0.00958738
1.75656e+09,0.00206405,-0.00833207,-0.0138484
1.75656e+09,-0.00298657,-0.0229263,-0.0245011
1.75656e+09,-0.00600379,-0.00493256,-0.0223706
1.75656e+09,-0.00209599,-0.00629123,-0.0106526
1.75656e+09,0.000805282,-0.00175464,-0.015979
1.75656e+09,0.00302354,0.000815127,-0.0106526
1.75656e+09,-0.00141693,0.000233741,-0.00319579
1.75656e+09,-0.0102829,-0.00737213,-0.00532632
1.75656e+09,-0.00529958,-0.00298075,-0.0149137
1.75656e+09,-0.00854393,-0.00140569,-0.00426106
1.75656e+09,-0.00576709,0.00136428,0.0106526
1.75656e+09,0.00870862,0.000723766,0.00852211
1.75656e+09,0.00273656,0.00751549,0.00426106
1.75656e+09,-0.00446061,0.00307417,0.00639159
1.75656e+09,0.00468489,-0.00483114,0.0106526
1.75656e+09,0.00906544,-0.00806995,-0.00106526
1.75656e+09,-0.00521788,-0.00950169,0.0117179
1.75656e+09,0.00710373,-0.00944582,0.00319579
1.75656e+09,0.00714664,-0.0118522,0.00213053
1.75656e+09,0.00601382,0.0015634,0.00852211
1.75656e+09,-0.00452445,-0.00734415,-0.00426106
1.75656e+09,0.00194029,0.0145926,0
1.75656e+09,0.000758998,0.00163348,-0.00745685
1.75656e+09,0.00554919,0.00145008,-0.0106526
1.75656e+09,0.0123526,-0.00340162,-0.0308927
1.75656e+09,0.00844958,-0.000201455,-0.0276969
1.75656e+09,-0.00389636,0.00171457,-0.0276969
1.75656e+09,-0.00296726,0.00926894,-0.0276969
1.75656e+09,0.00695484,0.00190181,-0.0223706
1.75656e+09,0.00778303,0.00990079,-0.0298274
1.75656e+09,0.00582384,0.010653,-0.0255663
1.75656e+09,0.00615496,-0.003235,-0.02024
1.75656e+09,0.00657792,0.00201179,-0.015979
1.75656e+09,0.00318985,0.00426422,-0.00639159
1.75656e+09,0.00610692,0.00149451,-0.00213053
1.75656e+09,-0.170682,0.0963936,0.00106526
1.75656e+09,-0.182436,0.149579,0.00745685
1.75656e+09,-0.0815165,0.156361,0.00319579
1.75656e+09,-0.0131118,0.0966549,0.00958738
1.75656e+09,-0.000799336,0.0701516,-0.00745685
1.75656e+09,-0.00919455,0.0511512,-0.00319579
1.75656e+09,0.0956738,0.058489,-0.02024
1.75656e+09,0.112241,0.0600923,-0.0149137
1.75656e+09,0.0189723,0.00158829,-0.0287621
1.75656e+09,0.00886422,-0.00455251,-0.0458064
1.75656e+09,0.00519181,0.002219,-0.0479369
1.75656e+09,-0.00273805,0.0076796,-0.052198
1.75656e+09,-0.0169592,0.00658515,-0.0713727
1.75656e+09,-0.0245291,0.0115218,-0.0671116
1.75656e+09,-0.00681174,0.0192841,-0.0468716
1.75656e+09,-0.0184583,0.00830423,-0.0735032
1.75656e+09,-0.0153858,0.0143967,-0.072438
1.75656e+09,-0.00940529,0.00800158,-0.0873517
1.75656e+09,-0.0401578,0.00553372,-0.0820253
1.75656e+09,-0.0476066,-0.0061052,-0.0777643
1.75656e+09,-0.0137802,0.0130475,-0.0830906
1.75656e+09,0.000779963,0.0135582,-0.0798948
1.75656e+09,-0.00333225,0.0132344,-0.0788296
1.75656e+09,-0.00185746,0.0152744,-0.0798948
1.75656e+09,-0.0701509,0.0151891,-0.0862864
1.75656e+09,-0.0745469,0.0161934,-0.0820253
1.75656e+09,-0.0492355,0.028128,-0.0692422
1.75656e+09,-0.0203428,0.0132796,-0.0596548
1.75656e+09,-0.0025759,0.00641155,-0.0639159
1.75656e+09,-0.00648791,0.0208651,-0.0671116
1.75656e+09,-0.0374428,0.0179676,-0.0585895
1.75656e+09,-0.0343483,0.0133483,-0.0649811
1.75656e+09,-0.00393849,0.0108826,-0.0596548
1.75656e+09,0.000799742,0.0100061,-0.056459
1.75656e+09,-0.00549404,0.00134188,-0.0671116
1.75656e+09,0.000268976,-0.000644027,-0.0703074
1.75656e+09,-0.0546158,0.0142822,-0.076699
1.75656e+09,-0.0576332,0.0239266,-0.0639159
1.75656e+09,-0.0238834,0.0168959,-0.0596548
1.75656e+09,0.0154696,0.0052122,-0.0756338
1.75656e+09,0.0152681,0.0117245,-0.0703074
1.75656e+09,-0.0011526,0.0211474,-0.0841559
1.75656e+09,-0.0344433,0.00403797,-0.0862864
1.75656e+09,-0.0592991,-0.00854082,-0.0745685
1.75656e+09,-0.0648096,-0.00138456,-0.0852211
1.75656e+09,-0.0414224,0.00363423,-0.0745685
1.75656e+09,-0.0233047,-0.00487992,-0.0788296
1.75656e+09,-0.0144423,0.0136661,-0.0745685
1.75656e+09,-0.0566459,0.0106259,-0.0639159
1.75656e+09,-0.0594987,0.0139057,-0.0671116
1.75656e+09,-0.0467557,0.0171094,-0.052198
1.75656e+09,-0.0269125,-0.000842816,-0.0436758
1.75656e+09,-0.0204627,-0.00649779,-0.0266316
1.75656e+09,-0.0102605,0.0141159,-0.0436758
1.75656e+09,-0.0432362,0.0216955,-0.0319579
1.75656e+09,-0.0485459,0.0229171,-0.0319579
1.75656e+09,-0.046444,0.020391,-0.02024
1.75656e+09,-0.0251812,0.0123947,-0.0149137
1.75656e+09,-0.0365198,-0.0018938,-0.0245011
1.75656e+09,-0.0354558,-0.000382407,-0.00958738
1.75656e+09,-0.0602056,-0.00125572,-0.00958738
1.75656e+09,-0.0655079,0.00343983,-0.00319579
1.75656e+09,-0.0342164,-0.00619097,-0.00426106
1.75656e+09,-0.0378873,0.00264456,-0.00958738
1.75656e+09,-0.0445757,0.00161092,-0.0170442
1.75656e+09,-0.058445,0.00590502,-0.0117179
1.75656e+09,-0.0610996,0.0103608,-0.0138484
1.75656e+09,-0.0578755,0.0101096,-0.0181095
1.75656e+09,-0.0602529,0.0134733,-0.00532632
1.75656e+09,-0.0478655,0.00867441,-0.0170442
1.75656e+09,-0.0470943,0.0250364,-0.00852211
1.75656e+09,-0.0459971,0.00970972,-0.0170442
1.75656e+09,-0.0430499,0.00358432,-0.0191748
1.75656e+09,-0.0590011,0.0078432,-0.0138484
1.75656e+09,-0.0601492,-0.00168965,-0.0170442
1.75656e+09,-0.0458479,0.00063644,-0.0149137
1.75656e+09,-0.0444031,0.000306586,-0.00958738
1.75656e+09,-0.0527561,0.00541832,-0.00426106
1.75656e+09,-0.057705,0.00460812,-0.00213053
1.75656e+09,-0.0618048,0.0239624,0.00213053
1.75656e+09,-0.00197991,0.000613279,-0.00106526
1.75656e+09,-0.0001667,-8.99198e-05,0.00532632
1.75656e+09,-0.000119199,-0.000106163,0.00106526
1.75656e+09,-0.000107486,-0.000105495,0.00532632
1.75656e+09,-0.000103982,-0.000100815,0.00745685
1.75656e+09,-0.000101992,-9.81893e-05,-0.00106526
1.75656e+09,-9.74949e-05,-9.31913e-05,0
1.75656e+09,-9.30774e-05,-8.88573e-05,0.00958738
1.75656e+09,-9.10676e-05,-8.7191e-05,0.0117179
1.75656e+09,-8.66642e-05,-8.35208e-05,0.00319579
1.75656e+09,-8.24364e-05,-8.04233e-05,-0.00319579
1.75656e+09,-8.04446e-05,-7.9032e-05,0.00639159
1.75656e+09,-7.63132e-05,-7.62211e-05,-0.00319579
1.75656e+09,-7.26577e-05,-7.34187e-05,-0.015979
1.75656e+09,-7.07711e-05,-7.20273e-05,-0.0149137
1.75656e+09,-6.71816e-05,-6.93181e-05,-0.0234358
1.75656e+09,-6.36578e-05,-6.63954e-05,-0.0223706
1.75656e+09,-6.16182e-05,-6.50878e-05,-0.0245011
1.75656e+09,-5.80503e-05,-6.19391e-05,-0.0170442
1.75656e+09,-5.48295e-05,-5.90832e-05,-0.0298274
1.75656e+09,-5.32603e-05,-5.77268e-05,-0.0234358
1.75656e+09,-5.02162e-05,-5.51968e-05,-0.0255663
1.75656e+09,-4.72515e-05,-5.27377e-05,-0.0245011
1.75656e+09,-4.58257e-05,-5.15186e-05,-0.0170442
1.75656e+09,-4.30807e-05,-4.92764e-05,-0.02024
1.75656e+09,-4.06187e-05,-4.71656e-05,-0.00852211
1.75656e+09,-3.94104e-05,-4.60909e-05,-0.015979
1.75656e+09,-3.71184e-05,-4.41895e-05,-0.00852211
1.75656e+09,-3.48227e-05,-4.23356e-05,0.00852211
1.75656e+09,-3.37523e-05,-4.1479e-05,0.00532632
1.75656e+09,-3.17025e-05,-3.96562e-05,-0.00213053
1.75656e+09,-2.97614e-05,-3.78657e-05,0.0106526
1.75656e+09,-2.88435e-05,-3.69916e-05,0.0127832
1.75656e+09,-2.70338e-05,-3.54022e-05,0.0106526
1.75656e+09,-2.52173e-05,-3.40091e-05,0.00426106
1.75656e+09,-2.44117e-05,-3.3349e-05,0.0117179
1.75656e+09,-2.28874e-05,-3.22449e-05,0.00958738
1.75656e+09,-2.14145e-05,-3.10579e-05,-0.00319579
1.75656e+09,-2.08142e-05,-3.02866e-05,-0.00319579
1.75656e+09,-1.95605e-05,-2.92989e-05,-0.0149137
1.75656e+09,-1.82664e-05,-2.83066e-05,-0.0149137
1.75656e+09,-1.77539e-05,-2.78195e-05,-0.00745685
1.75656e+09,-1.66713e-05,-2.68803e-05,-0.0234358
1.75656e+09,-1.56513e-05,-2.5969e-05,-0.0330232
1.75656e+09,-1.51635e-05,-2.54864e-05,-0.0276969
1.75656e+09,-1.43358e-05,-2.44542e-05,-0.0308927
1.75656e+09,-1.33898e-05,-2.35447e-05,-0.0330232
1.75656e+09,-1.29192e-05,-2.3091e-05,-0.04048
1.75656e+09,-1.21522e-05,-2.21683e-05,-0.0276969
1.75656e+09,-1.15151e-05,-2.12022e-05,-0.0213053
1.75656e+09,-1.12182e-05,-2.07424e-05,-0.0213053
1.75656e+09,-1.06697e-05,-1.98543e-05,-0.0223706
1.75656e+09,-1.00976e-05,-1.90109e-05,-0.02024
1.75656e+09,-9.79786e-06,-1.86273e-05,-0.0213053
1.75656e+09,-9.28498e-06,-1.79539e-05,-0.00745685
1.75656e+09,-8.85947e-06,-1.73394e-05,-0.0234358
1.75656e+09,-8.61954e-06,-1.70768e-05,0.00319579
1.75656e+09,-8.17685e-06,-1.64155e-05,-0.00213053
1.75656e+09,-7.68973e-06,-1.57563e-05,0
1.75656e+09,-7.47016e-06,-1.5455e-05,-0.00213053
1.75656e+09,-7.04972e-06,-1.4869e-05,-0.00639159
1.75656e+09,-6.6634e-06,-1.43733e-05,-0.00426106
1.75656e+09,-6.46148e-06,-1.41247e-05,-0.0117179
1.75656e+09,-6.08945e-06,-1.36776e-05,-0.0117179
1.75656e+09,-5.6861e-06,-1.32801e-05,-0.0287621
1.75656e+09,-5.56214e-06,-1.3075e-05,-0.0117179
1.75656e+09,-5.19563e-06,-1.26907e-05,-0.0191748
1.75656e+09,-4.90274e-06,-1.23685e-05,-0.0149137
1.75656e+09,-4.74023e-06,-1.22164e-05,-0.00852211
1.75656e+09,-4.4752e-06,-1.19227e-05,-0.0287621
1.75656e+09,-4.15913e-06,-1.16284e-05,-0.0266316
1.75656e+09,-4.04351e-06,-1.14708e-05,-0.0170442
1.75656e+09,-3.80476e-06,-1.1151e-05,-0.0234358
1.75656e+09,-3.59434e-06,-1.08184e-05,-0.0245011
1.75656e+09,-3.48775e-06,-1.06499e-05,-0.0149137
1.75656e+09,-3.33574e-06,-1.02983e-05,-0.0170442
1.75656e+09,-3.13539e-06,-9.96219e-06,-0.0191748
1.75656e+09,-3.05062e-06,-9.78838e-06,-0.0255663
1.75656e+09,-2.91e-06,-9.47423e-06,-0.0149137
1.75656e+09,-2.76512e-06,-9.17271e-06,-0.0181095
1.75656e+09,-2.69717e-06,-9.03608e-06,-0.0138484
1.75656e+09,-2.56553e-06,-8.78136e-06,-0.00958738
1.75656e+09,-2.41222e-06,-8.53341e-06,-0.0106526
1.75656e+09,-2.42149e-06,-8.42225e-06,-0.00532632
1.75656e+09,-2.28423e-06,-8.18074e-06,0.00319579
1.75656e+09,-2.16578e-06,-7.91968e-06,0
1.75656e+09,-2.14898e-06,-7.79462e-06,0.00639159
1.75656e+09,-2.0025e-06,-7.54361e-06,-0.0127832
1.75656e+09,-1.91971e-06,-7.30544e-06,-0.00426106
1.75656e+09,-1.8487e-06,-7.18564e-06,-0.00213053
1.75656e+09,-1.80155e-06,-6.95882e-06,-0.00106526
1.75656e+09,-1.69262e-06,-6.76907e-06,-0.00106526
1.75656e+09,-1.65265e-06,-6.65905e-06,-0.00106526
1.75656e+09,-1.59249e-06,-6.45773e-06,-0.0138484
1.75656e+09,-1.51104e-06,-6.27658e-06,-0.02024
1.75656e+09,-1.43391e-06,-6.17426e-06,-0.0234358
1.75656e+09,-1.45418e-06,-6.00052e-06,-0.0213053
1.75656e+09,-1.36213e-06,-5.82777e-06,-0.0308927
1.75656e+09,-1.32353e-06,-5.73857e-06,-0.0340885
1.75656e+09,-1.27006e-06,-5.56627e-06,-0.0276969
1.75656e+09,-1.20703e-06,-5.39456e-06,-0.0340885
1.75656e+09,-1.18032e-06,-5.3149e-06,-0.04048
1.75656e+09,-1.11405e-06,-5.14983e-06,-0.0447411
1.75656e+09,-1.32863e-06,-5.00889e-06,-0.0234358
1.75656e+09,-1.32863e-06,-5.00889e-06,-0.0234358
1.75656e+09,-1.02199e-06,-4.85726e-06,-0.0372843
1.75656e+09,-1.02099e-06,-4.72274e-06,-0.0138484
1.75656e+09,-9.9114e-07,-4.65756e-06,-0.0223706
1.75656e+09,-9.2827e-07,-4.51356e-06,-0.015979
1.75656e+09,-9.26057e-07,-4.36004e-06,-0.0170442
1.75656e+09,-8.86916e-07,-4.27618e-06,-0.0117179
1.75656e+09,-8.74872e-07,-4.12223e-06,-0.00958738
1.75656e+09,-8.24042e-07,-3.99071e-06,-0.02024
1.75656e+09,-8.12759e-07,-3.92267e-06,-0.0213053
1.75656e+09,-7.66704e-07,-3.79725e-06,-0.0213053
1.75656e+09,-7.30527e-07,-3.66669e-06,-0.0276969
1.75656e+09,-7.15668e-07,-3.61915e-06,-0.015979
1.75656e+09,-7.05877e-07,-3.49809e-06,-0.015979
1.75656e+09,-6.85454e-07,-3.38021e-06,-0.0287621
1.75656e+09,-6.87896e-07,-3.32061e-06,-0.0330232
1.75656e+09,-6.31338e-07,-3.22423e-06,-0.04048
1.75656e+09,-6.09356e-07,-3.11853e-06,-0.0436758
1.75656e+09,-6.00891e-07,-3.07267e-06,-0.0383495
1.75656e+09,-5.88425e-07,-2.97077e-06,-0.0276969
1.75656e+09,-5.99961e-07,-2.89003e-06,-0.0394148
1.75656e+09,-5.7586e-07,-2.84912e-06,-0.0468716
1.75656e+09,-5.45859e-07,-2.75789e-06,-0.0415453
1.75656e+09,-5.29358e-07,-2.67099e-06,-0.036219
1.75656e+09,-5.17942e-07,-2.62016e-06,-0.0330232
1.75656e+09,-5.17467e-07,-2.53021e-06,-0.0383495
1.75656e+09,-5.01229e-07,-2.44039e-06,-0.0266316
1.75656e+09,-4.99985e-07,-2.39943e-06,-0.0245011
1.75656e+09,-4.79305e-07,-2.30701e-06,-0.02024
1.75656e+09,-4.63036e-07,-2.23848e-06,-0.0287621
1.75656e+09,-4.488e-07,-2.19595e-06,-0.0127832
1.75656e+09,-4.33669e-07,-2.13203e-06,-0.00958738
1.75656e+09,-4.30751e-07,-2.05013e-06,-0.00319579
1.75656e+09,-4.36511e-07,-2.02139e-06,-0.0149137
1.75656e+09,-4.10909e-07,-1.9603e-06,-0.0138484
1.75656e+09,-3.89392e-07,-1.90922e-06,-0.00958738
1.75656e+09,-3.72488e-07,-1.75045e-06,-0.015979
1.75656e+09,-3.44938e-07,-1.72859e-06,-0.0106526
1.75656e+09,-3.38248e-07,-1.68224e-06,-0.0298274
1.75656e+09,-3.51418e-07,-1.67072e-06,-0.0213053
1.75656e+09,-3.26163e-07,-1.6431e-06,-0.0276969
1.75656e+09,-3.3115e-07,-1.61817e-06,-0.0287621
1.75656e+09,-3.12697e-07,-1.6068e-06,-0.0372843
1.75656e+09,-3.11199e-07,-1.5732e-06,-0.0372843
1.75656e+09,-3.09023e-07,-1.55135e-06,-0.0351537
1.75656e+09,-3.17164e-07,-1.5316e-06,-0.0255663
1.75656e+09,-3.14237e-07,-1.50984e-06,-0.0298274
1.75656e+09,-2.96517e-07,-1.47431e-06,-0.0383495
1.75656e+09,-2.95332e-07,-1.46091e-06,-0.0245011
1.75656e+09,-2.89641e-07,-1.42899e-06,-0.036219
1.75656e+09,-2.86767e-07,-1.39678e-06,-0.0298274
1.75656e+09,-2.96907e-07,-1.37911e-06,-0.0287621
1.75656e+09,-3.06857e-07,-1.34618e-06,-0.0298274
1.75656e+09,-2.91639e-07,-1.32013e-06,-0.00745685
1.75656e+09,-2.80744e-07,-1.31168e-06,-0.0149137
1.75656e+09,-2.74986e-07,-1.29724e-06,-0.00426106
1.75656e+09,-2.72486e-07,-1.26715e-06,-0.00319579
1.75656e+09,-2.75343e-07,-1.25911e-06,0.00106526
1.75656e+09,-3.38562e-07,-1.22728e-06,-0.00213053
1.75656e+09,-2.68047e-07,-1.2347e-06,0.00852211
1.75656e+09,-2.76489e-07,-1.24131e-06,-0.00532632
1.75656e+09,-3.00819e-07,-1.2405e-06,-0.0106526
1.75656e+09,-2.69773e-07,-1.24898e-06,-0.00852211
1.75656e+09,-2.81038e-07,-1.25833e-06,-0.0138484
1.75656e+09,-2.83331e-07,-1.27039e-06,-0.0138484
1.75656e+09,-2.8711e-07,-1.28978e-06,-0.0213053
1.75656e+09,-2.901e-07,-1.3071e-06,-0.0223706
1.75656e+09,-2.95652e-07,-1.32731e-06,-0.0266316
1.75656e+09,-2.98641e-07,-1.35737e-06,-0.0319579
1.75656e+09,-3.12427e-07,-1.37029e-06,-0.0319579
1.75656e+09,-3.30405e-07,-1.4023e-06,-0.0330232
1.75656e+09,-3.26771e-07,-1.41632e-06,-0.0287621
1.75656e+09,-3.27452e-07,-1.41656e-06,-0.0234358
1.75656e+09,-3.29006e-07,-1.43685e-06,-0.036219
1.75656e+09,-3.50379e-07,-1.4535e-06,-0.0276969
1.75656e+09,-3.50379e-07,-1.4535e-06,-0.0276969
1.75656e+09,-3.50379e-07,-1.4535e-06,-0.0276969
1.75656e+09,-3.50379e-07,-1.4535e-06,-0.0276969
1.75656e+09,-5.58245e-07,-1.48575e-06,-0.0149137
1.75656e+09,-3.74593e-07,-1.49041e-06,-0.00745685
1.75656e+09,-4.08015e-07,-1.50781e-06,-0.00106526
1.75656e+09,-3.94264e-07,-1.52405e-06,-0.0138484
1.75656e+09,-3.89301e-07,-1.5257e-06,-0.00319579
1.75656e+09,-3.98858e-07,-1.51721e-06,0.00426106
1.75656e+09,-3.88586e-07,-1.51276e-06,-0.00426106
1.75656e+09,-4.01251e-07,-1.50502e-06,0.00852211
1.75656e+09,-3.79133e-07,-1.48778e-06,-0.00958738
1.75656e+09,-3.84539e-07,-1.49177e-06,0.00639159
1.75656e+09,-3.78829e-07,-1.48064e-06,0.0127832
1.75656e+09,-3.73696e-07,-1.47625e-06,-0.00106526
1.75656e+09,-3.67265e-07,-1.47136e-06,0.00639159
1.75656e+09,-3.53502e-07,-1.47967e-06,-0.0106526
1.75656e+09,-3.55027e-07,-1.47243e-06,-0.015979
1.75656e+09,-3.58206e-07,-1.47434e-06,-0.015979
1.75656e+09,-3.18144e-07,-1.4815e-06,-0.0181095
1.75656e+09,-3.84036e-07,-1.49778e-06,-0.0213053
1.75656e+09,-3.30148e-07,-1.50423e-06,-0.0298274
1.75656e+09,-3.47219e-07,-1.5138e-06,-0.0415453
1.75656e+09,-3.60671e-07,-1.52379e-06,-0.0287621
1.75656e+09,-3.49429e-07,-1.53533e-06,-0.0340885
1.75656e+09,-3.33121e-07,-1.55466e-06,-0.0383495
1.75656e+09,-3.37754e-07,-1.56149e-06,-0.0308927
1.75656e+09,-3.35322e-07,-1.56456e-06,-0.0372843
1.75656e+09,-3.5645e-07,-1.58841e-06,-0.0308927
1.75656e+09,-3.32547e-07,-1.59375e-06,-0.0245011
1.75656e+09,-3.32839e-07,-1.59511e-06,-0.0234358
1.75656e+09,-3.38442e-07,-1.59492e-06,-0.0170442
1.75656e+09,-3.32539e-07,-1.61074e-06,-0.0191748
1.75656e+09,-3.60084e-07,-1.61874e-06,-0.0276969
1.75656e+09,-3.29591e-07,-1.61927e-06,-0.015979
1.75656e+09,-3.2825e-07,-1.61584e-06,-0.00532632
1.75656e+09,-3.2469e-07,-1.62182e-06,-0.0149137
1.75656e+09,-3.13328e-07,-1.63256e-06,-0.00213053
1.75656e+09,-2.89521e-07,-1.67147e-06,-0.00745685
1.75656e+09,-2.94457e-07,-1.67691e-06,-0.00319579
1.75656e+09,-2.89728e-07,-1.6877e-06,-0.0191748
1.75656e+09,-2.75764e-07,-1.69885e-06,-0.0234358
1.75656e+09,-2.80474e-07,-1.70835e-06,-0.015979
1.75656e+09,-2.77281e-07,-1.72193e-06,-0.0223706
1.75656e+09,-2.70231e-07,-1.71424e-06,-0.0170442
1.75656e+09,-2.50011e-07,-1.71823e-06,-0.0223706
1.75656e+09,-2.65162e-07,-1.70243e-06,-0.0266316
1.75656e+09,-2.49878e-07,-1.70047e-06,-0.02024
1.75656e+09,-2.61446e-07,-1.68375e-06,-0.0234358
1.75656e+09,-2.49841e-07,-1.679e-06,-0.0223706
1.75656e+09,-2.36646e-07,-1.6752e-06,-0.0245011
1.75656e+09,-2.47262e-07,-1.64634e-06,-0.02024
1.75656e+09,-2.13203e-07,-1.63003e-06,-0.00745685
1.75656e+09,-2.21491e-07,-1.61875e-06,0.00745685
1.75656e+09,-2.17897e-07,-1.59355e-06,-0.00639159
1.75656e+09,-2.10505e-07,-1.57819e-06,-0.0149137
1.75656e+09,-2.10505e-07,-1.57819e-06,-0.0149137
1.75656e+09,-2.18616e-07,-1.55083e-06,0.00106526
1.75656e+09,-1.92481e-07,-1.53726e-06,0.0117179
1.75656e+09,-2.07798e-07,-1.51763e-06,0.00106526
1.75656e+09,-1.82763e-07,-1.48248e-06,-0.00639159
1.75656e+09,-1.80156e-07,-1.47325e-06,0.00426106
1.75656e+09,-1.81968e-07,-1.46021e-06,0
1.75656e+09,-1.51931e-07,-1.43037e-06,0.00532632
1.75656e+09,-1.62426e-07,-1.41062e-06,0
1.75656e+09,-1.47539e-07,-1.39962e-06,0.00319579
1.75656e+09,-2.00622e-07,-1.37265e-06,0.00745685
1.75656e+09,-1.53438e-07,-1.37143e-06,-0.00532632
1.75656e+09,-1.44519e-07,-1.35765e-06,-0.00852211
1.75656e+09,-1.25398e-07,-1.34025e-06,-0.0117179
1.75656e+09,-1.29837e-07,-1.32087e-06,-0.0127832
1.75656e+09,-1.284e-07,-1.31127e-06,-0.0106526
1.75656e+09,-1.42059e-07,-1.29225e-06,-0.0181095
1.75656e+09,-1.21894e-07,-1.26248e-06,-0.0181095
1.75656e+09,-1.10343e-07,-1.25122e-06,-0.0255663
1.75656e+09,-1.11244e-07,-1.22654e-06,-0.0170442
1.75656e+09,-1.11244e-07,-1.22654e-06,-0.0170442
1.75656e+09,-1.11244e-07,-1.22654e-06,-0.0170442
1.75656e+09,-1.11244e-07,-1.22654e-06,-0.0170442
1.75656e+09,-1.01144e-07,-1.19687e-06,-0.00639159
1.75656e+09,-1.09155e-07,-1.18545e-06,-0.0106526
1.75656e+09,-1.08876e-07,-1.14388e-06,-0.00426106
1.75656e+09,-1.02704e-07,-1.10925e-06,0.00106526
1.75656e+09,-9.8696e-08,-1.09536e-06,-0.00213053
1.75656e+09,-1.25263e-07,-1.06468e-06,-0.00213053
1.75656e+09,-8.49801e-08,-1.01243e-06,0.00745685
1.75656e+09,-1.06938e-07,-9.99638e-07,0.00532632
1.75656e+09,-9.41426e-08,-9.63583e-07,0.00852211
1.75656e+09,-9.31467e-08,-9.31919e-07,-0.00213053
1.75656e+09,-8.18006e-08,-9.15614e-07,0.00319579
1.75656e+09,-9.43869e-08,-8.80818e-07,-0.00532632
1.75656e+09,-8.56448e-08,-8.6246e-07,-0.00106526
1.75656e+09,-8.58317e-08,-8.62401e-07,0.00426106
1.75656e+09,-7.83891e-08,-8.37686e-07,0.00426106
1.75656e+09,-7.19436e-08,-8.15255e-07,-0.0149137
1.75656e+09,-7.20494e-08,-8.05188e-07,-0.00426106
1.75656e+09,-5.91014e-08,-7.89001e-07,-0.00958738
1.75656e+09,-8.00394e-08,-7.70662e-07,-0.02024
1.75656e+09,-5.91134e-08,-7.6018e-07,-0.0191748
1.75656e+09,-5.26761e-08,-7.43375e-07,-0.0308927
1.75656e+09,-5.21956e-08,-7.21118e-07,-0.0127832
1.75656e+09,-6.03224e-08,-7.11747e-07,-0.02024
1.75656e+09,-7.66262e-08,-6.93585e-07,-0.0298274
1.75656e+09,-7.57801e-08,-6.67335e-07,-0.0298274
1.75656e+09,-6.06069e-08,-6.47455e-07,-0.0191748
1.75656e+09,-5.49367e-08,-6.18484e-07,-0.0181095
1.75656e+09,-5.86728e-08,-5.8906e-07,-0.0170442
1.75656e+09,-6.41571e-08,-5.7586e-07,-0.0223706
1.75656e+09,-6.9207e-08,-5.44825e-07,-0.0106526
1.75656e+09,-7.07854e-08,-5.30387e-07,-0.02024
1.75656e+09,-6.60669e-08,-5.15306e-07,-0.00639159
1.75656e+09,-5.56377e-08,-5.00241e-07,-0.00213053
1.75656e+09,-5.98972e-08,-4.84785e-07,-0.00106526
1.75656e+09,-5.35734e-08,-4.76506e-07,-0.00319579
1.75656e+09,-6.21446e-08,-4.63466e-07,0.00426106
1.75656e+09,-5.28322e-08,-4.48091e-07,-0.0191748
1.75656e+09,-5.43343e-08,-4.42374e-07,-0.00852211
1.75656e+09,-4.84578e-08,-4.31926e-07,0.00106526
1.75656e+09,-5.10768e-08,-4.27649e-07,-0.00106526
1.75656e+09,-5.2233e-08,-4.2435e-07,0.00319579
1.75656e+09,-5.37826e-08,-4.21398e-07,-0.00958738
1.75656e+09,-4.48668e-08,-4.13757e-07,-0.0106526
1.75656e+09,-3.79916e-08,-4.13909e-07,-0.0170442
1.75656e+09,-4.4677e-08,-4.12423e-07,-0.00958738
1.75656e+09,-4.49467e-08,-4.05857e-07,-0.0287621
1.75656e+09,-4.49346e-08,-3.98617e-07,-0.0234358
1.75656e+09,-4.4403e-08,-3.91365e-07,-0.0223706
1.75656e+09,-3.18636e-08,-3.76401e-07,-0.0298274
1.75656e+09,-3.70468e-08,-3.64685e-07,-0.0330232
1.75656e+09,-3.53025e-08,-3.48929e-07,-0.0213053
1.75656e+09,-4.92863e-08,-3.43687e-07,-0.0287621
1.75656e+09,-4.48272e-08,-3.2933e-07,-0.0319579
1.75656e+09,-4.81892e-08,-3.20666e-07,-0.015979
1.75656e+09,-3.30771e-08,-3.06568e-07,-0.0372843
1.75656e+09,-3.78864e-08,-3.01924e-07,-0.0191748
1.75656e+09,-3.94093e-08,-2.88484e-07,-0.02024
1.75656e+09,-3.24466e-08,-2.72532e-07,-0.0138484
1.75656e+09,-4.40882e-08,-2.60854e-07,-0.0117179
1.75656e+09,-4.12569e-08,-2.62276e-07,0
1.75656e+09,-2.6205e-08,-2.49722e-07,0.00532632
1.75656e+09,-3.18573e-08,-2.43377e-07,-0.00426106
1.75656e+09,-4.14956e-08,-2.37688e-07,0.00319579
1.75656e+09,-4.27308e-08,-2.30758e-07,0.02024
1.75656e+09,-3.81825e-08,-2.32947e-07,-0.00319579
1.75656e+09,-3.44537e-08,-2.22329e-07,-0.00106526
1.75656e+09,-2.94529e-08,-2.18538e-07,0.00745685
1.75656e+09,-2.70794e-08,-2.17419e-07,0.00532632
1.75656e+09,-2.91323e-08,-2.22649e-07,0.00532632
1.75656e+09,-2.48038e-08,-2.22025e-07,-0.00532632
1.75656e+09,-3.13599e-08,-2.19644e-07,-0.00532632
1.75656e+09,-3.54405e-08,-2.14691e-07,-0.00958738
1.75656e+09,-3.02203e-08,-2.20517e-07,-0.0149137
1.75656e+09,-2.0353e-08,-2.14631e-07,-0.00639159
1.75656e+09,-3.40765e-08,-2.17684e-07,-0.00639159
1.75656e+09,-4.10553e-08,-2.22699e-07,-0.0276969
1.75656e+09,-3.00151e-08,-2.18214e-07,-0.0223706
1.75656e+09,-2.94539e-08,-2.14188e-07,-0.0276969
1.75656e+09,-2.44797e-08,-2.07533e-07,-0.0266316
1.75656e+09,-2.18931e-08,-2.0449e-07,-0.0223706
1.75656e+09,-2.23463e-08,-2.00767e-07,-0.0191748
1.75656e+09,-2.50083e-08,-1.95636e-07,-0.0127832
1.75656e+09,-2.73359e-08,-1.93347e-07,-0.0181095
1.75656e+09,-2.1309e-08,-1.89523e-07,-0.0117179
1.75656e+09,-3.95874e-08,-1.76434e-07,-0.0213053
1.75656e+09,-2.88958e-08,-1.66157e-07,-0.0149137
1.75656e+09,-2.04779e-08,-1.63484e-07,-0.0117179
1.75656e+09,-2.3801e-08,-1.65138e-07,-0.00532632
1.75656e+09,-2.36787e-08,-1.60511e-07,-0.00106526
1.75656e+09,-2.48166e-08,-1.52457e-07,0.00958738
1.75656e+09,-1.95678e-08,-1.57349e-07,0.0106526
1.75656e+09,-2.25994e-08,-1.51113e-07,0.00213053
1.75656e+09,-2.2233e-08,-1.45105e-07,-0.0117179
1.75656e+09,-2.12683e-08,-1.39006e-07,0.00319579
1.75656e+09,-1.4767e-08,-1.42027e-07,-0.00213053
1.75656e+09,-2.79571e-08,-1.39437e-07,0
1.75656e+09,-2.11334e-08,-1.41203e-07,0.00213053
1.75656e+09,-2.27239e-08,-1.44265e-07,0.00745685
1.75656e+09,-1.86687e-08,-1.47593e-07,-0.00213053
1.75656e+09,-1.19762e-08,-1.3988e-07,0.00852211
1.75656e+09,-2.19271e-08,-1.39577e-07,-0.00426106
1.75656e+09,-1.58642e-08,-1.46732e-07,-0.00852211
1.75656e+09,-1.17359e-08,-1.42622e-07,-0.00532632
1.75656e+09,-2.05365e-08,-1.38294e-07,-0.0127832
1.75656e+09,-1.92774e-08,-1.47408e-07,-0.00639159
1.75656e+09,-2.11355e-08,-1.44613e-07,-0.0266316
1.75656e+09,-1.48962e-08,-1.37781e-07,-0.0170442
1.75656e+09,-1.86733e-08,-1.36664e-07,-0.0234358
1.75656e+09,-3.27981e-08,-1.35903e-07,-0.0191748
1.75656e+09,-1.61672e-08,-1.41442e-07,-0.0127832
1.75656e+09,-2.94017e-08,-1.36878e-07,-0.0127832
1.75656e+09,-1.77881e-08,-1.38928e-07,-0.0127832
1.75656e+09,-1.66443e-08,-1.25624e-07,0.00106526
1.75656e+09,-1.81321e-08,-1.24578e-07,-0.0106526
1.75656e+09,-2.83361e-08,-1.29278e-07,-0.00852211
1.75656e+09,-1.89931e-08,-1.27702e-07,-0.00532632
1.75656e+09,-2.12639e-08,-1.25506e-07,0
1.75656e+09,-1.55185e-08,-1.30251e-07,0.00852211
1.75656e+09,-1.19689e-08,-1.22253e-07,0.0106526
1.75656e+09,-2.10373e-08,-1.20191e-07,0.00319579
1.75656e+09,-1.95818e-08,-1.18174e-07,0.02024
1.75656e+09,-1.94024e-08,-1.23099e-07,-0.00213053
1.75656e+09,-1.47095e-08,-1.34555e-07,-0.00532632
1.75656e+09,-1.48904e-08,-1.35935e-07,-0.0170442
1.75656e+09,-2.22662e-08,-1.39818e-07,0
1.75656e+09,-2.42773e-08,-1.41417e-07,-0.00639159
1.75656e+09,-1.20795e-08,-1.42834e-07,-0.00958738
1.75656e+09,-1.55529e-08,-1.46043e-07,-0.0149137
1.75656e+09,-1.03933e-08,-1.50365e-07,-0.0170442
1.75656e+09,-9.56983e-09,-1.48162e-07,-0.0245011
1.75656e+09,-1.14222e-08,-1.43321e-07,-0.02024
1.75656e+09,-1.53566e-08,-1.37667e-07,-0.0245011
1.75656e+09,-2.64458e-08,-1.38691e-07,-0.0234358
1.75656e+09,-1.42206e-08,-1.37867e-07,-0.0266316
1.75656e+09,-1.47746e-08,-1.36981e-07,-0.02024
1.75656e+09,-1.16576e-08,-1.3284e-07,-0.0181095
1.75656e+09,-1.42174e-08,-1.2272e-07,-0.0149137
1.75656e+09,-1.70329e-08,-1.20114e-07,-0.0181095
1.75656e+09,-2.88052e-08,-1.17532e-07,-0.00426106
1.75656e+09,-2.55517e-08,-1.1127e-07,-0.0149137
1.75656e+09,-2.38746e-08,-1.11098e-07,-0.00106526
1.75656e+09,-8.77509e-09,-1.0672e-07,0.00532632
1.75656e+09,-1.15326e-08,-1.06686e-07,0.00639159
1.75656e+09,-1.09694e-08,-1.04072e-07,0.00426106
1.75656e+09,-1.97782e-08,-9.93451e-08,0.0170442
1.75656e+09,-2.15319e-08,-1.03616e-07,0.00745685
1.75656e+09,-1.26814e-08,-1.05149e-07,0.0106526
1.75656e+09,-1.77365e-08,-9.7115e-08,0.00213053
1.75656e+09,-1.27625e-08,-9.75342e-08,0.00106526
1.75656e+09,-1.63798e-08,-1.01023e-07,0.0234358
1.75656e+09,-1.60588e-08,-1.04629e-07,-0.00319579
1.75656e+09,-1.63636e-08,-1.22363e-07,0.00426106
1.75656e+09,-1.45005e-08,-1.22457e-07,-0.00319579
1.75656e+09,-1.68169e-08,-1.29889e-07,-0.00745685
1.75656e+09,-6.98917e-09,-1.28605e-07,-0.0127832
1.75656e+09,-1.31826e-08,-1.3542e-07,-0.0181095
1.75656e+09,-1.5527e-08,-1.36488e-07,-0.0138484
1.75656e+09,-1.11871e-08,-1.35385e-07,-0.0149137
1.75656e+09,-1.07074e-08,-1.30741e-07,-0.00745685
1.75656e+09,-1.43045e-08,-1.37615e-07,-0.0266316
1.75656e+09,-1.15902e-08,-1.28198e-07,-0.0117179
1.75656e+09,-1.6527e-08,-1.26868e-07,-0.0223706
1.75656e+09,-1.6297e-08,-1.21272e-07,-0.0223706
1.75656e+09,-1.63809e-08,-1.14793e-07,-0.0117179
1.75656e+09,-1.02188e-08,-1.17884e-07,-0.0138484
1.75656e+09,-1.57254e-08,-1.0611e-07,0.00213053
1.75656e+09,-6.94888e-09,-1.03112e-07,-0.00852211
1.75656e+09,-2.06557e-08,-1.00548e-07,0.00426106
1.75656e+09,-3.39327e-08,-9.12457e-08,-0.00319579
1.75656e+09,-1.87008e-08,-1.06348e-07,0
1.75656e+09,-9.50196e-09,-9.66326e-08,0.00852211
1.75656e+09,-2.53766e-08,-1.0048e-07,0.00106526
1.75656e+09,-1.74663e-08,-9.61655e-08,0.0127832
1.75656e+09,-1.6116e-08,-1.00106e-07,0.0106526
1.75656e+09,-2.06009e-08,-1.10034e-07,0.00745685
1.75656e+09,-2.15036e-08,-1.08926e-07,0.0138484
1.75656e+09,-1.57424e-08,-1.02415e-07,0.0106526
1.75656e+09,-1.88564e-08,-1.24333e-07,0.0127832
1.75656e+09,-1.68931e-08,-1.16324e-07,-0.00213053
1.75656e+09,-1.62459e-08,-1.19364e-07,0.0117179
1.75656e+09,-1.4196e-08,-1.19885e-07,-0.00745685
1.75656e+09,-2.04862e-08,-1.16285e-07,-0.00745685
1.75656e+09,-1.2671e-08,-1.21173e-07,-0.0149137
1.75656e+09,-6.32882e-09,-1.13792e-07,-0.00426106
1.75656e+09,-1.36381e-08,-1.20681e-07,-0.0170442
1.75656e+09,-1.28214e-08,-1.22252e-07,-0.0181095
1.75656e+09,-2.71692e-08,-1.15069e-07,-0.02024
1.75656e+09,-1.74188e-08,-1.12357e-07,-0.015979
1.75656e+09,-9.83267e-09,-1.123e-07,-0.0117179
1.75656e+09,-1.59418e-08,-1.11196e-07,-0.0287621
1.75656e+09,-1.66559e-08,-1.10186e-07,-0.015979
1.75656e+09,-1.78773e-08,-1.11133e-07,-0.00852211
1.75656e+09,-2.33502e-08,-1.06187e-07,-0.0149137
1.75656e+09,-2.4889e-08,-9.73291e-08,-0.0127832
1.75656e+09,-1.46101e-08,-9.03105e-08,-0.00106526
1.75656e+09,-8.27334e-09,-9.12105e-08,-0.00213053
1.75656e+09,-9.81511e-09,-9.19082e-08,-0.00532632
1.75656e+09,-2.78692e-08,-9.02946e-08,-0.00319579
1.75656e+09,-1.37592e-08,-8.8648e-08,0.00319579
1.75656e+09,-1.72722e-08,-9.10052e-08,0.00213053
1.75656e+09,-1.95489e-08,-8.82445e-08,0.00532632
1.75656e+09,-1.02327e-08,-8.40119e-08,0.00213053
1.75656e+09,-2.51699e-08,-8.61819e-08,0
1.75656e+09,-1.39834e-08,-9.19054e-08,0.00319579
1.75656e+09,-1.33475e-08,-9.93892e-08,0
1.75656e+09,-1.75122e-08,-1.045e-07,-0.00426106
1.75656e+09,-1.4775e-08,-1.04552e-07,0.00213053
1.75656e+09,-1.48977e-08,-1.0631e-07,-0.00745685
1.75656e+09,-1.20253e-08,-1.15951e-07,-0.00319579
1.75656e+09,-1.27415e-08,-1.18672e-07,-0.0223706
1.75656e+09,-2.87254e-08,-1.2242e-07,-0.0127832
1.75656e+09,-1.53311e-08,-1.22253e-07,-0.00958738
1.75656e+09,-6.84076e-09,-1.16144e-07,-0.0287621
1.75656e+09,-1.00799e-08,-1.19637e-07,-0.0266316
1.75656e+09,-1.50331e-08,-1.2098e-07,-0.0106526
1.75656e+09,-2.25324e-08,-1.19667e-07,-0.0181095
1.75656e+09,-1.51591e-08,-1.14396e-07,-0.02024
1.75656e+09,-1.57058e-08,-1.06647e-07,-0.0245011
1.75656e+09,-1.53289e-08,-9.98738e-08,-0.0213053
1.75656e+09,-7.83091e-09,-9.43572e-08,-0.0213053
1.75656e+09,-1.89313e-08,-1.00805e-07,-0.00958738
1.75656e+09,-2.21573e-08,-8.95797e-08,-0.00532632
1.75656e+09,-1.30663e-08,-8.00715e-08,-0.00639159
1.75656e+09,-9.46937e-09,-7.80856e-08,0.00106526
1.75656e+09,-7.38213e-09,-6.4465e-08,0.00106526
1.75656e+09,-1.49997e-08,-6.29124e-08,0.00852211
1.75656e+09,-1.76185e-08,-6.53042e-08,0.0170442
1.75656e+09,-2.34937e-08,-5.34375e-08,0.00639159
1.75656e+09,-4.71753e-09,-5.84224e-08,-0.00106526
1.75656e+09,-1.62088e-08,-5.75576e-08,0.00639159
1.75656e+09,-1.64864e-08,-7.36066e-08,0.00958738
1.75656e+09,-1.58758e-08,-7.23631e-08,0.00106526
1.75656e+09,-9.28533e-09,-7.52688e-08,0.00319579
1.75656e+09,-1.87575e-08,-8.51002e-08,0
1.75656e+09,-4.55946e-09,-9.07915e-08,-0.00426106
1.75656e+09,-8.21448e-09,-9.65526e-08,-0.00745685
1.75656e+09,-8.07511e-09,-9.07302e-08,-0.00532632
1.75656e+09,-1.46955e-08,-1.06651e-07,-0.0138484
1.75656e+09,-7.37439e-09,-1.03662e-07,-0.00532632
1.75656e+09,-7.84794e-09,-9.93836e-08,-0.0127832
1.75656e+09,-2.07889e-08,-9.87124e-08,-0.0149137
1.75656e+09,-1.40463e-08,-9.9376e-08,-0.0223706
1.75656e+09,-1.79559e-08,-9.63927e-08,-0.0170442
1.75656e+09,-1.42456e-08,-9.77557e-08,-0.0213053
1.75656e+09,-1.01966e-08,-9.86481e-08,-0.0255663
1.75656e+09,-1.1763e-08,-8.8796e-08,-0.0181095
1.75656e+09,-4.33176e-09,-8.18919e-08,-0.0127832
1.75656e+09,-7.24342e-09,-9.42045e-08,-0.0245011
1.75656e+09,-6.17052e-09,-7.8079e-08,-0.0138484
1.75656e+09,-2.39619e-08,-7.38878e-08,-0.0138484
1.75656e+09,-9.56147e-09,-6.82175e-08,-0.00745685
1.75656e+09,-1.05925e-08,-6.93933e-08,-0.00639159
1.75656e+09,-1.19826e-08,-7.02017e-08,0.00106526
1.75656e+09,-1.14046e-08,-6.86952e-08,0.00213053
1.75656e+09,-2.95547e-08,-7.08582e-08,0.00213053
1.75656e+09,-1.62675e-08,-6.98805e-08,0.0127832
1.75656e+09,-8.86068e-09,-8.214e-08,0.0106526
1.75656e+09,-9.36139e-09,-7.08449e-08,0.0106526
1.75656e+09,-5.9136e-09,-8.53696e-08,0.00426106
1.75656e+09,-1.56665e-08,-9.04635e-08,0.00426106
1.75656e+09,-1.39012e-08,-8.97984e-08,0.0106526
1.75656e+09,-1.26615e-08,-9.71922e-08,-0.00213053
1.75656e+09,-1.81373e-08,-9.99806e-08,-0.00958738
1.75656e+09,-8.07854e-09,-9.5535e-08,-0.0106526
1.75656e+09,-1.17797e-08,-1.01976e-07,-0.0191748
1.75656e+09,-2.15284e-10,-9.80869e-08,-0.0138484
1.75656e+09,-1.6055e-08,-1.01573e-07,-0.0245011
1.75656e+09,-1.26143e-08,-9.26728e-08,-0.0223706
1.75656e+09,-5.43602e-09,-9.68527e-08,-0.0106526
1.75656e+09,-5.06552e-09,-9.07643e-08,-0.0223706
1.75656e+09,-1.0184e-08,-8.37468e-08,-0.0223706
1.75656e+09,-9.19586e-09,-8.3147e-08,-0.0276969
1.75656e+09,-1.01614e-08,-7.04413e-08,-0.0106526
1.75656e+09,-1.0486e-08,-7.97242e-08,-0.0234358
1.75656e+09,-9.51816e-09,-6.85178e-08,-0.0245011
1.75656e+09,-5.85853e-09,-6.14192e-08,-0.00532632
1.75656e+09,-1.35071e-08,-5.5243e-08,-0.00745685
1.75656e+09,-8.42645e-09,-4.97618e-08,-0.00106526
1.75656e+09,-1.64447e-08,-4.88492e-08,0.00532632
1.75656e+09,-1.34885e-08,-4.64848e-08,0.00319579
1.75656e+09,-6.9033e-09,-3.90195e-08,0.00213053
1.75656e+09,-3.24555e-09,-4.18585e-08,0.00213053
1.75656e+09,-1.4924e-08,-3.58927e-08,0.00745685
1.75656e+09,-8.54016e-09,-3.92512e-08,0.00532632
1.75656e+09,-1.46746e-08,-3.95716e-08,0.00745685
1.75656e+09,-1.09805e-08,-4.10318e-08,-0.00532632
1.75656e+09,-3.94943e-09,-3.92555e-08,0.00213053
1.75656e+09,-5.84569e-09,-5.02849e-08,0
1.75656e+09,-4.26024e-10,-4.5768e-08,-0.00745685
1.75656e+09,-1.0614e-08,-5.0214e-08,-0.0127832
1.75656e+09,2.60804e-09,-4.9977e-08,-0.00745685
1.75656e+09,-5.22984e-09,-5.26349e-08,-0.015979
1.75656e+09,-7.28054e-09,-6.072e-08,-0.0191748
1.75656e+09,-2.83534e-09,-5.07657e-08,-0.0117179
1.75656e+09,-8.8396e-09,-5.53183e-08,-0.0127832
1.75656e+09,-1.17488e-08,-5.65854e-08,-0.00852211
1.75656e+09,-8.03255e-09,-5.3484e-08,-0.0234358
1.75656e+09,-1.0403e-08,-4.20914e-08,-0.0255663
1.75656e+09,-1.06447e-08,-4.57118e-08,-0.0127832
1.75656e+09,-1.35182e-08,-4.46505e-08,-0.0127832
1.75656e+09,-1.14028e-08,-3.79876e-08,-0.0117179
1.75656e+09,-7.53614e-09,-4.0911e-08,-0.0106526
1.75656e+09,-1.10423e-08,-3.77883e-08,-0.00106526
1.75656e+09,-4.52522e-09,-3.57696e-08,0.00213053
1.75656e+09,-1.10809e-08,-4.16199e-08,-0.00213053
1.75656e+09,-4.4006e-09,-3.96529e-08,0.00319579
1.75656e+09,-1.91973e-08,-4.11575e-08,0.00852211
1.75656e+09,-1.68159e-08,-4.61037e-08,0.00852211
1.75656e+09,-1.11465e-08,-4.63803e-08,0.0191748
1.75656e+09,-7.72516e-09,-4.60561e-08,-0.00213053
1.75656e+09,-1.00153e-08,-4.4451e-08,0.0149137
1.75656e+09,-1.29729e-08,-6.18401e-08,0.00106526
1.75656e+09,-8.5611e-09,-6.93571e-08,0.00213053
1.75656e+09,-1.37213e-08,-8.23478e-08,-0.00106526
1.75656e+09,-7.70383e-09,-8.21109e-08,-0.00639159
1.75656e+09,-1.01186e-08,-8.80803e-08,-0.0127832
1.75656e+09,-1.09977e-08,-9.1591e-08,-0.015979
1.75656e+09,-1.15862e-08,-9.64252e-08,-0.0213053
1.75656e+09,-9.16491e-09,-1.01267e-07,-0.0234358
1.75656e+09,-6.63623e-09,-1.12074e-07,-0.0266316
1.75656e+09,-1.45452e-08,-9.49369e-08,-0.0191748
1.75656e+09,-1.07738e-08,-9.08893e-08,-0.0298274
1.75656e+09,-1.70232e-08,-9.48669e-08,-0.0308927
1.75656e+09,-5.65128e-09,-7.85374e-08,-0.0234358
1.75656e+09,-4.8888e-09,-6.95596e-08,-0.0106526
1.75656e+09,-5.16542e-09,-6.51605e-08,-0.0234358
1.75656e+09,-1.05552e-08,-5.37058e-08,-0.0138484
1.75656e+09,-1.17468e-08,-4.39403e-08,-0.00106526
1.75656e+09,-1.02201e-08,-3.95949e-08,-0.015979
1.75656e+09,-1.3605e-08,-3.78179e-08,-0.00106526
1.75656e+09,-6.73825e-09,-4.11071e-08,0.00213053
1.75656e+09,-2.82805e-09,-3.46915e-08,0.00213053
1.75656e+09,-1.84492e-08,-3.58291e-08,-0.00213053
1.75656e+09,-1.63441e-08,-2.69383e-08,0.0127832
1.75656e+09,-1.96588e-08,-3.33794e-08,0.00958738
1.75656e+09,-1.74735e-09,-2.62191e-08,0.0106526
1.75656e+09,-3.30554e-09,-2.4382e-08,0.00213053
1.75656e+09,-1.12329e-08,-2.36991e-08,0.00639159
1.75656e+09,-1.91268e-08,-2.22312e-08,0
1.75656e+09,-3.52619e-09,-1.95317e-08,-0.00958738
1.75656e+09,-3.28194e-09,-2.36195e-08,-0.0149137
1.75656e+09,-4.53495e-09,-2.39794e-08,-0.0106526
1.75656e+09,-4.91255e-09,-2.34335e-08,-0.00639159
1.75656e+09,-1.03366e-08,-1.9839e-08,-0.0181095
1.75656e+09,-8.42503e-09,-1.55716e-08,-0.0181095
1.75656e+09,-5.01735e-09,-1.41641e-08,-0.02024
1.75656e+09,-9.56962e-09,-7.62545e-09,-0.0170442
1.75656e+09,-1.03871e-08,-4.19862e-09,-0.00639159
1.75656e+09,-6.91646e-09,-6.29869e-09,-0.0213053
1.75656e+09,-2.28749e-08,-6.67801e-09,-0.0170442
1.75656e+09,-1.32718e-08,-1.85252e-09,-0.0127832
1.75656e+09,-1.28799e-08,2.66365e-09,-0.00958738
1.75656e+09,-9.8925e-09,2.50435e-09,-0.0181095
1.75656e+09,-3.77003e-09,1.39477e-08,-0.0181095
1.75656e+09,-1.10839e-08,1.71868e-08,-0.00532632
1.75656e+09,-1.10796e-08,2.52742e-08,-0.00852211
1.75656e+09,-1.15566e-08,1.98166e-08,0.0106526
1.75656e+09,-6.02253e-09,2.31421e-08,-0.00852211
1.75656e+09,-6.27096e-09,3.02333e-08,0.015979
1.75656e+09,-1.57469e-08,1.60268e-08,0.00745685
1.75656e+09,-5.59417e-11,2.53024e-08,0.00532632
1.75656e+09,-1.951e-08,2.8524e-08,0.00639159
1.75656e+09,-4.70115e-09,2.87837e-08,0
1.75656e+09,-8.16128e-09,1.48991e-08,0.00213053
1.75656e+09,-3.85099e-09,1.86098e-08,0.00426106
1.75656e+09,-7.81041e-09,1.18339e-08,0.00106526
1.75656e+09,-1.11699e-08,6.48561e-09,-0.0106526
1.75656e+09,-9.91749e-09,-2.17917e-10,0
1.75656e+09,-6.20145e-09,7.78993e-09,-0.0117179
1.75656e+09,-6.5626e-09,-1.62648e-09,0
1.75656e+09,-1.55581e-09,-5.08567e-09,-0.00958738
1.75656e+09,-3.00137e-09,1.1919e-09,-0.02024
1.75656e+09,-9.87884e-09,-6.98633e-09,-0.02024
1.75656e+09,-4.23087e-09,-8.5911e-09,-0.0181095
1.75656e+09,-1.26029e-08,-6.97483e-09,-0.0213053
1.75656e+09,-9.92288e-09,-7.5177e-09,-0.00958738
1.75656e+09,-9.90549e-09,-6.26748e-09,-0.00958738
1.75656e+09,-2.07601e-09,-3.77435e-09,-0.0106526
1.75656e+09,-1.23744e-08,-8.76272e-09,-0.0127832
1.75656e+09,-8.40313e-09,9.62462e-09,-0.00106526
1.75656e+09,-9.18674e-09,8.76489e-09,-0.00745685
1.75656e+09,-6.31136e-09,1.60623e-08,-0.00106526
1.75656e+09,-1.75208e-08,1.37532e-08,0.00319579
1.75656e+09,-1.00441e-08,2.15551e-09,-0.00106526
1.75656e+09,-2.40581e-08,-7.79304e-10,0.00319579
1.75656e+09,-6.13758e-09,1.10991e-09,0.00639159
1.75656e+09,-1.48053e-08,2.43442e-09,0.00852211
1.75656e+09,-4.50073e-09,3.39207e-09,0.0181095
1.75656e+09,-8.51414e-09,4.33318e-09,-0.00319579
1.75656e+09,-7.90471e-09,4.62801e-09,-0.00639159
1.75656e+09,-4.82096e-09,-8.28943e-10,0.00106526
1.75656e+09,-1.05333e-08,-7.80423e-09,-0.00639159
1.75656e+09,3.48429e-09,-1.86783e-08,-0.00213053
1.75656e+09,-8.33866e-09,-1.61534e-08,-0.0170442
1.75656e+09,-2.86367e-09,-1.97452e-08,0.00106526
1.75656e+09,1.03964e-10,-2.74119e-08,-0.0117179
1.75656e+09,-6.68033e-09,-2.54167e-08,-0.00426106
1.75656e+09,-1.66476e-10,-3.58105e-08,-0.015979
1.75656e+09,-1.31083e-09,-3.642e-08,-0.015979
1.75656e+09,4.22968e-09,-3.9278e-08,-0.00745685
1.75656e+09,-4.75789e-09,-3.73041e-08,-0.0276969
1.75656e+09,-4.48799e-09,-3.438e-08,-0.015979
1.75656e+09,-7.59706e-09,-4.12869e-08,-0.0245011
1.75656e+09,-8.5785e-09,-4.52556e-08,-0.0127832
1.75656e+09,-1.48192e-08,-4.97942e-08,-0.0127832
1.75656e+09,-6.51579e-09,-5.18213e-08,-0.00213053
1.75656e+09,-1.94359e-08,-5.85744e-08,0.00213053
1.75656e+09,-1.15756e-08,-5.23535e-08,0.00852211
1.75656e+09,-2.33783e-08,-5.26909e-08,-0.00958738
1.75656e+09,-1.78173e-10,-5.31318e-08,0.0138484
1.75656e+09,-9.17929e-09,-6.58406e-08,0.0191748
1.75656e+09,-9.13499e-09,-6.65392e-08,0.0138484
1.75656e+09,-2.1e-08,-8.59381e-08,0.00852211
1.75656e+09,-2.28009e-08,-9.37024e-08,0.02024
1.75656e+09,-1.25418e-08,-1.06474e-07,0.0127832
1.75656e+09,-3.18047e-09,-1.27761e-07,0.0234358
1.75656e+09,-1.7584e-08,-1.32163e-07,0.0138484
1.75656e+09,-4.94983e-09,-1.51988e-07,0.0127832
1.75656e+09,-2.79218e-08,-1.64513e-07,0.00958738
1.75656e+09,-1.94478e-08,-1.78945e-07,-0.00319579
1.75656e+09,-1.92306e-08,-1.93007e-07,-0.00213053
1.75656e+09,-2.22576e-08,-1.98822e-07,-0.00639159
1.75656e+09,-1.61472e-08,-2.14734e-07,-0.00426106
1.75656e+09,-2.17178e-08,-2.22947e-07,-0.0138484
1.75656e+09,-2.70845e-08,-2.37642e-07,-0.0127832
1.75656e+09,-2.00422e-08,-2.43593e-07,-0.015979
1.75656e+09,-1.94021e-08,-2.47486e-07,-0.00745685
1.75656e+09,-2.04687e-08,-2.51328e-07,-0.0255663
1.75656e+09,-1.72782e-08,-2.5817e-07,-0.0191748
1.75656e+09,-1.40238e-08,-2.56626e-07,-0.00852211
1.75656e+09,-3.38381e-08,-2.68107e-07,-0.0106526
1.75656e+09,-2.68942e-08,-2.64122e-07,-0.0106526
1.75656e+09,-1.95328e-08,-2.5837e-07,-0.0127832
1.75656e+09,-3.15797e-08,-2.56682e-07,0.00213053
1.75656e+09,-2.97346e-08,-2.46543e-07,-0.00426106
1.75656e+09,-2.49569e-08,-2.57226e-07,-0.00639159
1.75656e+09,-3.24078e-08,-2.53596e-07,0.00532632
1.75656e+09,-2.79726e-08,-2.6557e-07,0.0127832
1.75656e+09,-2.46051e-08,-2.72268e-07,0.0117179
1.75656e+09,-2.59565e-08,-2.67636e-07,0.0170442
1.75656e+09,-2.94219e-08,-2.73747e-07,0.0149137
1.75656e+09,-3.20125e-08,-2.73786e-07,0.0117179
1.75656e+09,-2.73893e-08,-2.68762e-07,0.0106526
1.75656e+09,-1.95223e-08,-2.72801e-07,0.0106526
1.75656e+09,-2.64376e-08,-2.69641e-07,0.00852211
1.75656e+09,-2.15477e-08,-2.64497e-07,0.00106526
1.75656e+09,-3.09405e-08,-2.6592e-07,0.00319579
1.75656e+09,-3.15894e-08,-2.5873e-07,-0.0106526
1.75656e+09,-1.94125e-08,-2.53054e-07,-0.0106526
1.75656e+09,-2.24961e-08,-2.51183e-07,-0.00745685
1.75656e+09,-1.71152e-08,-2.43464e-07,-0.0170442
1.75656e+09,-2.62378e-08,-2.36618e-07,-0.0149137
1.75656e+09,-2.66033e-08,-2.33572e-07,-0.0191748
1.75656e+09,-2.93205e-08,-2.29149e-07,-0.0287621
1.75656e+09,-2.13262e-08,-2.2061e-07,-0.0213053
1.75656e+09,-2.11504e-08,-2.17427e-07,-0.0191748
1.75656e+09,-1.69102e-08,-2.0548e-07,-0.0138484
1.75656e+09,-2.90277e-08,-2.06083e-07,-0.0149137
1.75656e+09,-2.68069e-08,-2.09571e-07,-0.0213053
1.75656e+09,-2.54734e-08,-2.04443e-07,-0.0149137
1.75656e+09,-2.57665e-08,-1.97081e-07,-0.00639159
1.75656e+09,-2.25249e-08,-2.04538e-07,-0.00426106
1.75656e+09,-1.84665e-08,-2.05049e-07,0
1.75656e+09,-2.40798e-08,-2.16526e-07,0.00532632
1.75656e+09,-3.0731e-08,-2.1082e-07,0.00319579
1.75656e+09,-1.83696e-08,-2.13942e-07,0.00213053
1.75656e+09,-2.681e-08,-2.28855e-07,0.0117179
1.75656e+09,-2.95081e-08,-2.29003e-07,0.00745685
1.75656e+09,-3.37078e-08,-2.42473e-07,0.0127832
1.75656e+09,-3.10645e-08,-2.38878e-07,0.0170442
1.75656e+09,-2.91552e-08,-2.40979e-07,0.00639159
1.75656e+09,-2.71803e-08,-2.47135e-07,0.0117179
1.75656e+09,-2.31733e-08,-2.45845e-07,0.00639159
1.75656e+09,-2.00948e-08,-2.45045e-07,-0.00213053
1.75656e+09,-2.91358e-08,-2.49368e-07,-0.00958738
1.75656e+09,-2.60333e-08,-2.40484e-07,0.00106526
1.75656e+09,-1.95635e-08,-2.37623e-07,0.00106526
1.75656e+09,-2.46031e-08,-2.33402e-07,-0.0117179
1.75656e+09,-1.83486e-08,-2.321e-07,-0.0170442
1.75656e+09,-1.49075e-08,-2.27957e-07,-0.0223706
1.75656e+09,-2.02933e-08,-2.08772e-07,-0.0117179
1.75656e+09,-1.73144e-08,-1.97487e-07,-0.0191748
1.75656e+09,-1.925e-08,-1.94738e-07,-0.0181095
1.75656e+09,-2.10031e-08,-1.86893e-07,-0.0106526
1.75656e+09,-1.9128e-08,-1.81145e-07,-0.0127832
1.75656e+09,-1.88574e-08,-1.67371e-07,-0.00958738
1.75656e+09,-1.95954e-08,-1.66253e-07,-0.015979
1.75656e+09,-2.23551e-08,-1.60507e-07,-0.0213053
1.75656e+09,-2.19594e-08,-1.50518e-07,-0.0106526
1.75656e+09,-1.40476e-08,-1.47479e-07,0.00745685
1.75656e+09,-1.10495e-08,-1.31937e-07,-0.00639159
1.75656e+09,-1.69192e-08,-1.29049e-07,-0.00106526
1.75656e+09,-1.28305e-08,-1.24086e-07,0.00213053
1.75656e+09,-1.44054e-08,-1.21316e-07,0.00958738
1.75656e+09,-2.18403e-08,-1.03918e-07,0.0106526
1.75656e+09,-1.40857e-08,-9.4501e-08,0.0127832
1.75656e+09,-4.19288e-09,-9.11979e-08,0.0106526
1.75656e+09,-1.53194e-08,-8.81976e-08,0.00639159
1.75656e+09,-8.0482e-09,-9.51523e-08,0.00532632
1.75656e+09,-7.90346e-09,-9.09907e-08,0.00319579
1.75656e+09,1.77638e-09,-8.77936e-08,0.00319579
1.75656e+09,-5.08135e-09,-8.75487e-08,-0.0106526
1.75656e+09,-4.01944e-09,-7.82608e-08,-0.00426106
1.75656e+09,-9.3929e-09,-7.98477e-08,-0.0106526
1.75656e+09,-9.53283e-09,-7.99065e-08,-0.0149137
1.75656e+09,-6.48164e-09,-8.15943e-08,-0.0170442
1.75656e+09,6.14891e-09,-7.88423e-08,-0.0170442
1.75656e+09,-6.40882e-10,-7.52586e-08,-0.00958738
1.75656e+09,-7.04628e-09,-8.36394e-08,-0.0149137
1.75656e+09,-1.12546e-08,-7.11695e-08,-0.0245011
1.75656e+09,-1.06049e-08,-7.23006e-08,-0.0127832
1.75656e+09,-3.62295e-09,-6.65016e-08,-0.0127832
1.75656e+09,-2.6548e-09,-6.14174e-08,-0.00639159
1.75656e+09,-7.45583e-09,-6.69732e-08,-0.0127832
1.75656e+09,-5.13685e-09,-5.75507e-08,-0.0127832
1.75656e+09,-7.60691e-09,-4.76672e-08,-0.00852211
1.75656e+09,-1.10059e-08,-5.56467e-08,0.00532632
1.75656e+09,-1.24231e-08,-4.76862e-08,0.00213053
1.75656e+09,-2.88256e-09,-4.77183e-08,-0.00319579
1.75656e+09,-4.49129e-09,-4.45556e-08,-0.00106526
1.75656e+09,-7.18158e-09,-3.97166e-08,0.00852211
1.75656e+09,-1.00188e-08,-3.86479e-08,0.0117179
1.75656e+09,-5.96565e-09,-3.82389e-08,-0.00426106
1.75656e+09,-4.37145e-09,-4.09447e-08,0.00745685
1.75656e+09,-1.08105e-08,-3.54036e-08,0.00639159
1.75656e+09,1.25582e-09,-4.6113e-08,0.0106526
1.75656e+09,1.25582e-09,-4.6113e-08,0.0106526
1.75656e+09,-3.83309e-09,-4.37711e-08,-0.00958738
1.75656e+09,-7.7577e-09,-3.92356e-08,-0.00213053
1.75656e+09,-1.85612e-09,-4.73608e-08,-0.0149137
1.75656e+09,-2.83283e-09,-4.17937e-08,-0.0138484
1.75656e+09,-7.49274e-09,-5.14473e-08,-0.0127832
1.75656e+09,-4.71092e-10,-4.27406e-08,-0.0223706
1.75656e+09,-2.60277e-09,-4.71106e-08,-0.00852211
1.75656e+09,1.16933e-09,-4.83766e-08,-0.00852211
1.75656e+09,-2.84902e-09,-4.58577e-08,0
1.75656e+09,-1.33795e-08,-4.46772e-08,-0.0117179
1.75656e+09,-1.37574e-08,-4.43275e-08,-0.015979
1.75656e+09,-2.0491e-09,-3.24742e-08,-0.00426106
1.75656e+09,-7.80672e-09,-2.043e-08,-0.00319579
1.75656e+09,-8.87909e-09,-2.7713e-08,-0.0127832
1.75656e+09,-3.31507e-09,-2.48035e-08,0.00213053
1.75656e+09,-1.02076e-08,-2.05846e-08,0.00319579
1.75656e+09,-8.92244e-09,-1.64115e-08,0.015979
1.75656e+09,-8.92244e-09,-1.64115e-08,0.015979
1.75656e+09,-1.49973e-09,-1.75816e-08,0.00639159
1.75656e+09,-2.67522e-09,-1.21852e-08,0.0117179
1.75656e+09,-4.18125e-09,-1.59047e-08,0.0149137
1.75656e+09,-9.82383e-09,3.70322e-09,0.00639159
1.75656e+09,-7.01668e-09,-9.91084e-09,0.00745685
1.75656e+09,-8.97726e-09,-7.68466e-09,-0.00532632
1.75656e+09,1.84954e-09,-3.89846e-09,-0.00319579
1.75656e+09,-4.14955e-09,-8.84874e-09,-0.0117179
1.75656e+09,-3.61215e-10,-1.20427e-09,0.00319579
1.75656e+09,-5.22185e-09,-4.183e-09,-0.00213053
1.75656e+09,-2.23311e-09,-1.39186e-08,-0.015979
1.75656e+09,1.73218e-09,-1.84022e-08,-0.0106526
1.75656e+09,8.72983e-10,-1.98906e-08,-0.0149137
1.75656e+09,1.09635e-09,-1.74786e-08,-0.0213053
1.75656e+09,-9.59039e-09,-1.28696e-08,-0.015979
1.75656e+09,-6.37678e-09,-1.59008e-08,-0.0191748
1.75656e+09,5.66495e-10,-8.08405e-09,-0.0308927
1.75656e+09,8.1965e-11,-1.05076e-09,-0.0181095
1.75656e+09,-8.20519e-09,1.92984e-09,-0.0191748
1.75656e+09,-7.48925e-12,4.16884e-09,-0.00106526
1.75656e+09,-5.32618e-09,5.07736e-09,-0.00319579
1.75656e+09,-2.42597e-09,1.43257e-08,0.00426106
1.75656e+09,-3.70355e-10,1.24012e-08,0.0106526
1.75656e+09,-4.47498e-10,1.1284e-08,0.00532632
1.75656e+09,-1.09368e-08,1.57787e-08,0.0117179
1.75656e+09,-6.33175e-09,1.19449e-08,0.00852211
1.75656e+09,2.10668e-09,1.07899e-08,0.00958738
1.75656e+09,-5.49482e-09,8.79524e-09,0.00639159
1.75656e+09,-2.25989e-09,1.1677e-08,0.0245011
1.75656e+09,-1.66628e-09,1.85455e-09,0.0117179
1.75656e+09,-1.32665e-08,1.6936e-09,0.00958738
1.75656e+09,-4.7709e-09,-9.86441e-09,-0.00532632
1.75656e+09,5.26139e-09,-1.42213e-09,0.00319579
1.75656e+09,-3.08789e-09,-8.10701e-09,-0.0117179
1.75656e+09,-9.3288e-09,-2.41719e-09,-0.0138484
1.75656e+09,-4.83642e-09,-8.75186e-09,-0.0117179
1.75656e+09,-2.79573e-09,-9.35944e-09,-0.0255663
1.75656e+09,-1.53674e-09,-1.2438e-08,0.00106526
1.75656e+09,-3.85102e-09,-9.36422e-09,-0.0223706
1.75656e+09,-5.55641e-09,-1.63821e-08,-0.015979
1.75656e+09,-4.71755e-09,-7.92544e-09,-0.0181095
1.75656e+09,-1.97631e-09,-1.0549e-08,-0.0106526
1.75656e+09,-7.09655e-09,-8.79375e-09,-0.0127832
1.75656e+09,3.49941e-09,-1.0938e-08,0.00532632
1.75656e+09,5.84788e-10,-7.4325e-09,-0.00745685
1.75656e+09,-7.53857e-09,4.87727e-09,-0.00213053
1.75656e+09,-2.46268e-09,1.75527e-09,-0.00639159
1.75656e+09,-1.0304e-08,3.50646e-09,0.00426106
1.75656e+09,-8.00599e-10,5.44209e-09,0.0127832
1.75656e+09,-5.02395e-09,7.03279e-09,0.00852211
1.75656e+09,-9.35437e-11,8.02166e-09,0.00106526
1.75656e+09,-1.06009e-08,3.98504e-09,0.00426106
1.75656e+09,-7.91339e-09,4.56606e-09,-0.00106526
1.75656e+09,-8.65313e-09,9.09452e-09,0.0138484
1.75656e+09,-6.34996e-09,1.01948e-08,0.00639159
1.75656e+09,-5.17021e-09,8.81262e-09,0.00106526
1.75656e+09,-9.24322e-10,3.6033e-09,0.00106526
1.75656e+09,9.59003e-11,2.21806e-09,0.00106526
1.75656e+09,-1.20134e-09,-1.1745e-08,-0.00532632
1.75656e+09,-9.45161e-09,2.26372e-09,-0.0127832
1.75656e+09,-3.03769e-09,7.77318e-09,-0.00426106
1.75656e+09,6.16274e-09,7.7013e-09,-0.0181095
1.75656e+09,-1.47855e-09,6.30866e-09,-0.0117179
1.75656e+09,5.62148e-09,1.38536e-08,-0.0170442
1.75656e+09,2.48877e-10,1.24636e-08,-0.0245011
1.75656e+09,-7.68436e-09,9.71708e-09,-0.015979
1.75656e+09,-1.89707e-09,1.31369e-08,-0.0223706
1.75656e+09,2.47215e-09,2.05484e-08,-0.0223706
1.75656e+09,1.88895e-09,1.57378e-08,-0.0149137
1.75656e+09,6.48523e-09,1.20174e-08,-0.0127832
1.75656e+09,-3.18057e-09,1.96769e-08,-0.0117179
1.75656e+09,-3.09455e-09,2.06744e-08,-0.00745685
1.75656e+09,2.92048e-09,2.94276e-08,-0.0127832
1.75656e+09,-1.97138e-09,3.204e-08,-0.0127832
1.75656e+09,1.48395e-09,3.52291e-08,-0.0127832
1.75656e+09,-1.83793e-09,4.07462e-08,-0.00106526
1.75656e+09,-6.48562e-09,3.66652e-08,0.00106526
1.75656e+09,-3.95063e-09,4.44354e-08,0.00852211
1.75656e+09,2.78054e-09,4.16117e-08,0.00532632
1.75656e+09,-4.28631e-09,4.89808e-08,0.00745685
1.75656e+09,7.30594e-10,4.58357e-08,0.00958738
1.75656e+09,-1.91874e-09,4.22953e-08,-0.00106526
1.75656e+09,1.48244e-09,3.49112e-08,0.0117179
1.75656e+09,-7.67041e-10,3.45548e-08,0.0106526
1.75656e+09,2.21972e-09,3.00926e-08,0
1.75656e+09,2.98243e-09,2.93049e-08,-0.00213053
1.75656e+09,1.77067e-09,2.37297e-08,-0.00852211
1.75656e+09,5.21069e-10,1.24074e-08,-0.00213053
1.75656e+09,-1.61593e-09,1.39828e-08,-0.0117179
1.75656e+09,-3.70138e-09,1.1099e-08,-0.0255663
1.75656e+09,4.35966e-09,9.96132e-09,-0.0138484
1.75656e+09,1.93935e-09,5.7933e-09,-0.0138484
1.75656e+09,-8.93793e-10,1.02029e-08,-0.0127832
1.75656e+09,-3.02388e-09,1.58725e-08,-0.0138484
1.75656e+09,3.66534e-09,1.08714e-08,-0.00745685
1.75656e+09,2.0476e-09,1.77354e-08,-0.0170442
1.75656e+09,1.98112e-11,1.14649e-08,-0.015979
1.75656e+09,3.28444e-09,2.0987e-08,-0.00745685
1.75656e+09,-2.06095e-09,1.39653e-08,-0.015979
1.75656e+09,-5.8413e-09,1.47625e-08,0.00319579
1.75656e+09,-1.13162e-09,1.93018e-08,-0.00319579
1.75656e+09,2.07803e-10,9.89473e-09,0.00639159
1.75656e+09,7.43684e-09,1.99602e-08,0.00426106
1.75656e+09,5.59256e-09,1.38637e-08,0.0181095
1.75656e+09,-3.82482e-09,1.28074e-08,0.00639159
1.75656e+09,-2.24038e-09,9.38736e-09,0.0170442
1.75656e+09,-6.10299e-09,8.77586e-09,0.0213053
1.75656e+09,-1.91228e-09,1.14928e-08,0.0234358
1.75656e+09,3.61629e-10,1.26172e-08,0.00745685
1.75656e+09,-5.93259e-09,8.52997e-09,0.0117179
1.75656e+09,-1.94259e-09,3.84387e-09,0.0149137
1.75656e+09,-2.31889e-09,-1.38124e-09,0.0138484
1.75656e+09,9.1467e-10,-1.73675e-10,-0.00213053
1.75656e+09,5.77244e-09,-3.2997e-09,0
1.75656e+09,1.97693e-09,-4.33469e-09,-0.00319579
1.75656e+09,4.16167e-09,-2.73804e-09,-0.00532632
1.75656e+09,6.18133e-10,-5.05938e-09,-0.00852211
1.75656e+09,3.53426e-09,-6.93793e-10,-0.0170442
1.75656e+09,1.14328e-08,1.50513e-10,-0.0138484
1.75656e+09,1.40061e-09,-3.46173e-09,-0.00958738
1.75656e+09,4.52279e-09,-5.74999e-10,-0.0255663
1.75656e+09,-3.06005e-09,-4.95363e-09,-0.0181095
1.75656e+09,1.82892e-09,5.11429e-11,-0.015979
1.75656e+09,-1.19493e-08,1.04582e-09,-0.0106526
1.75656e+09,1.81732e-09,-6.74533e-09,-0.015979
1.75656e+09,6.47443e-09,-2.03395e-09,-0.0117179
1.75656e+09,8.75577e-10,7.07419e-09,-0.00958738
1.75656e+09,-2.42848e-09,5.94322e-09,-0.00213053
1.75656e+09,-5.10096e-09,6.34384e-09,-0.00213053
1.75656e+09,-3.42053e-10,4.74747e-09,0.00213053
1.75656e+09,9.42376e-10,9.67363e-09,0.00319579
1.75656e+09,3.51403e-09,1.06322e-08,0.0181095
1.75656e+09,-2.67538e-09,1.0656e-08,0.0181095
1.75656e+09,3.96718e-09,5.72073e-09,0.00319579
1.75656e+09,-8.25663e-10,1.83329e-09,0.00852211
1.75656e+09,-3.67252e-09,-6.35687e-09,0.0127832
1.75656e+09,-7.25086e-09,-1.5545e-08,-0.00106526
1.75656e+09,-2.38082e-09,-1.79551e-08,-0.00106526
1.75656e+09,2.7755e-09,-2.5436e-08,-0.00319579
1.75656e+09,1.93051e-09,-2.18563e-08,-0.00745685
1.75656e+09,2.67216e-10,-2.94355e-08,-0.00639159
1.75656e+09,-4.47783e-09,-2.62386e-08,0
1.75656e+09,1.80716e-09,-2.41867e-08,-0.00426106
1.75656e+09,6.32328e-09,-2.89907e-08,-0.00852211
1.75656e+09,-8.33611e-10,-2.91798e-08,-0.015979
1.75656e+09,-3.53035e-09,-2.63772e-08,-0.02024
1.75656e+09,-9.45957e-09,-3.12771e-08,-0.02024
1.75656e+09,-8.86287e-10,-3.07709e-08,-0.0170442
1.75656e+09,-2.7555e-10,-1.82025e-08,-0.02024
1.75656e+09,-2.85733e-09,-2.19039e-08,-0.0266316
1.75656e+09,-4.12597e-09,-2.17853e-08,-0.0170442
1.75656e+09,-5.39553e-09,-2.22279e-08,-0.00958738
1.75656e+09,-1.01691e-08,-1.23814e-08,-0.00852211
1.75656e+09,-4.51519e-09,2.57113e-09,-0.00958738
1.75656e+09,-1.51122e-09,-2.35198e-09,-0.00106526
1.75656e+09,-2.18915e-09,1.38995e-11,0
1.75656e+09,-4.94204e-09,-5.02959e-09,0.00958738
1.75656e+09,-1.24779e-09,2.77444e-09,0.0117179
1.75656e+09,-8.3961e-09,4.60217e-09,0.015979
1.75656e+09,-2.34287e-09,2.64433e-09,0.0149137
1.75656e+09,8.13208e-10,1.71938e-08,0.0117179
1.75656e+09,-2.25702e-09,1.3664e-08,0.00852211
1.75656e+09,4.07938e-09,1.13287e-08,0.0127832
1.75656e+09,1.29689e-09,-1.19164e-09,0.0223706
1.75656e+09,-1.20105e-09,-2.87559e-09,0.0106526
1.75656e+09,-1.48747e-09,-1.39656e-08,0.00106526
1.75656e+09,-1.81116e-09,-1.88244e-08,-0.00532632
1.75656e+09,-4.56226e-09,-1.63808e-08,-0.0138484
1.75656e+09,2.18668e-10,-1.39958e-08,-0.00639159
1.75656e+09,-4.44325e-10,-2.47913e-08,-0.00958738
1.75656e+09,-3.97249e-09,-2.26878e-08,-0.0223706
1.75656e+09,-2.19105e-10,-1.93815e-08,-0.00745685
1.75656e+09,-2.96134e-09,-2.21673e-08,-0.0191748
1.75656e+09,1.62514e-10,-2.15334e-08,-0.0138484
1.75656e+09,4.85367e-09,-2.25843e-08,-0.00532632
1.75656e+09,-9.11517e-09,-1.85591e-08,-0.0138484
1.75656e+09,-8.22075e-09,-1.69318e-08,-0.0170442
1.75656e+09,-3.33785e-09,-1.43577e-08,-0.0138484
1.75656e+09,3.00262e-09,-1.55459e-08,-0.00745685
1.75656e+09,5.0908e-09,-4.82155e-09,-0.00958738
1.75656e+09,-6.21186e-09,1.12402e-09,-0.00639159
1.75656e+09,-5.28842e-09,7.84506e-09,-0.0106526
1.75656e+09,-5.28441e-09,7.33583e-09,-0.00532632
1.75656e+09,-1.81327e-09,1.05837e-08,0
1.75656e+09,6.23899e-10,1.26961e-08,0.0138484
1.75656e+09,1.01477e-09,1.79022e-08,0.0149137
1.75656e+09,-2.76403e-10,1.82837e-08,0.0106526
1.75656e+09,-1.28804e-09,2.14923e-08,0.00532632
1.75656e+09,-1.09215e-08,2.34079e-08,0.00852211
1.75656e+09,-4.03009e-09,1.0991e-08,0.00852211
1.75656e+09,4.45213e-09,1.36874e-08,-0.00106526
1.75656e+09,4.05918e-10,4.70133e-09,0.00213053
1.75656e+09,4.13264e-10,-7.6948e-10,-0.00106526
1.75656e+09,3.64635e-09,-8.23146e-09,-0.00639159
1.75656e+09,-1.27887e-09,-2.40772e-09,-0.00319579
1.75656e+09,-2.70914e-09,-2.76232e-09,-0.00745685
1.75656e+09,2.00419e-09,-4.09069e-09,-0.00958738
1.75656e+09,6.47061e-09,-6.99341e-09,-0.0191748
1.75656e+09,-4.56125e-09,-6.90154e-09,-0.0191748
1.75656e+09,-5.16335e-09,2.80635e-09,-0.0127832
1.75656e+09,2.56905e-09,7.32824e-09,-0.0245011
1.75656e+09,2.84933e-09,7.90562e-09,-0.0127832
1.75656e+09,1.64375e-10,1.21388e-08,-0.0191748
1.75656e+09,1.00279e-09,9.64798e-09,-0.015979
1.75656e+09,2.28132e-09,1.06879e-08,-0.0127832
1.75656e+09,3.49243e-09,1.15715e-08,-0.00639159
1.75656e+09,-2.77456e-09,1.28563e-08,-0.00639159
1.75656e+09,-2.19977e-09,2.02471e-08,-0.00958738
1.75656e+09,6.26417e-09,1.65588e-08,-0.0117179
1.75656e+09,-3.7239e-09,1.99572e-08,-0.00852211
1.75656e+09,-4.26259e-09,2.15933e-08,0.0106526
1.75656e+09,-5.61875e-09,1.74979e-08,0.015979
1.75656e+09,-1.07489e-09,1.90112e-08,0.0138484
1.75656e+09,-1.14276e-09,1.84458e-08,0.0191748
1.75656e+09,3.12057e-09,1.87119e-08,0.0127832
1.75656e+09,2.803e-10,2.70138e-08,0.0181095
1.75656e+09,-5.03573e-09,2.14362e-08,0.0138484
1.75656e+09,-1.24777e-08,2.15109e-08,0.0106526
1.75656e+09,-4.78478e-09,1.88559e-08,0.00639159
1.75656e+09,4.03523e-09,1.05058e-08,0.00958738
1.75656e+09,3.05023e-09,5.93222e-09,-0.00106526
1.75656e+09,-4.75935e-09,6.71981e-09,-0.00213053
1.75656e+09,2.69646e-09,6.74776e-10,0.00213053
1.75656e+09,5.1324e-10,-5.0038e-10,0.00213053
1.75656e+09,-8.9624e-10,2.22935e-10,-0.0106526
1.75656e+09,3.46663e-09,-4.56267e-09,-0.0127832
1.75656e+09,1.63371e-09,-4.78239e-09,-0.015979
1.75656e+09,7.25969e-09,2.14999e-09,-0.0106526
1.75656e+09,7.99848e-10,-9.14504e-09,-0.02024
1.75656e+09,-2.15163e-09,-5.45455e-09,-0.0149137
1.75656e+09,-3.99879e-10,-4.29344e-09,-0.00958738
1.75656e+09,-1.78106e-10,-4.91021e-10,-0.0149137
1.75656e+09,-2.94959e-09,7.33846e-10,-0.0106526
1.75656e+09,9.49912e-09,-9.66901e-11,-0.00745685
1.75656e+09,-6.79446e-10,6.83892e-09,-0.00852211
1.75656e+09,-5.06601e-09,5.86401e-09,-0.0149137
1.75656e+09,-2.20615e-09,3.99645e-09,-0.00426106
1.75656e+09,-5.50716e-10,4.02555e-09,-0.00745685
1.75656e+09,-2.98682e-09,4.48664e-09,0.00745685
1.75656e+09,2.10462e-09,-2.8638e-10,0.00852211
1.75656e+09,-9.99752e-09,4.75124e-09,0.0149137
1.75656e+09,-3.39361e-09,7.49922e-09,0.00106526
1.75656e+09,2.98021e-09,5.8028e-09,0.00426106
1.75656e+09,-4.55044e-09,7.80719e-09,0.0138484
1.75656e+09,-1.23605e-09,4.28601e-09,0.0149137
1.75656e+09,-6.12981e-09,-3.30309e-09,0.00213053
1.75656e+09,-2.01131e-09,-3.50921e-09,0.00426106
1.75656e+09,-2.03514e-09,-1.53854e-08,-0.00319579
1.75656e+09,4.95832e-09,-1.47099e-08,-0.00319579
1.75656e+09,1.27342e-09,-2.04637e-08,-0.00745685
1.75656e+09,7.32105e-10,-2.27355e-08,-0.0117179
1.75656e+09,-2.68621e-09,-2.50836e-08,-0.0213053
1.75656e+09,-4.00104e-09,-2.12098e-08,-0.015979
1.75656e+09,-9.35117e-11,-1.68744e-08,-0.0245011
1.75656e+09,-5.53772e-09,-1.48946e-08,-0.0245011
1.75656e+09,8.49664e-09,-3.33612e-09,-0.0276969
1.75656e+09,7.6282e-09,-6.36092e-09,-0.0127832
1.75656e+09,-1.8647e-09,-5.95893e-09,-0.0245011
1.75656e+09,-3.75944e-09,-2.64564e-09,-0.0149137
1.75656e+09,-4.62459e-10,-5.58667e-10,-0.0138484
1.75656e+09,3.03912e-09,1.37719e-09,-0.0117179
1.75656e+09,-4.13855e-09,6.96735e-09,-0.00319579
1.75656e+09,-1.5466e-09,1.87651e-08,0.00213053
1.75656e+09,-5.53984e-09,1.49952e-08,-0.00319579
1.75656e+09,1.58352e-09,1.66513e-08,0.00745685
1.75656e+09,3.65404e-09,2.19296e-08,0.0106526
1.75656e+09,2.9306e-10,1.75173e-08,0.0117179
1.75656e+09,-2.00698e-09,1.5313e-08,0.0191748
1.75656e+09,-7.39897e-09,9.58774e-10,0.00958738
1.75656e+09,-8.18908e-09,1.76207e-08,0.015979
1.75656e+09,-3.24187e-10,1.30529e-08,0.0181095
1.75656e+09,5.25221e-09,1.72779e-08,0.0106526
1.75656e+09,1.54725e-09,1.27106e-08,0.0106526
1.75656e+09,-5.41641e-11,7.14624e-10,0.00852211
1.75656e+09,-5.31597e-09,-7.52221e-09,0.00213053
1.75656e+09,-6.84098e-09,-7.36211e-09,0.0117179
1.75656e+09,-2.03818e-09,-1.15103e-08,-0.00958738
1.75656e+09,4.01369e-09,-1.82946e-08,-0.00745685
1.75656e+09,6.41343e-09,-1.57442e-08,0
1.75656e+09,-3.60804e-09,-1.83213e-08,-0.015979
1.75656e+09,2.45965e-09,-2.67151e-08,-0.0149137
1.75656e+09,7.32932e-11,-2.42245e-08,-0.0149137
1.75656e+09,-3.42992e-09,-2.00379e-08,-0.0106526
1.75656e+09,-4.2699e-09,-2.35231e-08,-0.0266316
1.75656e+09,-1.48477e-09,-1.62211e-08,-0.0181095
1.75656e+09,8.00765e-10,-1.62375e-08,-0.0117179
1.75656e+09,8.44457e-10,-1.39316e-08,-0.0149137
1.75656e+09,6.60142e-10,-1.43895e-08,-0.0138484
1.75656e+09,3.31648e-09,-4.79757e-09,-0.0138484
1.75656e+09,2.11415e-10,1.77298e-09,-0.00958738
1.75656e+09,5.11182e-10,8.66975e-09,-0.00532632
1.75656e+09,-5.32256e-09,1.49266e-09,0
1.75656e+09,6.83184e-11,3.8601e-09,0.00532632
1.75656e+09,-6.29058e-09,7.35686e-09,0.00532632
1.75656e+09,2.04522e-09,1.20057e-08,0.00852211
1.75656e+09,3.69768e-09,1.59889e-08,0.0138484
1.75656e+09,7.97939e-10,8.95303e-09,0.0117179
1.75656e+09,-4.18233e-09,1.91511e-08,0.00319579
1.75656e+09,-1.02428e-08,2.90798e-09,0.00745685
1.75656e+09,2.23526e-09,6.57883e-09,0.0138484
1.75656e+09,3.45921e-10,6.5397e-11,0.00852211
1.75656e+09,6.32987e-10,-4.22948e-09,0.00213053
1.75656e+09,6.30583e-09,-2.81408e-09,-0.00213053
1.75656e+09,1.29892e-09,-5.2522e-09,0.00213053
1.75656e+09,-2.66599e-09,-4.24057e-09,-0.0127832
1.75656e+09,-4.43864e-09,-1.29705e-08,0
1.75656e+09,-1.43095e-09,-1.0986e-08,-0.0138484
1.75656e+09,7.57549e-09,-4.84795e-09,-0.02024
1.75656e+09,-2.92595e-09,-1.0117e-08,-0.015979
1.75656e+09,1.85415e-09,-2.90908e-09,-0.0149137
1.75656e+09,6.01857e-10,2.53193e-09,-0.015979
1.75656e+09,5.27695e-09,7.85129e-10,-0.015979
1.75656e+09,1.30163e-10,-6.72977e-09,-0.00852211
1.75656e+09,-8.19793e-09,-5.79062e-09,-0.0181095
1.75656e+09,-2.77506e-09,-4.24341e-09,-0.015979
1.75656e+09,-1.82639e-09,5.74448e-09,-0.00745685
1.75656e+09,-6.56848e-10,1.58681e-08,-0.0213053
1.75656e+09,-7.59441e-09,1.11164e-08,0.00106526
1.75656e+09,3.66607e-09,1.28641e-08,-0.00639159
1.75656e+09,-1.41993e-09,9.18956e-09,0.00426106
1.75656e+09,-3.44527e-09,8.38169e-09,0.00958738
1.75656e+09,-7.57061e-09,6.76787e-09,0.0106526
1.75656e+09,-1.46752e-09,7.31837e-09,0.00745685
1.75656e+09,-1.67825e-09,1.19111e-08,0.00213053
1.75656e+09,-6.29423e-09,8.9885e-09,0.00852211
1.75656e+09,5.05603e-09,4.94419e-09,0.00852211
1.75656e+09,2.87712e-09,3.20115e-10,0.0117179
1.75656e+09,-1.19626e-08,-7.56421e-09,0.00639159
1.75656e+09,-9.061e-10,-8.77351e-09,0.00213053
1.75656e+09,3.14445e-09,-1.64475e-08,0.00532632
1.75656e+09,-8.29299e-10,-1.11642e-08,-0.00106526
1.75656e+09,6.01781e-09,-1.71876e-08,-0.00958738
1.75656e+09,-3.94024e-09,-1.89595e-08,-0.0138484
1.75656e+09,-5.66014e-09,-1.89046e-08,-0.0170442
1.75656e+09,4.02702e-09,-2.13042e-08,-0.0170442
1.75656e+09,-3.61871e-10,-8.16699e-09,-0.0127832
1.75656e+09,1.32707e-09,-5.95422e-09,-0.0213053
1.75656e+09,2.09942e-11,-8.35571e-09,-0.0266316
1.75656e+09,-4.16716e-09,-2.04419e-09,-0.0213053
1.75656e+09,-4.40011e-09,-3.33163e-09,-0.0191748
1.75656e+09,-1.79459e-09,2.60818e-10,-0.0127832
1.75656e+09,9.40878e-09,5.13517e-09,-0.00426106
1.75656e+09,9.42948e-10,1.93827e-09,-0.00852211
1.75656e+09,8.26646e-11,1.60228e-08,0.00532632
1.75656e+09,-2.31652e-10,1.86296e-08,-0.00852211
1.75656e+09,-8.95941e-09,1.42534e-08,0.00106526
1.75656e+09,-2.62967e-09,1.60061e-08,0.00639159
1.75656e+09,6.5166e-09,1.25774e-08,0.00213053
1.75656e+09,5.1426e-09,1.10722e-08,0.015979
1.75656e+09,-1.01249e-08,1.59015e-08,0.0127832
1.75656e+09,-1.07911e-09,1.97464e-08,0.0127832
1.75656e+09,-1.77389e-11,2.5695e-08,0.00745685
1.75656e+09,3.46874e-10,1.41865e-08,0.00319579
1.75656e+09,-3.88658e-09,1.85831e-08,0.00426106
1.75656e+09,3.68082e-09,1.28926e-08,0.0117179
1.75656e+09,-4.48327e-09,4.12701e-09,0.00532632
1.75656e+09,3.70202e-09,9.33412e-09,-0.00319579
1.75656e+09,-2.93858e-09,5.19708e-09,-0.00319579
1.75656e+09,2.47901e-09,7.0962e-09,0.00319579
1.75656e+09,6.23195e-10,4.54059e-09,-0.00852211
1.75656e+09,-3.37516e-09,7.67418e-09,-0.02024
1.75656e+09,-1.93574e-09,-2.2853e-09,-0.0276969
1.75656e+09,-2.64773e-09,-5.04482e-10,-0.0181095
1.75656e+09,-1.81686e-09,-4.65507e-09,-0.0181095
1.75656e+09,5.31027e-09,1.45254e-09,-0.0181095
1.75656e+09,-7.01949e-09,-2.3368e-09,-0.0138484
1.75656e+09,1.32358e-09,3.31575e-09,-0.00958738
1.75656e+09,-1.78514e-10,3.00954e-09,-0.0138484
1.75656e+09,-3.98357e-09,6.55998e-09,-0.00319579
1.75656e+09,-5.08893e-09,-2.8466e-09,-0.0138484
1.75656e+09,9.10559e-10,1.20007e-08,-0.00958738
1.75656e+09,-1.5011e-09,1.42144e-08,0.00213053
1.75656e+09,-6.47927e-09,1.41732e-08,0.00213053
1.75656e+09,-2.4068e-09,7.79083e-09,0.00852211
1.75656e+09,-3.8664e-09,1.64242e-08,0.00745685
1.75656e+09,-6.49673e-09,6.73161e-09,0.0255663
1.75656e+09,2.47017e-09,1.63079e-08,0.0223706
1.75656e+09,2.20656e-09,8.86009e-09,0.0213053
1.75656e+09,-6.28753e-09,5.39738e-09,0.00639159
1.75656e+09,-7.00585e-09,1.09649e-08,0.0138484
1.75656e+09,-2.19123e-09,1.11861e-08,0.0170442
1.75656e+09,-1.21586e-09,-2.47209e-09,0.0117179
1.75656e+09,6.59027e-09,-1.12496e-08,0.00319579
1.75656e+09,-4.29097e-10,-1.39723e-08,-0.00852211
1.75656e+09,5.16982e-10,-9.0321e-09,-0.00745685
1.75656e+09,3.54652e-09,-1.34554e-08,-0.00639159
1.75656e+09,-4.9863e-09,-7.80481e-09,-0.00532632
1.75656e+09,2.97155e-09,-1.32588e-08,-0.0127832
1.75656e+09,1.02471e-08,-6.51018e-09,-0.015979
1.75656e+09,1.48079e-10,3.11052e-09,-0.02024
1.75656e+09,-8.29402e-10,4.36767e-09,-0.02024
1.75656e+09,3.57787e-10,7.44707e-09,-0.0149137
1.75656e+09,-4.69307e-10,-1.11144e-09,-0.0181095
1.75656e+09,-3.74256e-09,5.76242e-09,-0.0191748
1.75656e+09,5.37394e-09,3.01519e-09,-0.0138484
1.75656e+09,3.35658e-09,-7.19909e-10,-0.015979
1.75656e+09,-8.73673e-09,7.55596e-10,-0.0117179
1.75656e+09,-4.40226e-09,4.57211e-09,-0.0127832
1.75656e+09,-4.9605e-09,6.12672e-09,0.00106526
1.75656e+09,3.18811e-09,1.41972e-08,0.00852211
1.75656e+09,1.91351e-10,1.47031e-08,-0.00213053
1.75656e+09,2.86137e-09,1.22882e-08,0.00745685
1.75656e+09,-9.30915e-10,1.58585e-08,0.0117179
1.75656e+09,-1.99142e-09,1.11254e-08,0.00852211
1.75656e+09,4.47818e-11,1.18163e-08,0.00852211
1.75656e+09,1.27973e-09,6.40938e-09,0.015979
1.75656e+09,-2.25847e-09,6.20758e-10,0.0138484
1.75656e+09,2.52458e-09,-2.03353e-09,0.0138484
1.75656e+09,4.07383e-09,-5.13276e-09,0.0170442
1.75656e+09,5.58764e-09,-3.74835e-09,0.0149137
1.75656e+09,-3.51735e-09,-1.50263e-08,-0.00106526
1.75656e+09,1.48362e-09,-1.57868e-08,-0.00213053
1.75656e+09,6.38512e-09,-1.20732e-08,-0.00958738
1.75656e+09,-6.05388e-10,-1.17109e-08,0
1.75656e+09,-1.13234e-10,-1.1762e-08,-0.0138484
1.75656e+09,3.39356e-09,-1.62605e-08,-0.00639159
1.75656e+09,4.08257e-10,-1.89819e-08,-0.00958738
1.75656e+09,7.72848e-09,-1.21582e-08,-0.00745685
1.75656e+09,4.24641e-09,-1.46856e-08,-0.0170442
1.75656e+09,-1.25735e-09,-7.46398e-09,-0.02024
1.75656e+09,7.47646e-10,-1.34052e-08,-0.0245011
1.75656e+09,-3.71106e-10,-1.2271e-08,-0.00958738
1.75656e+09,6.39501e-09,-1.22035e-08,-0.0127832
1.75656e+09,-9.04937e-11,-3.03636e-09,-0.0106526
1.75656e+09,6.24959e-10,3.33887e-09,-0.00852211
1.75656e+09,-6.14079e-09,-6.28899e-10,-0.0127832
1.75656e+09,-7.39037e-09,5.46882e-09,-0.00426106
1.75656e+09,1.26395e-10,4.63158e-09,-0.00639159
1.75656e+09,2.81768e-09,8.69614e-09,0
1.75656e+09,-7.6022e-09,4.37764e-09,0.00532632
1.75656e+09,1.05656e-09,7.68589e-09,0.0127832
1.75656e+09,-6.30135e-09,4.9395e-10,0.0117179
1.75656e+09,2.23844e-09,2.74649e-09,-0.00106526
1.75656e+09,2.91042e-09,9.69414e-09,0.02024
1.75656e+09,1.55254e-09,9.84983e-09,0.00426106
1.75656e+09,3.20379e-09,5.24693e-10,0.00852211
1.75656e+09,-3.20358e-09,-1.06787e-08,0.00745685
1.75656e+09,-3.16527e-09,-1.02567e-08,-0.00106526
1.75656e+09,-7.64312e-09,-1.47906e-08,0.00639159
1.75656e+09,-2.4482e-09,-1.26125e-08,-0.00213053
1.75656e+09,6.80868e-10,-1.17931e-08,0.00213053
1.75656e+09,4.36874e-09,-1.2768e-08,-0.00958738
1.75656e+09,3.7031e-09,-1.39555e-08,-0.0127832
1.75656e+09,9.96854e-10,-1.11506e-08,-0.0181095
1.75656e+09,1.42968e-09,-6.45517e-09,-0.00426106
1.75656e+09,-9.44904e-10,-1.64378e-08,-0.02024
1.75656e+09,-6.60521e-10,-1.25785e-08,-0.02024
1.75656e+09,1.08428e-09,-1.30724e-08,-0.0127832
1.75656e+09,-9.39905e-09,3.63689e-10,-0.0170442
1.75656e+09,1.80964e-09,-1.15209e-08,-0.0191748
1.75656e+09,1.4951e-09,-6.41577e-09,-0.0127832
1.75656e+09,-3.49139e-09,-8.41383e-11,-0.00639159
1.75656e+09,-3.49139e-09,-8.41383e-11,-0.00639159
1.75656e+09,-2.22705e-09,2.77922e-10,0.00319579
1.75656e+09,-4.21971e-09,2.1944e-09,0.00958738
1.75656e+09,9.15759e-10,3.65276e-09,-0.00639159
1.75656e+09,3.10617e-09,2.06382e-09,0.00852211
1.75656e+09,5.47743e-10,1.81577e-09,0.00426106
1.75656e+09,2.47072e-09,5.49193e-09,0.015979
1.75656e+09,9.71239e-09,3.64015e-09,0.0106526
1.75656e+09,1.36253e-09,-3.69435e-09,0.0127832
1.75656e+09,4.20459e-09,-7.81771e-09,0.00745685
1.75656e+09,-2.03258e-09,-2.62463e-09,0.015979
1.75656e+09,4.37798e-09,-1.26728e-08,0.0149137
1.75656e+09,3.08537e-09,-1.54324e-08,0.00319579
1.75656e+09,4.72648e-10,-1.15069e-08,-0.00213053
1.75656e+09,-1.04247e-09,-8.09088e-09,-0.00106526
1.75656e+09,-2.36723e-09,-5.52273e-09,0.00426106
1.75656e+09,-4.61612e-09,-8.54124e-09,-0.00852211
1.75656e+09,8.12371e-09,-1.03775e-08,-0.00532632
1.75656e+09,4.44884e-09,-8.38935e-09,-0.00852211
1.75656e+09,-4.52476e-09,-6.11671e-09,-0.0181095
1.75656e+09,3.39496e-09,-7.34385e-09,-0.0149137
1.75656e+09,-6.37497e-09,-1.02442e-09,-0.015979
1.75656e+09,-2.06177e-09,-8.12333e-10,-0.0170442
1.75656e+09,-1.28112e-09,6.40841e-10,-0.0276969
1.75656e+09,-5.40846e-09,5.76772e-10,-0.0106526
1.75656e+09,2.52797e-09,6.32672e-09,-0.0106526
1.75656e+09,-3.2454e-09,3.0287e-09,-0.00958738
1.75656e+09,-4.83899e-09,8.11359e-09,-0.0170442
1.75656e+09,-9.65678e-10,3.25375e-09,-0.00745685
1.75656e+09,4.07648e-10,7.21747e-09,0.00426106
1.75656e+09,1.86281e-09,-3.31243e-09,0.00639159
1.75656e+09,3.60898e-09,8.12478e-10,0.0106526
1.75656e+09,1.01835e-09,2.66594e-09,0.00213053
1.75656e+09,-6.12511e-09,5.09482e-09,0.0127832
1.75656e+09,-4.21293e-09,1.40292e-09,0.00852211
1.75656e+09,-3.74913e-09,-4.17517e-09,0.0213053
1.75656e+09,-1.17846e-10,-3.12691e-09,0.00745685
1.75656e+09,-1.85341e-09,1.25619e-11,0.0138484
1.75656e+09,-2.60834e-09,-1.53225e-08,-0.0170442
1.75656e+09,-6.01218e-09,-1.55255e-08,0.00106526
1.75656e+09,6.26043e-09,-1.69747e-08,-0.00213053
1.75656e+09,1.99979e-09,-1.06641e-08,-0.00852211
1.75656e+09,-7.85396e-10,-9.21686e-09,-0.00532632
1.75656e+09,-3.71562e-09,-1.10876e-08,-0.0181095
1.75656e+09,4.76197e-10,-6.28405e-09,-0.0213053
1.75656e+09,3.97964e-09,-1.03817e-08,-0.00426106
1.75656e+09,-3.7495e-09,-9.01695e-09,-0.00958738
1.75656e+09,9.2065e-10,-9.40991e-09,-0.0149137
1.75656e+09,4.82105e-10,-8.57432e-09,-0.0319579
1.75656e+09,1.52535e-10,-8.33205e-09,-0.0170442
1.75656e+09,-1.37004e-09,-8.22701e-09,-0.0245011
1.75656e+09,-8.93527e-09,-3.03901e-09,-0.00745685
1.75656e+09,3.01629e-10,1.32716e-09,-0.0191748
1.75656e+09,-3.31581e-11,-1.72689e-09,-0.00639159
1.75656e+09,-3.47235e-09,8.98329e-09,-0.0149137
1.75656e+09,-3.5451e-09,5.08553e-09,-0.00639159
1.75656e+09,-6.14035e-09,-5.64089e-10,0.0117179
1.75656e+09,2.21744e-10,7.1772e-09,0.00319579
1.75656e+09,-5.93567e-09,7.24633e-09,0.0106526
1.75656e+09,3.03783e-09,1.05486e-08,0.0117179
1.75656e+09,1.23585e-10,9.20654e-09,0.0213053
1.75656e+09,-6.05814e-09,8.6553e-09,0.0138484
1.75656e+09,-2.90761e-09,1.17391e-08,0.0117179
1.75656e+09,-1.34833e-09,3.23334e-09,0.00532632
1.75656e+09,5.39891e-10,3.08476e-09,0.00745685
1.75656e+09,-1.25011e-10,-5.27063e-10,0.00639159
1.75656e+09,1.4343e-09,6.02306e-09,0.00745685
1.75656e+09,-2.21302e-09,4.21797e-09,0.00532632
1.75656e+09,-5.24612e-09,5.64441e-09,-0.00532632
1.75656e+09,1.37617e-09,-4.31379e-10,-0.00426106
1.75656e+09,6.43414e-11,-1.39953e-09,0
1.75656e+09,7.06701e-09,3.10798e-09,-0.00958738
1.75656e+09,1.11357e-09,-5.5637e-09,-0.00958738
1.75656e+09,8.29919e-11,-7.67771e-09,-0.0234358
1.75656e+09,6.25209e-10,-4.4422e-09,-0.0149137
1.75656e+09,-2.95544e-09,-2.63199e-09,-0.02024
1.75656e+09,7.49164e-09,-2.16881e-09,-0.0181095
1.75656e+09,-1.27998e-09,-3.22894e-09,-0.0181095
1.75656e+09,-5.49395e-09,1.99944e-09,-0.0149137
1.75656e+09,-1.51663e-08,-5.67548e-09,-0.0127832
1.75656e+09,3.79379e-09,8.60887e-09,-0.015979
1.75656e+09,3.79379e-09,8.60887e-09,-0.015979
1.75656e+09,4.79065e-09,9.40776e-09,0.00319579
1.75656e+09,-5.67575e-09,8.8071e-09,-0.00426106
1.75656e+09,-5.00226e-10,1.55371e-08,0
1.75656e+09,-3.47759e-09,2.24414e-08,0.015979
1.75656e+09,-1.30111e-08,1.79003e-08,0.00532632
1.75656e+09,5.39332e-09,2.15965e-08,0.0181095
1.75656e+09,-1.18379e-09,1.00736e-08,0.0181095
1.75656e+09,-4.67097e-09,1.07926e-08,0.00213053
1.75656e+09,-8.06396e-09,1.30914e-08,0.0181095
1.75656e+09,-2.15565e-09,1.54983e-08,0.0138484
1.75656e+09,-3.27566e-09,1.31209e-09,0.00852211
1.75656e+09,5.99182e-09,-6.53251e-09,0.00426106
1.75656e+09,4.63785e-09,3.63189e-09,-0.00319579
1.75656e+09,-2.44155e-09,-7.44515e-09,-0.0106526
1.75656e+09,3.61556e-09,-1.1273e-08,-0.0127832
1.75656e+09,9.21882e-10,-1.05787e-08,-0.0149137
1.75656e+09,4.91072e-09,-4.34661e-09,-0.0117179
1.75656e+09,9.81156e-09,-3.94918e-09,-0.00426106
1.75656e+09,-2.4115e-10,-4.02602e-09,-0.00426106
1.75656e+09,1.75614e-09,-4.53532e-09,-0.0127832
1.75656e+09,-1.03503e-08,-9.96309e-09,-0.0117179
1.75656e+09,-6.15959e-09,-4.5998e-09,-0.015979
1.75656e+09,-3.00104e-10,5.81275e-09,-0.0127832
1.75656e+09,5.4631e-10,1.02347e-08,-0.015979
1.75656e+09,7.84009e-09,4.27777e-09,-0.00958738
1.75656e+09,-1.04651e-09,9.50777e-09,-0.00958738
1.75656e+09,-3.23671e-09,1.24704e-08,-0.0106526
1.75656e+09,-5.62591e-09,2.19932e-08,-0.0106526
1.75656e+09,-2.28719e-09,2.26817e-08,-0.00213053
1.75656e+09,1.74666e-09,2.85977e-08,-0.00319579
1.75656e+09,-2.83419e-09,2.70124e-08,0.00639159
1.75656e+09,1.01511e-09,2.15496e-08,0.0149137
1.75656e+09,-1.11489e-08,2.8278e-08,0.0170442
1.75656e+09,-1.4542e-09,3.1764e-08,0.015979
1.75656e+09,5.82366e-10,2.59342e-08,0.00639159
1.75656e+09,3.88928e-10,3.22723e-08,0.00213053
1.75656e+09,1.63108e-09,2.30183e-08,0.00852211
1.75656e+09,5.48607e-10,1.0927e-08,0.00426106
1.75656e+09,-1.099e-09,1.58406e-08,0.00958738
1.75656e+09,-2.88164e-09,7.52222e-09,0.00213053
1.75656e+09,8.64758e-09,6.51898e-09,0.00319579
1.75656e+09,5.04977e-09,9.7159e-09,0.00106526
1.75656e+09,-1.59989e-09,8.16494e-09,-0.0106526
1.75656e+09,7.16783e-09,5.86491e-09,-0.0234358
1.75656e+09,2.24893e-10,5.03318e-10,-0.02024
1.75656e+09,-2.15215e-09,-1.67474e-09,-0.00639159
1.75656e+09,7.63144e-09,-1.266e-08,-0.0117179
1.75656e+09,1.43526e-09,-1.31059e-09,-0.02024
1.75656e+09,-1.55745e-09,-7.63359e-09,-0.0117179
1.75656e+09,-1.07214e-08,-7.86393e-09,-0.015979
1.75656e+09,-9.87173e-10,-1.03048e-08,-0.0181095
1.75656e+09,2.59404e-09,-7.70637e-09,-0.0117179
1.75656e+09,9.55007e-10,-5.70897e-09,-0.00958738
1.75656e+09,1.60743e-09,-4.12927e-09,-0.00426106
1.75656e+09,4.66303e-09,-1.75706e-10,-0.00106526
1.75656e+09,-6.24453e-09,1.17107e-09,0.00106526
1.75656e+09,-6.54738e-09,4.6337e-09,0.00745685
1.75656e+09,-1.99174e-10,-1.90964e-09,0.00426106
1.75656e+09,-2.41955e-09,-2.45538e-10,0.0106526
1.75656e+09,-3.78593e-09,9.91939e-09,0.00958738
1.75656e+09,-2.03065e-09,1.06677e-09,0.02024
1.75656e+09,1.4682e-09,6.81111e-09,0
1.75656e+09,-2.10052e-11,1.98995e-09,0.00213053
1.75656e+09,1.2894e-09,6.88058e-09,0.00852211
1.75656e+09,-3.29463e-09,-9.14642e-09,0.0127832
1.75656e+09,1.13762e-09,-1.49967e-08,0.00213053
1.75656e+09,-5.15224e-09,-3.31187e-08,0.00532632
1.75656e+09,2.83339e-09,-2.63634e-08,-0.00639159
1.75656e+09,4.66203e-10,-3.92015e-08,-0.0138484
1.75656e+09,3.98931e-09,-4.69617e-08,-0.0170442
1.75656e+09,9.20495e-09,-4.48184e-08,-0.0170442
1.75656e+09,6.05345e-09,-4.00755e-08,-0.0223706
1.75656e+09,-3.37833e-10,-3.70402e-08,-0.015979
1.75656e+09,-3.00808e-09,-3.16573e-08,-0.0191748
1.75656e+09,-6.65276e-09,-3.85601e-08,-0.0308927
1.75656e+09,2.31249e-09,-4.92076e-08,-0.0298274
1.75656e+09,4.74352e-10,-5.02256e-08,-0.0181095
1.75656e+09,-1.11023e-08,-5.77333e-08,-0.0245011
1.75656e+09,-7.96334e-09,-8.78076e-08,-0.0351537
1.75656e+09,-5.47133e-09,-1.00444e-07,-0.0223706
1.75656e+09,-4.21868e-09,-1.14588e-07,-0.0319579
1.75656e+09,-5.70032e-09,-1.10796e-07,-0.0255663
1.75656e+09,-1.43528e-09,-1.10489e-07,-0.0127832
1.75656e+09,-1.70363e-09,-1.1738e-07,-0.02024
1.75656e+09,-4.54909e-09,-1.14683e-07,-0.0149137
1.75656e+09,-1.07642e-08,-1.10967e-07,-0.0127832
1.75656e+09,-1.33594e-09,-1.1616e-07,-0.0117179
1.75656e+09,2.48751e-09,-1.15566e-07,-0.015979
1.75656e+09,-5.486e-09,-9.84593e-08,-0.00639159
1.75656e+09,1.14603e-09,-9.64286e-08,-0.0138484
1.75656e+09,-5.74826e-09,-8.1379e-08,0.00852211
1.75656e+09,-4.24109e-09,-6.78154e-08,0
1.75656e+09,-2.45172e-09,-6.5372e-08,-0.00213053
1.75656e+09,-8.74462e-10,-6.63468e-08,0.00213053
1.75656e+09,4.67467e-09,-5.23073e-08,-0.00639159
1.75656e+09,-3.74511e-09,-5.19684e-08,0.00213053
1.75656e+09,-1.80594e-09,-4.00363e-08,0.00106526
1.75656e+09,2.39435e-09,-3.50184e-08,-0.00958738
1.75656e+09,2.39435e-09,-3.50184e-08,-0.00958738
1.75656e+09,3.29321e-09,-3.56554e-08,-0.00213053
1.75656e+09,-1.46034e-08,7.25114e-09,-0.00852211
1.75656e+09,-2.53868e-10,1.40943e-08,0.00958738
1.75656e+09,9.16549e-09,9.65429e-09,0.0127832
1.75656e+09,1.61662e-08,8.53331e-08,0.0351537
1.75656e+09,1.42212e-08,1.09064e-07,0.04048
1.75656e+09,9.79688e-09,1.28144e-07,0.0628506
1.75656e+09,1.33177e-08,1.47393e-07,0.076699
1.75656e+09,8.25256e-09,1.63879e-07,0.0756338
1.75656e+09,1.93803e-09,1.78993e-07,0.1012
1.75656e+09,6.96758e-09,1.90546e-07,0.117179
1.75656e+09,8.94753e-09,1.88652e-07,0.116114
1.75656e+09,-9.70997e-10,1.46832e-07,0.117179
1.75656e+09,1.19657e-09,1.15756e-07,0.13955
1.75656e+09,6.12393e-10,9.31046e-08,0.132093
1.75656e+09,1.23424e-09,5.4301e-08,0.158724
1.75656e+09,2.12361e-09,-2.50457e-08,0.142745
1.75656e+09,-1.8715e-09,-6.67632e-08,0.158724
1.75656e+09,-1.15799e-08,-1.13621e-07,0.165116
1.75656e+09,-1.08263e-08,-2.21846e-07,0.164051
1.75656e+09,-1.27952e-08,-2.90649e-07,0.148072
1.75656e+09,-2.18603e-08,-3.98598e-07,0.153398
1.75656e+09,-3.16662e-08,-5.37193e-07,0.162985
1.75656e+09,-4.28026e-08,-6.10916e-07,0.153398
1.75656e+09,-5.27586e-08,-7.58977e-07,0.149137
1.75656e+09,-7.43351e-08,-9.6078e-07,0.152333
1.75656e+09,-7.37927e-08,-1.00878e-06,0.169377
1.75656e+09,-9.43577e-08,-1.1386e-06,0.164051
1.75656e+09,-1.14885e-07,-1.3137e-06,0.165116
1.75656e+09,-1.31624e-07,-1.44378e-06,0.18003
1.75656e+09,-1.48617e-07,-1.55362e-06,0.16192
1.75656e+09,-1.67876e-07,-1.73835e-06,0.176834
1.75656e+09,-1.76832e-07,-1.81282e-06,0.177899
1.75656e+09,-1.85855e-07,-1.8893e-06,0.198139
1.75656e+09,-1.85855e-07,-1.8893e-06,0.198139
1.75656e+09,-1.85855e-07,-1.8893e-06,0.198139
1.75656e+09,-2.16731e-07,-2.20778e-06,0.227967
1.75656e+09,-2.58624e-07,-2.49809e-06,0.231162
1.75656e+09,-2.38371e-07,-2.63524e-06,0.241815
1.75656e+09,-2.56207e-07,-2.90063e-06,0.259925
1.75656e+09,-2.68445e-07,-3.13972e-06,0.273773
1.75656e+09,-2.81149e-07,-3.2353e-06,0.288687
1.75656e+09,-2.84954e-07,-3.40905e-06,0.292948
1.75656e+09,-2.82981e-07,-3.58691e-06,0.312122
1.75656e+09,-3.02474e-07,-3.71721e-06,0.317449
1.75656e+09,-3.0344e-07,-3.90437e-06,0.332362
1.75656e+09,-3.42197e-07,-4.09409e-06,0.338754
1.75656e+09,-3.82145e-07,-4.2138e-06,0.354733
1.75656e+09,-4.02587e-07,-4.3473e-06,0.361125
1.75656e+09,-4.46577e-07,-4.44129e-06,0.367516
1.75656e+09,-4.66427e-07,-4.53604e-06,0.370712
1.75656e+09,-5.11304e-07,-4.73396e-06,0.386691
1.75656e+09,-5.6089e-07,-4.77714e-06,0.40267
1.75656e+09,-5.6089e-07,-4.77714e-06,0.40267
1.75656e+09,-5.6089e-07,-4.77714e-06,0.40267
1.75656e+09,-6.65e-07,-4.8561e-06,0.411192
1.75656e+09,-6.7382e-07,-4.84607e-06,0.416518
1.75656e+09,-7.37139e-07,-4.98591e-06,0.429302
1.75656e+09,-7.63314e-07,-5.13166e-06,0.439954
1.75656e+09,-7.70841e-07,-5.17437e-06,0.454868
1.75656e+09,-7.99211e-07,-5.32648e-06,0.461259
1.75656e+09,-8.69774e-07,-5.41421e-06,0.465521
1.75656e+09,-8.76311e-07,-5.4599e-06,0.461259
1.75656e+09,-8.55021e-07,-5.49202e-06,0.468716
1.75656e+09,-8.60228e-07,-5.62628e-06,0.482565
1.75656e+09,-8.38721e-07,-5.58171e-06,0.490022
1.75656e+09,-8.15862e-07,-5.69406e-06,0.491087
1.75656e+09,-7.85454e-07,-5.75385e-06,0.507066
1.75656e+09,-7.49578e-07,-5.74637e-06,0.510262
1.75656e+09,-7.11585e-07,-5.75103e-06,0.52198
1.75656e+09,-6.33009e-07,-5.71634e-06,0.529436
1.75656e+09,-5.95232e-07,-5.75742e-06,0.528371
1.75656e+09,-5.68094e-07,-5.73893e-06,0.529436
1.75656e+09,-5.26066e-07,-5.7207e-06,0.539024
1.75656e+09,-4.67002e-07,-5.71709e-06,0.555003
1.75656e+09,-4.69287e-07,-5.71223e-06,0.556068
1.75656e+09,-4.168e-07,-5.5538e-06,0.558199
1.75656e+09,-4.63945e-07,-5.54344e-06,0.56246
1.75656e+09,-4.60906e-07,-5.43998e-06,0.579504
1.75656e+09,-4.79007e-07,-5.4587e-06,0.573112
1.75656e+09,-4.56407e-07,-5.43628e-06,0.570982
1.75656e+09,-4.49337e-07,-5.43768e-06,0.566721
1.75656e+09,-4.42258e-07,-5.43508e-06,0.576308
1.75656e+09,-4.1622e-07,-5.55242e-06,0.576308
1.75656e+09,-3.85303e-07,-5.5131e-06,0.585895
1.75656e+09,-3.28611e-07,-5.5922e-06,0.586961
1.75656e+09,-3.08186e-07,-5.56438e-06,0.591222
1.75656e+09,-2.32223e-07,-5.53813e-06,0.596548
1.75656e+09,-1.25287e-07,-5.43063e-06,0.622114
1.75656e+09,-8.47609e-08,-5.4011e-06,0.619984
1.75656e+09,1.22797e-08,-5.3464e-06,0.62318
1.75656e+09,1.56094e-07,-5.25722e-06,0.631702
1.75656e+09,1.94329e-07,-5.21454e-06,0.637028
1.75656e+09,3.1261e-07,-5.15026e-06,0.646615
1.75656e+09,4.05676e-07,-5.0644e-06,0.648746
1.75656e+09,4.47191e-07,-5.1603e-06,0.654072
1.75656e+09,5.05474e-07,-5.12512e-06,0.655138
1.75656e+09,5.97927e-07,-5.15253e-06,0.662594
1.75656e+09,6.28185e-07,-5.19129e-06,0.660464
1.75656e+09,6.78634e-07,-5.30722e-06,0.66579
1.75656e+09,7.57507e-07,-5.40189e-06,0.66579
1.75656e+09,7.83728e-07,-5.49181e-06,0.673247
1.75656e+09,8.55402e-07,-5.45751e-06,0.678573
1.75656e+09,9.52902e-07,-5.59418e-06,0.667921
1.75656e+09,1.00758e-06,-5.54952e-06,0.66579
1.75656e+09,1.11478e-06,-5.45986e-06,0.671117
1.75656e+09,1.1544e-06,-5.39133e-06,0.671117
1.75656e+09,1.22038e-06,-5.3206e-06,0.673247
1.75656e+09,1.33433e-06,-5.16371e-06,0.680704
1.75656e+09,1.44388e-06,-4.98278e-06,0.68603
1.75656e+09,1.49476e-06,-4.77328e-06,0.691357
1.75656e+09,1.58741e-06,-4.79314e-06,0.682834
1.75656e+09,1.64871e-06,-4.72451e-06,0.687095
1.75656e+09,1.68344e-06,-4.61845e-06,0.695618
1.75656e+09,1.68344e-06,-4.61845e-06,0.695618
1.75656e+09,1.68344e-06,-4.61845e-06,0.695618
1.75656e+09,1.68344e-06,-4.61845e-06,0.695618
1.75656e+09,1.94261e-06,-4.90882e-06,0.708401
1.75656e+09,2.00488e-06,-5.08637e-06,0.70414
1.75656e+09,2.04294e-06,-5.1138e-06,0.697748
1.75656e+09,2.15346e-06,-5.26192e-06,0.703074
1.75656e+09,2.29008e-06,-5.26271e-06,0.715858
1.75656e+09,2.35569e-06,-5.22544e-06,0.721184
1.75656e+09,2.47953e-06,-5.26726e-06,0.723314
1.75656e+09,2.64874e-06,-5.16001e-06,0.731837
1.75656e+09,2.73758e-06,-5.16377e-06,0.736098
1.75656e+09,2.85441e-06,-5.1152e-06,0.725445
1.75656e+09,2.96363e-06,-5.01118e-06,0.742489
1.75656e+09,3.04612e-06,-5.01952e-06,0.723314
1.75656e+09,3.09501e-06,-4.96797e-06,0.732902
1.75656e+09,3.27422e-06,-4.98108e-06,0.730771
1.75656e+09,3.31821e-06,-4.93767e-06,0.735032
1.75656e+09,3.3731e-06,-4.96143e-06,0.725445
1.75656e+09,3.47137e-06,-4.91789e-06,0.738228
1.75656e+09,0.0267228,0.0485521,0.737163
1.75656e+09,0.0303341,0.0492187,0.722249
1.75656e+09,0.0442264,0.0571868,0.731837
1.75656e+09,0.0420848,0.0504637,0.729706
1.75656e+09,0.0346017,0.040499,0.725445
1.75656e+09,0.0425396,0.029256,0.737163
1.75656e+09,0.0424541,0.0342954,0.742489
1.75656e+09,0.0285481,0.0440529,0.732902
1.75656e+09,0.0457303,0.0523237,0.739293
1.75656e+09,0.0460574,0.0631761,0.733967
1.75656e+09,0.0345992,0.0519425,0.747816
1.75656e+09,0.0517645,0.0530922,0.743554
1.75656e+09,0.0497341,0.0418728,0.745685
1.75656e+09,0.0501799,0.0398456,0.730771
1.75656e+09,0.0539771,0.0564188,0.74462
1.75656e+09,0.0522204,0.0527086,0.741424
1.75656e+09,0.0374406,0.0408431,0.748881
1.75656e+09,0.0526931,0.0342233,0.752077
1.75656e+09,0.0381811,0.0246728,0.752077
1.75656e+09,0.0515434,0.0219155,0.728641
1.75656e+09,0.0468232,0.0409033,0.745685
1.75656e+09,0.0184396,0.0431956,0.740359
1.75656e+09,0.030486,0.0460501,0.729706
1.75656e+09,0.0272189,0.0559433,0.737163
1.75656e+09,0.0334844,0.0515039,0.735032
1.75656e+09,0.0146129,0.0312091,0.741424
1.75656e+09,0.0330296,0.0158378,0.751011
1.75656e+09,0.0257828,0.0202964,0.756338
1.75656e+09,0.0425873,0.00575491,0.759533
1.75656e+09,0.0369054,0.0137026,0.777643
1.75656e+09,0.0334124,0.00924099,0.770186
1.75656e+09,0.0294223,0.0128993,0.7851
1.75656e+09,0.0395322,0.00600025,0.803209
1.75656e+09,0.0391965,0.00499428,0.803209
1.75656e+09,0.0140919,0.0086747,0.82558
1.75656e+09,0.0488811,0.0252093,0.846885
1.75656e+09,0.0560866,0.0184407,0.843689
1.75656e+09,0.0586099,0.0160801,0.843689
1.75656e+09,0.0507092,0.00806242,0.889496
1.75656e+09,0.0325534,0.0136954,0.889496
1.75656e+09,0.0408954,-0.0122092,0.893757
1.75656e+09,0.0479413,0.00172955,0.924649
1.75656e+09,0.0415841,0.0110975,0.94702
1.75656e+09,0.0568794,0.00704226,0.960868
1.75656e+09,0.0394928,0.00120081,0.962999
1.75656e+09,0.0382858,0.0143035,0.96726
1.75656e+09,0.0402459,0.0164977,0.978978
1.75656e+09,0.0429764,0.0161794,1.00987
1.75656e+09,0.0377273,0.00687293,1.01413
1.75656e+09,0.0523351,0.00420633,1.012
1.75656e+09,0.0258089,0.00216761,1.01307
1.75656e+09,0.0277869,0.000971904,1.03118
1.75656e+09,0.0360509,-0.00388355,1.04396
1.75656e+09,0.0273604,-0.0101042,1.04289
1.75656e+09,0.0246003,-0.00845645,1.05568
1.75656e+09,0.05612,0.00555589,1.05781
1.75656e+09,0.0361226,-0.00077047,1.06526
1.75656e+09,0.0520108,0.00669068,1.0887
1.75656e+09,0.0527254,-0.0239369,1.09403
1.75656e+09,0.0404133,-0.0256817,1.09083
1.75656e+09,0.0398764,-0.0199799,1.09722
1.75656e+09,0.0564546,0.0110672,1.09935
1.75656e+09,0.0532318,0.0140624,1.11107
1.75656e+09,0.04679,0.0193434,1.12385
1.75656e+09,0.0315893,0.00697986,1.11214
1.75656e+09,0.0303383,0.00259431,1.09829
1.75656e+09,-0.000689719,0.00334204,1.0887
1.75656e+09,-0.0180491,0.0514794,1.08231
1.75656e+09,-0.0179781,0.0208487,1.06526
1.75656e+09,-0.0062334,-0.000402971,1.05142
1.75656e+09,-0.00242732,-0.00179439,1.04396
1.75656e+09,-0.0125038,0.00434146,1.05994
1.75656e+09,-0.0195856,0.00535992,1.06846
1.75656e+09,-0.0324509,0.0327688,1.05781
1.75656e+09,-0.0332548,0.0156127,1.05461
1.75656e+09,-0.0131413,0.0205944,1.04502
1.75656e+09,-0.0117625,0.0500943,1.05674
1.75656e+09,-0.0162152,0.0248561,1.07911
1.75656e+09,-0.00953644,0.0212448,1.08444
1.75656e+09,0.00998445,0.066094,1.07805
1.75656e+09,0.0250865,0.0333016,1.07698
1.75656e+09,0.0485551,0.0167776,1.09296
1.75656e+09,0.0355279,0.0158422,1.10681
1.75656e+09,-0.00248686,0.00171214,1.10787
1.75656e+09,-0.00350716,0.0123277,1.1132
1.75656e+09,0.0156841,0.0147309,1.10681
1.75656e+09,0.0213802,0.0247588,1.11853
1.75656e+09,0.0214589,0.0163907,1.14196
1.75656e+09,0.00461741,0.00654053,1.14516
1.75656e+09,0.00682412,-0.000562805,1.14729
1.75656e+09,0.000999626,-0.000386285,1.14729
1.75656e+09,-0.0290477,-0.0137925,1.1654
1.75656e+09,0.00367492,-0.0373392,1.16007
1.75656e+09,0.00178818,-0.0303974,1.17499
1.75656e+09,0.00912249,-0.020786,1.17925
1.75656e+09,0.00350507,-0.00603139,1.18351
1.75656e+09,0.00296327,-0.00544609,1.18351
1.75656e+09,-0.0283912,-0.00841832,1.17925
1.75656e+09,-0.00962611,-0.0219353,1.18457
1.75656e+09,-0.000261266,-0.0112551,1.18351
1.75656e+09,0.0183982,-0.0297828,1.19097
1.75656e+09,0.00516418,-0.0185975,1.20268
1.75656e+09,-0.0303537,-0.0280308,1.2176
1.75656e+09,-0.0942846,-0.05413,1.20055
1.75656e+09,-0.0859109,-0.0609535,1.17925
1.75656e+09,-0.0574504,-0.058563,1.19203
1.75656e+09,-0.0305485,-0.0183995,1.20481
1.75656e+09,-0.0026024,-0.014161,1.22932
1.75656e+09,-0.0260061,0.0256447,1.23251
1.75656e+09,-0.104624,0.108022,1.23571
1.75656e+09,-0.0923048,0.0669463,1.19203
1.75656e+09,-0.0952859,0.0477685,1.19842
1.75656e+09,-0.00489541,0.0637091,1.22505
1.75656e+09,0.0163501,0.0303895,1.22612
1.75656e+09,-0.0114747,0.0413715,1.22186
1.75656e+09,0.0203092,0.15342,1.2144
1.75656e+09,0.0568913,0.122679,1.20801
1.75656e+09,0.0212161,0.0913402,1.21334
1.75656e+09,-0.00315355,0.0461355,1.26447
1.75656e+09,-0.00937978,0.0160215,1.33584
1.75656e+09,-0.0264404,0.0143478,1.40402
1.75656e+09,0.0251262,0.10541,1.43065
1.75656e+09,0.0493387,0.0824305,1.41254
1.75656e+09,0.0604782,0.0787565,1.40721
1.75656e+09,0.0945421,0.0488103,1.46154
1.75656e+09,0.0834644,0.0149183,1.53824
1.75656e+09,0.081489,0.0349685,1.54783
1.75656e+09,0.0559683,-0.0211032,1.57766
1.75656e+09,-0.0258597,0.0395519,1.55955
1.75656e+09,-0.0571304,0.0273508,1.57233
1.75656e+09,-0.0469573,0.0364513,1.56594
1.75656e+09,-0.0549664,0.0924143,1.56274
1.75656e+09,-0.0319028,0.0660352,1.55316
1.75656e+09,-0.034433,-0.0250852,1.56487
1.75656e+09,-0.0158228,-0.00979713,1.59044
1.75656e+09,0.0126279,-0.0215065,1.58724
1.75656e+09,0.007271,0.0110125,1.57659
1.75656e+09,-0.0205459,0.0487425,1.57872
1.75656e+09,-0.0517307,0.0468588,1.58085
1.75656e+09,-0.0950863,0.0144968,1.5947
1.75656e+09,-0.0354317,0.00943137,1.62027
1.75656e+09,-0.0023463,0.00363816,1.63305
1.75656e+09,0.0212621,0.00290237,1.62879
1.75656e+09,0.0031694,0.0131945,1.6224
1.75656e+09,-0.0115457,0.0514268,1.61814
1.75656e+09,-0.0954257,0.048833,1.63625
1.75656e+09,-0.0440679,0.0335301,1.63305
1.75656e+09,-0.0122805,0.0371295,1.62559
1.75656e+09,0.0443217,0.0462526,1.64264
1.75656e+09,0.00505697,0.0715053,1.61707
1.75656e+09,-0.0305035,0.0746764,1.60535
1.75656e+09,-0.0910605,0.125543,1.60429
1.75656e+09,0.00153679,0.0867445,1.58937
1.75656e+09,0.0102782,0.086958,1.5979
1.75656e+09,0.0467638,0.0624905,1.5915
1.75656e+09,0.0155044,0.0442609,1.59257
1.75656e+09,0.00913547,0.0414763,1.58192
1.75656e+09,0.00695461,0.040364,1.58192
1.75656e+09,-0.0144166,0.0121927,1.61601
1.75656e+09,-0.0144166,0.0121927,1.61601
1.75656e+09,0.02004,-0.0263983,1.52972
1.75656e+09,0.0099453,0.00968772,1.47433
1.75656e+09,-0.0222976,0.00219406,1.44876
1.75656e+09,-0.148542,0.0910308,1.36993
1.75656e+09,-0.148542,0.0910308,1.36993
1.75656e+09,-0.026532,0.107959,1.38591
1.75656e+09,0.0806115,0.0986121,1.34223
1.75656e+09,0.0529132,0.0689785,1.24529
1.75656e+09,0.00800855,0.0473061,1.27832
1.75656e+09,0.0081674,0.199388,1.30495
1.75656e+09,0.0523106,0.0387858,1.32519
1.75656e+09,0.0286786,-0.000135019,1.3433
1.75656e+09,-0.0540211,-0.0240691,1.32306
1.75656e+09,-0.0289879,0.061516,1.30175
1.75656e+09,-0.0131721,0.0796396,1.26873
1.75656e+09,0.000391268,0.096887,1.26873
1.75656e+09,0.0275255,0.05225,1.31347
1.75656e+09,0.0090054,0.0244262,1.33904
1.75656e+09,-0.0230123,-0.000206106,1.35821
1.75656e+09,-0.0499156,-0.019747,1.36886
1.75656e+09,-0.0365828,0.00127005,1.36886
1.75656e+09,-0.000372509,0.0326191,1.34543
1.75656e+09,-0.00933232,0.0417019,1.37419
1.75656e+09,-0.0236286,0.0578535,1.37845
1.75656e+09,0.00931109,0.0570282,1.37845
1.75656e+09,-0.00976186,-0.0105847,1.39869
1.75656e+09,-0.011717,-0.012743,1.40828
1.75656e+09,0.00752602,-0.0361899,1.41893
1.75656e+09,-0.0240742,-0.019132,1.42
1.75656e+09,-0.0298831,-0.0204007,1.42
1.75656e+09,-0.0416277,-0.00223938,1.43811
1.75656e+09,-0.0228229,0.00380824,1.45409
1.75656e+09,0.0102084,-0.0112979,1.4658
1.75656e+09,0.047739,-0.000553355,1.50948
1.75656e+09,0.062032,0.017448,1.4903
1.75656e+09,0.0646476,0.0100339,1.47646
1.75656e+09,0.0923501,-0.01536,1.47326
1.75656e+09,0.0951527,-0.0113704,1.49244
1.75656e+09,0.0895892,-0.0223492,1.49776
1.75656e+09,0.0733838,-0.0458241,1.48711
1.75656e+09,0.0928074,-0.0260568,1.51481
1.75656e+09,0.0936536,-0.0278445,1.51694
1.75656e+09,0.0479773,-0.0292833,1.49563
1.75656e+09,0.0354988,-0.0153938,1.49137
1.75656e+09,0.0396933,-0.0277069,1.48391
1.75656e+09,0.0509702,-0.0180141,1.48711
1.75656e+09,0.0696325,0.00842137,1.48817
1.75656e+09,0.0562845,-0.0182984,1.48817
1.75656e+09,-0.00899656,-0.0400847,1.46261
1.75656e+09,-0.0150617,-0.0366723,1.46154
1.75656e+09,0.022775,-0.0403949,1.4722
1.75656e+09,0.0417991,-0.0430313,1.45835
1.75656e+09,0.0832757,-0.0051375,1.49244
1.75656e+09,0.088623,-0.0256284,1.48924
1.75656e+09,-0.0175033,0.12371,1.3156
1.75656e+09,0.0157043,0.124174,1.42106
1.75656e+09,-0.0119384,0.120925,1.40295
1.75656e+09,-0.0477237,0.230385,1.45728
1.75656e+09,-0.156778,0.0412259,1.4168
1.75656e+09,-0.110235,0.0195483,1.4445
1.75656e+09,0.00285666,-0.125317,1.42532
1.75656e+09,0.0217177,-0.10499,1.52333
1.75656e+09,0.0228104,-0.0734668,1.53292
1.75656e+09,-0.0217275,-0.0705589,1.47965
1.75656e+09,-0.0377223,-0.059874,1.46474
1.75656e+09,-0.00437963,-0.038363,1.48924
1.75656e+09,0.00486253,-0.0248555,1.51587
1.75656e+09,-0.0232466,-0.0293904,1.51481
1.75656e+09,-0.0170735,-0.0276657,1.50415
1.75656e+09,0.000911582,-0.0168382,1.47752
1.75656e+09,0.0191576,-0.00989508,1.47752
1.75656e+09,0.0287834,-0.00984278,1.48072
1.75656e+09,0.0184526,-0.0260364,1.46687
1.75656e+09,0.00229768,-0.0105035,1.43811
1.75656e+09,-0.00411535,-0.00918481,1.44982
1.75656e+09,0.0250482,-0.0186712,1.44556
1.75656e+09,-0.00252011,-0.0134565,1.44663
1.75656e+09,0.0104794,-0.0280971,1.44663
1.75656e+09,0.0128562,-0.0388234,1.43491
1.75656e+09,-0.00243306,0.0151769,1.42852
1.75656e+09,-0.00354655,0.0213568,1.42852
1.75656e+09,-0.035456,-0.0113175,1.39337
1.75656e+09,-0.0262075,0.0184621,1.39124
1.75656e+09,-0.00677336,-0.00226658,1.39124
1.75656e+09,0.00672569,-0.00636205,1.39337
1.75656e+09,-0.0126052,-0.00445937,1.40721
1.75656e+09,-0.00689185,-0.00196151,1.39656
1.75656e+09,-0.0223015,0.010306,1.40082
1.75656e+09,-0.0218977,0.0107262,1.39124
1.75656e+09,-0.0228468,0.0129988,1.39976
1.75656e+09,-0.0146396,0.0125241,1.40402
1.75656e+09,-0.0171897,0.00796622,1.40402
1.75656e+09,-0.013361,0.00885265,1.40828
1.75656e+09,-0.0159876,0.0154742,1.40402
1.75656e+09,-0.0457276,-0.00256132,1.39763
1.75656e+09,-0.0484627,-0.0251157,1.3955
1.75656e+09,-0.0123144,-0.0140625,1.39443
1.75656e+09,-0.00300954,0.00606529,1.37845
1.75656e+09,-0.0042114,0.0193339,1.3955
1.75656e+09,0.00844461,0.00761915,1.40189
1.75656e+09,-0.066528,-0.0216097,1.38058
1.75656e+09,-0.108883,0.00109691,1.38378
1.75656e+09,-0.124312,0.00965035,1.39017
1.75656e+09,-0.082921,-0.0065424,1.40082
1.75656e+09,-0.0544617,-0.0148382,1.39443
1.75656e+09,-0.0191635,0.0103583,1.39443
1.75656e+09,-0.0440146,-0.000445513,1.37952
1.75656e+09,-0.0197899,-0.0300882,1.38804
1.75656e+09,-0.00926416,0.0377499,1.38165
1.75656e+09,0.00355633,0.0387548,1.40615
1.75656e+09,0.0093593,0.0417638,1.41254
1.75656e+09,-0.0624848,0.047821,1.40508
1.75656e+09,-0.0337026,0.0543868,1.40082
1.75656e+09,-0.0283509,0.0478773,1.39443
1.75656e+09,0.00222396,0.0595001,1.42319
1.75656e+09,0.0152615,0.0500997,1.43172
1.75656e+09,-0.00377685,0.0362233,1.42639
1.75656e+09,-0.0706968,0.052777,1.39976
1.75656e+09,-0.0541359,0.0771182,1.3923
1.75656e+09,-0.0307221,0.082318,1.39443
1.75656e+09,0.0017216,0.09052,1.42745
1.75656e+09,-0.0181875,0.0756766,1.45089
1.75656e+09,-0.00532474,0.102982,1.4658
1.75656e+09,-0.0396521,0.145377,1.49137
1.75656e+09,-0.0461702,0.216264,1.50948
1.75656e+09,-0.0347032,0.203167,1.51481
1.75656e+09,-0.00967358,0.160804,1.51161
1.75656e+09,-0.022179,0.105573,1.50628
1.75656e+09,-0.0388807,0.10592,1.52652
1.75656e+09,-0.0203367,0.0856714,1.53292
1.75656e+09,0.0103874,0.0959359,1.56594
1.75656e+09,0.00844848,0.0961599,1.53185
1.75656e+09,0.00998243,0.0628156,1.52972
1.75656e+09,-0.0380528,0.0614863,1.50735
1.75656e+09,-0.0474011,0.0580455,1.51054
1.75656e+09,-0.030483,0.0217395,1.53718
1.75656e+09,-0.034188,0.0259016,1.53611
1.75656e+09,-0.0173574,0.01676,1.5425
1.75656e+09,0.00164031,0.0108371,1.52333
1.75656e+09,0.00375773,0.0176552,1.55422
1.75656e+09,-0.00685335,0.00628143,1.5457
1.75656e+09,-0.0282852,-0.020142,1.55742
1.75656e+09,-0.0562802,-0.0119868,1.56807
1.75656e+09,-0.0621161,-0.0162539,1.57872
1.75656e+09,-0.0215692,-0.00473195,1.60003
1.75656e+09,-0.0251639,0.0165198,1.61068
1.75656e+09,-0.00892159,0.0162227,1.60109
1.75656e+09,0.015313,0.0795729,1.59577
1.75656e+09,0.0400183,0.079927,1.62453
1.75656e+09,0.031716,0.0530032,1.62027
1.75656e+09,0.0171671,0.0101653,1.66714
1.75656e+09,0.0181105,-0.0146732,1.67246
1.75656e+09,0.026849,-0.0124146,1.64796
1.75656e+09,0.0630329,0.020496,1.63838
1.75656e+09,0.0801221,0.0446072,1.61814
1.75656e+09,0.102241,0.0495118,1.64051
1.75656e+09,0.111656,0.0325634,1.65116
1.75656e+09,0.0760956,0.0069303,1.64477
1.75656e+09,0.00809303,-0.0257949,1.63838
1.75656e+09,0.00853806,-0.0480505,1.60216
1.75656e+09,0.0420435,-0.00799695,1.57979
1.75656e+09,0.0505034,0.0393735,1.56274
1.75656e+09,0.0477616,0.0372178,1.53505
1.75656e+09,0.0306515,0.0128105,1.54037
1.75656e+09,0.0146317,-0.00579219,1.52759
1.75656e+09,0.00498564,-0.00342241,1.4903
1.75656e+09,-0.0282382,0.0811348,1.45196
1.75656e+09,-0.0147241,0.106703,1.44663
1.75656e+09,0.00771256,0.0436424,1.44024
1.75656e+09,-0.0180705,-0.0955052,1.43491
1.75656e+09,-0.0439846,-0.0791878,1.42
1.75656e+09,0.0300866,0.0347895,1.43065
1.75656e+09,0.0594109,-0.0142024,1.45089
1.75656e+09,0.0398316,-0.0175578,1.43491
1.75656e+09,-0.0159098,0.145717,1.26766
1.75656e+09,0.0257293,0.0490195,1.1931
1.75656e+09,0.0301675,0.0483378,1.14196
1.75656e+09,-0.0171486,0.097465,1.05994
1.75656e+09,-0.155203,-0.05163,0.957673
1.75656e+09,-0.201065,-0.0243154,0.878843
1.75656e+09,-0.183565,0.00334842,0.822384
1.75656e+09,-0.0894096,-0.00136166,0.753142
1.75656e+09,0.00927249,0.012221,0.615723
1.75656e+09,0.0712591,0.0300859,0.516653
1.75656e+09,0.103548,-0.012236,0.42291
1.75656e+09,0.119476,-0.00662814,0.399474
1.75656e+09,0.0732968,-0.0222468,0.306796
1.75656e+09,0.0298363,-0.0082617,0.219444
1.75656e+09,0.00917917,-0.0154218,0.191748
1.75656e+09,0.0262709,0.00273828,0.108657
1.75656e+09,0.0835911,-0.0508081,0.0490022
1.75656e+09,0.15142,-0.0934558,0.0372843
1.75656e+09,0.129975,-0.267248,-0.0191748
1.75656e+09,0.174231,0.0535175,-0.110787
1.75656e+09,0.112732,0.200978,-0.219444
1.75656e+09,0.0443219,0.403814,-0.226901
1.75656e+09,-0.02032,0.281863,-0.198139
1.75656e+09,0.00575348,0.171988,-0.171508
1.75656e+09,0.0147037,0.0275956,-0.22051
1.75656e+09,0.0593975,-0.0438436,-0.204531
1.75656e+09,0.0761308,-0.0625402,-0.198139
1.75656e+09,0.0511207,-0.0467068,-0.156594
1.75656e+09,-0.00170192,0.0367677,-0.178964
1.75656e+09,0.0369772,0.0421388,-0.176834
1.75656e+09,0.0439647,0.00631692,-0.155529
1.75656e+09,0.0627299,0.00445062,-0.124636
1.75656e+09,0.0575752,-0.00438528,-0.0937433
1.75656e+09,0.0579637,0.0112301,-0.0490022
1.75656e+09,0.0424524,-0.0617256,-0.0458064
1.75656e+09,0.0323323,-0.0299574,-0.0490022
1.75656e+09,0.0435811,0.00188849,-0.0245011
1.75656e+09,0.0733607,0.0341675,-0.0298274
1.75656e+09,0.0672466,0.0472828,-0.0170442
1.75656e+09,0.0351153,0.00169147,0.00532632
1.75656e+09,-0.0174544,-0.0081982,0.00532632
1.75656e+09,-0.0378272,-0.00374188,0.0181095
1.75656e+09,-0.0300551,-0.0205189,0.0266316
1.75656e+09,-0.00622919,0.0142081,0.0138484
1.75656e+09,0.0055589,0.0315341,0.0330232
1.75656e+09,0.0498035,0.0319885,0.0276969
1.75656e+09,0.0810149,0.0300739,0.036219
1.75656e+09,0.0750977,0.0488703,0.036219
1.75656e+09,0.0646603,0.0432536,0.0458064
1.75656e+09,0.0574519,0.0338452,0.0649811
1.75656e+09,0.0528233,0.050962,0.0671116
1.75656e+09,0.0649564,0.0486699,0.0873517
1.75656e+09,0.0615569,0.0746367,0.096939
1.75656e+09,0.0729723,0.0858219,0.110787
1.75656e+09,0.0662613,0.0889562,0.0884169
1.75656e+09,0.0708808,0.0757807,0.0852211
1.75656e+09,0.0701201,0.0854671,0.106526
1.75656e+09,0.0519866,0.0784889,0.112918
1.75656e+09,0.0392875,0.104546,0.143811
1.75656e+09,0.0272229,0.12005,0.135289
1.75656e+09,0.0602507,0.10406,0.138484
1.75656e+09,0.0342476,0.0979548,0.132093
1.75656e+09,0.044468,0.089383,0.144876
1.75656e+09,0.050412,0.0664586,0.140615
1.75656e+09,0.0157525,0.0718749,0.132093
1.75656e+09,-0.0166879,0.0803942,0.148072
1.75656e+09,-0.0132993,0.0865446,0.166181
1.75656e+09,0.0199459,0.0837535,0.144876
1.75656e+09,0.0363589,0.0683354,0.160855
1.75656e+09,0.0344699,0.0761403,0.151268
1.75656e+09,0.0105643,0.0531033,0.170442
1.75656e+09,-0.000795172,0.0574666,0.14168
1.75656e+09,0.0154045,0.0591021,0.126766
1.75656e+09,0.032468,0.0518869,0.096939
1.75656e+09,0.038068,0.0542074,0.110787
1.75656e+09,0.00885341,0.0544647,0.0905475
1.75656e+09,0.0222094,0.0465611,0.076699
1.75656e+09,0.0354711,0.0454074,0.092678
1.75656e+09,0.0313158,0.0495978,0.0756338
1.75656e+09,0.0180096,0.0465348,0.0692422
1.75656e+09,0.0202075,0.0479788,0.0543285
1.75656e+09,0.0220226,0.029979,0.056459
1.75656e+09,0.00413879,0.0683057,0.0681769
1.75656e+09,0.0179594,0.0721954,0.056459
1.75656e+09,0.0391812,0.0869486,0.0575243
1.75656e+09,0.0343961,0.0449151,0.0532632
1.75656e+09,0.018843,0.0566292,0.0490022
1.75656e+09,0.00804877,0.0389618,0.04048
1.75656e+09,0.00138725,0.0074713,0.0447411
1.75656e+09,0.000243201,0.00129962,0.0394148
1.75656e+09,9.56199e-06,3.8516e-05,0.036219
1.75656e+09,2.58916e-06,3.2009e-07,0.036219
1.75656e+09,2.42952e-06,-6.8014e-07,0.0340885
1.75656e+09,2.44112e-06,-8.81389e-07,0.0340885
1.75656e+09,2.45854e-06,-8.36984e-07,0.0330232
1.75656e+09,2.4746e-06,-8.93939e-07,0.0223706
1.75656e+09,2.47659e-06,-8.87303e-07,0.0149137
1.75656e+09,2.46269e-06,-9.28336e-07,0.0298274
1.75656e+09,2.45216e-06,-8.44069e-07,0.0191748
1.75656e+09,2.41774e-06,-9.26181e-07,0.015979
1.75656e+09,2.41767e-06,-9.34804e-07,0.00532632
1.75656e+09,2.42187e-06,-9.51983e-07,0.0138484
1.75656e+09,2.37705e-06,-9.48374e-07,0.02024
1.75656e+09,2.32412e-06,-1.0158e-06,0.00213053
1.75656e+09,2.29814e-06,-9.82564e-07,0.0149137
1.75656e+09,2.23164e-06,-1.05029e-06,0.0138484
1.75656e+09,2.20238e-06,-1.02146e-06,0.0106526
1.75656e+09,2.13833e-06,-9.65078e-07,0.0234358
1.75656e+09,2.08453e-06,-1.0068e-06,0.0181095
1.75656e+09,2.00334e-06,-1.0048e-06,0.02024
1.75656e+09,1.95909e-06,-9.86479e-07,0.0298274
1.75656e+09,1.86377e-06,-1.01809e-06,0.0287621
1.75656e+09,1.79965e-06,-9.81778e-07,0.0340885
1.75656e+09,1.76779e-06,-9.41455e-07,0.0436758
1.75656e+09,1.65675e-06,-9.32655e-07,0.0287621
1.75656e+09,1.554e-06,-8.99656e-07,0.0383495
1.75656e+09,1.49467e-06,-9.04604e-07,0.0436758
1.75656e+09,1.38789e-06,-8.84419e-07,0.0319579
1.75656e+09,1.32414e-06,-8.3452e-07,0.0372843
1.75656e+09,1.2884e-06,-8.30355e-07,0.0330232
1.75656e+09,1.18999e-06,-7.84307e-07,0.0308927
1.75656e+09,1.08333e-06,-7.55065e-07,0.0181095
1.75656e+09,1.05278e-06,-7.36999e-07,0.0213053
1.75656e+09,9.78402e-07,-7.18883e-07,0.0223706
1.75656e+09,9.29615e-07,-6.79772e-07,0.00958738
1.75656e+09,9.23077e-07,-6.7283e-07,0.00532632
1.75656e+09,8.73513e-07,-6.45571e-07,-0.00639159
1.75656e+09,8.0402e-07,-6.09807e-07,-0.00958738
1.75656e+09,7.86684e-07,-6.17912e-07,-0.00532632
1.75656e+09,7.5941e-07,-5.95773e-07,-0.00319579
1.75656e+09,7.19702e-07,-5.85684e-07,-0.015979
1.75656e+09,7.05747e-07,-5.7827e-07,-0.0138484
1.75656e+09,6.90755e-07,-5.56701e-07,-0.0117179
1.75656e+09,6.58094e-07,-5.36968e-07,-0.0213053
1.75656e+09,6.00787e-07,-5.34181e-07,-0.0181095
1.75656e+09,6.20206e-07,-5.18896e-07,-0.0106526
1.75656e+09,5.80862e-07,-5.0774e-07,-0.0191748
1.75656e+09,5.55561e-07,-4.94784e-07,-0.0234358
1.75656e+09,5.55479e-07,-4.82445e-07,-0.0170442
1.75656e+09,5.44554e-07,-4.66658e-07,-0.00745685
1.75656e+09,5.15886e-07,-4.54128e-07,-0.0170442
1.75656e+09,4.67229e-07,-4.4447e-07,-0.00213053
1.75656e+09,4.72151e-07,-4.22569e-07,-0.00639159
1.75656e+09,4.48413e-07,-4.22342e-07,-0.00852211
1.75656e+09,4.4874e-07,-4.02678e-07,-0.0117179
1.75656e+09,4.06548e-07,-3.82764e-07,-0.0138484
1.75656e+09,4.01349e-07,-3.7876e-07,-0.00639159
1.75656e+09,3.73802e-07,-3.52891e-07,-0.0117179
1.75656e+09,3.56235e-07,-3.44123e-07,-0.00426106
1.75656e+09,3.4475e-07,-3.38319e-07,0.00106526
1.75656e+09,3.43847e-07,-3.16091e-07,-0.00426106
1.75656e+09,3.12702e-07,-2.99514e-07,-0.00958738
1.75656e+09,3.15531e-07,-2.9487e-07,-0.0234358
1.75656e+09,3.01829e-07,-2.78077e-07,-0.0149137
1.75656e+09,2.85066e-07,-2.67127e-07,-0.00852211
1.75656e+09,2.78238e-07,-2.58388e-07,-0.0149137
1.75656e+09,2.66069e-07,-2.42682e-07,-0.0266316
1.75656e+09,2.47569e-07,-2.29521e-07,-0.0213053
1.75656e+09,2.36522e-07,-2.14381e-07,-0.0106526
1.75656e+09,2.05167e-07,-2.16046e-07,-0.0181095
1.75656e+09,1.9002e-07,-1.90015e-07,-0.015979
1.75656e+09,2.01565e-07,-1.89628e-07,-0.00426106
1.75656e+09,1.9365e-07,-1.75909e-07,-0.0106526
1.75656e+09,1.64777e-07,-1.6025e-07,-0.00852211
1.75656e+09,1.59497e-07,-1.60082e-07,0.00213053
1.75656e+09,1.63632e-07,-1.47141e-07,0.00213053
1.75656e+09,1.21208e-07,-1.30759e-07,0.00426106
1.75656e+09,1.24975e-07,-1.24124e-07,0.0138484
1.75656e+09,1.26742e-07,-1.13412e-07,0.0106526
1.75656e+09,1.05675e-07,-9.83134e-08,0.0149137
1.75656e+09,7.47958e-08,-8.45438e-08,0.0106526
1.75656e+09,7.9038e-08,-6.98545e-08,0.00852211
1.75656e+09,6.46908e-08,-5.46507e-08,0.00213053
1.75656e+09,2.91846e-08,-3.86694e-08,0
1.75656e+09,1.33413e-08,-6.91693e-09,0.00106526
1.75656e+09,-5.44871e-09,4.91724e-09,0.00745685
1.75656e+09,-1.31849e-08,4.75534e-09,-0.00106526
1.75656e+09,-4.6754e-08,2.29662e-08,-0.0106526
1.75656e+09,-5.48532e-08,4.63108e-08,-0.00213053
1.75656e+09,-8.226e-08,5.40142e-08,-0.00532632
1.75656e+09,-9.05724e-08,5.70619e-08,-0.00213053
1.75656e+09,-1.1321e-07,8.28488e-08,-0.00639159
1.75656e+09,-1.33828e-07,9.08449e-08,-0.00745685
1.75656e+09,-1.51389e-07,1.1275e-07,-0.00319579
1.75656e+09,-1.57017e-07,1.27111e-07,-0.00958738
1.75656e+09,-1.91022e-07,1.56078e-07,-0.00426106
1.75656e+09,-2.09914e-07,1.58955e-07,-0.00639159
1.75656e+09,-2.22207e-07,1.55934e-07,-0.00426106
1.75656e+09,-2.27333e-07,1.69895e-07,0.00532632
1.75656e+09,-2.28974e-07,1.73529e-07,0.00958738
1.75656e+09,-2.38305e-07,1.80464e-07,0
1.75656e+09,-2.48987e-07,1.8888e-07,0.00319579
1.75656e+09,-2.5003e-07,1.91565e-07,0.00532632
1.75656e+09,-2.5003e-07,1.91565e-07,0.00532632
1.75656e+09,-2.60348e-07,1.97111e-07,0.0149137
1.75656e+09,-2.58568e-07,2.01377e-07,0.0181095
1.75656e+09,-2.74274e-07,2.08839e-07,0.0351537
1.75656e+09,-2.67525e-07,2.01325e-07,0.0255663
1.75656e+09,-2.66309e-07,2.09843e-07,0.0266316
1.75656e+09,-2.87841e-07,2.12874e-07,0.0223706
1.75656e+09,-2.63175e-07,2.15882e-07,0.0447411
1.75656e+09,-2.60032e-07,2.15527e-07,0.0266316
1.75656e+09,-3.09388e-07,2.26257e-07,0.036219
1.75656e+09,-2.81599e-07,2.28964e-07,0.02024
1.75656e+09,-3.0895e-07,2.35203e-07,0.0181095
1.75656e+09,-3.0895e-07,2.35203e-07,0.0181095
1.75656e+09,-3.0895e-07,2.35203e-07,0.0181095
1.75656e+09,-3.0895e-07,2.35203e-07,0.0181095
1.75656e+09,-3.0895e-07,2.35203e-07,0.0181095
1.75656e+09,-2.94637e-07,2.3116e-07,-0.00106526
1.75656e+09,-2.95371e-07,2.41073e-07,-0.00426106
1.75656e+09,-3.05194e-07,2.31211e-07,-0.0106526
1.75656e+09,-3.10053e-07,2.33807e-07,-0.0117179
1.75656e+09,-2.81042e-07,2.21688e-07,-0.00852211
1.75656e+09,-2.89781e-07,2.24452e-07,-0.0117179
1.75656e+09,-2.76102e-07,2.18975e-07,-0.00852211
1.75656e+09,-2.75352e-07,2.00666e-07,-0.0149137
1.75656e+09,-2.62189e-07,1.99398e-07,-0.0106526
1.75656e+09,-2.50363e-07,1.85133e-07,-0.00745685
1.75656e+09,-2.30095e-07,1.80377e-07,-0.00426106
1.75656e+09,-2.20308e-07,1.77754e-07,-0.00639159
1.75656e+09,-2.09057e-07,1.6733e-07,-0.00319579
1.75656e+09,-2.17535e-07,1.55182e-07,-0.00319579
1.75656e+09,-2.19945e-07,1.48342e-07,-0.00639159
1.75656e+09,-1.9654e-07,1.427e-07,-0.00106526
1.75656e+09,-1.64628e-07,1.38026e-07,0.00852211
1.75656e+09,-1.96187e-07,1.40538e-07,-0.00639159
1.75656e+09,-1.65065e-07,1.29998e-07,0.0127832
1.75656e+09,-1.57605e-07,1.23265e-07,0.00106526
1.75656e+09,-1.6022e-07,1.19646e-07,0.00319579
1.75656e+09,-1.5998e-07,1.20983e-07,-0.00106526
1.75656e+09,-1.54928e-07,1.15618e-07,-0.0106526
1.75656e+09,-1.44758e-07,1.09721e-07,-0.00958738
1.75656e+09,-1.38053e-07,1.10924e-07,-0.00958738
1.75656e+09,-1.54432e-07,1.09332e-07,-0.0149137
1.75656e+09,-1.35664e-07,9.90519e-08,-0.0234358
1.75656e+09,-1.26228e-07,9.80647e-08,-0.0330232
1.75656e+09,-1.32802e-07,9.41659e-08,-0.0223706
1.75656e+09,-1.28404e-07,9.57612e-08,-0.0213053
1.75656e+09,-1.00981e-07,8.33752e-08,-0.0213053
1.75656e+09,-1.24479e-07,8.25811e-08,-0.0234358
1.75656e+09,-1.21808e-07,7.23728e-08,-0.0234358
1.75656e+09,-1.09556e-07,7.05039e-08,-0.0149137
1.75656e+09,-9.09493e-08,6.43212e-08,-0.0181095
1.75656e+09,-9.34992e-08,6.14731e-08,-0.015979
1.75656e+09,-9.34992e-08,6.14731e-08,-0.015979
1.75656e+09,-6.67019e-08,5.28332e-08,-0.00958738
1.75656e+09,-5.99631e-08,5.02762e-08,-0.00958738
1.75656e+09,-5.63684e-08,4.77894e-08,-0.00958738
1.75656e+09,-6.93647e-08,4.3895e-08,0.00319579
1.75656e+09,-7.37812e-08,3.93476e-08,0.0127832
1.75656e+09,-6.51283e-08,3.63337e-08,0.0138484
1.75656e+09,-5.76928e-08,4.03802e-08,0.00958738
1.75656e+09,-5.84871e-08,3.19385e-08,0.0138484
1.75656e+09,-5.28168e-08,3.84509e-08,0.0117179
1.75656e+09,-4.57313e-08,2.65832e-08,0.00958738
1.75656e+09,-5.22081e-08,2.61427e-08,0.0149137
1.75656e+09,-4.43038e-08,2.70779e-08,0.0106526
1.75656e+09,-5.19588e-08,2.28677e-08,0.00532632
1.75656e+09,-4.71881e-08,2.94217e-08,-0.00319579
1.75656e+09,-5.92586e-08,4.10243e-08,-0.0127832
1.75656e+09,-5.47774e-08,4.01796e-08,-0.0191748
1.75656e+09,-5.92766e-08,4.05531e-08,-0.00745685
1.75656e+09,-9.65225e-08,4.36479e-08,-0.0213053
1.75656e+09,-6.44954e-08,4.21631e-08,-0.0117179
1.75656e+09,-6.51214e-08,3.52473e-08,-0.0170442
1.75656e+09,-6.77597e-08,4.22418e-08,-0.0149137
1.75656e+09,-5.6019e-08,3.34828e-08,-0.0149137
1.75656e+09,-6.67059e-08,4.07969e-08,-0.0181095
1.75656e+09,-7.92939e-08,3.43686e-08,-0.0255663
1.75656e+09,-6.03347e-08,3.73659e-08,-0.00958738
1.75656e+09,-6.59331e-08,2.97527e-08,-0.0117179
1.75656e+09,-5.628e-08,3.25861e-08,-0.0181095
1.75656e+09,-4.90343e-08,2.49224e-08,-0.00639159
1.75656e+09,-6.01735e-08,2.93684e-08,-0.00213053
1.75656e+09,-3.93951e-08,2.29574e-08,0.00532632
1.75656e+09,-5.15725e-08,2.36033e-08,0.00745685
1.75656e+09,-5.43103e-08,2.40666e-08,0.0117179
1.75656e+09,-4.81139e-08,2.51881e-08,0.00639159
1.75656e+09,-3.85498e-08,2.07109e-08,0.0106526
1.75656e+09,-3.4855e-08,2.86999e-08,0.0117179
1.75656e+09,-5.25005e-08,2.20369e-08,0.0106526
1.75656e+09,-3.87375e-08,2.13658e-08,0.00319579
1.75656e+09,-4.90518e-08,2.00146e-08,0.00958738
1.75656e+09,-3.75838e-08,2.74164e-08,0.00639159
1.75656e+09,-3.75838e-08,2.74164e-08,0.00639159
1.75656e+09,-7.53317e-08,1.95478e-08,-0.00958738
1.75656e+09,-5.25894e-08,2.05664e-08,-0.00319579
1.75656e+09,-1.03652e-07,2.25219e-08,-0.0213053
1.75656e+09,-3.82007e-08,2.75286e-08,-0.0138484
1.75656e+09,-4.59575e-08,2.47502e-08,-0.0191748
1.75656e+09,-3.98922e-08,3.06901e-08,-0.02024
1.75656e+09,-5.14106e-08,2.79876e-08,-0.0170442
1.75656e+09,-5.08212e-08,2.85127e-08,-0.015979
1.75656e+09,-4.75045e-08,2.54934e-08,-0.0127832
1.75656e+09,-3.04268e-08,1.73472e-08,-0.0170442
1.75656e+09,-3.40858e-08,1.21587e-08,-0.00319579
1.75656e+09,-3.8662e-08,1.63822e-08,-0.0138484
1.75656e+09,-3.75295e-08,9.96265e-09,-0.00426106
1.75656e+09,-2.65633e-08,6.76291e-09,-0.00745685
1.75656e+09,-3.29614e-08,8.67288e-09,-0.00106526
1.75656e+09,-1.92869e-08,1.10009e-08,0.00852211
1.75656e+09,-1.68552e-08,2.26641e-09,-0.00426106
1.75656e+09,-1.71099e-08,-4.00528e-10,0.00852211
1.75656e+09,-1.32365e-08,4.69884e-09,0.00532632
1.75656e+09,-2.25358e-08,9.8366e-10,0.0117179
1.75656e+09,-1.27477e-08,1.68434e-09,0.02024
1.75656e+09,-9.38372e-09,7.80635e-09,-0.00426106
1.75656e+09,-2.00059e-08,7.95793e-09,0.0181095
1.75656e+09,-9.5173e-09,4.4215e-09,0.0106526
1.75656e+09,-2.59742e-08,8.49828e-09,0.00319579
1.75656e+09,-2.51524e-08,9.54144e-09,0.00106526
1.75656e+09,-3.15628e-08,4.39934e-09,-0.00639159
1.75656e+09,-2.12672e-08,1.63862e-08,-0.00532632
1.75656e+09,-1.83678e-08,6.64175e-09,-0.0117179
1.75656e+09,-2.14536e-08,1.34466e-08,-0.0213053
1.75656e+09,-2.03642e-08,9.26754e-09,-0.0149137
1.75656e+09,-1.6436e-08,9.46346e-09,-0.00958738
1.75656e+09,-4.55833e-08,2.8596e-09,-0.02024
1.75656e+09,-1.43403e-08,4.08918e-09,-0.0170442
1.75656e+09,-4.66561e-09,2.96066e-09,-0.0245011
1.75656e+09,-1.78323e-08,-1.20982e-09,-0.00319579
1.75656e+09,-1.38808e-08,-6.90941e-09,-0.0223706
1.75656e+09,-1.78953e-08,-5.17568e-09,-0.0117179
1.75656e+09,2.25659e-09,-5.40481e-09,-0.00106526
1.75656e+09,-1.64609e-09,-1.29327e-08,0.00426106
1.75656e+09,-2.90768e-09,-8.91292e-09,-0.00213053
1.75656e+09,7.69385e-09,-1.44131e-08,0.00426106
1.75656e+09,1.25443e-09,-1.78229e-08,0.00213053
1.75656e+09,1.06392e-08,-1.0548e-08,0.00639159
1.75656e+09,1.08477e-08,-1.65992e-08,0.0138484
1.75656e+09,1.24728e-08,-2.19232e-08,0.0213053
1.75656e+09,1.24126e-08,-1.81565e-08,-0.00213053
1.75656e+09,1.26694e-08,-1.82666e-08,0.00958738
1.75656e+09,1.81393e-08,-1.33877e-08,0.00745685
1.75656e+09,1.46994e-08,-1.99766e-08,0.00319579
1.75656e+09,1.96965e-08,-1.46265e-08,0.00426106
1.75656e+09,1.44326e-08,-2.09242e-08,-0.00213053
1.75656e+09,9.14041e-09,-1.25515e-08,0
1.75656e+09,8.26327e-09,-7.16391e-09,-0.00319579
1.75656e+09,8.12619e-09,-8.57225e-09,-0.0117179
1.75656e+09,8.12652e-09,-9.75859e-09,-0.0223706
1.75656e+09,4.01837e-09,-1.55599e-08,-0.0245011
1.75656e+09,-8.63787e-10,-1.66255e-08,-0.015979
1.75656e+09,1.27422e-08,-1.34117e-08,-0.015979
1.75656e+09,1.23608e-09,-1.44693e-08,-0.02024
1.75656e+09,8.34689e-09,-1.08555e-08,-0.0245011
1.75656e+09,-1.9615e-11,-1.23576e-08,-0.0149137
1.75656e+09,1.19913e-08,-9.94262e-09,-0.02024
1.75656e+09,6.52923e-09,-2.3537e-08,-0.00639159
1.75656e+09,1.49051e-08,-2.21673e-08,-0.00852211
1.75656e+09,1.24008e-08,-2.59017e-08,-0.00745685
1.75656e+09,1.89774e-08,-1.47198e-08,-0.00106526
1.75656e+09,1.68201e-08,-2.08971e-08,0.00319579
1.75656e+09,2.02094e-08,-2.37849e-08,0.00319579
1.75656e+09,1.21114e-08,-2.50194e-08,0.00106526
1.75656e+09,1.94415e-08,-2.90594e-08,0.0106526
1.75656e+09,2.12746e-08,-1.81133e-08,0.00639159
1.75656e+09,1.57504e-08,-1.98813e-08,0.00532632
1.75656e+09,2.97146e-08,-2.48259e-08,0.00532632
1.75656e+09,2.91821e-08,-2.28546e-08,0.00852211
1.75656e+09,1.77272e-08,-1.73369e-08,0.00745685
1.75656e+09,1.41078e-08,-2.27515e-08,0.00639159
1.75656e+09,2.02537e-08,-2.1714e-08,-0.00532632
1.75656e+09,1.90763e-08,-1.24118e-08,0.00213053
1.75656e+09,1.68138e-08,-1.58148e-08,-0.00958738
1.75656e+09,2.05371e-08,-1.33825e-08,-0.00106526
1.75656e+09,8.78645e-09,-1.24974e-08,-0.0181095
1.75656e+09,7.21698e-09,-1.52335e-08,-0.0181095
1.75656e+09,1.13981e-08,-1.48337e-08,-0.0117179
1.75656e+09,5.96298e-09,-1.47148e-08,-0.0127832
1.75656e+09,3.4775e-09,-7.83729e-09,-0.02024
1.75656e+09,5.99519e-09,-1.24568e-08,-0.0330232
1.75656e+09,8.59751e-09,-1.48167e-08,-0.0191748
1.75656e+09,-4.36869e-09,-1.14667e-08,-0.0340885
1.75656e+09,6.15437e-09,-1.64219e-08,-0.0138484
1.75656e+09,6.19176e-09,-1.20464e-08,-0.0138484
1.75656e+09,1.35693e-08,-1.81941e-08,-0.00958738
1.75656e+09,5.47301e-09,-1.39312e-08,-0.0138484
1.75656e+09,1.50173e-08,-1.6773e-08,-0.00213053
1.75656e+09,1.25571e-08,-1.71418e-08,-0.00319579
1.75656e+09,1.71808e-08,-1.96551e-08,-0.00426106
1.75656e+09,2.25113e-08,-2.04856e-08,0.00639159
1.75656e+09,2.317e-08,-2.2665e-08,0.00639159
1.75656e+09,1.06204e-08,-1.84587e-08,0.0213053
1.75656e+09,1.968e-08,-1.9831e-08,0.02024
1.75656e+09,1.54311e-08,-1.84504e-08,0.00532632
1.75656e+09,2.08929e-08,-1.55721e-08,0.00852211
1.75656e+09,2.86694e-08,-2.0861e-08,0.0106526
1.75656e+09,1.72032e-08,-1.3939e-08,0.0170442
1.75656e+09,1.17515e-08,-1.77102e-08,0.0149137
1.75656e+09,6.79749e-09,-1.51815e-08,0.00106526
1.75656e+09,3.93518e-09,-1.24692e-08,0.00106526
1.75656e+09,1.64222e-08,-1.50437e-08,-0.00106526
1.75656e+09,1.10502e-08,-1.6097e-08,-0.00532632
1.75656e+09,9.1569e-09,-8.16123e-09,0.00852211
1.75656e+09,7.47641e-09,-3.43978e-09,-0.0181095
1.75656e+09,4.94257e-10,-1.26542e-08,-0.00852211
1.75656e+09,5.40738e-10,-1.15321e-08,-0.00319579
1.75656e+09,7.89415e-09,-1.29726e-08,-0.0223706
1.75656e+09,1.4106e-08,-6.25694e-09,-0.015979
1.75656e+09,1.0933e-09,-4.61394e-09,-0.0170442
1.75656e+09,9.50087e-09,-1.40824e-08,-0.0181095
1.75656e+09,-1.6987e-10,-2.07803e-08,-0.00745685
1.75656e+09,1.19479e-08,-1.98591e-08,-0.00319579
1.75656e+09,4.30191e-09,-1.80623e-08,0.00319579
1.75656e+09,1.75136e-08,-1.40506e-08,0
1.75656e+09,1.45316e-08,-1.98849e-08,0.00213053
1.75656e+09,1.53326e-08,-1.38366e-08,0.00426106
1.75656e+09,1.88858e-08,-2.62863e-08,0.015979
1.75656e+09,2.06409e-08,-2.30198e-08,0.00639159
1.75656e+09,2.63843e-08,-2.65062e-08,0.0106526
1.75656e+09,2.68318e-08,-2.15391e-08,0.00426106
1.75656e+09,1.98692e-08,-1.34919e-08,0.00532632
1.75656e+09,1.72689e-08,-1.98258e-08,0.0106526
1.75656e+09,1.86306e-08,-1.80743e-08,0.00639159
1.75656e+09,2.30744e-08,-2.76206e-08,0
1.75656e+09,1.95215e-08,-1.88498e-08,-0.00426106
1.75656e+09,1.73773e-08,-1.54444e-08,-0.00958738
1.75656e+09,1.59339e-08,-2.43912e-08,-0.0106526
1.75656e+09,8.90252e-09,-1.3574e-08,-0.0138484
1.75656e+09,8.34914e-09,-1.51637e-08,-0.015979
1.75656e+09,1.23409e-08,-1.88293e-08,-0.0106526
1.75656e+09,6.78197e-09,-1.75491e-08,-0.0245011
1.75656e+09,1.43367e-08,-1.7763e-08,-0.0170442
1.75656e+09,1.67802e-08,-2.14631e-08,-0.00958738
1.75656e+09,8.99013e-09,-1.73005e-08,-0.0223706
1.75656e+09,2.14972e-08,-2.06349e-08,-0.0117179
1.75656e+09,1.62107e-08,-2.18761e-08,-0.0149137
1.75656e+09,2.08394e-08,-2.606e-08,-0.0170442
1.75656e+09,2.90277e-08,-2.75984e-08,-0.00532632
1.75656e+09,2.76296e-08,-2.79425e-08,-0.00639159
1.75656e+09,2.76296e-08,-2.79425e-08,-0.00639159
1.75656e+09,2.47961e-08,-3.00611e-08,-0.00852211
1.75656e+09,2.42788e-08,-2.17765e-08,0.00106526
1.75656e+09,2.74581e-08,-3.43547e-08,0.0191748
1.75656e+09,3.68654e-08,-2.55889e-08,0.0106526
1.75656e+09,3.65231e-08,-3.50939e-08,0.0191748
1.75656e+09,3.1032e-08,-2.35736e-08,0.02024
1.75656e+09,2.2963e-08,-2.06326e-08,0.0181095
1.75656e+09,3.09697e-08,-2.15757e-08,0.0138484
1.75656e+09,2.90473e-08,-1.78777e-08,0.00958738
1.75656e+09,2.69362e-08,-2.26883e-08,0.00213053
1.75656e+09,2.26963e-08,-1.38107e-08,0.00532632
1.75656e+09,2.05737e-08,-2.50969e-08,-0.00213053
1.75656e+09,1.98774e-08,-1.85003e-08,-0.00745685
1.75656e+09,1.40466e-08,-2.02637e-08,-0.0149137
1.75656e+09,1.71683e-08,-2.06521e-08,-0.00319579
1.75656e+09,2.16233e-08,-1.65303e-08,-0.0117179
1.75656e+09,1.2906e-08,-1.89312e-08,-0.0181095
1.75656e+09,9.26986e-09,-1.10516e-08,-0.0117179
1.75656e+09,1.62268e-08,-2.18511e-08,-0.0266316
1.75656e+09,1.28545e-08,-1.59734e-08,-0.0287621
1.75656e+09,8.21752e-09,-1.60321e-08,-0.0245011
1.75656e+09,2.35943e-08,-2.03039e-08,-0.02024
1.75656e+09,1.88905e-08,-2.00933e-08,-0.0117179
1.75656e+09,1.34562e-08,-3.32983e-08,-0.0117179
1.75656e+09,2.49814e-08,-2.89816e-08,-0.00319579
1.75656e+09,2.04198e-08,-2.68791e-08,-0.00639159
1.75656e+09,2.31516e-08,-2.31596e-08,-0.00106526
1.75656e+09,2.47998e-08,-1.95374e-08,0.00745685
1.75656e+09,3.12281e-08,-1.56812e-08,0.00106526
1.75656e+09,2.6853e-08,-2.73411e-08,0.00958738
1.75656e+09,1.85454e-08,-2.75153e-08,0.0106526
1.75656e+09,2.08618e-08,-2.23626e-08,0.00532632
1.75656e+09,3.09068e-08,-2.53969e-08,0.0170442
1.75656e+09,2.41019e-08,-1.99401e-08,0.0138484
1.75656e+09,2.70577e-08,-1.55795e-08,0.0127832
1.75656e+09,2.29319e-08,-2.04721e-08,0.02024
1.75656e+09,1.36985e-08,-1.90503e-08,0.00852211
1.75656e+09,2.43717e-08,-2.07259e-08,0.00106526
1.75656e+09,1.25168e-08,-1.49925e-08,-0.00532632
1.75656e+09,1.59515e-08,-1.03799e-08,0.00852211
1.75656e+09,1.24586e-08,-1.0529e-08,0
1.75656e+09,9.6047e-09,-1.61862e-08,-0.00958738
1.75656e+09,5.11432e-09,-1.51853e-08,-0.0191748
1.75656e+09,1.00502e-08,-7.72754e-09,-0.00958738
1.75656e+09,1.8676e-08,-1.67541e-08,-0.0138484
1.75656e+09,1.55628e-08,-9.96759e-09,-0.0213053
1.75656e+09,4.58788e-09,-1.06899e-08,-0.0181095
1.75656e+09,8.32159e-09,-8.48407e-09,-0.0127832
1.75656e+09,1.06171e-08,-1.36697e-08,-0.0127832
1.75656e+09,9.29084e-09,-2.48347e-08,-0.0106526
1.75656e+09,2.21212e-08,-1.94174e-08,-0.00426106
1.75656e+09,1.2891e-08,-2.44606e-08,-0.0106526
1.75656e+09,2.44141e-08,-2.02407e-08,-0.00106526
1.75656e+09,1.23548e-08,-1.71407e-08,0.00213053
1.75656e+09,1.76098e-08,-2.16329e-08,0.00106526
1.75656e+09,2.77513e-08,-2.15458e-08,0.0149137
1.75656e+09,3.22197e-08,-2.69389e-08,0.00532632
1.75656e+09,2.82604e-08,-2.41329e-08,0.0117179
1.75656e+09,2.39431e-08,-2.05486e-08,0.0149137
1.75656e+09,2.70929e-08,-1.59423e-08,0.0117179
1.75656e+09,2.59872e-08,-1.37222e-08,0.00532632
1.75656e+09,2.62682e-08,-9.77083e-09,0.0117179
1.75656e+09,2.46639e-08,-8.4634e-09,-0.00426106
1.75656e+09,1.25315e-08,-2.22471e-08,0.00958738
1.75656e+09,1.25315e-08,-2.22471e-08,0.00958738
1.75656e+09,2.03303e-08,-1.10229e-08,0.00426106
1.75656e+09,1.72234e-08,-9.04839e-09,-0.00106526
1.75656e+09,1.34223e-08,-8.95514e-09,-0.00745685
1.75656e+09,9.4515e-09,-1.2261e-08,-0.00639159
1.75656e+09,1.0759e-08,-1.1352e-08,-0.0181095
1.75656e+09,1.36419e-08,-8.92327e-09,-0.015979
1.75656e+09,9.48053e-09,-9.52928e-09,-0.0127832
1.75656e+09,9.96771e-09,-1.64745e-08,-0.0213053
1.75656e+09,9.2505e-09,-3.28568e-09,-0.0117179
1.75656e+09,9.76791e-09,-1.02402e-08,-0.0181095
1.75656e+09,1.08156e-08,-1.1346e-08,-0.0138484
1.75656e+09,1.99652e-09,-1.69011e-08,-0.00319579
1.75656e+09,2.39372e-09,-9.58075e-09,-0.0106526
1.75656e+09,1.05275e-08,-1.21539e-08,-0.02024
1.75656e+09,1.36022e-08,-9.17067e-09,-0.00213053
1.75656e+09,2.23457e-08,-8.60185e-09,0
1.75656e+09,1.35407e-08,-1.01541e-08,0
1.75656e+09,1.59019e-08,-1.30878e-08,0.00532632
1.75656e+09,7.80039e-09,-7.7952e-09,0.0106526
1.75656e+09,1.20056e-08,-1.75648e-08,0.0127832
1.75656e+09,6.08735e-09,-1.01008e-08,0.00745685
1.75656e+09,1.36622e-08,-5.77168e-09,0.0127832
1.75656e+09,1.10854e-08,-1.58669e-09,0.0149137
1.75656e+09,1.01579e-08,-1.03835e-08,0.015979
1.75656e+09,7.26694e-09,-7.55856e-09,0.00639159
1.75656e+09,1.02138e-08,-8.91959e-09,0.0117179
1.75656e+09,9.12658e-09,-5.5772e-09,0.00426106
1.75656e+09,-5.71572e-09,-3.09242e-09,-0.00213053
1.75656e+09,5.73743e-09,1.06833e-09,-0.00639159
1.75656e+09,4.28268e-09,-5.96075e-09,-0.0106526
1.75656e+09,6.55579e-09,-4.15901e-09,-0.00852211
1.75656e+09,4.76423e-09,-4.07804e-09,-0.0106526
1.75656e+09,-1.85317e-09,-4.3292e-09,-0.0127832
1.75656e+09,-4.51353e-09,-5.07585e-09,-0.0234358
1.75656e+09,-9.11976e-09,1.29045e-09,-0.0138484
1.75656e+09,-2.68946e-09,-4.55674e-09,-0.0138484
1.75656e+09,2.55103e-08,-9.90299e-09,-0.02024
1.75656e+09,4.43625e-08,-2.14409e-08,-0.0149137
1.75656e+09,3.24073e-08,1.11202e-09,-0.0149137
1.75656e+09,-1.39438e-08,1.28883e-08,-0.00532632
1.75656e+09,-1.54584e-08,1.55818e-08,-0.00319579
1.75656e+09,-2.80827e-08,2.73505e-08,-0.0117179
1.75656e+09,-6.25104e-08,3.28988e-08,0.00852211
1.75656e+09,-8.12971e-08,2.62232e-08,0.0127832
1.75656e+09,-5.82708e-08,1.82799e-08,0.015979
1.75656e+09,-3.38e-08,1.79312e-08,0.0127832
1.75656e+09,-3.86816e-08,1.94957e-08,0.0213053
1.75656e+09,-3.70999e-08,1.69436e-08,0.0181095
1.75656e+09,-3.39577e-08,3.00682e-08,0.015979
1.75656e+09,-3.45742e-08,2.32867e-08,0.0106526
1.75656e+09,-2.91086e-08,2.37075e-08,0.0117179
1.75656e+09,-2.58267e-08,1.8677e-08,0.00852211
1.75656e+09,-9.45466e-09,1.53842e-08,0.0106526
1.75656e+09,-2.62697e-08,1.27346e-08,0.0170442
1.75656e+09,1.88281e-07,2.34298e-08,0.00213053
1.75656e+09,4.51378e-07,5.47555e-09,-0.00958738
1.75656e+09,3.28503e-07,3.2369e-08,-0.00852211
1.75656e+09,0.00858825,0.0115926,-0.0127832
1.75656e+09,0.00606609,-0.00308615,-0.00958738
1.75656e+09,0.0131961,-0.0145937,-0.00426106
1.75656e+09,0.0395567,-0.0128902,-0.00745685
1.75656e+09,0.0665805,0.0299468,-0.0106526
1.75656e+09,0.0665805,0.0299468,-0.0106526
1.75656e+09,0.0143826,0.00260643,0.00958738
1.75656e+09,0.0403672,-2.61587e-05,0.0287621
1.75656e+09,0.0466398,0.0133032,0.0308927
1.75656e+09,0.0678729,0.00643997,0.0532632
1.75656e+09,0.0790195,0.0070288,0.0511327
1.75656e+09,0.0607997,0.00870847,0.0426106
1.75656e+09,0.0546754,0.0026316,0.0543285
1.75656e+09,0.0511976,-0.00940392,0.056459
1.75656e+09,0.0475461,-0.00487406,0.0490022
1.75656e+09,0.0971647,-0.021352,0.0575243
1.75656e+09,0.101514,-0.0232296,0.0607201
1.75656e+09,0.0963284,-0.0166998,0.0660464
1.75656e+09,0.0690769,-0.0120101,0.0543285
1.75656e+09,0.0803794,-0.00865344,0.0532632
1.75656e+09,0.0852981,-0.0138145,0.0532632
1.75656e+09,0.108943,-0.00950023,0.0383495
1.75656e+09,0.128932,-0.0248647,0.0287621
1.75656e+09,0.11589,-0.0168964,0.0245011
1.75656e+09,0.107596,-0.01776,0.02024
1.75656e+09,0.101185,-0.00908781,0.0181095
1.75656e+09,0.116986,-0.0115221,0.0106526
1.75656e+09,0.131337,-0.0140105,0.00213053
1.75656e+09,0.124747,-0.0218069,-0.0138484
1.75656e+09,0.13182,-0.0193405,-0.00213053
1.75656e+09,0.118852,-0.0208425,0.00106526
1.75656e+09,0.123772,-0.0120932,0.00213053
1.75656e+09,0.127428,-0.0143948,-0.00745685
1.75656e+09,0.138811,-0.017563,-0.00639159
1.75656e+09,0.149605,-0.0248449,0.015979
1.75656e+09,0.148707,-0.0260154,0.00958738
1.75656e+09,0.143444,-0.0246541,0.0276969
1.75656e+09,0.140775,-0.0271652,0.0234358
1.75656e+09,0.150176,-0.0197235,0.0117179
1.75656e+09,0.160386,-0.0277868,0.0223706
1.75656e+09,0.180818,-0.0339212,0.036219
1.75656e+09,0.179848,-0.0334378,0.0447411
1.75656e+09,0.180435,-0.0269864,0.0458064
1.75656e+09,0.166296,-0.0231562,0.0490022
1.75656e+09,0.167552,-0.0233229,0.0511327
1.75656e+09,0.179586,-0.0325505,0.0532632
1.75656e+09,0.189909,-0.0259981,0.0468716
1.75656e+09,0.165582,-0.038957,0.0575243
1.75656e+09,0.178494,-0.0331092,0.0426106
1.75656e+09,0.174588,-0.0352526,0.0436758
1.75656e+09,0.18061,-0.024635,0.0479369
1.75656e+09,0.208831,-0.0368669,0.0308927
1.75656e+09,0.234134,-0.0426887,0.0340885
1.75656e+09,0.233899,-0.0518443,0.0223706
1.75656e+09,0.218917,-0.0501844,0.0340885
1.75656e+09,0.189441,-0.0457539,0.0234358
1.75656e+09,0.192689,-0.0483054,0.0287621
1.75656e+09,0.22604,-0.0538721,0.0223706
1.75656e+09,0.233612,-0.0639981,0.0191748
1.75656e+09,0.245209,-0.0585067,0.0170442
1.75656e+09,0.212212,-0.0505927,0.0351537
1.75656e+09,0.197249,-0.0348698,0.0276969
1.75656e+09,0.197671,-0.0406711,0.0234358
1.75656e+09,0.220654,-0.0484537,0.0351537
1.75656e+09,0.262579,-0.0635417,0.0319579
1.75656e+09,0.247342,-0.0698136,0.04048
1.75656e+09,0.228405,-0.0656571,0.0426106
1.75656e+09,0.210158,-0.0429392,0.0500674
1.75656e+09,0.219977,-0.063382,0.0383495
1.75656e+09,0.229348,-0.0750395,0.0340885
1.75656e+09,0.255683,-0.058209,0.0447411
1.75656e+09,0.256507,-0.0554142,0.0415453
1.75656e+09,0.228175,-0.0674505,0.0415453
1.75656e+09,0.228808,-0.0573336,0.0447411
1.75656e+09,0.222962,-0.0633258,0.0511327
1.75656e+09,0.247408,-0.0651944,0.0372843
1.75656e+09,0.265337,-0.0902926,0.0330232
1.75656e+09,0.269181,-0.0933035,0.0330232
1.75656e+09,0.271711,-0.0911869,0.0532632
1.75656e+09,0.231311,-0.0946156,0.0617853
1.75656e+09,0.221876,-0.0863318,0.0436758
1.75656e+09,0.241516,-0.0669663,0.0276969
1.75656e+09,0.270376,-0.0621069,0.0287621
1.75656e+09,0.268132,-0.0674713,0.0340885
1.75656e+09,0.266456,-0.0895092,0.0223706
1.75656e+09,0.2395,-0.0967379,0.0117179
1.75656e+09,0.254092,-0.0898352,0.00852211
1.75656e+09,0.239045,-0.0530834,0.0170442
1.75656e+09,0.246537,-0.0356172,0.00852211
1.75656e+09,0.236187,-0.0471596,0.0138484
1.75656e+09,0.263215,-0.0813035,-0.00958738
1.75656e+09,0.222667,-0.097398,-0.0255663
1.75656e+09,0.243704,-0.103672,-0.00319579
1.75656e+09,0.228236,-0.0979812,-0.0138484
1.75656e+09,0.26763,-0.0779994,-0.00106526
1.75656e+09,0.268464,-0.0942715,-0.0223706
1.75656e+09,0.256769,-0.0950312,-0.0127832
1.75656e+09,0.250489,-0.0938052,-0.00106526
1.75656e+09,0.246091,-0.102478,0.015979
1.75656e+09,0.235602,-0.124753,0.02024
1.75656e+09,0.230385,-0.123381,-0.00106526
1.75656e+09,0.2427,-0.127747,-0.00106526
1.75656e+09,0.251534,-0.141562,0.00958738
1.75656e+09,0.280956,-0.117927,0.0149137
1.75656e+09,0.302434,-0.137833,0.00852211
1.75656e+09,0.308103,-0.134049,-0.00106526
1.75656e+09,0.339878,-0.138284,-0.00106526
1.75656e+09,0.331112,-0.147442,-0.0117179
1.75656e+09,0.308103,-0.150389,-0.015979
1.75656e+09,0.308486,-0.129498,-0.0106526
1.75656e+09,0.324898,-0.121346,-0.0127832
1.75656e+09,0.336263,-0.151915,-0.00745685
1.75656e+09,0.393164,-0.176906,-0.00745685
1.75656e+09,0.414197,-0.179909,-0.00213053
1.75656e+09,0.390436,-0.194165,-0.0106526
1.75656e+09,0.367986,-0.141552,0.0117179
1.75656e+09,0.366805,-0.13738,0.0117179
1.75656e+09,0.378007,-0.149056,0.0127832
1.75656e+09,0.375527,-0.188999,0.00106526
1.75656e+09,0.393921,-0.185193,0.0106526
1.75656e+09,0.402872,-0.209314,0.00639159
1.75656e+09,0.414295,-0.180675,0.0276969
1.75656e+09,0.417568,-0.180585,0.02024
1.75656e+09,0.42845,-0.18846,0.0276969
1.75656e+09,0.450315,-0.216493,0.0213053
1.75656e+09,0.444838,-0.239468,0.0458064
1.75656e+09,0.431388,-0.222311,0.0351537
1.75656e+09,0.426836,-0.174322,0.036219
1.75656e+09,0.432026,-0.164816,0.0276969
1.75656e+09,0.475343,-0.157658,0.0383495
1.75656e+09,0.45295,-0.258299,0.0213053
1.75656e+09,0.45118,-0.24699,0.0191748
1.75656e+09,0.452715,-0.233443,0.0234358
1.75656e+09,0.430454,-0.220893,0.00958738
1.75656e+09,0.442588,-0.199246,0.00852211
1.75656e+09,0.485616,-0.211268,0.00639159
1.75656e+09,0.445438,-0.245816,0.00426106
1.75656e+09,0.424298,-0.215792,-0.00106526
1.75656e+09,0.470879,-0.206352,0.0191748
1.75656e+09,0.501371,-0.223467,0.0213053
1.75656e+09,0.508842,-0.226788,0.0234358
1.75656e+09,0.511215,-0.188452,-0.0234358
1.75656e+09,0.423881,-0.124068,-0.0308927
1.75656e+09,0.462724,-0.162141,0.076699
1.75656e+09,0.353138,-0.121236,0.104396
1.75656e+09,0.441909,-0.0554905,0.117179
1.75656e+09,0.448751,-0.0770673,0.076699
1.75656e+09,0.443342,-0.16624,0.132093
1.75656e+09,0.566677,-0.305242,0.233293
1.75656e+09,0.520887,-0.288065,0.298274
1.75656e+09,0.49637,-0.0978099,0.262055
1.75656e+09,0.413768,-0.199522,0.145941
1.75656e+09,0.431373,-0.20167,0.152333
1.75656e+09,0.526288,-0.216336,0.192813
1.75656e+09,0.734692,-0.254312,0.210922
1.75656e+09,0.900687,-0.25273,0.193878
1.75656e+09,0.737737,-0.231768,0.148072
1.75656e+09,0.541087,-0.216975,0.0884169
1.75656e+09,0.519631,-0.2186,0.0884169
1.75656e+09,0.462653,-0.200538,0.0628506
1.75656e+09,0.523311,-0.246056,0.056459
1.75656e+09,0.521751,-0.248717,0.0276969
1.75656e+09,0.561256,-0.206063,0.00426106
1.75656e+09,0.545453,-0.188144,-0.02024
1.75656e+09,0.552024,-0.191974,-0.0415453
1.75656e+09,0.524389,-0.179708,-0.106526
1.75656e+09,0.441667,-0.208402,-0.153398
1.75656e+09,0.423014,-0.237068,-0.165116
1.75656e+09,0.0835187,-0.0445291,-0.149137
1.75656e+09,-0.118448,0.0114845,-0.140615
1.75656e+09,-0.166206,0.00457406,-0.123571
1.75656e+09,-0.179068,0.0409906,-0.0916127
1.75656e+09,0.498294,-0.159212,-0.0692422
1.75656e+09,0.529971,-0.173518,-0.0596548
1.75656e+09,0.529808,-0.146097,-0.0394148
1.75656e+09,0.51349,-0.14,-0.0287621
1.75656e+09,0.557564,-0.187764,0.0468716
1.75656e+09,0.563193,-0.188258,0.0553937
1.75656e+09,0.567383,-0.170011,0.0628506
1.75656e+09,0.627405,-0.20072,0.0852211
1.75656e+09,0.705651,-0.231157,0.108657
1.75656e+09,0.765546,-0.189875,0.131028
1.75656e+09,0.719772,-0.219404,0.107592
1.75656e+09,0.605116,-0.198483,0.0372843
1.75656e+09,0.502661,-0.17092,-0.0298274
1.75656e+09,0.489616,-0.159024,-0.0255663
1.75656e+09,0.571944,-0.216522,0.0181095
1.75656e+09,0.61869,-0.210028,0.0543285
1.75656e+09,0.606547,-0.213317,0.072438
1.75656e+09,0.631284,-0.228732,0.0553937
1.75656e+09,0.661565,-0.205166,0.108657
1.75656e+09,0.563131,-0.160675,0.0330232
1.75656e+09,0.562374,-0.134876,0.0276969
1.75656e+09,0.582155,-0.184309,0.0255663
1.75656e+09,0.61348,-0.204882,0.0340885
1.75656e+09,0.584943,-0.212702,0.0703074
1.75656e+09,0.569822,-0.240197,0.0234358
1.75656e+09,0.584641,-0.251331,-0.0213053
1.75656e+09,0.591684,-0.206059,-0.0330232
1.75656e+09,0.554727,-0.243028,-0.0117179
1.75656e+09,0.501125,-0.243744,-0.0106526
1.75656e+09,0.419318,-0.232699,0.0181095
1.75656e+09,0.475596,-0.210766,0.0191748
1.75656e+09,0.56928,-0.187451,-0.0106526
1.75656e+09,0.639807,-0.226859,-0.0340885
1.75656e+09,0.761049,-0.21768,-0.00106526
1.75656e+09,0.764706,-0.197718,0.0266316
1.75656e+09,0.712172,-0.187443,0.04048
1.75656e+09,0.685214,-0.206642,0.0213053
1.75656e+09,0.673291,-0.237387,0.00852211
1.75656e+09,0.650856,-0.234034,0.0149137
1.75656e+09,0.697598,-0.216318,0.0351537
1.75656e+09,0.750095,-0.2419,0.0340885
1.75656e+09,0.781843,-0.239945,0.0330232
1.75656e+09,0.765264,-0.230302,0.0394148
1.75656e+09,0.764002,-0.229569,0.0394148
1.75656e+09,0.763911,-0.229518,0.0394148
1.75656e+09,0.763911,-0.229519,0.0394148
1.75656e+09,0.763914,-0.229521,0.0394148
1.75656e+09,0.720978,-0.302861,0.0756338
1.75656e+09,0.629488,-0.441316,0.096939
1.75656e+09,0.721708,-0.362907,0.158724
1.75656e+09,0.723818,-0.290803,0.0809601
1.75656e+09,0.678952,-0.558625,0.0319579
1.75656e+09,0.504333,-0.70267,0.0245011
1.75656e+09,0.336347,-0.660699,-0.172573
1.75656e+09,0.311078,-0.524311,-0.138484
1.75656e+09,0.62877,-0.199047,-0.336624
1.75656e+09,0.646523,0.0275779,-0.372843
1.75656e+09,0.935722,-0.131887,-0.265251
1.75656e+09,0.980533,-0.09078,-0.304666
1.75656e+09,0.764847,-0.0941916,-0.335558
1.75656e+09,0.837686,-0.597835,-0.324906
1.75656e+09,0.626245,-0.386497,-0.302535
1.75656e+09,0.627894,-0.218979,-0.316384
1.75656e+09,0.807002,-0.182338,-0.245011
1.75656e+09,0.807356,-0.195461,-0.206661
1.75656e+09,0.807622,-0.213192,-0.110787
1.75656e+09,0.712713,-0.286622,-0.0671116
1.75656e+09,0.782231,-0.297528,-0.0820253
1.75656e+09,0.832695,-0.32388,-0.0596548
1.75656e+09,0.838534,-0.280146,-0.0490022
1.75656e+09,0.609626,-0.280469,0.0479369
1.75656e+09,0.648581,-0.268208,0.052198
1.75656e+09,0.765059,-0.224503,0.0245011
1.75656e+09,0.816752,-0.261963,0.0511327
1.75656e+09,0.789446,-0.29322,0.096939
1.75656e+09,-0.0935519,-0.23459,0.107592
1.75656e+09,-0.184751,-0.26929,0.126766
1.75656e+09,-0.264288,-0.215935,0.105461
1.75656e+09,-0.255248,-0.182186,0.100135
1.75656e+09,0.449699,-0.212656,0.0777643
1.75656e+09,0.707708,-0.239535,0.072438
1.75656e+09,0.686516,-0.262339,0.0852211
1.75656e+09,0.695647,-0.281358,0.0862864
1.75656e+09,0.683857,-0.354488,0.102265
1.75656e+09,0.7116,-0.31616,0.0852211
1.75656e+09,0.739626,-0.299843,0.092678
1.75656e+09,0.733835,-0.301902,0.0809601
1.75656e+09,0.770292,-0.264662,0.0745685
1.75656e+09,0.756136,-0.286131,0.0809601
1.75656e+09,0.729917,-0.317575,0.0713727
1.75656e+09,0.728166,-0.342233,0.104396
1.75656e+09,0.713212,-0.319628,0.0809601
1.75656e+09,0.699461,-0.271186,0.0500674
1.75656e+09,0.698894,-0.281782,0.0330232
1.75656e+09,0.636806,-0.281984,0.0340885
1.75656e+09,0.708048,-0.285153,0.0415453
1.75656e+09,0.767708,-0.307357,0.00639159
1.75656e+09,0.763441,-0.316641,0.00958738
1.75656e+09,0.773957,-0.288587,0.00745685
1.75656e+09,0.720831,-0.264804,-0.0308927
1.75656e+09,0.744402,-0.279882,-0.0117179
1.75656e+09,0.840888,-0.305377,-0.02024
1.75656e+09,0.911008,-0.365892,-0.00532632
1.75656e+09,0.874362,-0.312169,-0.0127832
1.75656e+09,0.774656,-0.250412,-0.0351537
1.75656e+09,0.744672,-0.283939,-0.015979
1.75656e+09,0.782049,-0.299197,-0.00852211
1.75656e+09,0.859388,-0.339799,-0.00745685
1.75656e+09,0.89027,-0.352227,-0.00532632
1.75656e+09,0.851281,-0.348111,-0.00639159
1.75656e+09,0.838157,-0.309476,0.00106526
1.75656e+09,0.792188,-0.300998,0.0276969
1.75656e+09,0.774327,-0.3235,0.0245011
1.75656e+09,0.825743,-0.348801,0.0266316
1.75656e+09,0.799363,-0.337095,0.0298274
1.75656e+09,0.815955,-0.333431,0.0245011
1.75656e+09,0.860899,-0.334673,0.036219
1.75656e+09,0.855246,-0.329476,0.0298274
1.75656e+09,0.809555,-0.354265,0.0436758
1.75656e+09,0.781639,-0.397755,0.0447411
1.75656e+09,0.785963,-0.397421,0.0447411
1.75656e+09,0.885251,-0.309585,0.0660464
1.75656e+09,0.909577,-0.290533,0.0191748
1.75656e+09,0.900135,-0.284018,0.0213053
1.75656e+09,0.869056,-0.344114,0.0234358
1.75656e+09,0.789541,-0.116062,0.036219
1.75656e+09,0.837672,0.0378086,-0.00639159
1.75656e+09,0.894971,-0.00823935,-0.0287621
1.75656e+09,0.968764,-0.144047,-0.0681769
1.75656e+09,0.919651,-0.15603,-0.204531
1.75656e+09,0.126144,-0.0190131,-0.0980043
1.75656e+09,0.00457744,0.00234422,-0.1012
1.75656e+09,0.00150992,0.00304973,0.113983
1.75656e+09,0.000863217,0.00335056,0.052198
1.75656e+09,0.000921454,0.00320291,0.154463
1.75656e+09,0.000935566,0.00308704,0.177899
1.75656e+09,0.751652,-0.630713,0.160855
1.75656e+09,1.06645,-0.57225,0.135289
1.75656e+09,0.00683006,-0.0374454,0.131028
1.75656e+09,0.0117358,-0.0256339,0.113983
1.75656e+09,0.498287,-0.183761,0.0490022
1.75656e+09,0.869271,-0.3555,0.0181095
1.75656e+09,1.00531,-0.420176,0.0340885
1.75656e+09,0.991337,-0.473932,0.052198
1.75656e+09,0.976068,-0.475408,0.052198
1.75656e+09,0.143553,-0.190617,0.0415453
1.75656e+09,0.557354,-0.218725,-0.00639159
1.75656e+09,0.81269,-0.238352,-0.0117179
1.75656e+09,0.751377,-0.230292,-0.00213053
1.75656e+09,0.763969,-0.23308,0.0479369
1.75656e+09,0.707145,-0.346362,0.00426106
1.75656e+09,0.831077,-0.360008,0.116114
1.75656e+09,0.793901,-0.321286,0.118244
1.75656e+09,0.789138,-0.309255,0.0532632
1.75656e+09,0.803673,-0.318588,0.0276969
1.75656e+09,0.830141,-0.319033,0.0170442
1.75656e+09,0.837417,-0.301814,0.0543285
1.75656e+09,0.84505,-0.295589,0.105461
1.75656e+09,0.779448,-0.320494,0.0713727
1.75656e+09,0.741308,-0.279934,-0.0330232
1.75656e+09,0.780954,-0.25934,-0.0127832
1.75656e+09,0.730576,-0.261468,0.00852211
1.75656e+09,0.713377,-0.259724,-0.015979
1.75656e+09,0.683505,-0.260651,-0.0223706
1.75656e+09,0.710001,-0.256287,-0.0596548
1.75656e+09,0.724972,-0.218712,-0.0852211
1.75656e+09,0.839788,-0.231269,-0.105461
1.75656e+09,0.900559,-0.265807,-0.100135
1.75656e+09,0.89384,-0.269666,-0.0884169
1.75656e+09,0.829502,-0.232685,-0.0532632
1.75656e+09,0.784889,-0.266364,-0.0852211
1.75656e+09,0.869997,-0.310517,-0.0436758
1.75656e+09,0.869997,-0.310517,-0.0436758
1.75656e+09,0.932462,-0.308015,-0.0149137
1.75656e+09,0.886803,-0.268368,-0.04048
1.75656e+09,0.881617,-0.269934,-0.0266316
1.75656e+09,0.821109,-0.295261,0.00106526
1.75656e+09,0.835022,-0.257361,-0.00319579
1.75656e+09,0.786324,-0.271187,-0.0117179
1.75656e+09,0.643458,-0.236302,0.0127832
1.75656e+09,0.690271,-0.234576,0.00852211
1.75656e+09,0.783015,-0.218889,-0.0245011
1.75656e+09,0.847506,-0.192438,-0.0266316
1.75656e+09,0.813103,-0.241346,-0.00639159
1.75656e+09,0.726524,-0.299005,0.0106526
1.75656e+09,0.627134,-0.392754,0.00319579
1.75656e+09,0.660652,-0.372507,-0.00532632
1.75656e+09,0.796194,-0.315653,-0.0447411
1.75656e+09,0.879329,-0.22223,-0.0532632
1.75656e+09,0.845539,-0.314099,-0.0266316
1.75656e+09,0.845539,-0.314099,-0.0266316
1.75656e+09,0.716556,-0.373133,-0.0308927
1.75656e+09,0.657814,-0.347721,-0.04048
1.75656e+09,0.654593,-0.404662,0.231162
1.75656e+09,0.828457,-0.344342,0.165116
1.75656e+09,0.776717,-0.38018,0.176834
1.75656e+09,0.0989987,-0.0618556,0.0340885
1.75656e+09,0.0021203,0.0015753,0.0117179
1.75656e+09,-0.000932503,0.00249805,0.14168
1.75656e+09,-0.00107513,0.00214813,0.150202
1.75656e+09,0.380577,0.120154,-0.0703074
1.75656e+09,0.70971,-0.0406177,-0.150202
1.75656e+09,0.967033,-0.0668948,-0.166181
1.75656e+09,1.36537,-0.275983,-0.137419
1.75656e+09,1.27667,-0.437526,-0.072438
1.75656e+09,0.941524,-0.559443,-0.0436758
1.75656e+09,0.622025,-0.472673,-0.0948085
1.75656e+09,0.7718,-0.144307,-0.111853
1.75656e+09,0.7718,-0.144307,-0.111853
1.75656e+09,0.966094,-0.032834,-0.143811
1.75656e+09,0.817724,-0.118921,-0.135289
1.75656e+09,0.765569,-0.129385,-0.107592
1.75656e+09,0.667392,-0.202563,-0.0372843
1.75656e+09,0.661182,-0.19915,0.00319579
1.75656e+09,0.622969,-0.476537,0.0106526
1.75656e+09,0.610969,-0.446426,0.0649811
1.75656e+09,0.692158,-0.455433,0.0575243
1.75656e+09,0.681513,-0.391185,0.0415453
1.75656e+09,0.665213,-0.294287,0.0330232
1.75656e+09,0.648974,-0.279745,0.0649811
1.75656e+09,0.641858,-0.360621,0.120375
1.75656e+09,0.628971,-0.425677,0.183225
1.75656e+09,0.6351,-0.373811,0.168312
1.75656e+09,0.652629,-0.353882,0.198139
1.75656e+09,0.666815,-0.30772,0.217314
1.75656e+09,0.642068,-0.30564,0.223706
1.75656e+09,0.662326,-0.320023,0.237554
1.75656e+09,0.748856,-0.343577,0.28336
1.75656e+09,0.751242,-0.350032,0.32171
1.75656e+09,0.678556,-0.355972,0.325971
1.75656e+09,0.671984,-0.335522,0.268447
1.75656e+09,0.633148,-0.288688,0.311057
1.75656e+09,0.649608,-0.297716,0.322775
1.75656e+09,0.528717,-0.212215,0.350472
1.75656e+09,0.531553,-0.219614,0.325971
1.75656e+09,0.492778,-0.264483,0.289752
1.75656e+09,0.548127,-0.285866,0.315318
1.75656e+09,0.578237,-0.299573,0.324906
1.75656e+09,0.650406,-0.275894,0.314253
1.75656e+09,0.748376,-0.226183,0.294013
1.75656e+09,0.773796,-0.214291,0.328101
1.75656e+09,0.729466,-0.234662,0.319579
1.75656e+09,0.683833,-0.254183,0.332362
1.75656e+09,0.693554,-0.280219,0.329167
1.75656e+09,0.731172,-0.283854,0.349407
1.75656e+09,0.873677,-0.305944,0.363255
1.75656e+09,0.825438,-0.300535,0.367516
1.75656e+09,0.743569,-0.309119,0.376038
1.75656e+09,0.688176,-0.305962,0.36219
1.75656e+09,0.691467,-0.312223,0.379234
1.75656e+09,0.728754,-0.296537,0.369647
1.75656e+09,0.836541,-0.351083,0.386691
1.75656e+09,0.704483,-0.329801,0.386691
1.75656e+09,0.704483,-0.329801,0.386691
1.75656e+09,0.69556,-0.301991,0.363255
1.75656e+09,0.719786,-0.288047,0.361125
1.75656e+09,0.726637,-0.280249,0.365386
1.75656e+09,0.696832,-0.151912,0.407996
1.75656e+09,0.653385,-0.0329536,0.272708
1.75656e+09,0.655311,0.0417841,0.309992
1.75656e+09,0.558695,-0.0501949,0.315318
1.75656e+09,0.575535,-0.068817,0.350472
1.75656e+09,0.580615,-0.12496,0.419714
1.75656e+09,0.561322,-0.148639,0.437824
1.75656e+09,0.58347,-0.165704,0.498544
1.75656e+09,0.748511,-0.24214,0.50387
1.75656e+09,0.726263,-0.261622,0.498544
1.75656e+09,0.672104,-0.184221,0.508131
1.75656e+09,0.624103,-0.141736,0.519849
1.75656e+09,0.76509,-0.26893,0.585895
1.75656e+09,0.966065,-0.321138,0.572047
1.75656e+09,0.942522,-0.330016,0.557133
1.75656e+09,0.702984,-0.324692,0.592287
1.75656e+09,0.659247,-0.296564,0.610396
1.75656e+09,0.566803,-0.271061,0.615723
1.75656e+09,0.608801,-0.452653,0.633832
1.75656e+09,0.612206,-0.46999,0.639159
1.75656e+09,0.560004,-0.299807,0.633832
1.75656e+09,0.476422,-0.182231,0.654072
1.75656e+09,0.424283,-0.139011,0.641289
1.75656e+09,0.363113,-0.222541,0.778708
1.75656e+09,0.533811,-0.292247,0.788296
1.75656e+09,0.604587,-0.325244,0.730771
1.75656e+09,0.604577,-0.159583,0.70627
1.75656e+09,0.526681,-0.156753,0.618919
1.75656e+09,0.522206,-0.204939,0.634898
1.75656e+09,0.503433,-0.183968,0.591222
1.75656e+09,0.68352,-0.0770286,0.56246
1.75656e+09,0.664288,-0.0704864,0.559264
1.75656e+09,0.547861,-0.0659678,0.577373
1.75656e+09,0.500125,-0.109046,0.658333
1.75656e+09,0.468164,-0.127093,0.687095
1.75656e+09,0.493434,-0.137929,0.730771
1.75656e+09,0.663581,-0.141867,0.70414
1.75656e+09,0.724036,-0.114727,0.695618
1.75656e+09,0.642588,-0.0534241,0.741424
1.75656e+09,0.516919,-0.0322012,0.754207
1.75656e+09,0.516919,-0.0322012,0.754207
1.75656e+09,0.516919,-0.0322012,0.754207
1.75656e+09,0.516919,-0.0322012,0.754207
1.75656e+09,0.609593,-0.0976686,0.771251
1.75656e+09,0.57676,-0.0741541,0.80747
1.75656e+09,0.493141,-0.0684365,0.776578
1.75656e+09,0.463197,-0.0114064,0.716923
1.75656e+09,0.495555,-0.00762337,0.72651
1.75656e+09,0.559995,-0.0874523,0.747816
1.75656e+09,0.574056,-0.0954107,0.749946
1.75656e+09,0.57586,-0.0864476,0.808536
1.75656e+09,0.52457,-0.0929025,0.751011
1.75656e+09,0.520974,-0.105345,0.720119
1.75656e+09,0.54151,-0.0419439,0.719053
1.75656e+09,0.582382,-0.0734128,0.737163
1.75656e+09,0.585181,-0.0778516,0.761664
1.75656e+09,0.569739,-0.054809,0.803209
1.75656e+09,0.563049,-0.0680837,0.796818
1.75656e+09,0.571405,-0.0816737,0.815992
1.75656e+09,0.564771,-0.058242,0.803209
1.75656e+09,0.581811,-0.09684,0.834102
1.75656e+09,0.584142,-0.11521,0.84582
1.75656e+09,0.577742,-0.0732716,0.86819
1.75656e+09,0.598542,-0.072919,0.856472
1.75656e+09,0.607741,-0.0777064,0.830906
1.75656e+09,0.602149,-0.0594199,0.826645
1.75656e+09,0.641217,-0.10083,0.877778
1.75656e+09,0.601559,-0.0805873,0.8863
1.75656e+09,0.594635,-0.0527404,0.916127
1.75656e+09,0.577037,-0.0390367,0.890561
1.75656e+09,0.57086,-0.0454828,0.880974
1.75656e+09,0.613346,-0.0560407,0.885235
1.75656e+09,0.652424,-0.136539,1.04929
1.75656e+09,0.625026,-0.19382,1.01094
1.75656e+09,0.625337,-0.175881,1.07485
1.75656e+09,0.568841,-0.155264,0.980043
1.75656e+09,0.555398,-0.161753,0.968325
1.75656e+09,0.562149,-0.121966,0.931041
1.75656e+09,0.657198,0.0526951,0.927845
1.75656e+09,0.647243,0.103694,0.924649
1.75656e+09,0.674307,-0.00410352,0.815992
1.75656e+09,0.624362,-0.080865,0.745685
1.75656e+09,0.631206,-0.127918,0.710531
1.75656e+09,0.585911,-0.171562,0.66579
1.75656e+09,0.441867,-0.152506,0.590156
1.75656e+09,0.417939,-0.160981,0.569916
1.75656e+09,0.413827,-0.0620838,0.561394
1.75656e+09,0.52327,-0.0626438,0.498544
1.75656e+09,0.536409,-0.0722003,0.472977
1.75656e+09,0.557227,-0.0899553,0.380299
1.75656e+09,0.4482,-0.0190244,0.347276
1.75656e+09,0.402172,-0.0515648,0.333428
1.75656e+09,0.417514,-0.159001,0.38243
1.75656e+09,0.411463,-0.0982161,0.134223
1.75656e+09,0.386945,-0.0617721,0.0788296
1.75656e+09,0.462244,-0.0407859,-0.164051
1.75656e+09,0.437164,0.122293,-0.213053
1.75656e+09,0.47811,0.234113,-0.181095
1.75656e+09,0.0660233,0.0453046,-0.184291
1.75656e+09,-0.034425,-0.03291,-0.2024
1.75656e+09,-0.14532,0.0228314,-0.239684
1.75656e+09,0.378559,-0.0914026,-0.336624
1.75656e+09,0.698944,0.0403576,-0.352602
1.75656e+09,0.717995,-0.000114884,-0.336624
1.75656e+09,0.603758,0.0171307,-0.238619
1.75656e+09,0.406852,-0.0980469,-0.204531
1.75656e+09,0.384067,-0.113962,-0.140615
1.75656e+09,0.444065,-0.120209,-0.118244
1.75656e+09,0.375381,-0.143699,-0.133158
1.75656e+09,0.355433,-0.118231,-0.134223
1.75656e+09,0.360426,-0.0920748,-0.0937433
1.75656e+09,0.407941,-0.0491824,-0.0351537
1.75656e+09,0.426332,-0.0657978,-0.072438
1.75656e+09,0.41606,-0.0652604,-0.0745685
1.75656e+09,0.320943,-0.0827461,-0.0681769
1.75656e+09,0.284229,-0.0855332,-0.0436758
1.75656e+09,0.34984,-0.0900211,-0.056459
1.75656e+09,0.39051,-0.115081,-0.0553937
1.75656e+09,0.405768,-0.0925173,-0.0980043
1.75656e+09,0.393462,-0.100133,-0.0820253
1.75656e+09,0.35319,-0.118661,-0.0596548
1.75656e+09,0.332636,-0.119993,-0.04048
1.75656e+09,0.35057,-0.111807,-0.0340885
1.75656e+09,0.377877,-0.107121,-0.0234358
1.75656e+09,0.394422,-0.0948351,-0.0117179
1.75656e+09,0.356467,-0.0736125,0.00213053
1.75656e+09,0.423199,-0.0923897,0.015979
1.75656e+09,0.42547,-0.116715,0.0308927
1.75656e+09,0.405515,-0.109469,0.0617853
1.75656e+09,0.355747,-0.0850644,0.0820253
1.75656e+09,0.381697,-0.0806563,0.0777643
1.75656e+09,0.407513,-0.112387,0.109722
1.75656e+09,0.40129,-0.0938067,0.123571
1.75656e+09,0.404764,-0.104919,0.109722
1.75656e+09,0.392366,-0.11375,0.100135
1.75656e+09,0.386307,-0.124072,0.0862864
1.75656e+09,0.36769,-0.10406,0.0852211
1.75656e+09,0.369942,-0.103706,0.0703074
1.75656e+09,0.385809,-0.106172,0.0458064
1.75656e+09,0.407469,-0.0843079,0.0458064
1.75656e+09,0.405579,-0.0840987,0.0287621
1.75656e+09,0.39368,-0.0853529,0.0170442
1.75656e+09,0.37345,-0.0714791,0.00532632
1.75656e+09,0.368332,-0.0774972,0.00213053
1.75656e+09,0.379855,-0.0483005,-0.00106526
1.75656e+09,0.371873,-0.0557376,-0.00639159
1.75656e+09,0.361534,-0.0800453,-0.0308927
1.75656e+09,0.331908,-0.079036,-0.0330232
1.75656e+09,0.326886,-0.0652598,-0.0117179
1.75656e+09,0.322635,-0.0600019,-0.0181095
1.75656e+09,0.338789,-0.0195031,-0.0671116
1.75656e+09,0.325936,-0.0296072,-0.0543285
1.75656e+09,0.280109,-0.0238533,-0.0383495
1.75656e+09,0.263315,-0.00457251,-0.00532632
1.75656e+09,0.2536,-0.0370452,0.0106526
1.75656e+09,0.264283,-0.0621498,0.00958738
1.75656e+09,0.30404,-0.0945195,0.0255663
1.75656e+09,0.265687,-0.0782536,0.0298274
1.75656e+09,0.25319,-0.0580447,0.0191748
1.75656e+09,0.216038,-0.0297971,0.0340885
1.75656e+09,0.215726,-0.0196638,0.02024
1.75656e+09,0.246904,-0.00820726,0.0500674
1.75656e+09,0.308062,-0.0385698,0.0607201
1.75656e+09,0.339219,-0.0486219,0.0628506
1.75656e+09,0.282121,-0.058422,0.076699
1.75656e+09,0.247228,-0.0591283,0.0873517
1.75656e+09,0.208591,-0.0575138,0.092678
1.75656e+09,0.222385,-0.0396938,0.0980043
1.75656e+09,0.275903,-0.0616531,0.0884169
1.75656e+09,0.256612,-0.0628451,0.096939
1.75656e+09,0.219371,-0.0671567,0.0937433
1.75656e+09,0.189122,-0.0619362,0.0820253
1.75656e+09,0.182592,-0.0489922,0.0852211
1.75656e+09,0.231658,-0.0501495,0.0735032
1.75656e+09,0.247033,-0.0304226,0.076699
1.75656e+09,0.280892,-0.0180317,0.076699
1.75656e+09,0.243346,-0.0209582,0.076699
1.75656e+09,0.208472,-0.0265447,0.0649811
1.75656e+09,0.206191,-0.0187274,0.0607201
1.75656e+09,0.186985,-0.0290732,0.0617853
1.75656e+09,0.225176,0.00135569,0.0607201
1.75656e+09,0.229322,-0.00370981,0.0617853
1.75656e+09,0.162693,-0.00974724,0.0692422
1.75656e+09,0.146362,-0.0225785,0.0543285
1.75656e+09,0.15126,-0.0288246,0.0585895
1.75656e+09,0.174159,-0.0257048,0.0511327
1.75656e+09,0.170408,-0.0270942,0.0543285
1.75656e+09,0.191971,-0.0125411,0.0543285
1.75656e+09,0.160326,-0.00163737,0.0511327
1.75656e+09,0.107337,-0.0128837,0.0340885
1.75656e+09,0.118358,-0.0078269,0.0394148
1.75656e+09,0.140886,-0.00656683,0.0330232
1.75656e+09,0.132378,0.00959274,0.0106526
1.75656e+09,0.130608,0.025668,0.015979
1.75656e+09,0.11701,0.00925793,0.00958738
1.75656e+09,0.150297,0.00615438,0.00852211
1.75656e+09,0.157514,0.00840285,0.00532632
1.75656e+09,0.12463,0.0117413,-0.00532632
1.75656e+09,0.124376,0.00852327,-0.0138484
1.75656e+09,0.156064,-0.00362229,-0.0127832
1.75656e+09,0.161447,-0.00317356,-0.00106526
1.75656e+09,0.131849,-0.000312341,-0.00958738
1.75656e+09,0.118722,-0.000596187,0.00106526
1.75656e+09,0.113627,0.00298845,-0.00106526
1.75656e+09,0.137178,0.0227057,0.0213053
1.75656e+09,0.162878,0.0215491,0.0223706
1.75656e+09,0.170535,0.0160353,0.0245011
1.75656e+09,0.121869,0.0203706,0.0383495
1.75656e+09,0.100379,0.0237798,0.0266316
1.75656e+09,0.0736126,0.0197157,0.0308927
1.75656e+09,0.105284,0.0352997,0.0500674
1.75656e+09,0.139961,0.0366349,0.0479369
1.75656e+09,0.118798,0.0285661,0.0447411
1.75656e+09,0.0656843,0.0259082,0.0394148
1.75656e+09,0.0581705,0.0280919,0.0394148
1.75656e+09,0.0636584,0.0195709,0.0308927
1.75656e+09,0.109347,0.0380282,0.0234358
1.75656e+09,0.131385,0.0317259,0.0223706
1.75656e+09,0.118852,0.0244992,0.0149137
1.75656e+09,0.109856,0.0340338,0.0127832
1.75656e+09,0.0963055,0.0454464,-0.00319579
1.75656e+09,0.0832129,0.0414449,-0.00532632
1.75656e+09,0.0973129,0.0481363,-0.0106526
1.75656e+09,0.122796,0.0375761,-0.00745685
1.75656e+09,0.110798,0.0235217,0.00319579
1.75656e+09,0.0691461,0.00650105,0.0351537
1.75656e+09,0.0627732,-0.0056213,0.0468716
1.75656e+09,0.0537948,-0.00538655,0.0351537
1.75656e+09,0.0874657,-0.0099046,0.0607201
1.75656e+09,0.0870594,-0.0108235,0.072438
1.75656e+09,0.0760192,-0.00668443,0.0660464
1.75656e+09,0.0779504,0.0180421,0.0948085
1.75656e+09,0.061215,0.010885,0.0937433
1.75656e+09,0.0954375,0.00435115,0.108657
1.75656e+09,0.114712,0.0242908,0.137419
1.75656e+09,0.103812,0.0320052,0.129962
1.75656e+09,0.0861634,0.0477871,0.14168
1.75656e+09,0.0679088,0.045456,0.140615
1.75656e+09,0.0514334,0.0401888,0.123571
1.75656e+09,0.0868882,0.0206754,0.126766
1.75656e+09,0.0978909,0.0263043,0.123571
1.75656e+09,0.0827093,0.00826048,0.120375
1.75656e+09,0.0592671,-0.00315671,0.103331
1.75656e+09,0.052379,0.00411732,0.0873517
1.75656e+09,0.0682968,0.000176879,0.0905475
1.75656e+09,0.077069,-0.0160993,0.0884169
1.75656e+09,0.0952571,0.00621356,0.0756338
1.75656e+09,0.0872035,0.00190637,0.0692422
1.75656e+09,0.0652422,0.00146192,0.0585895
1.75656e+09,0.0724493,0.00260236,0.0596548
1.75656e+09,0.0551442,0.0036645,0.0468716
1.75656e+09,0.0910435,0.00505139,0.0479369
1.75656e+09,0.0945495,0.00238235,0.0458064
1.75656e+09,0.100406,0.00165671,0.0415453
1.75656e+09,0.0700695,0.0165818,0.036219
1.75656e+09,0.0759386,0.00674784,0.0319579
1.75656e+09,0.0702671,0.00361749,0.0415453
1.75656e+09,0.0823049,-0.00922734,0.0607201
1.75656e+09,0.0829868,-0.0195346,0.0553937
1.75656e+09,0.0790167,-0.0186938,0.0575243
1.75656e+09,0.0765964,-0.00113112,0.0681769
1.75656e+09,0.0738133,-0.00343778,0.076699
1.75656e+09,0.0679845,-0.0204407,0.0873517
1.75656e+09,0.101615,-0.0194402,0.100135
1.75656e+09,0.0953629,-0.0127889,0.104396
1.75656e+09,0.107218,-0.0196798,0.116114
1.75656e+09,0.0777758,-0.012611,0.104396
1.75656e+09,0.0836054,-0.0265339,0.109722
1.75656e+09,0.0793502,-0.0113169,0.103331
1.75656e+09,0.0963164,-0.0140973,0.125701
1.75656e+09,0.0923269,-0.0180716,0.105461
1.75656e+09,0.0907578,-0.0255099,0.105461
1.75656e+09,0.0881204,-0.0268445,0.096939
1.75656e+09,0.0780346,-0.0137911,0.0841559
1.75656e+09,0.0780346,-0.0137911,0.0841559
1.75656e+09,0.0954957,-0.0163866,0.0575243
1.75656e+09,0.0797168,-0.0163897,0.0575243
1.75656e+09,0.0844273,-0.0096073,0.0617853
1.75656e+09,0.078793,-0.0265087,0.0596548
1.75656e+09,0.0881085,-0.0208904,0.0458064
1.75656e+09,0.0718695,-0.0195274,0.0447411
1.75656e+09,0.0819726,-0.0134183,0.0468716
1.75656e+09,0.0933517,-0.0111163,0.0436758
1.75656e+09,0.102125,-0.0180865,0.0511327
1.75656e+09,0.0842478,-0.0132826,0.0447411
1.75656e+09,0.0823933,-0.0194076,0.0255663
1.75656e+09,0.0732609,-0.0130558,0.0415453
1.75656e+09,0.0700166,-0.00517871,0.0500674
1.75656e+09,0.0921849,-0.014031,0.0500674
1.75656e+09,0.102128,-0.0025495,0.0415453
1.75656e+09,0.0667631,-0.0171678,0.0458064
1.75656e+09,0.0583726,-0.0117688,0.0287621
1.75656e+09,0.0733563,-0.0105147,0.0426106
1.75656e+09,0.111737,-0.00724685,0.0383495
1.75656e+09,0.112277,-0.00400771,0.0511327
1.75656e+09,0.0961132,-0.0014376,0.0245011
1.75656e+09,0.0717238,-0.00403213,0.0223706
1.75656e+09,0.0568118,-0.0158332,0.00958738
1.75656e+09,0.0718445,-0.0078994,0.0117179
1.75656e+09,0.0952026,-0.00930584,0.00745685
1.75656e+09,0.115303,0.0202327,0.00106526
1.75656e+09,0.0931167,0.00141102,-0.0138484
1.75656e+09,0.0501417,0.00288805,-0.0298274
1.75656e+09,0.0474942,-0.0166407,-0.00852211
1.75656e+09,0.0537414,-0.00716808,-0.0298274
1.75656e+09,0.0813791,0.0145627,-0.0340885
1.75656e+09,0.0973426,0.0129356,-0.036219
1.75656e+09,0.0849114,-0.00979169,-0.0553937
1.75656e+09,0.0500153,0.0117369,-0.0607201
1.75656e+09,0.0538837,0.0165331,-0.0532632
1.75656e+09,0.0497703,0.00533519,-0.0532632
1.75656e+09,0.0473451,-0.00446221,-0.0543285
1.75656e+09,0.0706988,-0.0110882,-0.0479369
1.75656e+09,0.0707885,-0.0136967,-0.0692422
1.75656e+09,0.0652398,0.00885089,-0.0628506
1.75656e+09,0.0498554,0.00495806,-0.0585895
1.75656e+09,0.0467101,-0.00186808,-0.0617853
1.75656e+09,0.0429763,-0.000750912,-0.0468716
1.75656e+09,0.0423055,0.00941666,-0.0596548
1.75656e+09,0.0585428,-0.0527608,-0.0543285
1.75656e+09,0.0597932,-0.0488864,-0.0511327
1.75656e+09,0.0527674,-0.0287844,-0.0490022
1.75656e+09,0.0632562,-0.0283349,-0.0447411
1.75656e+09,0.0473161,-0.0103595,-0.0372843
1.75656e+09,0.0574704,-0.0410413,-0.0138484
1.75656e+09,0.054651,-0.0384565,-0.00213053
1.75656e+09,0.0791202,-0.0179605,0.0191748
1.75656e+09,0.0526269,-0.0019875,0.0276969
1.75656e+09,0.0532749,-0.00427011,0.04048
1.75656e+09,0.0676526,0.00930708,0.036219
1.75656e+09,0.0911974,0.01071,0.0426106
1.75656e+09,0.103122,0.0112432,0.0351537
1.75656e+09,0.0824874,0.00585427,0.0319579
1.75656e+09,0.082362,0.00660319,0.0340885
1.75656e+09,0.0519516,0.0267953,0.00958738
1.75656e+09,0.0674843,0.0193406,0.0138484
1.75656e+09,0.0749606,0.0345052,0.00532632
1.75656e+09,0.0752262,0.018169,0.0149137
1.75656e+09,0.0767543,0.0121043,0.00106526
1.75656e+09,0.0875149,0.00572514,0.00852211
1.75656e+09,0.0803689,0.00599185,-0.00639159
1.75656e+09,0.0721875,-0.000471899,-0.00745685
1.75656e+09,0.060989,0.0387539,-0.0181095
1.75656e+09,0.0710497,0.040345,-0.0191748
1.75656e+09,0.101222,0.0319602,-0.0340885
1.75656e+09,0.0977771,0.00918021,-0.0308927
1.75656e+09,0.0989939,-0.00482967,-0.00532632
1.75656e+09,0.09297,0.00317901,-0.015979
1.75656e+09,0.09271,0.00501184,-0.015979
1.75656e+09,0.0936099,0.0230229,-0.0255663
1.75656e+09,0.109557,0.0259604,-0.0351537
1.75656e+09,0.113494,0.014831,-0.0127832
1.75656e+09,0.104062,-0.00845848,0.00106526
1.75656e+09,0.099528,-0.0176604,-0.00958738
1.75656e+09,0.0969245,0.0077434,-0.015979
1.75656e+09,0.127114,0.00646667,-0.0127832
1.75656e+09,0.127351,0.0283299,-0.00532632
1.75656e+09,0.118472,0.0170357,-0.015979
1.75656e+09,0.131954,0.00204748,-0.0287621
1.75656e+09,0.108447,0.0126595,-0.0117179
1.75656e+09,0.12163,0.0143254,-0.015979
1.75656e+09,0.13838,0.0116225,-0.00852211
1.75656e+09,0.146052,0.0134917,0.00639159
1.75656e+09,0.137664,0.0119738,0.00426106
1.75656e+09,0.125991,0.0113817,-0.00106526
1.75656e+09,0.122323,0.011926,-0.00106526
1.75656e+09,0.120088,0.0158802,0.00852211
1.75656e+09,0.133087,0.00903395,0.0266316
1.75656e+09,0.151596,0.0247807,0.00852211
1.75656e+09,0.160304,0.0114199,0.0223706
1.75656e+09,0.151967,0.0190163,0.00319579
1.75656e+09,0.132743,0.0162452,0.0181095
1.75656e+09,0.148603,0.0296015,0.0191748
1.75656e+09,0.155827,0.0213453,0.0191748
1.75656e+09,0.15132,0.0287399,0.00639159
1.75656e+09,0.164309,0.0506387,0.00639159
1.75656e+09,0.140871,0.0399158,0.0181095
1.75656e+09,0.1251,-0.00565474,0.0287621
1.75656e+09,0.134588,0.000538125,0.052198
1.75656e+09,0.121602,-0.0154265,0.0117179
1.75656e+09,0.135261,0.0116773,0.0106526
1.75656e+09,0.124692,0.0159582,0.0117179
1.75656e+09,0.118611,-0.00201659,0.00958738
1.75656e+09,0.124971,-0.0224549,-0.0213053
1.75656e+09,0.123813,-0.0150196,-0.0372843
1.75656e+09,0.147254,0.0219908,-0.0181095
1.75656e+09,0.142159,0.0304273,-0.0170442
1.75656e+09,0.141368,0.00636693,-0.0340885
1.75656e+09,0.133636,-5.74122e-05,-0.0298274
1.75656e+09,0.12082,0.0292825,-0.0394148
1.75656e+09,0.124695,0.0215701,-0.036219
1.75656e+09,0.132394,0.0272785,-0.0436758
1.75656e+09,0.124238,0.0266273,-0.0426106
1.75656e+09,0.123927,0.0266055,-0.0426106
1.75656e+09,0.114358,0.00108504,-0.015979
1.75656e+09,0.13536,0.0135677,-0.0138484
1.75656e+09,0.142309,0.000406554,-0.0234358
1.75656e+09,0.169725,0.0142207,-0.015979
1.75656e+09,0.15005,0.00770035,-0.00319579
1.75656e+09,0.133425,0.0138351,0.00213053
1.75656e+09,0.114307,0.00398382,-0.00852211
1.75656e+09,0.127043,-0.00547385,-0.00958738
1.75656e+09,0.138956,-0.00608358,-0.0245011
1.75656e+09,0.165269,0.00893068,-0.0351537
1.75656e+09,0.137834,0.0248684,-0.0628506
1.75656e+09,0.123688,0.039261,-0.0607201
1.75656e+09,0.122145,0.0346308,-0.0671116
1.75656e+09,0.118327,0.0371528,-0.0820253
1.75656e+09,0.121841,0.0418676,-0.100135
1.75656e+09,0.127542,0.0152557,-0.102265
1.75656e+09,0.110337,0.0540765,-0.100135
1.75656e+09,0.0957625,0.0484608,-0.107592
1.75656e+09,0.0769587,0.0424423,-0.100135
1.75656e+09,0.0978592,0.0188748,-0.103331
1.75656e+09,0.109498,0.0163157,-0.0980043
1.75656e+09,0.0920394,0.0423143,-0.0894822
1.75656e+09,0.0887704,0.0237613,-0.0735032
1.75656e+09,0.0942365,0.0249937,-0.0681769
1.75656e+09,0.0921553,0.0267632,-0.0735032
1.75656e+09,0.12478,0.0207361,-0.0617853
1.75656e+09,0.149337,0.0272228,-0.0426106
1.75656e+09,0.167927,0.0372985,-0.0287621
1.75656e+09,0.120737,0.0212668,-0.0234358
1.75656e+09,0.112998,0.00537278,0.00852211
1.75656e+09,0.00357719,0.000122231,0
1.75656e+09,0.0954804,0.0215724,0.00745685
1.75656e+09,0.121959,0.0174616,0.0138484
1.75656e+09,0.2072,0.0197526,0.0223706
1.75656e+09,0.170839,0.0211814,0.0266316
1.75656e+09,0.146359,0.0212616,0.0234358
1.75656e+09,0.119626,0.0272486,0.0394148
1.75656e+09,0.115278,0.0165336,0.0266316
1.75656e+09,0.119377,0.0235683,0.0266316
1.75656e+09,0.224046,0.0396125,0.0149137
1.75656e+09,0.18562,0.0405284,0.0245011
1.75656e+09,0.182514,0.038614,0.0245011
1.75656e+09,0.123753,0.024347,-0.00745685
1.75656e+09,0.141578,0.0108886,0.00532632
1.75656e+09,0.149749,0.0199332,0.00532632
1.75656e+09,0.193276,0.0454881,0.00319579
1.75656e+09,0.155729,0.039041,0.00639159
1.75656e+09,0.152934,0.0293954,-0.00532632
1.75656e+09,0.124229,0.0293844,0.00426106
1.75656e+09,0.142727,0.021521,0.0234358
1.75656e+09,0.157139,0.0300225,0.0213053
1.75656e+09,0.168803,0.0359462,0.0170442
1.75656e+09,0.133411,0.0280093,0.0415453
1.75656e+09,0.116637,0.0212028,0.0553937
1.75656e+09,0.117486,0.0177746,0.0596548
1.75656e+09,0.142955,0.0174618,0.0553937
1.75656e+09,0.139584,0.00665199,0.0500674
1.75656e+09,0.129812,-0.00550543,0.0628506
1.75656e+09,0.113964,0.00169692,0.056459
1.75656e+09,0.123982,0.00195199,0.0660464
1.75656e+09,0.124305,0.00254624,0.0585895
1.75656e+09,0.122314,0.0101134,0.056459
1.75656e+09,0.118441,0.0112258,0.0607201
1.75656e+09,0.116566,0.0114452,0.0511327
1.75656e+09,0.132044,0.0139958,0.0553937
1.75656e+09,0.139535,0.00654838,0.0681769
1.75656e+09,0.124323,0.0134997,0.0649811
1.75656e+09,0.128121,0.00436675,0.0681769
1.75656e+09,0.132356,0.00164173,0.0681769
1.75656e+09,0.120589,0.0021108,0.0671116
1.75656e+09,0.110736,0.00857491,0.0596548
1.75656e+09,0.116402,0.0030671,0.056459
1.75656e+09,0.0967331,-0.00493486,0.0617853
1.75656e+09,0.0997919,-0.0227516,0.0617853
1.75656e+09,0.122452,-0.0110081,0.0660464
1.75656e+09,0.117388,-0.0042437,0.056459
1.75656e+09,0.109855,-0.0134126,0.0585895
1.75656e+09,0.10484,-0.0188944,0.0639159
1.75656e+09,0.117089,-0.0251278,0.0607201
1.75656e+09,0.127713,-0.0191141,0.0585895
1.75656e+09,0.1055,-0.0162796,0.0617853
1.75656e+09,0.121828,-0.0225913,0.0575243
1.75656e+09,0.122994,-0.0207357,0.0745685
1.75656e+09,0.111035,-0.0321474,0.0660464
1.75656e+09,0.115913,-0.0257866,0.0745685
1.75656e+09,0.119898,-0.0333715,0.0798948
1.75656e+09,0.1161,-0.03488,0.0798948
1.75656e+09,0.112714,-0.00860736,0.0980043
1.75656e+09,0.115436,-0.0149881,0.0905475
1.75656e+09,0.104464,-0.0187676,0.0948085
1.75656e+09,0.125262,-0.0246092,0.0830906
1.75656e+09,0.119,-0.0263159,0.0948085
1.75656e+09,0.120544,-0.0345799,0.0948085
1.75656e+09,0.110174,-0.01846,0.0990696
1.75656e+09,0.134557,-0.0308397,0.0862864
1.75656e+09,0.118051,-0.030087,0.0617853
1.75656e+09,0.128664,-0.0238006,0.0756338
1.75656e+09,0.120449,-0.0217997,0.0788296
1.75656e+09,0.123126,-0.0384055,0.0756338
1.75656e+09,0.133903,-0.0214766,0.0628506
1.75656e+09,0.151613,-0.0250846,0.0436758
1.75656e+09,0.141281,-0.032988,0.0447411
1.75656e+09,0.139465,-0.0303374,0.04048
1.75656e+09,0.122438,-0.0335838,0.0394148
1.75656e+09,0.130249,-0.0468301,0.0276969
1.75656e+09,0.155874,-0.0323462,0.0223706
1.75656e+09,0.153052,-0.0458677,0.00532632
1.75656e+09,0.141508,-0.0470672,0.0213053
1.75656e+09,0.11728,-0.042674,0.00639159
1.75656e+09,0.110117,-0.0391965,0.0181095
1.75656e+09,0.125366,-0.058526,0.00319579
1.75656e+09,0.122569,-0.0271535,-0.0213053
1.75656e+09,0.122548,-0.0270205,-0.0138484
1.75656e+09,0.13835,-0.0309674,-0.00639159
1.75656e+09,0.100184,-0.0146854,-0.00958738
1.75656e+09,0.128827,-0.0291764,-0.0223706
1.75656e+09,0.102982,-0.0208983,-0.0255663
1.75656e+09,0.128387,-0.00978376,-0.0223706
1.75656e+09,0.119469,-0.0208221,-0.0383495
1.75656e+09,0.0901632,-0.0139668,-0.0394148
1.75656e+09,0.103564,-0.0173363,-0.0319579
1.75656e+09,0.121219,-0.0238787,-0.0308927
1.75656e+09,0.127035,-0.0288756,-0.0319579
1.75656e+09,0.132414,-0.0117602,-0.0394148
1.75656e+09,0.124919,-0.0254962,-0.0458064
1.75656e+09,0.130416,-0.020294,-0.04048
1.75656e+09,0.137853,-0.00255724,-0.0266316
1.75656e+09,0.12828,-0.00679357,-0.0234358
1.75656e+09,0.123965,-0.00845072,-0.0223706
1.75656e+09,0.157013,-0.0136315,-0.0287621
1.75656e+09,0.145507,-0.0111278,-0.0330232
1.75656e+09,0.143058,-0.0167387,-0.0234358
1.75656e+09,0.130858,-0.0110671,-0.0298274
1.75656e+09,0.144442,-0.00420956,-0.0266316
1.75656e+09,0.151962,-0.0035518,-0.036219
1.75656e+09,0.161796,-0.00098951,-0.0223706
1.75656e+09,0.144217,0.00569333,-0.0415453
1.75656e+09,0.143142,0.00920419,-0.0276969
1.75656e+09,0.151419,0.0128233,-0.0181095
1.75656e+09,0.142323,-0.011454,-0.00426106
1.75656e+09,0.138481,-0.0102827,0.00319579
1.75656e+09,0.157298,0.00735067,-0.00852211
1.75656e+09,0.157141,0.0100155,-0.0127832
1.75656e+09,0.145728,0.00318168,-0.0191748
1.75656e+09,0.132949,0.0208008,-0.00639159
1.75656e+09,0.118195,0.0126118,-0.0234358
1.75656e+09,0.11869,0.00932971,-0.0191748
1.75656e+09,0.115106,0.00205413,-0.0191748
1.75656e+09,0.0928422,0.0286049,-0.02024
1.75656e+09,0.107078,0.0269538,-0.00958738
1.75656e+09,0.132735,0.0269095,-0.0319579
1.75656e+09,0.134593,0.0261025,-0.0106526
1.75656e+09,0.134286,0.0355929,-0.00213053
1.75656e+09,0.125542,0.0356703,-0.00639159
1.75656e+09,0.11961,0.0134424,0.0117179
1.75656e+09,0.116082,0.0109876,0.0127832
1.75656e+09,0.118973,0.011869,0.0181095
1.75656e+09,0.130948,0.0302411,0.0266316
1.75656e+09,0.122487,0.0299757,0.0276969
1.75656e+09,0.138436,0.0197584,0.0298274
1.75656e+09,0.146546,0.016012,0.0447411
1.75656e+09,0.135029,0.0173033,0.036219
1.75656e+09,0.126646,0.0161533,0.0490022
1.75656e+09,0.115219,0.0174186,0.0511327
1.75656e+09,0.106568,0.0167268,0.0330232
1.75656e+09,0.105331,-0.000533629,0.0340885
1.75656e+09,0.125854,-0.0236139,0.0372843
1.75656e+09,0.134442,-0.0106688,0.0330232
1.75656e+09,0.146025,0.0108014,0.0287621
1.75656e+09,0.151917,0.00412065,0.0191748
1.75656e+09,0.15566,0.0103159,0.015979
1.75656e+09,0.159288,0.00849872,0.0106526
1.75656e+09,0.178319,0.0122395,-0.00213053
1.75656e+09,0.196989,0.0209819,-0.00319579
1.75656e+09,0.188787,0.0249189,-0.00532632
1.75656e+09,0.188656,0.0106811,-0.0117179
1.75656e+09,0.169445,0.0168258,-0.0106526
1.75656e+09,0.158682,0.0194765,-0.0127832
1.75656e+09,0.154321,0.0154456,-0.015979
1.75656e+09,0.145278,0.0165126,-0.0223706
1.75656e+09,0.142011,0.0129434,-0.02024
1.75656e+09,0.144464,0.0211324,-0.0255663
1.75656e+09,0.146737,0.0151378,-0.0276969
1.75656e+09,0.156467,0.00974308,-0.00639159
1.75656e+09,0.158993,0.0112518,-0.00319579
1.75656e+09,0.165701,0.00451134,-0.00852211
1.75656e+09,0.160483,0.00467062,0.00319579
1.75656e+09,0.153702,0.00767665,-0.00426106
1.75656e+09,0.154414,0.00711638,-0.00745685
1.75656e+09,0.148853,-0.00722122,0.0106526
1.75656e+09,0.155025,-0.00374464,0.00426106
1.75656e+09,0.152061,-0.019052,0.0234358
1.75656e+09,0.148965,-0.00980163,0.02024
1.75656e+09,0.157761,4.50673e-05,0.0181095
1.75656e+09,0.145569,-0.00104512,0.02024
1.75656e+09,0.151456,-0.0150408,0.0234358
1.75656e+09,0.146408,-0.0203835,0.0340885
1.75656e+09,0.146958,-0.0128776,0.0330232
1.75656e+09,0.153066,-0.019475,0.0255663
1.75656e+09,0.134774,-0.00798477,0.0383495
1.75656e+09,0.125229,-0.00644825,0.0234358
1.75656e+09,0.132918,-0.00927999,0.0255663
1.75656e+09,0.126837,-0.0320013,0.0319579
1.75656e+09,0.12357,-0.0285585,0.0276969
1.75656e+09,0.106635,-0.0218646,0.0223706
1.75656e+09,0.0965019,-0.00517603,0.0191748
1.75656e+09,0.0830664,-0.00097801,0.0223706
1.75656e+09,0.132789,0.00805549,0.00745685
1.75656e+09,0.14888,0.0105954,0.0170442
1.75656e+09,0.131123,0.00501469,0.00745685
1.75656e+09,0.133325,0.00641876,0.0191748
1.75656e+09,0.127923,0.000194235,0.0234358
1.75656e+09,0.127364,-0.000609124,0.00745685
1.75656e+09,0.128665,0.0109915,0.00745685
1.75656e+09,0.147496,0.00105057,0.0191748
1.75656e+09,0.1453,-0.00688398,0.0234358
1.75656e+09,0.14357,-0.000370175,0.0213053
1.75656e+09,0.121385,-0.00799716,0.02024
1.75656e+09,0.124055,0.0021623,0.0287621
1.75656e+09,0.128837,-0.00813434,0.0223706
1.75656e+09,0.13844,-0.0234428,0.0287621
1.75656e+09,0.128718,-0.00223359,0.0181095
1.75656e+09,0.135081,-0.0123365,0.0255663
1.75656e+09,0.124256,-0.0108937,0.0181095
1.75656e+09,0.114309,-0.000920621,0.0351537
1.75656e+09,0.119919,-0.0121074,0.0117179
1.75656e+09,0.129462,0.0134705,0.00745685
1.75656e+09,0.133132,0.00950445,0.0127832
1.75656e+09,0.124959,0.0137304,0
1.75656e+09,0.10561,0.0102747,0.00958738
1.75656e+09,0.126086,0.00775683,0.0106526
1.75656e+09,0.114724,0.00608421,0.0170442
1.75656e+09,0.137521,-0.00514269,0.0106526
1.75656e+09,0.120675,0.00611384,0.00852211
1.75656e+09,0.119921,0.00784695,0.0213053
1.75656e+09,0.126902,0.016647,0.02024
1.75656e+09,0.103688,0.00441308,0.0298274
1.75656e+09,0.122297,-0.00628647,0.0330232
1.75656e+09,0.121996,0.00419153,0.0415453
1.75656e+09,0.116359,0.0107485,0.0436758
1.75656e+09,0.0976611,0.00943728,0.0543285
1.75656e+09,0.10803,-0.00100892,0.0681769
1.75656e+09,0.106973,0.00559788,0.076699
1.75656e+09,0.108716,0.00956448,0.0820253
1.75656e+09,0.119633,0.00621447,0.0958738
1.75656e+09,0.120492,0.00215208,0.096939
1.75656e+09,0.100416,0.00891326,0.0990696
1.75656e+09,0.10201,-0.00622669,0.113983
1.75656e+09,0.100661,0.00451129,0.110787
1.75656e+09,0.0948805,-0.00719754,0.118244
1.75656e+09,0.106696,-0.00471443,0.126766
1.75656e+09,0.0909859,0.00201186,0.120375
1.75656e+09,0.0897533,-0.00904175,0.12144
1.75656e+09,0.0796992,-0.00323961,0.118244
1.75656e+09,0.0705241,0.00468792,0.124636
1.75656e+09,0.100671,-0.00235147,0.129962
1.75656e+09,0.10404,0.00525506,0.12144
1.75656e+09,0.103994,0.0169378,0.135289
1.75656e+09,0.101056,0.00524465,0.123571
1.75656e+09,0.0753382,-0.00748651,0.136354
1.75656e+09,0.0799259,-0.0136793,0.133158
1.75656e+09,0.0845496,-0.0153183,0.152333
1.75656e+09,0.104252,-0.00839408,0.154463
1.75656e+09,0.0925178,-0.00232087,0.166181
1.75656e+09,0.0704594,0.00285563,0.175769
1.75656e+09,0.0675985,-0.00679734,0.174703
1.75656e+09,0.0555837,-0.0101996,0.170442
1.75656e+09,0.067632,-0.0112405,0.187487
1.75656e+09,0.0687113,-0.0121131,0.198139
1.75656e+09,0.0687113,-0.0121131,0.198139
1.75656e+09,0.0626148,-0.01504,0.218379
1.75656e+09,0.0761878,-0.0282438,0.230097
1.75656e+09,0.0694338,-0.0284516,0.226901
1.75656e+09,0.0580205,-0.0204535,0.219444
1.75656e+09,0.0476779,-0.00561726,0.213053
1.75656e+09,0.0538055,-0.0192181,0.22264
1.75656e+09,0.0595612,-0.00995998,0.226901
1.75656e+09,0.0808615,-0.00655063,0.223706
1.75656e+09,0.0755965,-0.00353745,0.227967
1.75656e+09,0.0597147,-0.0104683,0.231162
1.75656e+09,0.0438841,-0.0122143,0.225836
1.75656e+09,0.0567757,-0.0211023,0.241815
1.75656e+09,0.0635992,-0.0210044,0.245011
1.75656e+09,0.0735616,-0.0189337,0.252468
1.75656e+09,0.0743134,-0.0225093,0.246076
1.75656e+09,0.0490915,-0.0211086,0.246076
1.75656e+09,0.0403065,-0.00809153,0.256729
1.75656e+09,0.0500106,-0.0211384,0.262055
1.75656e+09,0.0583639,-0.0335067,0.282295
1.75656e+09,0.0798141,-0.0332537,0.275903
1.75656e+09,0.0622669,-0.0329929,0.285491
1.75656e+09,0.0465011,-0.0303395,0.30147
1.75656e+09,0.036718,-0.0274664,0.291882
1.75656e+09,0.0468269,-0.0307652,0.313188
1.75656e+09,0.0518829,-0.0444535,0.331297
1.75656e+09,0.0780616,-0.0491874,0.319579
1.75656e+09,0.0762343,-0.0425469,0.338754
1.75656e+09,0.0561107,-0.0444144,0.356864
1.75656e+09,0.0420458,-0.0430882,0.365386
1.75656e+09,0.0325416,-0.0348329,0.360059
1.75656e+09,0.0450868,-0.0454312,0.360059
1.75656e+09,0.0514963,-0.054331,0.371777
1.75656e+09,0.0390481,-0.0577714,0.369647
1.75656e+09,0.04322,-0.0514503,0.368581
1.75656e+09,0.0354609,-0.0466793,0.361125
1.75656e+09,0.0348478,-0.0367529,0.361125
1.75656e+09,0.0571939,-0.0445609,0.361125
1.75656e+09,0.0886605,-0.0381833,0.36219
1.75656e+09,0.0894166,-0.042036,0.347276
1.75656e+09,0.0343184,-0.0396378,0.354733
1.75656e+09,0.0109975,-0.041663,0.347276
1.75656e+09,0.0230399,-0.0321255,0.347276
1.75656e+09,0.0417924,-0.0404352,0.353668
1.75656e+09,0.114957,-0.0327321,0.331297
1.75656e+09,0.133696,-0.0303302,0.337689
1.75656e+09,0.132257,-0.0311482,0.333428
1.75656e+09,0.0946638,-0.0291072,0.334493
1.75656e+09,0.0829412,-0.0317485,0.332362
1.75656e+09,0.0750513,-0.0271022,0.346211
1.75656e+09,0.12985,-0.0289642,0.346211
1.75656e+09,0.154017,-0.024999,0.353668
1.75656e+09,0.120555,-0.0211536,0.357929
1.75656e+09,0.0975114,-0.0147328,0.358994
1.75656e+09,0.0942657,-0.0146103,0.369647
1.75656e+09,0.0712193,-0.0148081,0.390952
1.75656e+09,0.0753488,-0.00677679,0.383495
1.75656e+09,0.0979743,-0.0080876,0.383495
1.75656e+09,0.0817363,-0.00724328,0.390952
1.75656e+09,0.067834,-0.00420858,0.395213
1.75656e+09,0.0549834,-0.0145855,0.398409
1.75656e+09,0.063567,-0.00674299,0.395213
1.75656e+09,0.121383,-0.0159064,0.403735
1.75656e+09,0.118629,-0.0127821,0.398409
1.75656e+09,0.0898534,-0.00378562,0.4048
1.75656e+09,0.0682189,-0.00636029,0.405866
1.75656e+09,0.0538841,-0.00753254,0.415453
1.75656e+09,0.0689418,-0.000136171,0.409061
1.75656e+09,0.117274,-0.000723662,0.418649
1.75656e+09,0.122831,0.000508047,0.419714
1.75656e+09,0.103971,-0.00769926,0.429302
1.75656e+09,0.0843649,0.0126609,0.436758
1.75656e+09,0.0769766,0.014912,0.428236
1.75656e+09,0.0868433,-0.00602754,0.442085
1.75656e+09,0.132237,-0.0160974,0.439954
1.75656e+09,0.123236,-0.00226978,0.450607
1.75656e+09,0.105402,-0.00960919,0.474043
1.75656e+09,0.0762794,-0.00507859,0.467651
1.75656e+09,0.0693333,-0.00826673,0.478304
1.75656e+09,0.0755526,0.0127071,0.480434
1.75656e+09,0.131133,0.00645532,0.484695
1.75656e+09,0.139203,-0.0124912,0.498544
1.75656e+09,0.115718,0.00013581,0.500674
1.75656e+09,0.0809973,0.0136047,0.516653
1.75656e+09,0.0867622,0.0148569,0.510262
1.75656e+09,0.092466,0.00952812,0.506001
1.75656e+09,0.136416,0.000551068,0.52411
1.75656e+09,0.156087,0.000785685,0.526241
1.75656e+09,0.123347,-0.0213194,0.513457
1.75656e+09,0.0991743,0.0162289,0.506001
1.75656e+09,0.0960971,0.0272476,0.50387
1.75656e+09,0.0927304,0.0347644,0.507066
1.75656e+09,0.0844579,-0.00802099,0.534763
1.75656e+09,0.0961766,0.00997547,0.513457
1.75656e+09,0.129447,-0.0443288,0.475108
1.75656e+09,0.133688,0.00692917,0.475108
1.75656e+09,0.120658,-0.00184057,0.495348
1.75656e+09,0.124633,0.0140565,0.535828
1.75656e+09,0.190814,0.0232895,0.555003
1.75656e+09,0.203079,0.0138933,0.561394
1.75656e+09,0.133662,0.0250241,0.556068
1.75656e+09,0.106077,0.0304364,0.583765
1.75656e+09,0.118467,0.0209286,0.613592
1.75656e+09,0.136515,0.0199841,0.651942
1.75656e+09,0.219699,0.0281306,0.670051
1.75656e+09,0.272061,0.0377958,0.66366
1.75656e+09,0.263591,0.0371547,0.674312
1.75656e+09,0.28296,0.0426694,0.732902
1.75656e+09,0.207283,0.0454195,0.711597
1.75656e+09,0.157493,0.0107144,0.721184
1.75656e+09,0.167116,0.01767,0.700944
1.75656e+09,0.185735,0.0469669,0.702009
1.75656e+09,0.233822,0.0278514,0.699879
1.75656e+09,0.24445,0.016631,0.679639
1.75656e+09,0.213359,-0.0322759,0.646615
1.75656e+09,0.205832,0.0160408,0.646615
1.75656e+09,0.170487,-0.00813781,0.647681
1.75656e+09,0.0751868,-0.020311,0.638093
1.75656e+09,0.0900796,-0.0317536,0.653007
1.75656e+09,0.188409,-0.0098011,0.635963
1.75656e+09,0.196929,0.00300993,0.640224
1.75656e+09,0.226031,0.017603,0.630636
1.75656e+09,0.154117,-0.00707539,0.615723
1.75656e+09,0.105763,-0.0126214,0.624245
1.75656e+09,0.123016,-0.0149561,0.678573
1.75656e+09,0.194761,0.011721,0.655138
1.75656e+09,0.271017,0.0365961,0.646615
1.75656e+09,0.258489,0.0406987,0.66579
1.75656e+09,0.295211,0.0596573,0.675378
1.75656e+09,0.296882,0.0613624,0.689226
1.75656e+09,0.320506,0.040805,0.70414
1.75656e+09,0.335173,0.013382,0.737163
1.75656e+09,0.322444,0.0109174,0.713727
1.75656e+09,0.326487,-0.00887793,0.760599
1.75656e+09,0.319527,0.00386767,0.768056
1.75656e+09,0.327575,0.0075793,0.761664
1.75656e+09,0.374354,0.0203226,0.806405
1.75656e+09,0.395954,-0.00061405,0.835167
1.75656e+09,0.396135,-0.0228052,0.829841
1.75656e+09,0.380976,-0.018947,0.830906
1.75656e+09,0.353778,-0.00775049,0.822384
1.75656e+09,0.232848,-0.0926541,0.958738
1.75656e+09,0.330967,-0.121078,0.923584
1.75656e+09,0.331595,-0.132126,0.86819
1.75656e+09,0.33737,-0.140355,0.843689
1.75656e+09,0.375664,-0.103628,0.784035
1.75656e+09,0.254406,-0.249876,0.803209
1.75656e+09,0.192796,-0.310703,0.814927
1.75656e+09,0.274744,-0.0684457,0.798948
1.75656e+09,0.3284,0.047702,0.647681
1.75656e+09,0.339948,0.0282781,0.604005
1.75656e+09,0.416055,0.005621,0.468716
1.75656e+09,0.347229,0.048598,0.44315
1.75656e+09,0.336007,0.0859062,0.46339
1.75656e+09,0.331698,0.0623541,0.583765
1.75656e+09,0.365323,-0.237222,0.576308
1.75656e+09,0.362958,-0.196699,0.512392
1.75656e+09,0.360983,-0.127537,0.462325
1.75656e+09,0.443318,-0.0967629,0.472977
1.75656e+09,0.45869,-0.0947668,0.487891
1.75656e+09,0.513249,-0.0857335,0.619984
1.75656e+09,0.446794,-0.120171,0.667921
1.75656e+09,0.440247,-0.115415,0.684965
1.75656e+09,0.448219,-0.134853,0.690291
1.75656e+09,0.420111,-0.17198,0.710531
1.75656e+09,0.39994,-0.160285,0.72651
1.75656e+09,0.442554,-0.152803,0.800013
1.75656e+09,0.472246,-0.165652,0.820254
1.75656e+09,0.480445,-0.147959,0.818123
1.75656e+09,0.480445,-0.147959,0.818123
1.75656e+09,0.437348,-0.0957414,0.810666
1.75656e+09,0.440493,-0.134604,0.826645
1.75656e+09,0.407356,-0.112502,0.828776
1.75656e+09,0.411279,-0.124723,0.862864
1.75656e+09,0.460073,-0.145664,0.883104
1.75656e+09,0.441513,-0.0935243,0.905475
1.75656e+09,0.436598,-0.149669,0.910801
1.75656e+09,0.42776,-0.164649,0.940628
1.75656e+09,0.441258,-0.151886,0.938498
1.75656e+09,-0.100629,0.111917,0.922519
1.75656e+09,-0.216655,0.150845,0.918258
1.75656e+09,0.232207,-0.01321,0.933172
1.75656e+09,0.377711,-0.0892851,0.933172
1.75656e+09,0.386913,-0.112789,0.936367
1.75656e+09,0.399312,-0.131132,0.958738
1.75656e+09,0.427478,-0.118717,0.957673
1.75656e+09,0.4473,-0.130279,0.931041
1.75656e+09,0.439544,-0.116344,0.936367
1.75656e+09,0.424827,-0.135465,0.976847
1.75656e+09,0.415747,-0.156233,0.986435
1.75656e+09,0.4681,-0.164212,0.996022
1.75656e+09,0.4681,-0.164212,0.996022
1.75656e+09,0.4681,-0.164212,0.996022
1.75656e+09,0.4681,-0.164212,0.996022
1.75656e+09,0.4681,-0.164212,0.996022
1.75656e+09,0.418447,-0.127207,0.992826
1.75656e+09,0.321352,0.223808,0.962999
1.75656e+09,0.321352,0.223808,0.962999
1.75656e+09,0.335205,0.222969,0.961934
1.75656e+09,0.449055,0.143412,0.915062
1.75656e+09,0.572638,0.142566,0.768056
1.75656e+09,0.580237,0.0903247,0.697748
1.75656e+09,0.526979,-0.01015,0.678573
1.75656e+09,0.511224,-0.0834674,0.628506
1.75656e+09,0.500816,-0.132721,0.593352
1.75656e+09,0.540886,-0.212255,0.496413
1.75656e+09,0.51307,-0.214742,0.435693
1.75656e+09,0.511511,-0.193834,0.420779
1.75656e+09,0.511605,-0.193764,0.420779
1.75656e+09,0.521378,-0.176398,0.314253
1.75656e+09,0.545713,-0.192434,0.266316
1.75656e+09,0.571897,-0.209234,0.187487
1.75656e+09,0.617622,-0.188078,0.174703
1.75656e+09,0.525097,-0.182552,0.177899
1.75656e+09,0.492889,-0.152689,0.168312
1.75656e+09,0.512348,-0.133457,0.125701
1.75656e+09,0.598669,-0.458646,0.0681769
1.75656e+09,0.582322,-0.538917,0.0777643
1.75656e+09,0.573735,-0.461457,0.0426106
1.75656e+09,0.530747,-0.349373,0.036219
1.75656e+09,0.567372,-0.227237,0.0319579
1.75656e+09,0.588756,-0.179792,-0.00319579
1.75656e+09,0.527371,-0.191601,-0.0340885
1.75656e+09,0.497215,-0.190444,-0.0617853
1.75656e+09,0.548664,-0.200399,-0.0149137
1.75656e+09,0.490376,-0.0199385,-0.34195
1.75656e+09,0.563718,0.0785707,-0.123571
1.75656e+09,0.58008,0.0781905,-0.123571
1.75656e+09,0.504825,0.119385,-0.106526
1.75656e+09,0.600117,-0.0220892,-0.183225
1.75656e+09,0.631358,-0.0687292,-0.0894822
1.75656e+09,0.650522,-0.152218,-0.0916127
1.75656e+09,0.486097,-0.203581,0.00426106
1.75656e+09,0.518277,-0.193918,0.0127832
1.75656e+09,0.585519,-0.0465966,0.0319579
1.75656e+09,0.54931,0.164358,0.0756338
1.75656e+09,0.501521,0.207618,0.0649811
1.75656e+09,0.506308,0.0813276,0.0255663
1.75656e+09,0.493877,-0.039096,0.0330232
1.75656e+09,0.536971,-0.0717337,0.0500674
1.75656e+09,0.563181,-0.234299,0.0543285
1.75656e+09,0.56645,-0.128674,0.0276969
1.75656e+09,0.593734,-0.0624408,0.00958738
1.75656e+09,0.547331,-0.0847552,0.196009
1.75656e+09,0.569308,-0.137147,0.218379
1.75656e+09,0.501666,-0.121834,0.188552
1.75656e+09,0.505891,-0.104874,0.173638
1.75656e+09,0.523774,-0.100478,0.140615
1.75656e+09,0.536175,0.0478489,0.0468716
1.75656e+09,0.514494,0.116406,0.0607201
1.75656e+09,0.46285,0.16337,0.0628506
1.75656e+09,0.494866,0.176182,0.00958738
1.75656e+09,0.469206,0.0501106,-0.0692422
1.75656e+09,0.534273,-0.072477,-0.0490022
1.75656e+09,0.519391,-0.0999916,-0.0543285
1.75656e+09,0.54938,-0.0993068,-0.0713727
1.75656e+09,0.504404,-0.058018,-0.117179
1.75656e+09,0.480183,-0.0688294,-0.116114
1.75656e+09,0.443903,-0.138918,-0.142745
1.75656e+09,0.421209,-0.0899849,-0.147006
1.75656e+09,0.459311,-0.0250303,-0.118244
1.75656e+09,0.446212,-0.0593382,-0.105461
1.75656e+09,0.483809,-0.0198833,-0.0245011
1.75656e+09,0.46498,-0.00601952,-0.0308927
1.75656e+09,0.492847,0.0154331,0.0276969
1.75656e+09,0.516806,0.0278918,0.0245011
1.75656e+09,0.48203,0.0273221,0.0394148
1.75656e+09,0.430547,0.0113782,0.0671116
1.75656e+09,0.428666,0.0090388,0.0671116
1.75656e+09,0.428567,0.00895657,0.0671116
1.75656e+09,0.428558,0.00903274,0.0671116
1.75656e+09,0.476665,0.0607437,0.129962
1.75656e+09,0.452106,0.0287899,0.1012
1.75656e+09,0.467457,0.0288639,0.107592
1.75656e+09,0.614172,0.0462035,0.096939
1.75656e+09,0.633483,0.0445422,0.118244
1.75656e+09,0.556327,0.0431083,0.148072
1.75656e+09,0.486481,0.0499086,0.115049
1.75656e+09,0.439414,0.0409171,0.0735032
1.75656e+09,0.475767,0.053899,0.0500674
1.75656e+09,0.571129,0.0716522,0.0245011
1.75656e+09,0.550323,0.0374369,0.0468716
1.75656e+09,0.539883,0.0536895,0.0639159
1.75656e+09,0.519491,0.0451993,0.0660464
1.75656e+09,0.499795,0.0466074,0.0500674
1.75656e+09,0.54897,0.0321745,0.00532632
1.75656e+09,0.582068,0.0431319,0.00426106
1.75656e+09,0.56423,0.058491,0.00958738
1.75656e+09,0.482647,0.0465289,0.0106526
1.75656e+09,0.504353,0.0448419,0.0191748
1.75656e+09,0.506482,0.0359927,-0.00213053
1.75656e+09,0.524159,0.0226312,-0.0138484
1.75656e+09,0.62908,0.0292611,0.00426106
1.75656e+09,0.625894,0.0309429,0.0117179
1.75656e+09,0.567842,0.036869,0.0415453
1.75656e+09,0.53225,0.0411709,0.0319579
1.75656e+09,0.539002,0.0453648,0.0287621
1.75656e+09,0.545676,0.0229975,0.0394148
1.75656e+09,0.646011,-0.0124233,0.052198
1.75656e+09,0.642069,0.0028457,0.0948085
1.75656e+09,0.562324,0.0285435,0.0852211
1.75656e+09,0.589115,0.0633273,0.115049
1.75656e+09,0.456787,-0.0964692,0.227967
1.75656e+09,0.526424,-0.0997931,0.26312
1.75656e+09,0.483262,-0.158352,0.174703
1.75656e+09,0.498928,-0.196844,0.14168
1.75656e+09,0.495594,-0.149939,0.0958738
1.75656e+09,0.534759,-0.140247,0.14168
1.75656e+09,0.551759,-0.115532,0.123571
1.75656e+09,0.532032,-0.034186,0.1012
1.75656e+09,0.705593,-0.235067,0.0820253
1.75656e+09,0.7065,-0.25076,0.106526
1.75656e+09,0.564123,-0.227135,0.14168
1.75656e+09,0.529906,-0.142515,0.0894822
1.75656e+09,0.504844,-0.122497,0.0532632
1.75656e+09,0.559234,-0.0578153,0.0255663
1.75656e+09,0.606304,-0.0267167,0.0426106
1.75656e+09,0.535208,-0.0335341,0.0436758
1.75656e+09,0.51941,-0.086241,0.0862864
1.75656e+09,0.492984,-0.0863841,0.0830906
1.75656e+09,0.478495,-0.14963,0.0649811
1.75656e+09,0.515319,-0.164095,0.0500674
1.75656e+09,0.515487,-0.100948,0.0585895
1.75656e+09,0.47869,-0.123963,0.0553937
1.75656e+09,0.46793,-0.137183,0.0990696
1.75656e+09,0.566964,-0.0951889,0.0628506
1.75656e+09,0.551164,-0.106267,-0.149137
1.75656e+09,0.693137,-0.0917384,-0.165116
1.75656e+09,0.648698,0.0948962,-0.138484
1.75656e+09,0.579016,0.107218,-0.144876
1.75656e+09,0.57321,-0.00640017,-0.0383495
1.75656e+09,0.573405,-0.134384,-0.0958738
1.75656e+09,0.594216,-0.168815,-0.112918
1.75656e+09,0.567948,-0.247155,-0.175769
1.75656e+09,0.653228,-0.125472,-0.189617
1.75656e+09,0.64719,-0.104804,-0.192813
1.75656e+09,0.608745,-0.120123,-0.158724
1.75656e+09,0.604116,-0.111796,-0.136354
1.75656e+09,0.572421,-0.111971,-0.152333
1.75656e+09,0.612684,-0.126679,-0.124636
1.75656e+09,0.666443,-0.18777,-0.113983
1.75656e+09,0.670456,-0.181963,-0.105461
1.75656e+09,0.625697,-0.195371,-0.100135
1.75656e+09,0.583586,-0.184459,-0.0681769
1.75656e+09,0.612928,-0.181009,-0.0607201
1.75656e+09,0.637529,-0.180281,-0.0394148
1.75656e+09,0.612908,-0.17568,-0.0287621
1.75656e+09,0.621227,-0.192787,0.00319579
1.75656e+09,0.653563,-0.202059,0.0149137
1.75656e+09,0.651323,-0.204526,0.0213053
1.75656e+09,0.669657,-0.198601,0.0511327
1.75656e+09,0.64276,-0.170176,0.0980043
1.75656e+09,0.58304,-0.20516,0.12144
1.75656e+09,0.579378,-0.21768,0.12144
1.75656e+09,0.590576,-0.188804,0.113983
1.75656e+09,0.594881,-0.147278,0.0862864
1.75656e+09,0.609934,-0.141952,0.0820253
1.75656e+09,0.626338,-0.158052,0.0628506
1.75656e+09,0.559935,-0.257224,0.0255663
1.75656e+09,0.572812,-0.252409,0.00745685
1.75656e+09,0.6019,-0.210926,-0.00958738
1.75656e+09,0.643815,-0.217388,-0.015979
1.75656e+09,0.593013,-0.183111,-0.02024
1.75656e+09,0.562286,-0.175505,-0.02024
1.75656e+09,0.613948,-0.205527,-0.0585895
1.75656e+09,0.618647,-0.209509,-0.0628506
1.75656e+09,0.657194,-0.232445,-0.0756338
1.75656e+09,0.628158,-0.186351,-0.0553937
1.75656e+09,0.648708,-0.184648,-0.0713727
1.75656e+09,0.628353,-0.187514,-0.0681769
1.75656e+09,0.642657,-0.17584,-0.0660464
1.75656e+09,0.736447,-0.181444,-0.0649811
1.75656e+09,0.687665,-0.214747,-0.0756338
1.75656e+09,0.634798,-0.186985,-0.0830906
1.75656e+09,0.662441,-0.183633,-0.0713727
1.75656e+09,0.654969,-0.2264,-0.0681769
1.75656e+09,0.708297,-0.18256,-0.0490022
1.75656e+09,0.744035,-0.173511,-0.056459
1.75656e+09,0.734992,-0.194609,-0.0596548
1.75656e+09,0.707767,-0.198224,-0.036219
1.75656e+09,0.709528,-0.201541,-0.0234358
1.75656e+09,0.671513,-0.178831,-0.0138484
1.75656e+09,0.700126,-0.216139,-0.0468716
1.75656e+09,0.799946,-0.216997,-0.0553937
1.75656e+09,0.781347,-0.263371,-0.0287621
1.75656e+09,0.717502,-0.233858,-0.015979
1.75656e+09,0.721274,-0.207983,0.0149137
1.75656e+09,0.753765,-0.216708,0.00106526
1.75656e+09,0.722995,-0.228205,-0.0308927
1.75656e+09,0.738154,-0.238384,-0.0436758
1.75656e+09,0.724458,-0.241679,-0.0340885
1.75656e+09,0.734774,-0.25181,0.00106526
1.75656e+09,0.741001,-0.245772,0.00532632
1.75656e+09,0.769943,-0.25283,-0.00532632
1.75656e+09,0.764659,-0.275482,-0.0308927
1.75656e+09,0.739794,-0.30607,-0.0127832
1.75656e+09,0.718834,-0.296222,-0.00106526
1.75656e+09,0.713853,-0.28156,0.00532632
1.75656e+09,0.724368,-0.278567,0.0149137
1.75656e+09,0.790954,-0.222888,-0.00426106
1.75656e+09,0.797727,-0.305215,-0.0127832
1.75656e+09,0.74829,-0.329732,-0.00426106
1.75656e+09,0.684391,-0.274376,0.00852211
1.75656e+09,0.756929,-0.236322,0.0106526
1.75656e+09,0.783393,-0.212466,-0.00639159
1.75656e+09,0.814004,-0.23944,-0.0266316
1.75656e+09,0.802331,-0.228697,-0.0255663
1.75656e+09,0.75255,-0.141898,-0.0138484
1.75656e+09,0.698724,0.0163137,-0.0117179
1.75656e+09,0.781759,0.0539447,-0.0447411
1.75656e+09,0.880191,-0.0271861,-0.0245011
1.75656e+09,0.855696,-0.0677802,-0.245011
1.75656e+09,0.830765,-0.0266972,0.127832
1.75656e+09,0.11481,-0.00184781,0.116114
1.75656e+09,0.00508102,0.00203365,0.233293
1.75656e+09,0.0017876,0.00205667,0.102265
1.75656e+09,0.00180416,0.00194445,0.107592
1.75656e+09,0.00179324,0.00166103,0.178964
1.75656e+09,1.01515,-0.343538,0.203465
1.75656e+09,1.13208,-0.360018,0.192813
1.75656e+09,0.853581,-0.195278,0.158724
1.75656e+09,0.726229,-0.178044,0.134223
1.75656e+09,0.676458,-0.231175,0.0479369
1.75656e+09,0.807141,-0.252142,-0.0234358
1.75656e+09,0.833314,-0.325144,-0.00852211
1.75656e+09,0.83095,-0.407409,-0.036219
1.75656e+09,0.746268,-0.341137,-0.072438
1.75656e+09,0.0578197,-0.0696041,0.052198
1.75656e+09,-0.0701332,-0.0237479,-0.00213053
1.75656e+09,0.578359,-0.144419,0.0575243
1.75656e+09,0.764227,-0.241901,0.0415453
1.75656e+09,0.685242,-0.259601,0.0351537
1.75656e+09,0.772747,-0.249157,0.0745685
1.75656e+09,0.756969,-0.310814,0.105461
1.75656e+09,0.7242,-0.311089,0.14168
1.75656e+09,0.771816,-0.295097,0.116114
1.75656e+09,0.795537,-0.27331,0.0745685
1.75656e+09,0.794323,-0.261803,0.0511327
1.75656e+09,0.826249,-0.2344,0.103331
1.75656e+09,0.801927,-0.232885,0.0852211
1.75656e+09,0.761219,-0.278673,0.0713727
1.75656e+09,0.741057,-0.247005,-0.015979
1.75656e+09,0.773169,-0.211636,-0.00213053
1.75656e+09,0.769296,-0.221096,-0.0181095
1.75656e+09,0.808279,-0.197704,-0.00213053
1.75656e+09,0.755325,-0.222095,-0.0639159
1.75656e+09,0.736727,-0.23233,-0.0916127
1.75656e+09,0.689272,-0.214724,-0.129962
1.75656e+09,0.726642,-0.244493,-0.132093
1.75656e+09,0.745083,-0.210895,-0.132093
1.75656e+09,0.732796,-0.22281,-0.0777643
1.75656e+09,0.719923,-0.217834,-0.0703074
1.75656e+09,0.697376,-0.239085,-0.0937433
1.75656e+09,0.753543,-0.231385,-0.096939
1.75656e+09,0.826957,-0.259171,-0.0777643
1.75656e+09,0.875406,-0.251141,-0.0639159
1.75656e+09,0.841886,-0.241664,-0.0266316
1.75656e+09,0.857548,-0.207502,-0.00639159
1.75656e+09,0.774468,-0.227864,-0.0415453
1.75656e+09,0.768877,-0.225466,-0.0298274
1.75656e+09,0.797201,-0.222096,-0.0287621
1.75656e+09,0.857503,-0.265004,-0.00319579
1.75656e+09,0.869992,-0.270051,0.036219
1.75656e+09,0.85918,-0.270986,0.0468716
1.75656e+09,0.872805,-0.260475,0.0149137
1.75656e+09,0.790132,-0.251653,0
1.75656e+09,0.824057,-0.244802,0.00852211
1.75656e+09,0.864713,-0.225805,0.0213053
1.75656e+09,0.844387,-0.247755,0.0500674
1.75656e+09,0.887108,-0.314603,0.0532632
1.75656e+09,0.868032,-0.298037,0.0447411
1.75656e+09,0.838301,-0.280827,0.0245011
1.75656e+09,0.842653,-0.280975,0.0351537
1.75656e+09,0.800776,-0.293845,0.0298274
1.75656e+09,0.746551,-0.34037,0.0532632
1.75656e+09,0.656925,-0.342304,0.0745685
1.75656e+09,0.658156,-0.342496,0.0681769
1.75656e+09,0.658156,-0.342496,0.0681769
1.75656e+09,0.658156,-0.342496,0.0681769
1.75656e+09,0.833527,-0.372689,-0.0426106
1.75656e+09,0.833527,-0.372689,-0.0426106
1.75656e+09,0.869299,-0.148402,-0.235423
1.75656e+09,0.89766,-0.270892,-0.307861
1.75656e+09,0.835233,-0.391404,-0.28123
1.75656e+09,0.290152,-0.803599,-0.374973
1.75656e+09,-0.374563,-0.860315,-0.412257
1.75656e+09,-0.439057,-0.816504,-0.357929
1.75656e+09,-0.476911,-0.520867,-0.348341
1.75656e+09,0.352138,-0.317041,-0.248207
1.75656e+09,0.538009,-0.2472,-0.2024
1.75656e+09,0.525205,-0.369598,-0.18216
1.75656e+09,-0.0595694,-0.235981,-0.132093
1.75656e+09,0.107837,-0.390694,-0.104396
1.75656e+09,0.106053,-0.3351,-0.0916127
1.75656e+09,0.637531,-0.24906,-0.0713727
1.75656e+09,0.794329,-0.18951,-0.0852211
1.75656e+09,0.535188,-0.196715,-0.0585895
1.75656e+09,0.664423,-0.261336,-0.0479369
1.75656e+09,0.721436,-0.284286,-0.0756338
1.75656e+09,0.881706,-0.286788,-0.052198
1.75656e+09,0.869964,-0.334599,-0.0703074
1.75656e+09,0.762615,-0.347408,-0.0447411
1.75656e+09,0.533695,-0.381714,-0.0468716
1.75656e+09,0.583577,-0.344904,-0.0138484
1.75656e+09,0.596621,-0.29483,-0.0415453
1.75656e+09,0.663701,-0.230899,-0.0841559
1.75656e+09,0.703854,-0.329834,-0.036219
1.75656e+09,0.701653,-0.29436,-0.036219
1.75656e+09,0.652005,-0.316759,0.0276969
1.75656e+09,0.79094,-0.277599,0.0617853
1.75656e+09,0.79094,-0.277599,0.0617853
1.75656e+09,0.784614,-0.315626,0.0756338
1.75656e+09,0.797968,-0.29016,0.0681769
1.75656e+09,0.927705,-0.277238,0.076699
1.75656e+09,0.866261,-0.303389,0.0468716
1.75656e+09,0.836811,-0.324341,0.0532632
1.75656e+09,0.875547,-0.310357,0.0500674
1.75656e+09,0.873002,-0.251339,-0.00852211
1.75656e+09,0.800838,-0.251723,-0.0255663
1.75656e+09,0.787082,-0.258364,-0.0543285
1.75656e+09,0.781766,-0.265106,-0.0830906
1.75656e+09,0.776468,-0.263453,-0.104396
1.75656e+09,0.85781,-0.32106,-0.144876
1.75656e+09,0.916111,-0.392347,-0.185356
1.75656e+09,0.866108,-0.376686,-0.167246
1.75656e+09,0.771057,-0.10719,-0.395213
1.75656e+09,0.631284,0.0100876,-0.171508
1.75656e+09,0.655115,-0.0632068,-0.072438
1.75656e+09,0.0260541,-0.00044789,-0.115049
1.75656e+09,0.0130269,0.00106147,-0.0937433
1.75656e+09,0.00964328,0.00137064,0.0340885
1.75656e+09,0.355786,-0.303641,0.0852211
1.75656e+09,0.529378,-0.194653,0.152333
1.75656e+09,0.784888,-0.0947721,0.189617
1.75656e+09,0.738173,-0.0880321,0.173638
1.75656e+09,0.661867,-0.146158,0.160855
1.75656e+09,0.609049,-0.249168,0.210922
1.75656e+09,0.577425,-0.297387,0.199204
1.75656e+09,0.661547,-0.286537,0.190682
1.75656e+09,0.684187,-0.360619,0.192813
1.75656e+09,0.639581,-0.39021,0.199204
1.75656e+09,0.625282,-0.331038,0.18003
1.75656e+09,0.592331,-0.227785,0.153398
1.75656e+09,0.600283,-0.198599,0.132093
1.75656e+09,0.592611,-0.189396,0.0884169
1.75656e+09,0.643076,-0.155131,0.0692422
1.75656e+09,0.678432,-0.113362,0.0692422
1.75656e+09,0.653732,-0.0774993,0.00426106
1.75656e+09,0.575474,-0.0236413,-0.0511327
1.75656e+09,0.540639,-0.0292007,-0.0511327
1.75656e+09,0.554827,-0.0385803,-0.0447411
1.75656e+09,0.54332,-0.057789,-0.072438
1.75656e+09,0.328994,0.0230381,-0.108657
1.75656e+09,0.358479,0.0941435,-0.11931
1.75656e+09,0.470574,0.047622,-0.129962
1.75656e+09,0.562322,0.0181803,-0.134223
1.75656e+09,0.558634,-0.000764419,-0.144876
1.75656e+09,0.424675,0.0116816,-0.151268
1.75656e+09,0.381047,0.0110009,-0.167246
1.75656e+09,0.427365,0.00696733,-0.170442
1.75656e+09,0.450733,-0.00942419,-0.170442
1.75656e+09,0.429268,0.0135407,-0.175769
1.75656e+09,0.451088,0.0150342,-0.0873517
1.75656e+09,0.535307,-0.0589524,0.0884169
1.75656e+09,0.447224,-0.109654,0.0553937
1.75656e+09,0.429993,-0.0595059,0.0777643
1.75656e+09,0.435548,-0.0661126,0.0575243
1.75656e+09,0.442853,-0.0202611,0.0894822
1.75656e+09,0.422775,-0.0397253,0.0948085
1.75656e+09,0.396481,-0.0581742,0.143811
1.75656e+09,0.361949,-0.106243,0.178964
1.75656e+09,0.392635,-0.0496072,0.185356
1.75656e+09,0.355701,0.0281618,0.217314
1.75656e+09,0.342051,0.000942356,0.162985
1.75656e+09,0.338137,-0.000185198,0.14168
1.75656e+09,0.315904,0.0280581,0.0937433
1.75656e+09,0.330657,0.139857,0.096939
1.75656e+09,0.17452,0.353582,0.0862864
1.75656e+09,0.323067,0.146691,0.0692422
1.75656e+09,0.349626,0.0506371,0.0308927
1.75656e+09,0.353733,0.0387332,0.0106526
1.75656e+09,0.301247,0.111946,0.0170442
1.75656e+09,0.324111,0.171622,0.0117179
1.75656e+09,0.32077,0.15328,-0.0468716
1.75656e+09,0.169455,-0.0310218,0.230097
1.75656e+09,0.24791,-0.0839214,0.223706
1.75656e+09,0.240074,-0.106342,0.155529
1.75656e+09,0.218735,-0.227865,0.123571
1.75656e+09,0.0715844,-0.195944,0.0852211
1.75656e+09,0.0487251,-0.0943355,0.0745685
1.75656e+09,0.133547,0.181594,0.108657
1.75656e+09,0.255092,0.326845,0.105461
1.75656e+09,0.264324,0.267294,0.076699
1.75656e+09,0.236254,0.105455,0.0436758
1.75656e+09,0.181051,-0.122395,0.0852211
1.75656e+09,0.193644,-0.162976,0.103331
1.75656e+09,0.189603,-0.115259,0.0756338
1.75656e+09,0.17406,-0.000507654,0.0628506
1.75656e+09,0.145302,0.0331458,0.0532632
1.75656e+09,0.163909,0.0647053,0.0436758
1.75656e+09,0.144536,0.0602833,0.0511327
1.75656e+09,0.13188,0.0643609,0.0447411
1.75656e+09,0.105318,0.0390147,0.0394148
1.75656e+09,0.0895644,-0.00575669,0.0266316
1.75656e+09,0.0941759,0.00453919,0.0127832
1.75656e+09,0.166816,0.00669425,0.0276969
1.75656e+09,0.161749,0.0383915,0.00745685
1.75656e+09,0.118296,0.0388704,0.00106526
1.75656e+09,0.0600812,0.0313337,-0.00106526
1.75656e+09,0.0323884,0.028838,-0.00319579
1.75656e+09,0.0351338,0.0347791,-0.015979
1.75656e+09,0.0690201,0.0340754,-0.0127832
1.75656e+09,0.0990298,0.0164381,0.0170442
1.75656e+09,0.078111,0.0292585,0.0127832
1.75656e+09,0.0381305,0.0224656,0
1.75656e+09,0.00897282,0.0145654,0.00213053
1.75656e+09,0.0169372,0.0110963,0.00213053
1.75656e+09,0.0699667,0.0185611,0.00319579
1.75656e+09,0.0553953,0.0175509,0.0138484
1.75656e+09,0.0468314,0.00812862,0.0127832
1.75656e+09,-0.00170565,0.004024,0.00958738
1.75656e+09,-0.00803156,0.00854398,0.0127832
1.75656e+09,-0.00799866,0.00921185,0.00426106
1.75656e+09,0.0143846,0.011772,0.0234358
1.75656e+09,0.0509582,0.0217964,0.00958738
1.75656e+09,0.0572299,0.0144218,0.00106526
1.75656e+09,0.0591936,0.0140372,0.0117179
1.75656e+09,0.0600505,0.000659719,0.0138484
1.75656e+09,0.0480743,-0.00758138,0.0181095
1.75656e+09,0.0459969,0.0105443,0.00852211
1.75656e+09,0.0539684,0.0202739,0.00426106
1.75656e+09,0.0381874,0.0137896,0.0138484
1.75656e+09,0.00893696,0.00319125,-0.00106526
1.75656e+09,-0.0122879,-0.00412027,0.00639159
1.75656e+09,-0.0308435,-0.0140379,0
1.75656e+09,-0.0160616,0.00635105,0.00106526
1.75656e+09,-0.02692,0.0136228,0.02024
1.75656e+09,-0.0318476,0.00834607,0.0149137
1.75656e+09,-0.0415911,0.00525203,0.0287621
1.75656e+09,-0.0478982,-0.0168353,0.0340885
1.75656e+09,-0.0485197,-0.0192046,0.0436758
1.75656e+09,-0.0239242,-0.000580674,0.0415453
1.75656e+09,-0.0256905,-0.00266616,0.0532632
1.75656e+09,-0.0439374,-0.00865476,0.0628506
1.75656e+09,-0.0630304,-0.0128303,0.056459
1.75656e+09,-0.0566159,-0.0123443,0.0745685
1.75656e+09,-0.0499656,-0.0107755,0.0745685
1.75656e+09,-0.0392822,-0.0208867,0.0756338
1.75656e+09,-0.0150034,0.00414397,0.0862864
1.75656e+09,-0.0260199,0.00928055,0.072438
1.75656e+09,-0.0501299,-0.0185636,0.0798948
1.75656e+09,-0.0500868,-0.00784716,0.0660464
1.75656e+09,-0.0556801,-0.0157155,0.0703074
1.75656e+09,-0.0472987,-0.0177096,0.0596548
1.75656e+09,-0.0409226,0.0111525,0.0607201
1.75656e+09,-0.0376278,0.0140393,0.0511327
1.75656e+09,-0.0589573,-0.00292649,0.0340885
1.75656e+09,-0.0351489,0.00882556,0.0383495
1.75656e+09,-0.0472003,-0.0131624,0.0468716
1.75656e+09,-0.0427754,-0.00407789,0.0468716
1.75656e+09,-0.0344866,0.00802881,0.0298274
1.75656e+09,-0.037259,-0.00580286,0.0276969
1.75656e+09,-0.0420526,-0.0191777,0.0319579
1.75656e+09,-0.0293171,-0.0133013,0.0266316
1.75656e+09,-0.0294235,-0.0224697,0.0319579
1.75656e+09,-0.0381396,-0.0270739,0.0245011
1.75656e+09,-0.0204393,-0.0149524,0.0298274
1.75656e+09,-0.0314392,-0.0119891,0.0287621
1.75656e+09,-0.0271511,-0.00761985,0.036219
1.75656e+09,-0.0375006,-0.00962428,0.0276969
1.75656e+09,-0.025962,-0.0135515,0.0213053
1.75656e+09,-0.0261281,-0.0162217,0.0330232
1.75656e+09,-0.0351806,-0.0148431,0.0319579
1.75656e+09,-0.0365297,-0.0234929,0.0276969
1.75656e+09,-0.026751,-0.0118698,0.0447411
1.75656e+09,-0.0244728,-0.00792573,0.0276969
1.75656e+09,-0.0223008,-0.0201248,0.036219
1.75656e+09,-0.0183699,-0.0141945,0.0255663
1.75656e+09,-0.00909614,-0.00925236,0.0298274
1.75656e+09,-0.0114078,-0.00901659,0.0287621
1.75656e+09,-0.0089216,-0.0110251,0.0181095
1.75656e+09,-0.00339358,-0.001722,0.0170442
1.75656e+09,-0.00795853,-0.00687598,0.00852211
1.75656e+09,-0.0162238,-0.000771095,0.00213053
1.75656e+09,-0.0263478,-0.00486742,0.00319579
1.75656e+09,-0.0265039,-0.00339747,-0.00532632
1.75656e+09,-0.00624316,-0.00904888,0.00319579
1.75656e+09,-0.000452432,0.000809304,-0.00213053
1.75656e+09,0.00571397,-0.00758275,-0.00213053
1.75656e+09,-0.00238574,-0.0123901,-0.0149137
1.75656e+09,-0.0157578,-0.00779076,-0.0276969
1.75656e+09,-0.00492671,-0.0105795,-0.00532632
1.75656e+09,0.000827768,-0.00416742,-0.00745685
1.75656e+09,-0.00764246,-0.0105872,-0.00745685
1.75656e+09,-0.00597112,-0.000412753,-0.00213053
1.75656e+09,-0.00597112,-0.000412753,-0.00213053
1.75656e+09,0.00220639,-0.00333154,-0.0106526
1.75656e+09,-0.00485578,-0.00611445,0.00639159
1.75656e+09,-0.00172987,-0.0101582,0.0106526
1.75656e+09,0.000371816,-0.00557916,0.0127832
1.75656e+09,0.0107225,-0.00735119,0.0234358
1.75656e+09,0.0177231,0.00277407,0.0266316
1.75656e+09,0.0104381,-0.00427057,0.00745685
1.75656e+09,0.0100271,0.00235753,0.0276969
1.75656e+09,0.00989104,0.0059073,0.0191748
1.75656e+09,0.00978165,0.00225398,0.0138484
1.75656e+09,0.0115252,-0.00356994,0.0106526
1.75656e+09,-0.00239635,-0.00799405,0
1.75656e+09,0.0113285,-0.00623695,0.0191748
1.75656e+09,0.00899386,-0.00557394,0.0149137
1.75656e+09,0.00509825,0.00974884,0.00106526
1.75656e+09,0.000108721,-0.000938791,-0.00106526
1.75656e+09,0.00671971,0.00865913,0.00532632
1.75656e+09,-0.000865488,-0.00256793,0.00532632
1.75656e+09,0.00342906,-0.0126552,-0.00213053
1.75656e+09,0.0110498,-0.0113686,-0.00319579
1.75656e+09,0.0118417,0.00940309,-0.00639159
1.75656e+09,0.0144381,-0.00442631,-0.00532632
1.75656e+09,0.0125696,0.00225483,-0.00639159
1.75656e+09,0.00624544,0.000693502,-0.00745685
1.75656e+09,0.00060495,0.0037247,-0.00213053
1.75656e+09,-0.00218189,-0.0117626,0.00532632
1.75656e+09,0.000530867,-8.79219e-05,0.00852211
1.75656e+09,-0.00334503,0.00428021,0.00532632
1.75656e+09,-0.0163327,0.00327999,0.00958738
1.75656e+09,-0.0170858,0.00110025,-0.00106526
1.75656e+09,0.00196518,0.00363415,0.0106526
1.75656e+09,0.00378035,-0.00345314,0.02024
1.75656e+09,0.0078165,-0.00499133,0.0149137
1.75656e+09,-0.00670956,0.00272909,0.00745685
1.75656e+09,-0.011173,0.00331634,0.00745685
1.75656e+09,-0.00478645,0.000914266,0.0170442
1.75656e+09,0.0026608,-0.0094252,0.0181095
1.75656e+09,0.00490162,-0.00450479,0.00745685
1.75656e+09,0.00325784,-0.0039619,0.0106526
1.75656e+09,0.00446521,0.0011545,0.00745685
1.75656e+09,-0.000400587,0.00338542,0.00213053
1.75656e+09,-0.00138301,0.00065052,-0.00745685
1.75656e+09,-0.00147079,0.00163099,-0.00426106
1.75656e+09,0.00658692,-0.0016138,0.00745685
1.75656e+09,-0.0011896,-0.00575792,-0.00958738
1.75656e+09,-0.00122252,0.00731729,-0.00958738
1.75656e+09,-3.09027e-05,-0.00232523,-0.0127832
1.75656e+09,-0.007031,-0.0106925,-0.0191748
1.75656e+09,-0.00895876,-0.00666334,-0.0127832
1.75656e+09,-0.00946287,0.00494336,-0.0127832
1.75656e+09,0.00378872,-0.00692141,0.00319579
1.75656e+09,-0.00162209,-0.00260083,-0.0106526
1.75656e+09,-0.00168576,-0.0132342,0.0138484
1.75656e+09,-0.00573483,-0.0100208,0
1.75656e+09,0.000752117,-0.00339926,0.0106526
1.75656e+09,-0.00402745,0.001369,0.0149137
1.75656e+09,-0.00327996,-0.0110198,0.0127832
1.75656e+09,-0.00717402,-0.0136747,0.0181095
1.75656e+09,-0.00344821,-0.00623932,0.0298274
1.75656e+09,-0.00374806,-0.006699,0.0234358
1.75656e+09,-0.00955097,-0.00122167,0.0223706
1.75656e+09,-0.0139898,0.00952567,0.0276969
1.75656e+09,-0.00199317,-0.000917716,0.0266316
1.75656e+09,0.00072993,-0.00407663,0.0170442
1.75656e+09,-0.00551893,0.0073724,0.00532632
1.75656e+09,-0.00570718,-0.0173287,0.0138484
1.75656e+09,-0.0031118,0.000140914,0.00958738
1.75656e+09,-0.00591509,-0.00146473,0.00532632
1.75656e+09,-0.00065416,-0.0111279,0.00958738
1.75656e+09,-0.00030802,-0.00455222,0.00745685
1.75656e+09,-0.0093711,-0.00499277,0.00958738
1.75656e+09,0.00156122,-0.00347243,-0.00745685
1.75656e+09,-0.000748083,-0.00431385,0.00532632
1.75656e+09,0.000712651,-0.00128347,-0.0138484
1.75656e+09,0.000110141,-0.00615109,-0.00532632
1.75656e+09,0.00132719,-0.00238435,-0.00958738
1.75656e+09,0.000161984,0.00406017,-0.00106526
1.75656e+09,-0.00642619,-0.00465178,-0.00319579
1.75656e+09,-0.0121519,-0.00533605,-0.00426106
1.75656e+09,-0.0100579,0.00583431,-0.00745685
1.75656e+09,-0.00915885,-0.00730768,-0.00213053
1.75656e+09,-0.00539145,9.48914e-05,0.00106526
1.75656e+09,-0.0050399,-0.00168076,0.00426106
1.75656e+09,-0.000663748,-0.00798737,0.00639159
1.75656e+09,-0.00444065,-0.00384321,0.0213053
1.75656e+09,-0.0092291,-0.000833628,0.0181095
1.75656e+09,0.00149971,0.00227255,0.015979
1.75656e+09,0.00125276,0.0112617,0.0149137
1.75656e+09,-0.00757614,0.00226725,0.02024
1.75656e+09,-0.00591039,-0.00750725,0.0149137
1.75656e+09,-0.00811077,9.12109e-06,0.00958738
1.75656e+09,-0.00108948,-0.00259669,0.0149137
1.75656e+09,-0.00417317,0.00367568,0.00852211
1.75656e+09,-0.00164175,-0.00110263,0
1.75656e+09,-0.00105646,0.00395636,-0.00745685
1.75656e+09,-0.00457119,0.00459697,-0.00745685
1.75656e+09,-0.00329803,0.00117018,-0.00213053
1.75656e+09,-0.00235305,0.00167973,-0.0106526
1.75656e+09,0.0031675,-0.00195116,-0.0106526
1.75656e+09,-0.00557098,0.00166593,-0.0127832
1.75656e+09,-0.00425592,-0.00382666,-0.0149137
1.75656e+09,-0.013836,-0.00361471,-0.0149137
1.75656e+09,-0.0189124,0.00152844,-0.0170442
1.75656e+09,-0.00848241,-0.000327483,-0.0170442
1.75656e+09,-0.0031698,-0.00415958,-0.015979
1.75656e+09,-0.00275302,-0.0145883,-0.00852211
1.75656e+09,-0.00375106,-0.00307177,-0.00319579
1.75656e+09,-0.0207606,-0.00111127,0.00639159
1.75656e+09,-0.00804683,-0.0028037,0.00213053
1.75656e+09,-0.00210225,-0.00679085,0.00532632
1.75656e+09,-0.0120559,0.00181052,0.00426106
1.75656e+09,0.000544701,-0.000921871,0.02024
1.75656e+09,-0.00394408,-0.00200458,0.0223706
1.75656e+09,0.000799811,0.00461944,0.0170442
1.75656e+09,-0.00640799,-0.00704079,0.0170442
1.75656e+09,-0.00886272,-0.00214364,0.0234358
1.75656e+09,0.000626751,-0.0064107,0.015979
1.75656e+09,-0.000233819,0.00570366,0.0149137
1.75656e+09,0.0117346,-0.00776537,0.00532632
1.75656e+09,0.0066825,-0.00692553,0.0127832
1.75656e+09,-0.000164963,-0.0101084,0.0149137
1.75656e+09,0.0010534,-0.0115499,0.0106526
1.75656e+09,0.00800271,-0.00308807,-0.00213053
1.75656e+09,-0.00128091,0.00243045,-0.0138484
1.75656e+09,-0.00808431,-0.0101165,-0.0223706
1.75656e+09,-0.00710383,-0.00969,-0.0149137
1.75656e+09,-0.006959,0.00804796,-0.00852211
1.75656e+09,-0.00515197,-0.00133656,-0.0127832
1.75656e+09,0.00183482,-0.00400791,-0.0170442
1.75656e+09,-0.00217012,0.0017472,-0.0138484
1.75656e+09,-0.00412254,-0.00237684,-0.0117179
1.75656e+09,-0.000958264,-0.0135095,-0.00958738
1.75656e+09,-0.00424064,-0.00465858,0.00532632
1.75656e+09,-0.00485069,-0.00726226,0.00106526
1.75656e+09,0.00291022,0.000178234,0.00319579
1.75656e+09,-0.00626213,-0.00253041,0.00745685
1.75656e+09,-0.00378713,-0.0091489,0.015979
1.75656e+09,0.00638669,0.00694538,0.0106526
1.75656e+09,0.00907376,-0.00904052,0.0213053
1.75656e+09,0.00965285,-0.0102527,0.0213053
1.75656e+09,-0.00116073,-0.00107823,0.0213053
1.75656e+09,0.00170194,-0.00406166,0.00852211
1.75656e+09,0.00872911,0.00041673,0.0287621
1.75656e+09,-0.00108516,-0.00404475,0.0138484
1.75656e+09,6.60412e-05,-0.00546768,0.0181095
1.75656e+09,0.0122771,-0.0025407,0.0149137
1.75656e+09,0.00661271,0.00690043,0.00745685
1.75656e+09,0.010025,0.00517335,0.00213053
1.75656e+09,0.000114269,0.0114141,0.00319579
1.75656e+09,-0.00154514,7.2604e-05,-0.00213053
1.75656e+09,0.00384993,-0.00594784,-0.00532632
1.75656e+09,-0.00602425,0.0011161,-0.0170442
1.75656e+09,-0.00211359,0.0029072,-0.0127832
1.75656e+09,0.00392015,-0.0107773,-0.0191748
1.75656e+09,0.00327967,-0.00176965,-0.0170442
1.75656e+09,-0.00833795,-0.0110976,-0.0106526
1.75656e+09,-0.013526,-0.00718749,-0.0106526
1.75656e+09,-0.00965791,-0.0089594,-0.00745685
1.75656e+09,-0.0149719,-0.0103136,-0.015979
1.75656e+09,0.00818067,0.000460938,-0.0127832
1.75656e+09,-0.00440025,-0.00934023,-0.00639159
1.75656e+09,0.0040045,-0.00255362,-0.00532632
1.75656e+09,0.00578772,-0.0113234,0.00852211
1.75656e+09,0.00399247,-0.00402182,0.00958738
1.75656e+09,-0.00751139,0.00285388,0
1.75656e+09,0.00232813,-0.00458384,0.0127832
1.75656e+09,-0.00107586,-0.00650768,0.0138484
1.75656e+09,0.00160209,-0.00793369,0.0149137
1.75656e+09,-0.000818571,-0.00363683,0.0170442
1.75656e+09,0.00188065,-0.0043238,0.00106526
1.75656e+09,0.00852712,6.72869e-05,0.00213053
1.75656e+09,0.000148875,-0.00161959,-0.00532632
1.75656e+09,-0.00307384,-0.00012967,-0.00106526
1.75656e+09,0.00197898,-0.00679468,-0.0127832
1.75656e+09,-0.00820361,0.00701646,0.00213053
1.75656e+09,-0.00381588,-0.00223296,-0.0245011
1.75656e+09,0.00595459,-0.00476138,-0.00958738
1.75656e+09,0.00877556,-0.00213573,-0.015979
1.75656e+09,0.00808213,-0.00193476,-0.0191748
1.75656e+09,0.00528635,-0.00669951,-0.02024
1.75656e+09,-0.00809752,-0.0125893,-0.00958738
1.75656e+09,-0.00966479,-0.0129048,-0.00958738
1.75656e+09,0.000702303,-0.0104233,-0.0223706
1.75656e+09,0.00544287,-0.000819883,-0.0245011
1.75656e+09,-0.000892845,-0.00846351,-0.0117179
1.75656e+09,0.00360588,-0.0117699,-0.00745685
1.75656e+09,0.0064685,-0.0069169,-0.00958738
1.75656e+09,0.00389311,-0.0134535,-0.0138484
1.75656e+09,-0.00388774,-0.00108041,-0.0117179
1.75656e+09,0.00369544,0.00408293,0.00852211
1.75656e+09,-0.00397477,-0.0041439,-0.00106526
1.75656e+09,-0.00586828,-0.0108944,0.00958738
1.75656e+09,-0.00220353,-0.00011588,0.0117179
1.75656e+09,-0.00659221,-0.0119375,0.0245011
1.75656e+09,-0.00948452,0.00618593,0.015979
1.75656e+09,-0.00135765,0.00093129,0.0117179
1.75656e+09,-0.000664399,-0.00357943,0.0255663
1.75656e+09,-0.00911159,-0.00722581,0.00213053
1.75656e+09,-0.00532587,-0.0160613,0.00639159
1.75656e+09,0.00715326,-0.00159776,0.0106526
1.75656e+09,0.00383891,0.00119716,0.00745685
1.75656e+09,0.00500392,0.00488088,0.00319579
1.75656e+09,-0.00468356,-0.00753436,-0.00319579
1.75656e+09,-0.0036778,-0.00630831,-0.00745685
1.75656e+09,0.00486053,-0.00328468,-0.00852211
1.75656e+09,-0.00166859,-0.00467805,0
1.75656e+09,-0.00570896,-0.00123928,-0.0149137
1.75656e+09,-0.00148132,0.000149561,0
1.75656e+09,0.0129784,0.00272762,-0.00852211
1.75656e+09,-0.00456151,-0.006035,-0.02024
1.75656e+09,0.00317847,-0.0131559,-0.00852211
1.75656e+09,0.00439791,-0.000864097,-0.0117179
1.75656e+09,-0.000134099,-0.00540559,-0.00319579
1.75656e+09,-0.00681109,-0.0112888,0.00213053
1.75656e+09,-0.00516465,-0.00570896,0
1.75656e+09,-0.00831605,-0.00804396,0.00958738
1.75656e+09,-0.00744129,0.00132587,0.00639159
1.75656e+09,-0.00709217,-0.0048325,0.0127832
1.75656e+09,0.00754287,-0.00738353,0.0138484
1.75656e+09,0.0135438,-0.00702802,0.0213053
1.75656e+09,0.00572593,0.00044827,0.0138484
1.75656e+09,0.0126874,-0.00766618,0.02024
1.75656e+09,0.00604928,-0.00543045,0.0245011
1.75656e+09,0.00651937,-0.00469744,0.015979
1.75656e+09,0.0105645,0.0100114,0.0181095
1.75656e+09,0.00287632,-0.000832405,0.0106526
1.75656e+09,-0.0015234,-0.00348475,0.0106526
1.75656e+09,-0.00430153,-0.011231,0.00852211
1.75656e+09,0.00499832,-0.0147928,0.00319579
1.75656e+09,-0.000138999,-0.00731203,-0.00532632
1.75656e+09,-0.00900237,0.00854145,0.00426106
1.75656e+09,0.0117186,0.00900836,0.00106526
1.75656e+09,8.29434e-05,-0.0033146,-0.0149137
1.75656e+09,0.00572429,-0.00596465,-0.00106526
1.75656e+09,0.00809449,-0.00555872,-0.00639159
1.75656e+09,-0.00937786,-0.0154593,-0.0170442
1.75656e+09,0.00519344,0.0156226,-0.0149137
1.75656e+09,0.0100802,-0.00846057,-0.00852211
1.75656e+09,0.011099,0.0035159,0.00319579
1.75656e+09,0.0060798,-0.000122751,-0.00639159
1.75656e+09,0.00319196,-0.0105449,0.00958738
1.75656e+09,0.00360579,-0.0054884,0.00106526
1.75656e+09,-0.00105323,0.000916351,0.00852211
1.75656e+09,-0.00694141,-0.0120574,0.00958738
1.75656e+09,-0.0130329,-0.016205,0.0149137
1.75656e+09,6.0039e-05,-0.00312917,0.00639159
1.75656e+09,-0.00295815,0.00471515,0.0138484
1.75656e+09,-0.00478355,-0.0136158,0.0117179
1.75656e+09,0.00854491,-0.010294,0.0138484
1.75656e+09,0.00859481,0.0141122,0.02024
1.75656e+09,-0.00180461,0.0114746,0.0117179
1.75656e+09,0.00339176,-0.00559328,0.0138484
1.75656e+09,0.00414335,0.00100958,0.0170442
1.75656e+09,0.00604927,0.00429432,0.0138484
1.75656e+09,0.00268859,0.00372982,0.00213053
1.75656e+09,0.00823003,-0.00409705,-0.00213053
1.75656e+09,0.0111176,-0.00552322,-0.00745685
1.75656e+09,0.00294855,-0.00155246,-0.0117179
1.75656e+09,0.0140811,-0.0141237,-0.0117179
1.75656e+09,0.00753558,0.00185595,-0.00639159
1.75656e+09,0.00132913,0.00619839,-0.0213053
1.75656e+09,0.00526299,-0.00445896,-0.00745685
1.75656e+09,0.0109356,-0.010234,-0.0127832
1.75656e+09,-0.00453028,-0.000778887,-0.0181095
1.75656e+09,-0.00155309,0.000771931,-0.0213053
1.75656e+09,-0.0113734,-0.0007749,-0.0149137
1.75656e+09,0.00244693,-0.00714744,-0.00958738
1.75656e+09,-0.00327522,-0.00187313,-0.00532632
1.75656e+09,0.0042565,0.00568085,0.00106526
1.75656e+09,0.00334117,-0.00954658,0.00213053
1.75656e+09,-0.000730148,0.0031991,-0.0127832
1.75656e+09,0.00661645,-0.00258893,0.00532632
1.75656e+09,0.00597325,-0.008659,0.00426106
1.75656e+09,-0.00314256,0.00903002,0
1.75656e+09,-0.00523422,-0.0031582,0.0106526
1.75656e+09,-0.000527252,0.00348602,0.00852211
1.75656e+09,0.00621809,0.00453684,0.0138484
1.75656e+09,0.00850058,-0.00575018,0.0138484
1.75656e+09,0.00863507,0.00631278,0.0127832
1.75656e+09,0.0121014,0.00754829,0.00106526
1.75656e+09,0.00595007,0.00225797,-0.00319579
1.75656e+09,0.00938458,0.00505268,0
1.75656e+09,0.00491005,-0.0101127,0
1.75656e+09,0.000643378,0.0005315,0.00426106
1.75656e+09,-0.000536742,-0.0129249,-0.00532632
1.75656e+09,0.00295363,-0.00320059,-0.015979
1.75656e+09,0.00659809,-0.0192384,-0.00745685
1.75656e+09,0.00617034,-0.00813017,-0.00958738
1.75656e+09,-0.0022128,-0.00442045,-0.00532632
1.75656e+09,0.00441081,0.00353274,-0.0138484
1.75656e+09,0.00687774,0.0104581,-0.0170442
1.75656e+09,-0.00592418,-0.00388091,-0.00958738
1.75656e+09,-0.00429463,-0.00181566,-0.00213053
1.75656e+09,0.0100656,-0.0103319,0.00319579
1.75656e+09,0.00138321,0.00299313,-0.00426106
1.75656e+09,-0.00267144,-0.00460974,-0.00639159
1.75656e+09,0.00164625,0.00110565,0.00106526
1.75656e+09,0.00216122,-0.00671866,0.00532632
1.75656e+09,0.00440559,-0.00204972,0.00639159
1.75656e+09,0.00289221,0.0056406,0.00958738
1.75656e+09,0.00424144,0.00491874,0.0266316
1.75656e+09,-0.00201169,0.00380551,0.0266316
1.75656e+09,-0.000568931,0.0125384,0.00532632
1.75656e+09,-0.00540504,0.00440857,0.0149137
1.75656e+09,-0.00540504,0.00440857,0.0149137
1.75656e+09,-0.00540504,0.00440857,0.0149137
1.75656e+09,-0.00540504,0.00440857,0.0149137
1.75656e+09,-0.00540504,0.00440857,0.0149137
1.75656e+09,0.00914849,0.00124405,0.0127832
1.75656e+09,0.00607991,0.0140168,0.00426106
1.75656e+09,2.01619e-05,0.0125926,0
1.75656e+09,7.00523e-05,0.00594716,-0.00639159
1.75656e+09,0.000691476,-0.00794504,-0.00213053
1.75656e+09,0.00530099,-0.00452947,-0.00319579
1.75656e+09,0.00348599,-0.00165259,-0.0149137
1.75656e+09,0.00963897,-0.00191347,-0.00958738
1.75656e+09,0.000689637,-0.00565769,-0.0191748
1.75656e+09,-0.00139705,-0.000822572,-0.00958738
1.75656e+09,0.014501,-0.00951456,-0.00852211
1.75656e+09,0.000137519,-0.00831914,-0.00639159
1.75656e+09,0.00269975,-0.00333883,-0.0138484
1.75656e+09,-0.00107489,-0.00606242,-0.00426106
1.75656e+09,-0.00404244,-0.00250323,0.00426106
1.75656e+09,-0.00316735,0.00667043,0.00106526
1.75656e+09,0.00295336,-0.00794271,0.00745685
1.75656e+09,0.00295336,-0.00794271,0.00745685
1.75656e+09,0.00800556,-0.00554768,0.00852211
1.75656e+09,-0.00311586,-0.0134068,0.0191748
1.75656e+09,-0.00262445,-0.0103416,0.0234358
1.75656e+09,-0.00776303,0.00498546,0.00852211
1.75656e+09,-0.00102638,0.00449835,0.0106526
1.75656e+09,0.00431136,-0.000988152,0.0149137
1.75656e+09,0.00139921,0.0147433,0.0170442
1.75656e+09,0.00113582,0.00240925,0.0149137
1.75656e+09,-0.0035874,-0.0101243,0.015979
1.75656e+09,0.00616786,0.00122511,0.0149137
1.75656e+09,0.00349624,0.011753,0.00639159
1.75656e+09,0.00459629,0.00247132,0.00532632
1.75656e+09,0.00235628,0.00469043,-0.00745685
1.75656e+09,0.003808,-6.32665e-05,-0.0127832
1.75656e+09,0.00420978,-0.00456869,-0.00213053
1.75656e+09,0.00762718,-0.0133489,-0.00213053
1.75656e+09,0.00683568,-0.00796883,-0.0127832
1.75656e+09,-0.00939339,0.00360387,-0.0117179
1.75656e+09,0.00104313,0.00823252,-0.0106526
1.75656e+09,0.00260511,-0.00113462,-0.0149137
1.75656e+09,-0.00206231,-0.00206891,0.00852211
1.75656e+09,-0.000238547,-0.00234367,0
1.75656e+09,-0.00691272,-0.0133382,-0.00213053
1.75656e+09,-0.00275387,0.000262479,0.00319579
1.75656e+09,0.00622162,-0.00370703,0.00106526
1.75656e+09,-0.00450533,0.00225211,0.00213053
1.75656e+09,-0.00808249,0.00509195,0.0245011
1.75656e+09,-0.0012836,0.000861371,0.00958738
1.75656e+09,0.00195597,-0.00445363,0.0213053
1.75656e+09,0.00453325,0.00440066,0.0234358
1.75656e+09,0.000350976,0.00335719,0.0181095
1.75656e+09,0.00783437,-0.00275933,0.0127832
1.75656e+09,0.00689146,-0.0027574,0.0223706
1.75656e+09,0.00925869,0.00172183,0.015979
1.75656e+09,-0.00488572,0.00160737,0.00426106
1.75656e+09,0.000194961,0.00344908,0.015979
1.75656e+09,-0.00404135,0.00554189,0.00213053
1.75656e+09,0.00305226,0.00668543,0.00532632
1.75656e+09,0.00194009,0.00636551,-0.00106526
1.75656e+09,-0.00276672,0.00695372,-0.00319579
1.75656e+09,0.00831313,-0.00108052,-0.00213053
1.75656e+09,0.00370487,-0.0065405,-0.00213053
1.75656e+09,0.00441449,-0.0126562,-0.0138484
1.75656e+09,0.00197063,-0.00690325,-0.0117179
1.75656e+09,-0.00284218,0.0108255,-0.0149137
1.75656e+09,0.00347983,-0.00251542,-0.0106526
1.75656e+09,-0.00132053,0.000495349,-0.0181095
1.75656e+09,0.00474395,-0.00130351,-0.0149137
1.75656e+09,-0.0107943,0.00791004,-0.015979
1.75656e+09,-0.00570447,-0.00190871,-0.00213053
1.75656e+09,0.00020994,0.00860125,-0.00852211
1.75656e+09,0.000107719,-0.00863374,-0.00319579
1.75656e+09,0.00117822,0.00143943,0.00319579
1.75656e+09,0.00488017,0.00789378,-0.00213053
1.75656e+09,-0.00805226,-0.0121641,0.00852211
1.75656e+09,-0.00581945,0.0127433,0.0138484
1.75656e+09,-0.00511804,0.000436931,0.0117179
1.75656e+09,-0.000436175,-0.00751967,0.00958738
1.75656e+09,0.00596621,0.0108535,0.0149137
1.75656e+09,-0.00158223,0.00123654,0.0138484
1.75656e+09,0.00274763,0.00973226,0.0127832
1.75656e+09,-0.00122469,-6.2249e-05,0.00745685
1.75656e+09,0.00790895,0.000720931,0.015979
1.75656e+09,-0.00481075,-0.00470267,0.00106526
1.75656e+09,0.00475483,0.00363605,0.00319579
1.75656e+09,0.0090184,-0.012014,0.00852211
1.75656e+09,0.00247295,0.00227168,-0.00639159
1.75656e+09,6.14269e-05,0.0225466,-0.00426106
1.75656e+09,0.00408082,0.00912525,-0.0138484
1.75656e+09,0.00277476,0.0122127,-0.0117179
1.75656e+09,0.0109642,-0.00497222,-0.0127832
1.75656e+09,-0.00574793,-0.00175117,-0.0170442
1.75656e+09,0.00305066,-0.00282086,-0.0191748
1.75656e+09,-0.000569076,-0.000139614,-0.015979
1.75656e+09,0.00647135,0.00697272,-0.0117179
1.75656e+09,0.000512861,-0.00269611,-0.0127832
1.75656e+09,-0.00551037,0.000987747,-0.0117179
1.75656e+09,-0.00503776,0.0142494,-0.00106526
1.75656e+09,-0.00886904,0.00629595,0.00106526
1.75656e+09,-0.0107106,0.0109662,-0.00319579
1.75656e+09,-0.000223468,-0.0012632,-0.00426106
1.75656e+09,-0.00720343,-0.00662284,0.00213053
1.75656e+09,-0.00103494,0.00386324,0.00426106
1.75656e+09,0.000386918,0.00292589,0.00426106
1.75656e+09,-0.00600928,0.0126476,0.0106526
1.75656e+09,-0.00730952,0.0135243,-0.00106526
1.75656e+09,0.00427722,0.0159732,-0.00958738
1.75656e+09,-0.00761616,0.00230291,0.00426106
1.75656e+09,0.00495622,0.00795231,0.015979
1.75656e+09,0.00107542,-0.00195796,-0.00106526
1.75656e+09,0.0108905,0.0139724,0.00532632
1.75656e+09,0.00635093,0.00772785,-0.00852211
1.75656e+09,0.0016567,0.0091496,-0.00745685
1.75656e+09,0.00886224,-0.00243332,-0.00319579
1.75656e+09,-0.000260495,0.0153779,-0.0181095
1.75656e+09,0.00602829,0.00808357,-0.00532632
1.75656e+09,-0.00303773,0.00956359,-0.02024
1.75656e+09,-0.00178156,-0.00471177,-0.0223706
1.75656e+09,0.00590309,-0.00454446,-0.0234358
1.75656e+09,-0.00605616,0.00473847,-0.0234358
1.75656e+09,-0.00798805,0.00537348,-0.0276969
1.75656e+09,0.000162008,0.00317157,-0.0127832
1.75656e+09,-0.00260615,-0.00100297,-0.0149137
1.75656e+09,-0.00513232,-0.00335971,-0.0138484
1.75656e+09,-0.00561412,-0.00148037,-0.00852211
1.75656e+09,-0.000915864,-0.00346898,-0.00426106
1.75656e+09,-0.00118334,0.00177306,-0.00745685
1.75656e+09,-0.000816729,-0.0121837,0.00745685
1.75656e+09,-0.00275275,-0.00209957,0.015979
1.75656e+09,-0.00379048,0.000679961,0.0223706
1.75656e+09,-0.000124002,-0.00170901,0.015979
1.75656e+09,0.0132376,0.0166896,0.0181095
1.75656e+09,0.0099306,-0.00213592,0.00958738
1.75656e+09,-0.000796552,-0.00568543,0.0127832
1.75656e+09,0.00152678,0.0104501,0.02024
1.75656e+09,0.00108931,0.00488071,0.00958738
1.75656e+09,0.000303433,0.00477214,0.00639159
1.75656e+09,-0.00334881,0.00278279,0
1.75656e+09,0.00236919,0.00606364,0.00106526
1.75656e+09,0.000745164,0.00346426,-0.00319579
1.75656e+09,-0.00896169,-0.00767129,-0.00852211
1.75656e+09,0.00130493,-0.00594589,-0.00852211
1.75656e+09,0.00778963,0.00476269,-0.00639159
1.75656e+09,0.0129044,0.00849311,-0.0138484
1.75656e+09,0.00402732,-0.000527393,-0.0213053
1.75656e+09,0.00559285,0.00765313,-0.00852211
1.75656e+09,0.00599043,-0.00331123,-0.0245011
1.75656e+09,0.00617937,-0.00683463,-0.0191748
1.75656e+09,-0.00510849,-0.00535119,-0.0170442
1.75656e+09,0.00623937,-0.00483218,-0.0106526
1.75656e+09,0.00381005,0.0128353,-0.0149137
1.75656e+09,-0.0010486,-0.000808719,-0.00106526
1.75656e+09,0.00521708,0.00431021,0
1.75656e+09,-0.000739192,0.000960516,0.00213053
1.75656e+09,0.0017747,0.0163351,-0.0106526
1.75656e+09,-0.0153247,-0.00498918,-0.00426106
1.75656e+09,0.00461022,-0.00380356,-0.00532632
1.75656e+09,-0.00384554,0.00687337,0.00532632
1.75656e+09,0.00340483,0.00676185,0.0138484
1.75656e+09,-0.00305919,-0.00343762,-0.00319579
1.75656e+09,0.00338246,-0.00760632,-0.00319579
1.75656e+09,0.00297127,0.0084225,0.00639159
1.75656e+09,0.00353382,-0.00413291,-0.00745685
1.75656e+09,0.0125175,0.00520574,-0.00106526
1.75656e+09,0.00961256,-0.00473866,0.00532632
1.75656e+09,0.0109005,0.0084065,-0.00958738
1.75656e+09,0.011169,0.0070443,-0.00958738
1.75656e+09,0.00617411,-0.00479354,0.0106526
1.75656e+09,0.00149254,-0.00300107,-0.0223706
1.75656e+09,0.00632755,0.0179438,-0.0170442
1.75656e+09,0.00793576,-0.00319565,-0.0170442
1.75656e+09,0.0216921,0.00994698,-0.0287621
1.75656e+09,0.00915653,-0.000530611,-0.0245011
1.75656e+09,0.00710481,0.00905456,-0.0340885
1.75656e+09,0.00107082,-0.00558317,-0.0394148
1.75656e+09,0.00111907,0.00700458,-0.0351537
1.75656e+09,-0.00545778,-0.0121197,-0.0372843
1.75656e+09,-0.0068514,-0.0118641,-0.0127832
1.75656e+09,-0.000291344,-0.00539349,-0.0117179
1.75656e+09,-0.00388014,-0.00814905,-0.00319579
1.75656e+09,0.00294823,0.00381199,-0.00426106
1.75656e+09,0.00426044,-0.00765137,-0.0106526
1.75656e+09,0.00477513,0.0133862,0
1.75656e+09,-0.00817547,-0.00346489,-0.00106526
1.75656e+09,-0.00955653,0.00683232,0.0138484
1.75656e+09,-0.00377614,-0.00697528,0
1.75656e+09,-0.00697049,-0.00713548,0.00106526
1.75656e+09,0.00462243,0.0134737,-0.00852211
1.75656e+09,-0.00583538,-0.00560259,0.00213053
1.75656e+09,-0.00741705,-0.00719845,0.00319579
1.75656e+09,-0.000520452,-0.00262544,0.00745685
1.75656e+09,0.00765608,-0.00455155,0.00426106
1.75656e+09,-0.0053607,-0.00303928,0.00745685
1.75656e+09,0.00410018,0.000402798,-0.00106526
1.75656e+09,-0.00257925,0.00293001,-0.0149137
1.75656e+09,0.00616885,-0.00294801,-0.0170442
1.75656e+09,0.00891892,-0.0167062,-0.00426106
1.75656e+09,0.0141283,-0.00919854,-0.0149137
1.75656e+09,-0.000763416,-0.00610463,-0.0127832
1.75656e+09,-0.0071328,-0.00721813,-0.02024
1.75656e+09,-0.00397324,-0.00461537,-0.0255663
1.75656e+09,0.00388451,-0.00675635,-0.00852211
1.75656e+09,0.00421352,-0.00523859,-0.00639159
1.75656e+09,0.000658853,0.00215954,-0.00958738
1.75656e+09,0.00720461,-0.00446772,-0.0127832
1.75656e+09,-0.00256863,-0.0159,-0.0106526
1.75656e+09,0.000764799,-0.000707328,-0.00106526
1.75656e+09,0.00458814,-0.00319974,0.00852211
1.75656e+09,0.00999172,-0.00325318,0.0170442
1.75656e+09,-0.00418761,0.0012505,0.0117179
1.75656e+09,0.00117462,0.0054628,0.00426106
1.75656e+09,-0.0187196,0.00135004,0.00106526
1.75656e+09,-0.0072026,0.0105964,-0.00319579
1.75656e+09,-0.00527002,0.0118778,0.00958738
1.75656e+09,0.000103975,0.00233015,-0.00426106
1.75656e+09,0.00894977,0.00234422,0.00532632
1.75656e+09,0.0061041,0.0105498,-0.00426106
1.75656e+09,0.0117128,0.0115363,0.00213053
1.75656e+09,0.00867012,-0.0098729,-0.0117179
1.75656e+09,0.00643667,-0.00098222,-0.015979
1.75656e+09,-0.00729363,0.000552666,-0.0127832
1.75656e+09,0.0010729,0.00272309,-0.0223706
1.75656e+09,-0.00809264,-0.00385216,-0.0234358
1.75656e+09,-0.010288,-0.00674959,-0.0234358
1.75656e+09,-0.00313293,0.00249457,-0.0149137
1.75656e+09,0.00353761,-0.00437144,-0.00958738
1.75656e+09,-0.000689933,0.00526224,0.00213053
1.75656e+09,-0.00298182,0.00623222,-0.00852211
1.75656e+09,0.000358393,0.00308489,-0.00639159
1.75656e+09,0.00426693,-0.0092374,0.00532632
1.75656e+09,0.00423979,-0.00662099,0.00319579
1.75656e+09,-0.00519816,-0.00134052,0.00852211
1.75656e+09,0.00233135,-0.00563774,0.0138484
1.75656e+09,-1.63155e-05,-0.00394427,0.0181095
1.75656e+09,0.0110637,-0.00463873,0.00852211
1.75656e+09,0.00223325,0.00359819,0.0223706
1.75656e+09,-0.00511911,0.00966172,0.0138484
1.75656e+09,0.00269237,-0.00314382,0.0170442
1.75656e+09,0.0116801,-0.00127933,0.00745685
1.75656e+09,0.00381576,0.00684126,0.0106526
1.75656e+09,0.00600795,-0.000180352,0
1.75656e+09,0.00868506,-0.00723999,0
1.75656e+09,-0.000454606,0.00167384,0.00958738
1.75656e+09,0.00490922,-0.00638428,-0.00213053
1.75656e+09,0.000645977,-0.00120535,-0.00745685
1.75656e+09,0.00321998,-0.00753516,-0.0138484
1.75656e+09,-0.00284959,-0.00652518,-0.00852211
1.75656e+09,0.00661205,0.00106905,-0.015979
1.75656e+09,-0.00693024,0.000803993,-0.0213053
1.75656e+09,-0.000963247,-0.00736598,-0.0138484
1.75656e+09,0.00918161,-0.00672516,-0.02024
1.75656e+09,0.00734977,-0.00510968,-0.0149137
1.75656e+09,0.00585879,-0.00804097,-0.0181095
1.75656e+09,0.0114229,-0.0151961,-0.015979
1.75656e+09,0.00837046,-0.011816,-0.0170442
1.75656e+09,0.00183168,-0.00581119,-0.00426106
1.75656e+09,-0.00172325,-0.00124893,-0.00745685
1.75656e+09,-0.000536105,0.00974928,0.00106526
1.75656e+09,0.000249964,-0.00376627,-0.00639159
1.75656e+09,0.00737659,-0.00574988,-0.00852211
1.75656e+09,0.00506776,-0.0185189,0.00213053
1.75656e+09,0.00577839,-0.0154546,0.00426106
1.75656e+09,0.00271017,-0.0150106,0.00639159
1.75656e+09,-0.00884757,-0.00128776,0.00319579
1.75656e+09,-0.00560187,0.0118734,0.0181095
1.75656e+09,0.00397694,0.000485387,0.00426106
1.75656e+09,-0.00452144,-0.00376397,0.02024
1.75656e+09,1.89439e-05,0.00628268,0.00213053
1.75656e+09,-0.00689784,0.000790994,0.00852211
1.75656e+09,0.00681123,0.00630526,0.00852211
1.75656e+09,0.00416791,-0.00176485,0
1.75656e+09,0.010199,0.00957611,-0.00319579
1.75656e+09,-0.00428004,-0.00432621,-0.00319579
1.75656e+09,-0.0018901,0.00316569,-0.00745685
1.75656e+09,0.00258449,-0.00396568,-0.00958738
1.75656e+09,0.0149542,-0.00123682,-0.00958738
1.75656e+09,0.012129,0.00474513,-0.00852211
1.75656e+09,0.0101878,0.0066412,-0.0170442
1.75656e+09,-0.00225406,0.00246906,-0.0181095
1.75656e+09,0.0100023,0.00259956,-0.00532632
1.75656e+09,0.00168143,-0.00571379,-0.0181095
1.75656e+09,0.00123408,-0.00531687,-0.0117179
1.75656e+09,0.0103468,0.00565236,-0.0127832
1.75656e+09,-0.0072552,-0.0155004,-0.015979
1.75656e+09,0.00316699,-0.00208614,-0.00852211
1.75656e+09,0.00813885,-0.00466396,0.00639159
1.75656e+09,0.00823295,-0.00107915,0.00958738
1.75656e+09,-0.00992321,0.00190384,0.00958738
1.75656e+09,0.00479758,-0.00608694,0.0127832
1.75656e+09,0.000836444,0.00344207,0.00958738
1.75656e+09,-0.012353,-0.0120957,0.0138484
1.75656e+09,-0.00905067,0.00679292,-0.00106526
1.75656e+09,0.0024686,-0.00206388,0.0245011
1.75656e+09,-0.00384344,0.00245998,0.0127832
1.75656e+09,0.00885782,-0.00088595,-0.00106526
1.75656e+09,-0.000405755,-0.000316262,0.02024
1.75656e+09,0.0109911,0.00777717,0.00426106
1.75656e+09,0.00176288,-0.00346948,-0.00958738
1.75656e+09,0.0142037,0.00799189,0.00426106
1.75656e+09,0.0114147,0.0107795,0
1.75656e+09,0.0118091,0.00550769,-0.0149137
1.75656e+09,-0.0021522,0.00852643,-0.00852211
1.75656e+09,-0.00405264,-0.00243,-0.0181095
1.75656e+09,0.00559594,-0.0137945,-0.00426106
1.75656e+09,-0.000939899,-0.00540477,-0.0138484
1.75656e+09,0.000312668,0.0059438,-0.0245011
1.75656e+09,0.00282232,-0.00435366,-0.0213053
1.75656e+09,0.00313957,-0.0113345,-0.0234358
1.75656e+09,-0.00574903,-0.00332098,-0.0191748
1.75656e+09,0.0018395,-0.00305957,-0.00852211
1.75656e+09,-0.00309218,-0.00508994,-0.00852211
1.75656e+09,-0.00652168,0.000685417,-0.0149137
1.75656e+09,-0.00389423,-0.00131945,-0.00958738
1.75656e+09,0.000327226,0.00136084,0.00852211
1.75656e+09,-0.00204188,0.000819698,-0.00426106
1.75656e+09,0.00539435,0.000681874,0.00639159
1.75656e+09,-0.00137739,0.00636756,0.015979
1.75656e+09,0.000793148,0.00369883,0.00958738
1.75656e+09,-0.00785004,0.00998598,0.00532632
1.75656e+09,0.00421116,0.0158541,-0.00106526
1.75656e+09,-0.00256349,0.00123875,0.00532632
1.75656e+09,0.00448136,0.00245758,-0.00106526
1.75656e+09,0.00413949,0.000454607,0.0181095
1.75656e+09,0.00431865,0.00184818,0.0127832
1.75656e+09,0.00572138,0.0109433,0
1.75656e+09,0.00625235,-0.00674967,-0.00426106
1.75656e+09,0.011233,0.00592076,-0.00532632
1.75656e+09,0.00594396,-0.00362798,-0.00319579
1.75656e+09,-0.00520878,0.00179736,-0.015979
1.75656e+09,0.00185903,0.0019911,-0.00213053
1.75656e+09,0.00433046,-0.00379628,-0.0149137
1.75656e+09,-0.00242831,-0.00523017,-0.0127832
1.75656e+09,-0.00684171,-0.00785635,-0.0234358
1.75656e+09,0.00220245,-0.00920363,-0.0117179
1.75656e+09,0.00144097,0.00316669,-0.00319579
1.75656e+09,0.00291719,-0.00116845,-0.015979
1.75656e+09,-0.0043995,-0.00802881,-0.0170442
1.75656e+09,-0.0109001,-0.000848862,-0.00319579
1.75656e+09,0.00683262,-0.00475257,-0.00745685
1.75656e+09,-0.00231505,-0.00557921,-0.00532632
1.75656e+09,0.0065557,0.00256235,0.00426106
1.75656e+09,0.00918905,0.00825581,0
1.75656e+09,-0.00368832,0.00423153,0.00852211
1.75656e+09,-0.00593619,-0.00630998,0.00639159
1.75656e+09,0.00582741,-0.00364573,0.0181095
1.75656e+09,0.00428737,0.00893705,0.00319579
1.75656e+09,0.00861587,0.00893073,0.0127832
1.75656e+09,0.0103951,0.0185251,0.02024
1.75656e+09,-0.00526127,-0.00888727,0.00639159
1.75656e+09,-0.00332205,0.00360153,0.00745685
1.75656e+09,0.00641001,-0.00885798,0.00319579
1.75656e+09,0.00279159,0.0134014,0.00213053
1.75656e+09,-0.0036288,0.00375419,-0.00745685
1.75656e+09,0.0109462,-0.00114696,0.00213053
1.75656e+09,0.000495923,-0.00338901,-0.0234358
1.75656e+09,0.000265401,-0.000212442,-0.0149137
1.75656e+09,-0.00255694,0.00704587,-0.0170442
1.75656e+09,0.00773639,-0.0125798,-0.0266316
1.75656e+09,-0.003559,-0.00494354,-0.02024
1.75656e+09,-0.0162387,-0.00384173,-0.0181095
1.75656e+09,0.0013969,-0.00344505,-0.0117179
1.75656e+09,0.00110434,-0.00367198,-0.015979
1.75656e+09,-0.0071948,3.28747e-05,-0.0181095
1.75656e+09,0.00421767,-0.00298001,-0.00745685
1.75656e+09,0.00193702,0.0059597,-0.0106526
1.75656e+09,0.000303604,-0.000699212,-0.00426106
1.75656e+09,-0.00145016,0.00220302,-0.00532632
1.75656e+09,-0.0130103,0.00215786,-0.00319579
1.75656e+09,-0.00173637,-0.00609374,-0.00745685
1.75656e+09,0.00420942,0.00780877,0.00319579
1.75656e+09,-0.00710374,0.00866746,0.00639159
1.75656e+09,0.00119301,-0.000700674,0.0138484
1.75656e+09,-0.00185986,0.0170213,0.0117179
1.75656e+09,-0.000129983,0.00399666,0.00745685
1.75656e+09,0.000729813,0.00628711,0.00532632
1.75656e+09,0.00220755,0.00133653,0.00852211
1.75656e+09,0.00853789,-0.000685151,0.0117179
1.75656e+09,0.022146,0.00351324,0.00532632
1.75656e+09,-0.0021197,0.00106992,-0.00319579
1.75656e+09,-0.00357879,0.00327483,-0.00106526
1.75656e+09,-0.00432328,0.00822484,0.00319579
1.75656e+09,0.00344653,0.00908639,-0.0106526
1.75656e+09,0.00411514,0.00405493,-0.0127832
1.75656e+09,-0.00213749,0.0051374,-0.0170442
1.75656e+09,0.0091485,-0.00264936,-0.0138484
1.75656e+09,0.0150407,0.00143824,-0.0170442
1.75656e+09,0.011052,0.0183647,-0.0191748
1.75656e+09,0.00837344,-0.00518093,-0.0287621
1.75656e+09,-0.00929848,-0.00820959,-0.0149137
1.75656e+09,-0.0047708,-0.0114337,-0.0308927
1.75656e+09,0.011389,0.00643377,-0.00213053
1.75656e+09,-0.000936534,0.00758489,-0.0191748
1.75656e+09,-0.00121449,-0.0049659,-0.00852211
1.75656e+09,-0.00500271,0.00552514,-0.00213053
1.75656e+09,0.0031079,0.0171988,-0.00639159
1.75656e+09,0.00866913,0.0115663,0.00319579
1.75656e+09,-0.000140002,0.0113373,0.00639159
1.75656e+09,0.00785876,0.00777949,0.00426106
1.75656e+09,-0.0113068,0.00533865,-0.00106526
1.75656e+09,0.00184242,0.00449777,0.0106526
1.75656e+09,0.00285006,-0.0128361,0.0181095
1.75656e+09,-0.00851873,0.00131624,0.015979
1.75656e+09,0.00627684,0.00346099,0.00639159
1.75656e+09,0.00633572,0.00211301,0.0106526
1.75656e+09,0.00124212,-0.0020836,0.00213053
1.75656e+09,0.0074365,-0.00579223,0.0117179
1.75656e+09,0.00205779,0.00647309,0.00106526
1.75656e+09,-0.0033111,-0.0107606,-0.00106526
1.75656e+09,0.00923809,0.0102818,-0.0117179
1.75656e+09,0.0146708,0.00773219,-0.00958738
1.75656e+09,0.00637163,0.00235188,-0.00426106
1.75656e+09,-0.00286775,-0.00498455,-0.0213053
1.75656e+09,0.00335504,-0.00179089,-0.00852211
1.75656e+09,0.00758426,-0.00564864,-0.0191748
1.75656e+09,0.0119207,0.00176606,-0.0127832
1.75656e+09,0.00115406,-0.00417005,-0.0266316
1.75656e+09,0.0136734,-0.0109621,-0.0181095
1.75656e+09,0.00901301,0.00704719,-0.0127832
1.75656e+09,0.00156358,-0.00406629,-0.0127832
1.75656e+09,-0.00363963,-0.00502199,-0.0170442
1.75656e+09,-0.00107628,0.00173012,-0.00745685
1.75656e+09,-0.0024083,-0.000233574,0.00852211
1.75656e+09,-0.0020765,-0.00732358,-0.00213053
1.75656e+09,-0.00391437,-0.00860556,0
1.75656e+09,-0.00897583,7.92674e-05,0.00532632
1.75656e+09,0.00475927,-0.000695595,0.0117179
1.75656e+09,-0.0122308,-0.0116059,0.00852211
1.75656e+09,-0.00393733,0.00108466,0.00745685
1.75656e+09,0.00606317,0.00345935,-0.00319579
1.75656e+09,0.00436926,-0.00750638,0.00532632
1.75656e+09,0.000704779,-0.00101819,0.00958738
1.75656e+09,0.00374527,-0.00464465,0
1.75656e+09,0.00834774,-0.00547688,0.0138484
1.75656e+09,0.0117136,-0.00655696,0.0117179
1.75656e+09,0.00559873,-0.011622,0.00745685
1.75656e+09,0.0129734,0.0126247,-0.00532632
1.75656e+09,0.019617,0.0129621,-0.00426106
1.75656e+09,0.000709896,0.00317887,-0.00639159
1.75656e+09,0.00868214,-0.00311291,-0.0276969
1.75656e+09,0.00759348,0.00310856,-0.0117179
1.75656e+09,0.00175185,-0.00237693,-0.0117179
1.75656e+09,-0.000266541,0.00582875,-0.02024
1.75656e+09,0.00115808,-0.00892007,-0.0287621
1.75656e+09,0.000874252,-0.000797,-0.00745685
1.75656e+09,0.0134645,-0.00315324,-0.00639159
1.75656e+09,-0.00181283,0.000602475,-0.0127832
1.75656e+09,-0.000842591,-0.00479388,-0.00106526
1.75656e+09,-0.00739175,0.00888368,-0.00213053
1.75656e+09,-0.00569931,-0.00440963,0.00319579
1.75656e+09,-0.00742198,-0.00614093,0.00958738
1.75656e+09,0.00217785,0.000523348,-0.00852211
1.75656e+09,0.00225426,0.00226055,0.00958738
1.75656e+09,0.00605841,-0.00782135,0.00319579
1.75656e+09,0.00316584,0.00232597,0.0298274
1.75656e+09,0.00623966,0.0066804,0.0276969
1.75656e+09,0.00125045,-0.00111839,0.0138484
1.75656e+09,0.0051022,0.00144389,0.00106526
1.75656e+09,-0.00551688,-0.00585969,0.0266316
1.75656e+09,-0.000798678,0.00108042,0.00532632
1.75656e+09,0.00927056,0.0126782,0.00532632
1.75656e+09,0.00105091,0.00633051,0.0106526
1.75656e+09,0.00920799,0.00638271,-0.00426106
1.75656e+09,0.00431994,-0.00298163,-0.00745685
1.75656e+09,0.00535792,0.004804,-0.00745685
1.75656e+09,0.000556209,0.00295812,-0.00745685
1.75656e+09,0.014028,-0.00604939,-0.0170442
1.75656e+09,0.0133049,0.00258832,-0.0223706
1.75656e+09,-0.0136256,-0.00597817,-0.0138484
1.75656e+09,-0.00701506,-0.0044639,-0.0266316
1.75656e+09,0.00455582,-0.00651413,-0.0255663
1.75656e+09,-0.00492321,-0.00414083,-0.0138484
1.75656e+09,0.010087,-0.0196156,-0.00319579
1.75656e+09,0.0137442,-0.00367047,-0.0170442
1.75656e+09,0.000557538,0.000254757,-0.0106526
1.75656e+09,0.00530591,-0.00215342,0.00319579
1.75656e+09,-0.00167801,-0.00239797,-0.00319579
1.75656e+09,0.00216407,-0.00683312,0.00106526
1.75656e+09,-0.00127909,-0.00915463,0.00319579
1.75656e+09,0.000471689,0.00732717,0.00213053
1.75656e+09,-0.00331653,0.00696923,0.00426106
1.75656e+09,0.00960171,0.0100967,0.00958738
1.75656e+09,0.000619924,-0.00555738,0.00639159
1.75656e+09,0.00198025,0.00117436,0.00106526
1.75656e+09,0.00721493,0.0139181,0.0117179
1.75656e+09,0.0108535,0.0090487,0.0106526
1.75656e+09,-0.00313565,-0.00934241,0.0170442
1.75656e+09,-0.00378689,-0.00505128,0.0106526
1.75656e+09,0.0080914,-0.000319617,0.00532632
1.75656e+09,0.0132898,-0.00238474,0.00319579
1.75656e+09,0.0155876,0.00760178,0.00106526
1.75656e+09,0.00360952,-0.000395563,-0.00426106
1.75656e+09,0.000269626,0.0112112,-0.00639159
1.75656e+09,-0.0036202,-0.0133283,-0.0106526
1.75656e+09,0.0035072,0.000699462,-0.00319579
1.75656e+09,0.00565581,-0.0063409,-0.0127832
1.75656e+09,-0.00729927,0.00247966,-0.0191748
1.75656e+09,0.00731668,0.00880766,-0.0117179
1.75656e+09,-0.0108142,0.00368819,-0.0191748
1.75656e+09,-0.000533041,-0.0161606,0.00426106
1.75656e+09,-0.0128308,-0.00969469,-0.015979
1.75656e+09,-0.00190617,0.00650621,0.00106526
1.75656e+09,0.0100761,0.00643071,-0.0149137
1.75656e+09,0.00778208,0.0120121,-0.0127832
1.75656e+09,-0.000761745,0.0060489,0
1.75656e+09,-0.00119959,-0.00572493,-0.00106526
1.75656e+09,-0.00543174,-0.00541709,0.0181095
1.75656e+09,0.00138486,-0.0100555,0.00426106
1.75656e+09,0.00437615,-0.00814504,0.0138484
1.75656e+09,0.00466413,-0.000626199,0.0213053
1.75656e+09,0.0196986,-0.00141286,0.00745685
1.75656e+09,0.0155966,0.00855823,0.00319579
1.75656e+09,0.00545822,0.0107008,0.00745685
1.75656e+09,0.0179436,0.000212591,-0.00745685
1.75656e+09,0.00329773,-0.00354525,0.00213053
1.75656e+09,-0.00101691,0.00601341,0.00532632
1.75656e+09,0.00375821,0.00227968,-0.00213053
1.75656e+09,-0.00737004,-0.00855075,-0.00106526
1.75656e+09,0.00393887,-0.0108267,-0.0106526
1.75656e+09,0.00726446,0.00806652,-0.0117179
1.75656e+09,0.00222,-0.0105377,-0.0106526
1.75656e+09,0.00556281,-0.00740363,-0.00852211
1.75656e+09,0.00753479,0.00519274,-0.0127832
1.75656e+09,-0.00522513,0.00759207,-0.00852211
1.75656e+09,-0.00333432,0.00112394,-0.02024
1.75656e+09,0.00759894,0.0103657,0.00106526
1.75656e+09,0.0102481,-0.00492016,-0.0138484
1.75656e+09,0.00836038,-0.00125678,-0.00532632
1.75656e+09,-0.00215463,0.003176,-0.0127832
1.75656e+09,-0.00980256,-0.00175721,-0.00852211
1.75656e+09,0.000183921,0.00397183,-0.00852211
1.75656e+09,0.0117627,0.00516214,-0.00958738
1.75656e+09,0.0077963,0.00745031,0
1.75656e+09,-0.000432339,-0.00268223,-0.00106526
1.75656e+09,-0.00213887,-0.00420059,0.00958738
1.75656e+09,-0.00868216,-0.00895272,0.0127832
1.75656e+09,-0.0130516,-0.00833479,0.00852211
1.75656e+09,-0.00400888,0.00612881,0.00319579
1.75656e+09,-0.00390463,-0.00809491,0.0170442
1.75656e+09,0.0144821,0.00204297,0.0127832
1.75656e+09,-0.000377757,-0.00928121,0.00852211
1.75656e+09,0.00864461,-0.000223421,0.00532632
1.75656e+09,0.00984019,-0.00428583,0.00319579
1.75656e+09,0.0109266,0.00763797,0.00319579
1.75656e+09,0.0132027,0.00751841,0
1.75656e+09,0.0110049,0.00469678,-0.00532632
1.75656e+09,0.00461766,-0.00284767,-0.0149137
1.75656e+09,0.00775859,-0.00777757,-0.00426106
1.75656e+09,0.00979808,-0.00810994,-0.00426106
1.75656e+09,-0.00145084,-0.00015221,-0.00745685
1.75656e+09,0.00963586,-0.00957337,-0.0138484
1.75656e+09,0.00782948,0.00365772,-0.0149137
1.75656e+09,-0.000560967,0.00414889,-0.0127832
1.75656e+09,0.00224331,-0.00203409,-0.00958738
1.75656e+09,-0.00272804,0.00209896,-0.0106526
1.75656e+09,-0.0072128,-0.00899547,-0.0138484
1.75656e+09,-0.00353121,0.00721037,-0.0149137
1.75656e+09,0.00160444,0.0068714,-0.0138484
1.75656e+09,0.0119006,-0.00685457,-0.00532632
1.75656e+09,-0.001321,-0.015114,0.00106526
1.75656e+09,-0.00284602,-0.0101041,-0.00532632
1.75656e+09,0.00455918,-0.000725823,-0.00319579
1.75656e+09,0.000563708,-0.00826121,0.00958738
1.75656e+09,-0.00952575,0.0084477,0.00745685
1.75656e+09,0.00566849,-0.00566739,0.00639159
1.75656e+09,0.00264113,0.00588916,0.00532632
1.75656e+09,-0.00010284,0.00378358,0.0181095
1.75656e+09,1.69043e-05,0.00181925,0.00319579
1.75656e+09,-0.0113348,-0.000963835,0.00639159
1.75656e+09,-0.0153337,-0.000497449,0.00639159
1.75656e+09,0.00489758,0.00176968,0.0106526
1.75656e+09,-0.00379329,0.00523926,-0.00213053
1.75656e+09,-0.0204737,-0.000772044,0.00213053
1.75656e+09,0.00645476,0.00152192,-0.00319579
1.75656e+09,0.00987139,-0.00724843,-0.00639159
1.75656e+09,0.0136201,-0.00253326,-0.0127832
1.75656e+09,0.00532481,0.00382374,-0.015979
1.75656e+09,-0.000891189,-0.0130744,-0.0149137
1.75656e+09,0.0190143,-0.0127026,-0.02024
1.75656e+09,0.0132256,-0.010736,-0.00958738
1.75656e+09,-0.00598158,-0.00929635,-0.0117179
1.75656e+09,-0.00688638,2.41055e-05,-0.00852211
1.75656e+09,-0.00441374,-0.00260138,-0.015979
1.75656e+09,0.00814801,-0.00955946,-0.00745685
1.75656e+09,0.00887687,0.00464978,-0.0149137
1.75656e+09,-0.00531603,-0.00897726,-0.00958738
1.75656e+09,0.00673773,0.0012286,-0.00319579
1.75656e+09,0.0150313,0.00555437,0.00852211
1.75656e+09,0.00206275,0.00372371,0.00852211
1.75656e+09,-0.00863878,0.00557958,0.00958738
1.75656e+09,0.00140226,0.00651921,0.0127832
1.75656e+09,0.00793311,-0.00609647,0.0127832
1.75656e+09,-0.00115258,0.00663272,0.00213053
1.75656e+09,0.00290428,-0.0121356,0.00426106
1.75656e+09,0.00123521,0.00287526,0.0106526
1.75656e+09,0.00677854,-0.00604199,0.0138484
1.75656e+09,0.00383729,-0.00923936,0
1.75656e+09,0.00192329,0.000223412,0.00106526
1.75656e+09,-0.00985357,-0.0110266,-0.00106526
1.75656e+09,-0.00538326,0.00394242,-0.00639159
1.75656e+09,0.00204082,-0.00048943,0.00319579
1.75656e+09,-0.00088919,0.0117751,-0.00106526
1.75656e+09,-0.0122781,0.00530814,-0.0138484
1.75656e+09,0.0154218,-0.000752112,-0.00745685
1.75656e+09,0.00773924,-0.00775247,-0.00745685
1.75656e+09,0.00793769,-0.00837389,-0.00852211
1.75656e+09,0.00389531,-0.0133457,-0.0245011
1.75656e+09,-0.00358284,0.0138416,-0.02024
1.75656e+09,0.00873662,0.00177989,-0.0106526
1.75656e+09,-0.00318341,-0.00451062,-0.0106526
1.75656e+09,-1.15493e-05,-0.00804988,-0.00958738
1.75656e+09,0.00148339,-0.0102338,-0.00958738
1.75656e+09,0.00879541,-0.000449839,-0.00958738
1.75656e+09,0.00649074,-0.00121204,-0.0106526
1.75656e+09,0.00317861,-0.00610297,-0.00852211
1.75656e+09,0.00369626,0.00301868,0
1.75656e+09,-0.00684929,0.00655679,0.00852211
1.75656e+09,-0.00358785,0.00877625,0.00532632
1.75656e+09,0.00413556,-0.000124345,0.0127832
1.75656e+09,0.0104187,-0.000754103,0.0117179
1.75656e+09,0.00176807,0.0136629,0
1.75656e+09,-0.0033496,-0.00686405,0.00639159
1.75656e+09,-0.00694551,0.00305226,0.00532632
1.75656e+09,0.00553731,0.00257922,-0.00319579
1.75656e+09,0.00620918,0.00601319,0.00745685
1.75656e+09,0.00894616,0.00525441,0.00532632
1.75656e+09,0.00316918,-0.00131764,0.00106526
1.75656e+09,-0.00465602,-0.000362506,-0.0117179
1.75656e+09,-0.0126389,-0.00818611,-0.0106526
1.75656e+09,-0.00108383,-0.00157769,-0.0106526
1.75656e+09,0.00607771,0.0147131,-0.00106526
1.75656e+09,0.00457354,-0.0041464,-0.0117179
1.75656e+09,-0.00460756,-0.000574651,-0.0191748
1.75656e+09,-0.00568939,-0.0100679,-0.0170442
1.75656e+09,-0.0016053,-0.0138272,-0.0138484
1.75656e+09,-0.00460144,-0.0136011,-0.0213053
1.75656e+09,-3.3139e-05,-0.00230296,-0.00213053
1.75656e+09,-0.00148886,-0.00379464,-0.00639159
1.75656e+09,0.00773967,-0.0170184,-0.00745685
1.75656e+09,0.00677427,-0.00060489,0.00319579
1.75656e+09,0.000196868,-0.00556384,0.00106526
1.75656e+09,0.000457661,-0.00494885,0.00106526
1.75656e+09,-0.0123472,0.000913458,0.00852211
1.75656e+09,0.0029332,0.000246323,0.00958738
1.75656e+09,0.0119724,-0.0133851,0.0117179
1.75656e+09,-0.00500683,-0.00382944,0.00639159
1.75656e+09,0.00301914,0.00886524,0.00958738
1.75656e+09,0.00230214,0.0123705,0.00958738
1.75656e+09,0.0136043,-0.00208295,0.0149137
1.75656e+09,-0.00276685,-0.00577804,0.0106526
1.75656e+09,-0.0113983,0.0103084,0.0127832
1.75656e+09,0.00239339,0.00331675,0.00745685
1.75656e+09,0.000156969,-0.0107853,0
1.75656e+09,-0.00111984,0.0024127,0.0106526
1.75656e+09,-0.00295741,0.00620687,-0.00745685
1.75656e+09,0.00975964,0.00220225,-0.0138484
1.75656e+09,0.008217,0.000182373,-0.02024
1.75656e+09,-0.00142776,-0.00982961,-0.015979
1.75656e+09,-0.00325981,-0.0100297,-0.0117179
1.75656e+09,0.0127668,-0.0207676,-0.0149137
1.75656e+09,-0.00279197,-0.0118199,-0.0170442
1.75656e+09,0.00221987,0.00448869,-0.02024
1.75656e+09,0.00310137,-0.00217818,-0.0138484
1.75656e+09,-0.00812234,-0.00819521,-0.0223706
1.75656e+09,-0.00517395,-0.0128248,-0.00319579
1.75656e+09,0.00608364,-0.00781834,-0.0191748
1.75656e+09,0.0011382,-0.0122459,-0.00639159
1.75656e+09,0.000395482,-0.0166136,-0.0106526
1.75656e+09,-0.00334274,-0.00475537,0.00426106
1.75656e+09,0.00831491,-0.00169659,-0.00745685
1.75656e+09,-0.0016346,0.000910626,0.00745685
1.75656e+09,0.000544685,-0.0011114,0.00639159
1.75656e+09,0.00257876,0.0030678,0.0138484
1.75656e+09,-0.00289615,0.0034062,0.015979
1.75656e+09,-0.00382922,0.0114021,0.00319579
1.75656e+09,0.00370079,0.00596856,0.0106526
1.75656e+09,-0.000153667,-0.00365237,0.00639159
1.75656e+09,-0.00168785,-0.00172603,0.00426106
1.75656e+09,0.00278162,-0.000417058,0.00852211
1.75656e+09,0.00545921,0.00956082,0.00639159
1.75656e+09,0.00063254,0.0116062,-0.00106526
1.75656e+09,0.00318592,0.0106964,0.00106526
1.75656e+09,-0.00222042,0.000373011,-0.015979
1.75656e+09,0.00848365,6.88212e-05,-0.0127832
1.75656e+09,-0.000818135,-0.0101053,-0.0170442
1.75656e+09,0.00522284,0.00629086,-0.0149137
1.75656e+09,0.000756405,-0.00826189,-0.0245011
1.75656e+09,0.00528033,-0.00669502,-0.0127832
1.75656e+09,-0.00855761,-0.00385502,-0.0127832
1.75656e+09,0.00567438,-0.00571594,-0.015979
1.75656e+09,0.0038383,-0.0118836,-0.0138484
1.75656e+09,-0.010068,0.00225724,-0.0170442
1.75656e+09,-0.0125142,-0.000441991,-0.00958738
1.75656e+09,-0.0067647,-0.00705574,0.00213053
1.75656e+09,-0.00456106,-0.00261548,-0.00958738
1.75656e+09,-0.000387632,-0.011809,0.0106526
1.75656e+09,0.000664032,-0.0140562,0.00639159
1.75656e+09,0.000865118,-0.00839057,0.0117179
1.75656e+09,-0.00781055,-0.00345034,0.0127832
1.75656e+09,-0.00669393,-0.00881007,0.00745685
1.75656e+09,0.00929969,-0.000656713,0.00852211
1.75656e+09,0.00822956,0.00376047,0.0234358
1.75656e+09,-0.00282367,-0.00932446,0.00852211
1.75656e+09,-8.20597e-05,-0.00406538,0.00852211
1.75656e+09,-0.0035047,0.000910499,0.00745685
1.75656e+09,-0.00434258,0.00352156,0.0106526
1.75656e+09,0.00977045,0.00196441,-0.00639159
1.75656e+09,0.0134822,-0.00162489,-0.00958738
1.75656e+09,0.0224676,-0.00124163,-0.00319579
1.75656e+09,0.00946504,-0.00407477,-0.00958738
1.75656e+09,0.0113561,-0.00595794,-0.015979
1.75656e+09,0.0126086,-0.00334662,-0.0181095
1.75656e+09,-0.0102449,-0.00725906,-0.0149137
1.75656e+09,0.00293953,-0.00117425,-0.0191748
1.75656e+09,-0.010744,-0.00225856,-0.0138484
1.75656e+09,-0.00280507,-0.0106034,-0.0213053
1.75656e+09,-0.00931531,-0.00580515,-0.0117179
1.75656e+09,0.000560243,0.00407798,-0.0117179
1.75656e+09,-0.00555988,-0.00635152,-0.0170442
1.75656e+09,-0.00508475,-0.0045677,-0.0138484
1.75656e+09,-0.0021832,-0.00314048,-0.00958738
1.75656e+09,-0.00253467,0.00421758,-0.00426106
1.75656e+09,0.00176731,0.0013232,-0.0181095
1.75656e+09,0.00305237,-0.00386318,-0.00213053
1.75656e+09,-0.00402774,-0.00315782,0.00426106
1.75656e+09,0.00230582,0.00517551,0.00745685
1.75656e+09,-0.000719063,-0.00879623,0.00532632
1.75656e+09,-0.00687788,0.0101901,-0.00426106
1.75656e+09,-0.00188698,0.00258065,0.00852211
1.75656e+09,0.011526,0.00652135,-0.00213053
1.75656e+09,0.00655768,0.0125891,0.00106526
1.75656e+09,-0.00484542,-0.0176074,0.0106526
1.75656e+09,0.0142192,0.00313656,0.00852211
1.75656e+09,0.0162443,-0.00661842,-0.00426106
1.75656e+09,0.00525863,-0.00710101,-0.0181095
1.75656e+09,0.00709611,-0.0120545,-0.0127832
1.75656e+09,0.00271696,-0.00155473,-0.015979
1.75656e+09,-0.0030753,-0.00446875,-0.0181095
1.75656e+09,0.00504091,0.0009615,-0.0181095
1.75656e+09,-0.00692835,-0.0134659,-0.0223706
1.75656e+09,-0.00503216,-0.0147798,-0.0245011
1.75656e+09,-0.0173242,-0.0107183,-0.0394148
1.75656e+09,0.00426301,-0.00998444,-0.0213053
1.75656e+09,-0.00461882,-0.00749033,-0.0234358
1.75656e+09,0.021569,-0.0163673,-0.0213053
1.75656e+09,-0.0119563,-0.00131292,-0.015979
1.75656e+09,-0.0076123,-0.00291451,-0.0149137
1.75656e+09,-0.000852623,0.00271699,-0.0117179
1.75656e+09,-0.00439278,0.00934209,-0.00745685
1.75656e+09,0.00769031,-0.0011624,0.00319579
1.75656e+09,0.00090585,-0.00812322,-0.0106526
1.75656e+09,-0.00642784,0.00813774,0.0106526
1.75656e+09,-0.00413099,-0.000975898,0.00319579
1.75656e+09,-0.00581695,-0.00182568,-0.00213053
1.75656e+09,-6.29247e-05,0.00974017,0.0149137
1.75656e+09,0.0061804,0.00636277,0
1.75656e+09,0.0105553,0.00968389,0.00319579
1.75656e+09,0.00334466,0.000380208,0.00106526
1.75656e+09,4.80196e-05,-0.0161954,-0.00426106
1.75656e+09,-0.00161875,0.00256586,0
1.75656e+09,0.0009445,0.000660237,0
1.75656e+09,0.00605155,0.0104278,0.00319579
1.75656e+09,0.0175268,0.0106584,-0.0127832
1.75656e+09,0.000580792,-0.00933627,-0.0127832
1.75656e+09,0.002115,0.000490838,-0.0106526
1.75656e+09,0.000955214,-0.00703919,-0.0234358
1.75656e+09,0.0090654,-0.00820785,-0.0266316
1.75656e+09,-0.0137006,-0.00445952,-0.00852211
1.75656e+09,-0.0225589,-0.00369638,-0.0266316
1.75656e+09,0.0119775,0.00126056,-0.0149137
1.75656e+09,0.00503142,-0.0108702,-0.0213053
1.75656e+09,-0.00412138,-2.36621e-05,-0.0149137
1.75656e+09,0.00738765,-0.0114199,-0.0117179
1.75656e+09,0.00225819,-0.016155,-0.02024
1.75656e+09,-0.00143444,-0.000401753,-0.00319579
1.75656e+09,0.00302932,0.000723915,-0.0117179
1.75656e+09,0.00495227,0.000704875,-0.00106526
1.75656e+09,0.0110991,-0.00429855,0.00426106
1.75656e+09,-0.00131917,0.00483509,0.00639159
1.75656e+09,0.000424188,-0.00586853,0.0117179
1.75656e+09,-0.00122546,0.00734519,0.0117179
1.75656e+09,-0.00105076,0.00857521,0.0127832
1.75656e+09,0.00286173,0.00280776,0.0138484
1.75656e+09,0.011636,0.00207228,0.00639159
1.75656e+09,0.0112535,-0.00607667,0.00426106
1.75656e+09,0.0152475,0.00281145,0.00532632
1.75656e+09,0.0119386,0.000413156,-0.00745685
1.75656e+09,0.00385725,-0.00822795,-0.0138484
1.75656e+09,-0.0134698,-0.0128011,-0.00639159
1.75656e+09,-0.00248509,-0.00621354,-0.00213053
1.75656e+09,0.0189,-0.00637333,-0.00958738
1.75656e+09,0.00969748,-0.00651021,-0.02024
1.75656e+09,0.00344563,0.00864315,-0.00745685
1.75656e+09,0.0071175,-0.00308967,-0.02024
1.75656e+09,-0.00235881,-0.00828908,-0.0213053
1.75656e+09,-0.00108392,-0.00842196,-0.0276969
1.75656e+09,0.00453854,-0.00882561,-0.0308927
1.75656e+09,0.00440564,-0.00438925,-0.0276969
1.75656e+09,-0.0164445,0.00466665,-0.0181095
1.75656e+09,-0.0184087,0.00544977,-0.0181095
1.75656e+09,0.00429274,-0.0167257,-0.00106526
1.75656e+09,-0.00192844,0.00828734,-0.00106526
1.75656e+09,-0.00802866,-0.00284741,0
1.75656e+09,0.00688794,0.0041651,-0.00213053
1.75656e+09,-0.0085528,0.010289,0.00852211
1.75656e+09,-0.00726845,0.00448648,0.00426106
1.75656e+09,-0.0132143,0.00113697,0.0138484
1.75656e+09,0.00174901,0.00447399,0.0117179
1.75656e+09,0.00617427,-0.0164225,0
1.75656e+09,0.00578873,-0.00296152,-0.00106526
1.75656e+09,-0.00601735,0.00329943,0.00213053
1.75656e+09,0.000925314,-0.00329278,0.00426106
1.75656e+09,0.000718996,-0.0116794,0.00958738
1.75656e+09,0.0233837,-0.00110991,0
1.75656e+09,0.00687543,0.000434153,0.0117179
1.75656e+09,0.0154596,-0.00274122,-0.00319579
1.75656e+09,0.00614255,0.00130808,-0.0149137
1.75656e+09,0.00696477,0.00458145,-0.0106526
1.75656e+09,-0.00189039,0.00676295,-0.0149137
1.75656e+09,-0.00288318,-0.0204112,-0.0138484
1.75656e+09,0.011696,-0.00324954,-0.0127832
1.75656e+09,-0.00178377,-0.00763106,-0.02024
1.75656e+09,-0.000397445,-0.00598783,-0.0149137
1.75656e+09,0.00539844,-0.00253806,-0.0149137
1.75656e+09,0.000209348,0.00508656,-0.015979
1.75656e+09,0.00288565,-0.000766772,-0.00532632
1.75656e+09,0.00795358,0.0122092,-0.00532632
1.75656e+09,0.00868675,0.0121592,-0.0138484
1.75656e+09,-0.00283136,0.00120521,-0.00958738
1.75656e+09,0.00281611,-0.00444166,-0.00639159
1.75656e+09,0.0009295,-0.000238259,-0.00319579
1.75656e+09,-0.00149417,-0.00685693,0.00532632
1.75656e+09,-0.00292853,-0.00788536,0.0127832
1.75656e+09,-0.00672804,0.00377274,0.0117179
1.75656e+09,0.00443115,-0.00976737,0.00639159
1.75656e+09,-0.00738022,0.00659499,0.00319579
1.75656e+09,-0.00512651,-0.00576152,0.00426106
1.75656e+09,0.0132538,0.00219745,-0.00106526
1.75656e+09,0.00482357,-0.00948483,0.00745685
1.75656e+09,0.00587472,0.000259684,0.00639159
1.75656e+09,0.000510853,-0.00123763,0.00852211
1.75656e+09,-0.00379729,0.000405969,-0.00213053
1.75656e+09,-0.00262489,0.000188377,-0.00745685
1.75656e+09,-0.000182859,-0.0014749,-0.015979
1.75656e+09,0.0104422,-0.00265581,0
1.75656e+09,0.0012091,-0.00887405,-0.015979
1.75656e+09,0.0151742,-0.0043405,-0.0106526
1.75656e+09,0.0038349,-0.00330376,-0.0266316
1.75656e+09,-0.00460586,-0.00208682,-0.0127832
1.75656e+09,-0.00479438,-0.0114887,-0.0223706
1.75656e+09,0.0126053,-0.00819009,-0.0149137
1.75656e+09,0.0236908,-0.00471373,-0.00852211
1.75656e+09,0.0034549,-0.00555506,-0.02024
1.75656e+09,0.00577631,0.00666517,-0.0106526
1.75656e+09,-0.00333695,0.008079,-0.00532632
1.75656e+09,-0.00225662,0.00239678,-0.0138484
1.75656e+09,-0.00351598,0.00596965,0.00426106
1.75656e+09,0.00288677,-0.00261343,-0.0106526
1.75656e+09,0.00748958,-0.00160774,-0.0127832
1.75656e+09,0.00627223,-0.00553446,0.0117179
1.75656e+09,-0.000423401,0.00565295,0.00745685
1.75656e+09,0.0080064,-0.0097756,0.0191748
1.75656e+09,-0.00216499,0.000359434,0.0138484
1.75656e+09,0.0047597,-0.000674455,0.00745685
1.75656e+09,-0.00315227,0.00112109,0.00426106
1.75656e+09,-0.00637357,-3.3031e-05,0.00852211
1.75656e+09,-0.0123169,0.00309916,0.00319579
1.75656e+09,0.00815415,-0.00316559,0
1.75656e+09,0.009398,-0.00318427,-0.00532632
1.75656e+09,0.00819322,0.00805647,0
1.75656e+09,0.0101607,-0.0139888,-0.00106526
1.75656e+09,0.0039369,-0.006696,-0.0127832
1.75656e+09,0.00426923,-0.00399379,-0.00319579
1.75656e+09,0.0141683,-0.00197461,-0.00745685
1.75656e+09,0.00221131,-0.0116672,-0.015979
1.75656e+09,0.00757618,0.00576747,-0.0138484
1.75656e+09,0.00549512,-0.00588555,-0.00852211
1.75656e+09,0.00204289,-0.000703757,-0.0276969
1.75656e+09,-0.00195306,-0.00081122,-0.0191748
1.75656e+09,-0.00378165,-0.00243224,-0.0149137
1.75656e+09,0.00214313,-0.015254,-0.00745685
1.75656e+09,0.00462936,-0.00164547,-0.0127832
1.75656e+09,0.0123521,-0.0103461,-0.00426106
1.75656e+09,-0.00258681,-0.0158948,0.00426106
1.75656e+09,0.00503221,-0.00070588,0
1.75656e+09,-0.00392201,0.00775049,-0.00426106
1.75656e+09,0.000646431,-0.00175907,0.00745685
1.75656e+09,-0.000177731,0.00294754,0.0106526
1.75656e+09,0.00187059,0.00346783,0.015979
1.75656e+09,-0.0114966,-0.00287772,0.0170442
1.75656e+09,-0.0038896,0.00342008,0.0117179
1.75656e+09,0.0015433,0.00978869,0.00319579
1.75656e+09,0.00290067,0.0035448,0.0149137
1.75656e+09,-0.00297738,-0.00385917,0.0127832
1.75656e+09,0.00603976,-0.00708783,0.00852211
1.75656e+09,-0.0117784,0.000202258,0.0138484
1.75656e+09,-0.00202458,-0.00309079,0.0117179
1.75656e+09,0.012095,-0.00687095,-0.00532632
1.75656e+09,0.00203579,0.0060585,-0.00745685
1.75656e+09,0.00254777,0.00386035,-0.0106526
1.75656e+09,0.00837259,0.000517176,-0.0138484
1.75656e+09,-0.000482513,0.00738929,0
1.75656e+09,0.00155355,0.00163107,-0.0149137
1.75656e+09,0.00194529,0.00336207,-0.0106526
1.75656e+09,0.00281576,0.0031633,-0.00426106
1.75656e+09,0.00281576,0.0031633,-0.00426106
1.75656e+09,-0.00548347,-0.00677067,-0.00639159
1.75656e+09,0.0016225,-0.0056986,0.00426106
1.75656e+09,0.00350793,-0.0116187,-0.00213053
1.75656e+09,0.000660065,-0.00514116,-0.00319579
1.75656e+09,-0.00181214,0.00422879,0.0127832
1.75656e+09,0.0062001,0.00732826,0.0138484
1.75656e+09,-0.00287276,0.00577574,0.00426106
1.75656e+09,0.00150891,0.00692491,0.0106526
1.75656e+09,-0.00616302,-0.00100082,0.00213053
1.75656e+09,0.00726167,0.00552018,0.0127832
1.75656e+09,0.00118954,-0.00308802,0.00532632
1.75656e+09,0.0110411,0.00983529,0.00213053
1.75656e+09,0.0162911,0.00712363,-0.00532632
1.75656e+09,0.0145048,0.0014587,0
1.75656e+09,-0.0109327,-0.00255373,-0.00639159
1.75656e+09,0.00584837,0.000890548,-0.00426106
1.75656e+09,0.0155398,-0.00758195,-0.0117179
1.75656e+09,0.00259582,0.000684419,-0.0117179
1.75656e+09,-0.00509654,0.00307766,-0.02024
1.75656e+09,-0.00703806,0.00388684,-0.0117179
1.75656e+09,0.00150167,0.00166092,-0.0138484
1.75656e+09,-0.00967771,0.00626705,-0.02024
1.75656e+09,-0.00147192,0.00970448,-0.0234358
1.75656e+09,0.00256003,-0.00468988,-0.0106526
1.75656e+09,-0.0113992,-0.0160754,-0.0181095
1.75656e+09,0.00221251,-0.00243895,-0.00639159
1.75656e+09,0.00649975,-0.00507237,-0.00532632
1.75656e+09,0.00587545,0.00420137,-0.00639159
1.75656e+09,0.00469968,0.00895281,-0.00319579
1.75656e+09,0.00639097,0.00456837,0
1.75656e+09,0.0119224,-0.000473585,0.00106526
1.75656e+09,0.00347921,0.00291147,0.00213053
1.75656e+09,-0.00330853,0.0082161,0.00958738
1.75656e+09,0.00259715,-0.00326492,0.00639159
1.75656e+09,0.0027577,0.0108218,0.0149137
1.75656e+09,-0.00428466,0.0184941,0.00745685
1.75656e+09,0.00755224,-0.00522354,0.00106526
1.75656e+09,0.00921263,-0.00276265,0.00958738
1.75656e+09,0.00483814,0.00526469,0.0138484
1.75656e+09,-0.00132688,0.012767,0.0117179
1.75656e+09,0.00478536,0.00590254,0.00213053
1.75656e+09,0.00899765,0.00126071,0.00106526
1.75656e+09,-0.00422509,-0.00602567,-0.015979
1.75656e+09,-0.00394364,-0.00270105,-0.0255663
1.75656e+09,0.0172837,0.00400525,-0.00958738
1.75656e+09,0.00589967,-0.00245577,-0.00532632
1.75656e+09,-0.0118317,-0.00922672,-0.0191748
1.75656e+09,-0.00396316,-0.00599262,-0.0106526
1.75656e+09,0.00348137,-0.00498869,-0.0245011
1.75656e+09,0.0115077,-0.000684379,-0.015979
1.75656e+09,-0.0111713,-0.0118723,-0.00745685
1.75656e+09,0.00121509,-0.00627832,-0.0138484
1.75656e+09,-0.00691148,-0.0115159,-0.0138484
1.75656e+09,0.00802521,-0.00263983,-0.00639159
1.75656e+09,-0.0120441,0.0204174,-0.00745685
1.75656e+09,-0.00935538,0.00849321,0.00213053
1.75656e+09,-0.000551464,0.00297982,-0.00532632
1.75656e+09,-0.00707156,-0.000585419,0.0149137
1.75656e+09,-0.00520094,0.00799029,0.0127832
1.75656e+09,0.00461554,0.00599162,0.0191748
1.75656e+09,0.00712063,-0.00318286,0.0138484
1.75656e+09,-0.0105345,0.00630014,0.015979
1.75656e+09,0.0105092,0.0180609,0.0138484
1.75656e+09,-0.00630603,0.0182544,0.00639159
1.75656e+09,-0.00221184,0.0129693,0.0117179
1.75656e+09,0.00342811,-0.00448325,0.00532632
1.75656e+09,-0.000168509,0.00463719,0.0170442
1.75656e+09,0.00585955,-0.00162897,-0.00319579
1.75656e+09,-0.00196181,-0.00338783,0
1.75656e+09,-0.00103573,-0.00128471,-0.00319579
1.75656e+09,0.0150363,0.00999688,-0.00745685
1.75656e+09,0.00566363,-0.00338872,-0.0191748
1.75656e+09,0.0158954,0.00332013,-0.00426106
1.75656e+09,0.0137578,0.00703671,-0.0127832
1.75656e+09,0.00313278,-0.00198048,-0.0149137
1.75656e+09,0.00218654,-0.00537395,-0.00958738
1.75656e+09,0.00593597,-0.0100622,-0.00852211
1.75656e+09,0.00207443,-0.00692865,-0.0149137
1.75656e+09,0.00307435,-0.00627157,-0.0223706
1.75656e+09,0.00224088,-0.0112501,0.00106526
1.75656e+09,0.00674732,-0.0065568,-0.00213053
1.75656e+09,0.000999198,0.00072848,-0.00532632
1.75656e+09,0.00494978,0.000696962,0.00639159
1.75656e+09,0.00791809,-0.00341889,0.00319579
1.75656e+09,-0.0056375,0.00337425,0.0138484
1.75656e+09,0.0106377,-0.0111807,0.00852211
1.75656e+09,-0.00869201,-0.00027182,0.0138484
1.75656e+09,-0.00573984,-0.00200735,0.02024
1.75656e+09,0.00769684,0.00769705,0.0170442
1.75656e+09,0.00129815,0.00519115,0.0170442
1.75656e+09,0.00831104,-0.00125119,0.00639159
1.75656e+09,0.00198398,-0.00797204,0.00852211
1.75656e+09,-0.000582523,0.0039322,0.0127832
1.75656e+09,0.00854267,0.00615753,0.00958738
1.75656e+09,0.00632974,-7.8556e-05,0.00106526
1.75656e+09,0.0134692,-0.00278739,-0.00213053
1.75656e+09,0.00783459,0.00579794,-0.00426106
1.75656e+09,-0.00373415,0.0044615,-0.00106526
1.75656e+09,0.0132134,-0.0132766,-0.00958738
1.75656e+09,0.0156695,-0.00127053,-0.0191748
1.75656e+09,0.0121129,-0.00840431,-0.0213053
1.75656e+09,0.000539866,-0.0133858,-0.00639159
1.75656e+09,0.000212971,-0.00823532,-0.0234358
1.75656e+09,0.000188267,-0.00672489,-0.0245011
1.75656e+09,0.013431,-0.00295407,-0.0106526
1.75656e+09,0.000824226,-0.00810779,-0.015979
1.75656e+09,-0.00023828,-0.0115529,-0.00745685
1.75656e+09,-0.0104268,0.0125209,-0.0106526
1.75656e+09,-0.00507969,-0.00611703,-0.0170442
1.75656e+09,0.00289067,-0.00726789,-0.0117179
1.75656e+09,-0.0031527,-0.0132022,0
1.75656e+09,-0.0109928,0.00268409,0.0117179
1.75656e+09,0.000639221,-0.00265032,0.00532632
1.75656e+09,0.00317576,0.00429842,0.0191748
1.75656e+09,0.000158372,0.00237521,0.00319579
1.75656e+09,0.00153312,-0.00526152,0.0117179
1.75656e+09,-0.0018708,-0.00116731,0.00958738
1.75656e+09,0.00838309,0.00972311,0.00852211
1.75656e+09,0.00410558,0.00127389,0.015979
1.75656e+09,0.013156,0.000976555,0.00958738
1.75656e+09,0.0078043,0.00225568,0.00639159
1.75656e+09,-0.00704134,0.00537978,0
1.75656e+09,-0.00079727,-0.00753419,-0.00958738
1.75656e+09,0.0115803,0.0137246,-0.00958738
1.75656e+09,0.015524,0.006911,-0.00532632
1.75656e+09,-0.00081423,9.77206e-05,-0.0181095
1.75656e+09,-0.00265676,-0.00953212,-0.00958738
1.75656e+09,0.00422785,0.00526638,-0.0170442
1.75656e+09,-0.00524682,0.00201602,-0.0138484
1.75656e+09,0.0128663,-0.00138675,-0.0170442
1.75656e+09,0.00722123,-0.00121163,-0.0138484
1.75656e+09,-0.0026486,-0.00245298,-0.0149137
1.75656e+09,0.00257657,-0.00520333,-0.00852211
1.75656e+09,-0.00932166,-0.00392026,-0.00852211
1.75656e+09,-0.00402109,0.00300724,-0.00213053
1.75656e+09,0.00357819,-0.000269646,-0.00319579
1.75656e+09,-0.00378031,-0.00638293,0
1.75656e+09,-0.00252817,-0.00800463,0.00639159
1.75656e+09,-0.0101535,0.0103131,0.015979
1.75656e+09,0.00518471,-0.000958816,0.0138484
1.75656e+09,-0.00382924,0.00456586,0.0234358
1.75656e+09,0.00285265,-0.00450715,0.015979
1.75656e+09,-0.00105368,-0.00141531,0.0191748
1.75656e+09,0.0101379,-0.0088873,0.00958738
1.75656e+09,-0.00253746,0.00236526,0.0117179
1.75656e+09,0.00538316,0.00737685,0.0191748
1.75656e+09,-0.000794674,-0.00389932,0.00532632
1.75656e+09,0.00497878,0.00545414,0.00639159
1.75656e+09,0.0126335,0.0133635,-0.00106526
1.75656e+09,0.00788654,-0.00149012,-0.00852211
1.75656e+09,0.00350663,-0.0155544,-0.00532632
1.75656e+09,0.000874097,-0.0100115,-0.0181095
1.75656e+09,0.00124957,-0.00406524,-0.00532632
1.75656e+09,0.0119901,0.00517248,-0.0234358
1.75656e+09,0.00246236,0.00199302,-0.015979
1.75656e+09,-0.00621912,-0.00159872,-0.00745685
1.75656e+09,-0.0121478,-0.00278422,-0.0170442
1.75656e+09,0.00201052,0.00155936,-0.0255663
1.75656e+09,-0.00315558,-0.00568864,-0.0181095
1.75656e+09,-0.009531,-0.0104063,-0.00319579
1.75656e+09,0.00302399,-0.0138554,-0.00745685
1.75656e+09,0.00324947,-0.0163727,-0.00532632
1.75656e+09,0.00981526,-0.00219241,-0.00106526
1.75656e+09,-0.00591134,-0.0043624,0.00426106
1.75656e+09,-0.00476428,0.00565738,0.00426106
1.75656e+09,0.00793793,-0.0101777,0.00319579
1.75656e+09,-0.00203475,-0.0150865,0.0234358
1.75656e+09,0.00392381,-0.00201276,0.00958738
1.75656e+09,-0.0013394,-0.00329618,0.00745685
1.75656e+09,0.00790144,0.0190051,0.02024
1.75656e+09,-0.000898789,-0.00686868,0.00958738
1.75656e+09,0.0121398,0.00135972,0.0170442
1.75656e+09,0.00598887,-0.000135292,0.0223706
1.75656e+09,-0.00749677,-0.00466951,0.0117179
1.75656e+09,0.00238344,-0.00338941,0.00319579
1.75656e+09,0.000269478,0.000302127,0.00213053
1.75656e+09,0.00271859,0.00263949,0.00106526
1.75656e+09,0.0015289,-0.00111974,0
1.75656e+09,-0.00361763,-0.00222921,0.00426106
1.75656e+09,-0.00472263,0.0126468,-0.015979
1.75656e+09,-0.00169082,0.0026967,-0.00852211
1.75656e+09,0.0154658,0.00397795,-0.00745685
1.75656e+09,-0.000608944,-0.0103169,-0.0234358
1.75656e+09,0.00395864,-0.00491734,-0.0149137
1.75656e+09,0.00563767,-0.00725574,-0.0117179
1.75656e+09,0.00304644,0.00305333,-0.015979
1.75656e+09,-0.00438154,-0.00797581,-0.0138484
1.75656e+09,0.00144955,-0.013758,-0.00639159
1.75656e+09,0.00802278,0.00519616,-0.00213053
1.75656e+09,0.00728212,-0.00670264,-0.00745685
1.75656e+09,-0.000681387,0.00223961,-0.00958738
1.75656e+09,-0.000552432,-0.00565875,0.00532632
1.75656e+09,-0.00159829,-0.00945228,-0.00426106
1.75656e+09,-0.00113214,-0.00817465,0.00426106
1.75656e+09,-0.00337562,-0.0129302,0.0117179
1.75656e+09,0.00348901,-0.00238636,0.0127832
1.75656e+09,0.00761255,-0.01085,0.015979
1.75656e+09,0.00486507,-0.0123291,0.0213053
1.75656e+09,0.000828325,0.00019812,0.00745685
1.75656e+09,0.00258149,0.00257148,0.0138484
1.75656e+09,-0.000291517,-0.0040119,0.00532632
1.75656e+09,0.00616543,0.000189248,0.00532632
1.75656e+09,0.0115102,0.00677461,0.00106526
1.75656e+09,0.00550616,0.00859667,0.00426106
1.75656e+09,0.00111204,-0.00408003,0
1.75656e+09,0.00624637,0.00121358,0.00426106
1.75656e+09,0.00320701,-0.00508186,-0.00319579
1.75656e+09,0.00941187,-0.0129602,-0.0106526
1.75656e+09,0.00657585,-0.00533578,-0.0138484
1.75656e+09,0.00123518,-0.0108809,-0.0181095
1.75656e+09,-0.00206699,-0.0115514,-0.0213053
1.75656e+09,-0.00329172,-0.00946505,-0.015979
1.75656e+09,0.00361394,0.00446384,-0.00958738
1.75656e+09,0.00611018,-0.00718544,-0.0106526
1.75656e+09,0.00848668,0.000650856,-0.0117179
1.75656e+09,-0.000899723,-0.00494394,-0.0170442
1.75656e+09,-9.08873e-05,-0.0107641,-0.00426106
1.75656e+09,5.49574e-05,-0.00629343,-0.00958738
1.75656e+09,0.000664678,-0.00893865,0.00745685
1.75656e+09,-0.00236124,0.00180236,0.00213053
1.75656e+09,0.00573635,-0.00159574,0
1.75656e+09,0.000108807,-0.00318463,0.02024
1.75656e+09,0.00875329,-0.00254837,0.00958738
1.75656e+09,-0.000163218,-0.00648986,0.0234358
1.75656e+09,0.00153166,0.0065086,0.00106526
1.75656e+09,0.00505577,-0.00335156,0.015979
1.75656e+09,0.00948409,-0.0044092,0.00532632
1.75656e+09,0.00295378,-0.00985527,0.00426106
1.75656e+09,0.00468867,-0.000503818,0.00213053
1.75656e+09,-0.00638789,-0.00573678,0.00852211
1.75656e+09,0.00823042,-0.00151978,0.00106526
1.75656e+09,0.010107,-0.0047985,-0.0106526
1.75656e+09,0.000281013,0.00394787,-0.00958738
1.75656e+09,0.00888675,0.00837097,-0.00852211
1.75656e+09,-0.00324294,-0.00445611,-0.0213053
1.75656e+09,0.000785946,-0.00115122,-0.00958738
1.75656e+09,0.00662716,-0.0129118,-0.02024
1.75656e+09,-0.000797823,-0.00960091,-0.0223706
1.75656e+09,0.00496676,-0.00401417,-0.0234358
1.75656e+09,0.00781483,-0.0054368,0
1.75656e+09,-0.00378696,-0.011541,-0.00639159
1.75656e+09,0.00294117,-0.00017718,-0.0127832
1.75656e+09,0.00434821,-0.012679,-0.00106526
1.75656e+09,0.000567683,-0.00632563,-0.00319579
1.75656e+09,-0.0066761,-0.00275819,0.0106526
1.75656e+09,0.000443689,-0.00378574,0.00426106
1.75656e+09,8.14187e-05,0.00406528,0.00745685
1.75656e+09,0.00737948,-0.00468023,0.015979
1.75656e+09,0.00220156,-0.0107841,0.0127832
1.75656e+09,0.0097535,0.00700442,0.00745685
1.75656e+09,0.0103409,0.00220348,0.0319579
1.75656e+09,0.00638116,0.0029715,0.0138484
1.75656e+09,0.00468962,-0.000307499,0.00958738
1.75656e+09,0.00744232,-0.00251689,0.02024
1.75656e+09,-0.00605513,-0.00548106,0.00745685
1.75656e+09,-0.00399669,-0.00815289,0.00106526
1.75656e+09,0.00698605,-0.00225325,0.00426106
1.75656e+09,0.0054749,-0.00349403,-0.00319579
1.75656e+09,0.00228827,-0.00976276,-0.00745685
1.75656e+09,0.00676118,-0.00623098,-0.015979
1.75656e+09,0.00743801,-0.00630546,-0.0106526
1.75656e+09,0.00956139,0.000844997,-0.00745685
1.75656e+09,-0.00229935,-0.00619513,-0.0149137
1.75656e+09,6.09119e-05,-0.0125044,-0.0138484
1.75656e+09,0.0100116,-0.00589403,-0.0170442
1.75656e+09,0.00817696,0.00230936,-0.0223706
1.75656e+09,-0.00403552,0.00163744,-0.015979
1.75656e+09,-0.00335248,-0.00412045,-0.015979
1.75656e+09,-0.0106864,-0.00388803,-0.0170442
1.75656e+09,-0.00031633,0.00384736,-0.00852211
1.75656e+09,-0.00697716,-0.00549179,0
1.75656e+09,0.00254295,-0.00707337,-0.00426106
1.75656e+09,0.00309051,-0.0069229,-0.00106526
1.75656e+09,0.00343066,-0.00447488,-0.00426106
1.75656e+09,0.00223982,0.00891807,0.00426106
1.75656e+09,0.0061448,-0.00482416,-0.00213053
1.75656e+09,0.0107447,0.00258038,0.00532632
1.75656e+09,0.010647,0.00610788,0.00213053
1.75656e+09,0.00409154,0.00455591,0.0181095
1.75656e+09,0.0121106,0.000829068,0.00106526
1.75656e+09,0.00105297,-0.00515342,0.0106526
1.75656e+09,-0.00223563,-0.00106235,0.00745685
1.75656e+09,0.0100147,0.00243944,0
1.75656e+09,0.00778242,-0.00214834,0.00106526
1.75656e+09,-0.000482415,-0.00825815,-0.00426106
1.75656e+09,0.00772027,-0.00798055,-0.00213053
1.75656e+09,0.0020767,-0.00987077,-0.00213053
1.75656e+09,0.00525036,0.000457243,-0.0117179
1.75656e+09,0.000169256,0.00195992,-0.0106526
1.75656e+09,-0.00596279,-0.000499123,-0.0181095
1.75656e+09,0.00661771,-0.00495617,-0.00958738
1.75656e+09,0.0038165,-0.00259377,-0.02024
1.75656e+09,0.00229729,0.00537339,-0.0213053
1.75656e+09,0.00197806,0.00481068,-0.0127832
1.75656e+09,0.00437051,-0.00641444,-0.0149137
1.75656e+09,-0.00243567,-0.00655392,-0.00745685
1.75656e+09,0.00304332,-0.00560901,-0.0149137
1.75656e+09,0.00325402,-0.00310517,-0.0138484
1.75656e+09,-0.000472682,-0.00391276,-0.00426106
1.75656e+09,-0.00734431,-0.00494605,-0.00532632
1.75656e+09,0.00500379,0.000131755,0.00745685
1.75656e+09,0.00468553,0.000514921,0.00106526
1.75656e+09,0.00984856,-0.00386804,0.0106526
1.75656e+09,-0.0116083,-0.00104848,0.0149137
1.75656e+09,-0.00405172,-0.00251212,0.0138484
1.75656e+09,-0.000967525,-0.00434101,0.0181095
1.75656e+09,0.00561631,-0.0103914,0.015979
1.75656e+09,0.0147838,-0.00494801,0.0287621
1.75656e+09,0.00216177,0.00267896,0.00745685
1.75656e+09,-0.000352508,-0.0112479,0.00426106
1.75656e+09,-0.0063461,-0.011919,0
1.75656e+09,-0.0130666,-0.00206238,0.00639159
1.75656e+09,0.00799616,-0.00531335,-0.00426106
1.75656e+09,-0.00385185,-0.00874425,-0.00426106
1.75656e+09,-0.00521861,-0.0029986,-0.00745685
1.75656e+09,0.0101481,-0.00509562,-0.00213053
1.75656e+09,0.0115613,-0.0109895,-0.00852211
1.75656e+09,0.00173762,-0.00898562,-0.0191748
1.75656e+09,-0.00295586,-0.000835561,-0.00745685
1.75656e+09,0.00559501,-0.000392191,-0.0191748
1.75656e+09,0.011494,-0.00810057,-0.0191748
1.75656e+09,-0.001201,0.00880936,-0.015979
1.75656e+09,0.00375882,-0.00255189,-0.0181095
1.75656e+09,-0.0129176,-0.0151177,-0.00745685
1.75656e+09,0.000249308,-0.0147432,-0.0106526
1.75656e+09,-0.00456915,-0.00163006,-0.0138484
1.75656e+09,-0.00361436,0.00757303,-0.00213053
1.75656e+09,0.0042768,-0.0127081,-0.00532632
1.75656e+09,0.00810418,-0.0067795,-0.00639159
1.75656e+09,-0.00197481,0.00827095,-0.00532632
1.75656e+09,0.00801317,-0.00896562,0.00852211
1.75656e+09,0.00350386,-0.0036644,-0.00106526
1.75656e+09,0.00238669,-0.00550754,0.0117179
1.75656e+09,0.00683965,0.00787765,0.00532632
1.75656e+09,-0.00922194,0.00158232,0.00213053
1.75656e+09,0.00688973,-0.000811584,0.0138484
1.75656e+09,-0.00775855,-5.85889e-05,0.00745685
1.75656e+09,0.00690118,0.00758032,0.00106526
1.75656e+09,0.00726108,0.000809809,-0.00213053
1.75656e+09,0.00559477,-0.00488271,0.00426106
1.75656e+09,0.0102026,0.00372091,-0.00532632
1.75656e+09,0.00661505,-0.00717297,-0.00745685
1.75656e+09,-0.00649584,-0.0118249,-0.0138484
1.75656e+09,0.00414017,-0.0072356,-0.0106526
1.75656e+09,0.0058126,-0.00283266,-0.0181095
1.75656e+09,0.00893205,-0.00125121,-0.0138484
1.75656e+09,0.00285592,-0.00387405,-0.0106526
1.75656e+09,-0.000349662,-0.00494075,-0.0191748
1.75656e+09,0.00669396,0.00228175,-0.0298274
1.75656e+09,0.00560309,-0.00776928,-0.0213053
1.75656e+09,0.00822693,-0.0152016,-0.0106526
1.75656e+09,0.0100248,-0.00819562,-0.00532632
1.75656e+09,0.0131386,-0.00604986,0.00639159
1.75656e+09,0.00952446,0.00440427,-0.00426106
1.75656e+09,0.0154386,0.00135234,0.00106526
1.75656e+09,0.0107879,0.0122575,-0.00426106
1.75656e+09,0.000551684,0.000761189,0.00852211
1.75656e+09,0.00411982,-0.00930259,0.00852211
1.75656e+09,0.000904619,-0.00117509,0.0191748
1.75656e+09,0.0038755,-0.00756258,0.0170442
1.75656e+09,0.0053525,0.000348738,0.0117179
1.75656e+09,0.00708641,-0.000787747,0.00958738
1.75656e+09,-0.00597072,-0.00110546,0.00958738
1.75656e+09,0.0125768,-0.00449485,0.00852211
1.75656e+09,0.0163066,0.000223642,-0.00213053
1.75656e+09,0.00112097,0.000483982,0.0117179
1.75656e+09,0.00546415,-0.00428484,-0.00426106
1.75656e+09,0.00111581,-0.000935614,0.00532632
1.75656e+09,0.00370347,-0.00503002,-0.02024
1.75656e+09,0.00519793,-0.0191018,-0.00213053
1.75656e+09,0.00979875,-0.0124224,-0.00426106
1.75656e+09,0.0104474,-0.00913479,-0.0245011
1.75656e+09,0.00764534,-0.000341636,0
1.75656e+09,-0.00359131,-0.0066069,-0.00852211
1.75656e+09,-0.00782072,-0.00418313,-0.00745685
1.75656e+09,-0.00903439,0.000451898,-0.0138484
1.75656e+09,0.0100912,0.000646995,-0.0138484
1.75656e+09,0.000924009,-0.0135449,-0.0149137
1.75656e+09,-0.00167617,-0.00103231,-0.00426106
1.75656e+09,0.0070691,0.000171823,-0.015979
1.75656e+09,0.00214981,0.00492216,0.00532632
1.75656e+09,-0.00273855,0.00526438,0.00213053
1.75656e+09,-0.00554244,0.0103185,0.00213053
1.75656e+09,0.000974158,-0.0056542,0.00319579
1.75656e+09,0.00366785,-0.00890946,0.00958738
1.75656e+09,-0.00195928,-0.00598977,-0.00213053
1.75656e+09,-0.000532992,0.00363153,0.00639159
1.75656e+09,-0.0026195,-0.00400528,0.0181095
1.75656e+09,0.00251023,0.00540013,0.00319579
1.75656e+09,0.0166452,-0.00282007,0.0106526
1.75656e+09,0.0181817,0.00161796,0.00426106
1.75656e+09,0.00449974,-0.00537995,0.00639159
1.75656e+09,-0.000539756,-0.00248704,0.00426106
1.75656e+09,0.0129908,-0.000108009,0.00213053
1.75656e+09,-0.00126052,-0.00226404,-0.00639159
1.75656e+09,-0.00177281,0.0135072,-0.00745685
1.75656e+09,0.00200707,-0.00135267,-0.0117179
1.75656e+09,-0.000908275,-0.000611111,-0.00426106
1.75656e+09,0.000172212,0.00639777,-0.0266316
1.75656e+09,0.00961577,0.00729724,-0.0170442
1.75656e+09,0.00451679,-0.00131673,-0.0170442
1.75656e+09,0.00291729,0.00029514,-0.015979
1.75656e+09,0.0062454,-0.0111925,-0.0245011
1.75656e+09,0.00227468,-0.00720605,-0.0127832
1.75656e+09,0.000144918,-0.00464601,-0.015979
1.75656e+09,0.00996887,-0.00332001,-0.0106526
1.75656e+09,0.00436764,-0.0029448,-0.0127832
1.75656e+09,-0.00107733,0.00161101,-0.00639159
1.75656e+09,0.00598735,-0.0121845,0.00852211
1.75656e+09,0.00495105,0.0018836,0.00213053
1.75656e+09,-0.00395581,-0.00326231,0.0138484
1.75656e+09,-0.00133962,-0.00657933,0.0213053
1.75656e+09,-0.00133962,-0.00657933,0.0213053
1.75656e+09,0.010038,0.0009152,0.00745685
1.75656e+09,0.00249856,-0.00523459,0.0149137
1.75656e+09,0.000908344,0.00290693,0
1.75656e+09,0.0178352,0.00539935,0.0149137
1.75656e+09,0.00813001,-0.00281035,0.00319579
1.75656e+09,0.00456479,0.00258401,0
1.75656e+09,-0.00497851,0.00438776,-0.00213053
1.75656e+09,0.00582591,-0.00637797,-0.00958738
1.75656e+09,0.00259751,0.00183448,-0.00106526
1.75656e+09,0.0021321,-0.00261417,-0.0127832
1.75656e+09,0.00254864,-0.00327627,-0.0245011
1.75656e+09,-0.0055588,-0.00643697,-0.00532632
1.75656e+09,0.00686755,-0.00077815,-0.015979
1.75656e+09,0.0110356,-0.00453898,-0.0191748
1.75656e+09,0.0143754,2.41864e-05,-0.0245011
1.75656e+09,0.00820313,-0.000286417,-0.0127832
1.75656e+09,0.00326653,0.00380233,-0.0245011
1.75656e+09,0.00326653,0.00380233,-0.0245011
1.75656e+09,-0.00590464,-0.00204616,0.00213053
1.75656e+09,0.00454232,0.00295656,-0.00745685
1.75656e+09,-0.00632204,-0.00130374,-0.00213053
1.75656e+09,-0.00448963,-0.0043697,-0.00532632
1.75656e+09,-0.000769848,-0.00842967,-0.00213053
1.75656e+09,0.0042497,-0.00249029,0.0149137
1.75656e+09,0.00457273,-0.000924822,0.00852211
1.75656e+09,0.0125512,0.00218255,0.0181095
1.75656e+09,0.0108553,0.00256455,0.00958738
1.75656e+09,0.00998327,0.00840149,0.00852211
1.75656e+09,0.00337793,0.0018354,0.0117179
1.75656e+09,0.00052107,-0.00921504,0.0117179
1.75656e+09,-0.00458626,-0.00690847,0.00639159
1.75656e+09,-0.00199608,0.00683892,0.00745685
1.75656e+09,0.00439197,0.00245541,0.00106526
1.75656e+09,0.00824313,0.0089037,-0.0127832
1.75656e+09,0.0170588,-0.00615105,-0.0138484
1.75656e+09,0.00431932,0.00105417,-0.0170442
1.75656e+09,-0.0125218,-0.0107864,-0.0191748
1.75656e+09,0.0085081,-0.0141734,-0.0191748
1.75656e+09,0.000784107,0.00780922,-0.02024
1.75656e+09,0.000264478,-0.001195,-0.0181095
1.75656e+09,-0.00533838,-0.00500392,-0.0245011
1.75656e+09,0.00112502,0.00267491,-0.0138484
1.75656e+09,-0.00823767,0.00513581,-0.0170442
1.75656e+09,0.000757187,-0.00556955,-0.0138484
1.75656e+09,0.0226281,0.0109584,0.00852211
1.75656e+09,-0.00130157,-0.000529011,-0.0106526
1.75656e+09,0.00760281,0.00138077,-0.00532632
1.75656e+09,0.00645633,-0.00284661,0.00639159
1.75656e+09,-0.00248581,0.00146115,-0.00426106
1.75656e+09,0.00123144,-0.00474205,0.00426106
1.75656e+09,-0.00102552,-0.0110141,0.0127832
1.75656e+09,-0.00312659,-0.0118609,0.0191748
1.75656e+09,-0.0103145,-0.00333259,0.0117179
1.75656e+09,0.00511703,0.000532344,0.00639159
1.75656e+09,-0.00641761,0.00956362,0.00745685
1.75656e+09,-0.00182943,-0.00535628,0.0117179
1.75656e+09,0.00863008,-0.00261972,0.00745685
1.75656e+09,0.0124171,-0.00373464,0.00745685
1.75656e+09,0.00160255,-0.0201337,0.00852211
1.75656e+09,0.00341782,-0.0171326,-0.00106526
1.75656e+09,0.00885274,-0.000425888,-0.00213053
1.75656e+09,0.00421372,-0.000497953,-0.00639159
1.75656e+09,0.00145146,-0.00216719,-0.015979
1.75656e+09,0.00429514,0.0130421,0.00106526
1.75656e+09,0.00437229,0.0130393,-0.0106526
1.75656e+09,0.01164,0.00663403,-0.02024
1.75656e+09,0.0117913,-0.0051128,-0.02024
1.75656e+09,0.00410415,-0.0149443,-0.0191748
1.75656e+09,0.00671535,-0.00623519,-0.0170442
1.75656e+09,0.006778,-0.00711634,-0.0106526
1.75656e+09,-0.00578321,-0.00118444,-0.0127832
1.75656e+09,-0.0115256,-0.00410425,-0.0127832
1.75656e+09,0.00254401,0.00271618,0.00213053
1.75656e+09,2.71698e-05,0.00102314,-0.00319579
1.75656e+09,-0.00191806,0.00498325,0
1.75656e+09,-0.00566055,0.0037193,0.00745685
1.75656e+09,0.000438196,0.00494091,0.0149137
1.75656e+09,0.00108,-0.00297106,0.0106526
1.75656e+09,0.00233921,-0.00591753,0.00426106
1.75656e+09,-0.0075261,0.00731249,0.0181095
1.75656e+09,0.00106107,0.00538388,0.015979
1.75656e+09,0.00635585,-0.00476401,0.0127832
1.75656e+09,0.000495965,0.00874506,0.0181095
1.75656e+09,-0.00497144,0.00652672,0.00639159
1.75656e+09,0.0039971,-0.00412211,0.00852211
1.75656e+09,0.00555258,-0.00182135,0.015979
1.75656e+09,0.00241123,0.00462754,0.00106526
1.75656e+09,0.00611104,-0.00151715,0.00106526
1.75656e+09,0.00313501,-0.000857763,-0.00213053
1.75656e+09,-0.00605643,-0.00991212,-0.00426106
1.75656e+09,0.00781737,-0.00491306,-0.0106526
1.75656e+09,-0.0041571,-0.00912278,-0.0181095
1.75656e+09,-0.00835319,-0.00482496,-0.00958738
1.75656e+09,-0.00898328,-0.00887706,-0.02024
1.75656e+09,-0.00480615,-0.0012088,-0.0319579
1.75656e+09,-0.00995492,0.0130298,-0.00745685
1.75656e+09,0.00666715,0.00689824,-0.015979
1.75656e+09,-0.00950167,-0.00794646,-0.0127832
1.75656e+09,-0.00867223,0.00343785,-0.00852211
1.75656e+09,-0.00533671,0.0101547,-0.0149137
1.75656e+09,0.000356432,-0.010291,-0.00639159
1.75656e+09,0.00404683,-0.00501151,-0.0117179
1.75656e+09,0.00599489,-0.00140599,-0.00745685
1.75656e+09,0.00740507,-0.00756569,0.0127832
1.75656e+09,0.0104461,-0.00759593,0.00106526
1.75656e+09,0.00578932,0.0096966,0.0181095
1.75656e+09,-0.0100041,0.00588315,0.00106526
1.75656e+09,-0.00618969,-0.00466847,0.00745685
1.75656e+09,-0.00640439,-0.00357835,0.00639159
1.75656e+09,-0.00910414,0.0162265,0.00852211
1.75656e+09,-0.00271361,-0.000252105,0.00532632
1.75656e+09,0.00621302,0.00139024,0.00319579
1.75656e+09,0.00417773,-0.00793985,-0.0106526
1.75656e+09,-0.0127069,0.0181833,-0.00426106
1.75656e+09,0.00592633,0.00990408,-0.0138484
1.75656e+09,0.0151293,-0.00525832,-0.00958738
1.75656e+09,0.00297338,0.00152315,-0.0117179
1.75656e+09,-0.0132809,0.0021937,-0.0127832
1.75656e+09,-0.000665169,0.00540874,-0.00319579
1.75656e+09,0.0100481,0.0038091,-0.00852211
1.75656e+09,0.000199984,-0.0125792,-0.0170442
1.75656e+09,-0.00663747,-0.00614707,-0.0191748
1.75656e+09,0.00603682,-0.00615202,-0.00532632
1.75656e+09,0.00123813,0.00527788,-0.0106526
1.75656e+09,-0.000649506,-0.00176699,-0.0127832
1.75656e+09,-0.0175172,-0.00922725,-0.00532632
1.75656e+09,-0.0145501,0.00396113,-0.00106526
1.75656e+09,-0.0104378,-0.000448139,-0.00639159
1.75656e+09,0.00682576,0.0074469,0.00213053
1.75656e+09,-0.00635126,0.00643139,0.00745685
1.75656e+09,0.0074146,0.00763302,0.00745685
1.75656e+09,0.00820044,0.00227167,0.00106526
1.75656e+09,0.000512955,-0.00504584,0.0127832
1.75656e+09,-0.00460337,-0.0014255,0.015979
1.75656e+09,-0.00403459,0.00714459,0.0117179
1.75656e+09,-0.014552,0.00139859,0.0181095
1.75656e+09,-0.00778425,-0.00395717,0.0138484
1.75656e+09,0.0027383,0.0106032,0.0106526
1.75656e+09,0.00228958,-0.0123918,0
1.75656e+09,0.00442555,0.00130006,0.00426106
1.75656e+09,0.00959582,-9.57273e-05,0.00426106
1.75656e+09,0.0143157,-0.00322665,0.00532632
1.75656e+09,0.00937017,-0.0149528,0.00319579
1.75656e+09,0.0107573,0.00334297,-0.00106526
1.75656e+09,0.00765336,0.00329152,-0.0234358
1.75656e+09,0.00828041,0.00200013,-0.0213053
1.75656e+09,-0.00525171,-3.86171e-05,-0.0117179
1.75656e+09,0.00327803,-0.0126431,-0.0149137
1.75656e+09,-0.00255417,0.00205342,-0.0138484
1.75656e+09,0.00959424,0.00221443,-0.0127832
1.75656e+09,0.0104515,0.00690387,-0.00852211
1.75656e+09,-0.00146971,0.000834666,-0.00852211
1.75656e+09,0.00043722,0.00280023,-0.00213053
1.75656e+09,0.0113714,-0.00512488,0.00106526
1.75656e+09,0.00642084,0.0114597,-0.00213053
1.75656e+09,0.000497666,0.0060803,-0.00639159
1.75656e+09,-0.0139466,0.00702052,0.00532632
1.75656e+09,-0.00923836,-0.00746162,0.00639159
1.75656e+09,-0.00713188,-0.00934089,0.00745685
1.75656e+09,-0.00276533,0.000667642,0
1.75656e+09,-0.00550508,-0.00538915,0.0138484
1.75656e+09,-0.00483889,0.00556565,0
1.75656e+09,-0.00672462,-0.00977027,0.0106526
1.75656e+09,0.00900788,2.26217e-05,0.00213053
1.75656e+09,0.00482385,0.00194506,0.00958738
1.75656e+09,0.0059712,-0.00757658,0.00426106
1.75656e+09,0.00278141,0.00748292,0.00213053
1.75656e+09,3.05991e-05,0.0166547,0.00426106
1.75656e+09,0.0108636,-0.000609747,0.00319579
1.75656e+09,0.00656285,-0.0178961,-0.00958738
1.75656e+09,0.0173373,-0.00504677,-0.00532632
1.75656e+09,0.00289243,-0.00705313,-0.00319579
1.75656e+09,0.00273646,-0.00863727,-0.0127832
1.75656e+09,0.00392192,-0.00898236,-0.0117179
1.75656e+09,0.00467136,-0.0101597,-0.02024
1.75656e+09,-0.00414285,-0.00930689,-0.0213053
1.75656e+09,0.0025853,-0.0022005,-0.015979
1.75656e+09,-0.00522473,0.0117161,-0.0287621
1.75656e+09,-0.00689884,-0.00713774,-0.015979
1.75656e+09,-0.0123849,-0.00274365,-0.00532632
1.75656e+09,0.0033447,-0.00989391,-0.00852211
1.75656e+09,0.0150977,-0.00524953,0.00213053
1.75656e+09,0.0072763,-0.00557923,-0.00532632
1.75656e+09,0.00180008,-0.00109883,0
1.75656e+09,-0.0112419,-0.00552513,0.00532632
1.75656e+09,-0.0109434,-0.00787127,0
1.75656e+09,-0.0036445,0.00142633,0.0170442
1.75656e+09,-0.00684227,-0.00794157,0.0127832
